104615697995130890934539905474849887110798013209953867267092104592242493251857538399689751828123630828946887629091875381394691208773263994631122630380297250732304988665840141168541412279001719801188331824437077047828881556538854943464908253705213767027292754770458737766798608400016808096837337658719808851355549619636113458656072330608025982923988403583703625895383978349312526608461769108287908768455914934835572018250820990766000662524,0,-290994511848496051438919839624236400150155414856749617652331597564030615898151723305023148917391560710056673212626034778617089822906732735756391759965665781920138608498904252204469118404328422041301535183541086848094657402810391788567274963562525255540116590447774776132847903602458923808397789795101971835202008564561263421992626531631084740597257387413887859244959298077120295356550456983540010743376,0,426829062876506878537338515407079329180871912374607008649233961768729381212157044457290243982300083269992298619434978271964384785149246596385910827532087363188382919685534739099629117993897830823614965121429218983146986305531016373555289698281510896983106220496456056872608261426414364133592565056334752306469489773985629054195724220282836370979238750982746303102840,0,-444280352796815717151155243935454258827112350207508341422821613237807850018820330897938603478318409427087884326042344482190448745790736990782753441484818756718833860973688192361440918112188849253584559044908035964767673633063453698762118829275559582077835448069416365433794937720994138768961691796841671732251875467841263347120288,0,363514051837050200530871537726696705966207161062046418083056713260139369519813540642765456454496548712896464998900492606516071140596043685329990610809595953504667012952709598274901925667362558303786679436422789962176631664911879890887366977277852222227039032090792637083169402666798676859136480,0,-235377570185212543816040548051764079754370658366795121982012573460089635551231022512040041005692909977747810607736300668217641558298135889509900269213391207315235484769584112967174885042046184910035290821515253567762498987466834000168074597461890850174574620,0,117684368102035090994050375595389451230252197050660720920573427842617425420562546031940740225981659507261915114810789962241521279671643569165436936295730397119478761786782727752417964421697784565379749653239039393445956638,0,-44212365858234966518398545046132078510400207477648870317143768968705762276987126980917688743387396032485310264256187672864567946455882885262214580367151023953512912332928574796331604272,0,12176633454628405021714924097608791281532685873263600656228647602946258468925839937539568075242927959440350838303621061892029206830508750975110116582,0,-2382503365474444298577744164864137939688133848508490808500809541729024528406170284285657304447226070883051198072,0,315398719931693488528840064806248715150259870460967346467481000752573807506,0,-25652629685774024018106554660105886960,0,1 # helix_v1 r=0
1662778228015323738456516931168568829380913589860288336220221366770166536545356070033353252865570218773685547425567618155982160912288259950551087445400425016401502278113295535913307004166486918969639899666876284010708116951386531855535085531806024964971114709043238530403481570185428371642789016581918888404863142755983852844318281741251284432817598302929392839269997367159804604098844587756689669346121594038691426846353245006397960248304147258192120652655167690802373675075580529716706205967783635177997004167225470089398604327957354994474590882142162707874413160776069720285872843215201275567363263463283187900975798951103010273507543926293676501958064204281221578394525116092059388153746818372953051610327057317064366835934996290237819651819011523041926165372911612899420159992198033030884620310726873546862014161759355318533003531575454629631826766959418481257471336488609,0,-1847702457636126383641746407397639201739266207818717631571965979717690055502395784582290433673893329146016238652052903788888152717300779683854999228219264127140158140646009025310191458146561860060447862073810973379169992871281353396591398278115821738426759814309702919709535133099739784520547738953738637943411577093253182245131945790661213713318890420732990451812214134748249960042909103777516945282379317370914093920440083595790401063323073247274468912682493873194485458374537829487582501911050238552600866119280455580698705170863315838320698141793363060151295865927530147545678968116149634572812860308863227656385477374442267613302450122800166421787847613789832204763618537534575897023744684323785281696072818459077458314752318204966481179113938123617790763201539727617942393076415548014089992579105180,0,945211019949870860916487629541635761949014960178469088954114796250678309666457859643318767444666684736302000819937156712074217025316033290832717389576382523333718226495645791786493928412288652809567572036872407870185928945546315837709972201803195691697430503236157363331734029962960816884038426552213666451823692660474455492633327980474797258738287608661687345155369580335261300248059038014031635065990034795095257075634937930829178767105239744715661550694271417325134471173612784765345537984023044258432148336232305820268133640365982170319056398330323529754742115419049024329878827363906282026497513034812052852055847355612237531852672937477228037995681580298114348131861828303592292242277253899850727993362843804385330870498132122,0,-294379330353661561771231494667116618117858468452151846358480556197282347609904752261772758770069544028905198024947882319744136648019731073022248859447043042736516884574577391210465448229007933899571591598816158635374869933039858180964047176110594281551332580317352641747777097795931025370655955716923572503489038103105297601567659346130170463960712197073258286615866360946538254076462277070708211139236628068461942315344284472002995479824150957518901373693276684656727690928814729341386955420744782559272694459432188150198470958108974962979318769802380190020250775438736528470951610099981401146482388824624245034857393003591851243534077618378799359576678715740,0,62187316311264535899203532778646626244453098882552001955609546721704104837604496787494700105883685082919099384110672146930977722481771327148262686752212452317719184470532244782796297797024795886950187990696308295093810574131813835628538978764266374967059725103834184612648164850781350279669897790566951480655314123134434783255837380276056836782592651623498768470943393946025491583225784733746721283874448076857758415486709589000636203415703600109654122687033307131646267568550970108748006084655017093654271069530906885860264566882571939490180323829554190024939912111833123969449451772088,0,-9392710708217579131037182458506987119038089429297160465438815740919784969948500593894991472937121195242644374476838769866855144600544531009793254235469204473636623712994523054283799866179849398752347462303447537460694508968023821567287579055892917662830471946121711741624409500884123294870797909121380218312320804106552063471441186508005385275521414246005302978958499595004740802726570784225457289009611043289616299774701882348651685260847818090281919436266607090360059846605435667981322852606234710170422457964296,0,1040889404873397459376893606692911593080797876874207673935936173720329544467288580461326433895396980274707011170399253170418752232915321132898243343768097800502385104139866031528910951460552343530627405280826405888212134316772706221968021320292773945769337552027927812364886948917376002896757560033036830726238039398367158715153373506613629222924058340439294499839476003161606094006464922825392385847656387801715102074908556799017104616453964,0,-85358643892700675901398156143500351651534273841296134216705575814956234134119278207657388205786009685047093164953989726520295413110387866960852818765170566034252014344270406994243852969090988669293477368721835670438982454509514742806006805494489316873494729522838346914224269716591646707383885704751930651709178876417471907933907886918423833655168691405587877093959090,0,5146673844601115559274388574841505011449753346141258005244155102990918116263970463855433486793680896184306494026515352342799907371775604674749517248832859256492841029960482111124866052154512427365575759363708496861392745358824014540695134822503825692047069037036558208144142642532646696562091476,0,-222772913355061200283851905064236851804699148741580479500299348495678390288323185687030028922917562170173936631015389824578591340835205263392448514667994711761249495561550209065406865814472561813243334331642520864066553192,0,6578112830851663622286368264156320429103254648346655951339291602833168433070452671558092279259153398189842734457577124793943615703101077242078581669,0,-119081801702610524354503839504694139856911527134865649268680477258147438514,0,1 # helix_v1 r=0
10452429633459843496846631947249494232960494852883957061435581435574816759090718540230515526803733611633554332233812618073873803269789935036252828981759330444701222095695373961243895778942714921188139561022232781103651633228301295294082652234786170507132187790534568891732363254044763857178664488729936429000206200033998167546113229339146829724935206742589478570394318221229832532795867865704332951022676299880497839119915761247535967346009376543853692853907676114619,0,232268184498318471872488552129697630863609084974808146347124482919753173896113388667480870409381391502389040878710829529517801744414571393936029304345194488105363013812767644105602613197431568999380070706395943247507193483594665486656887675461608834454876104022641516777504978401304020645285996745102968570758315843415466408992880759946472154742171085549782531819008777472902119178939151654956529668753138985484097038367330417402,0,1370444103609394225824286505483689994483998053454590640420889976503957227972972746289861264201657720386960307317454640862920186599059722082058051163401119860000423163979671610029539703347912422797818704915029634847373882658582380791917523009833086256138075431735510605654982248603462078665396324239471292395612912003981632998605773019098571336639158949125606389473469058687053643223920630616,0,-14554946361211118122019155110767011869669379343758130670643688301862372704670607052699155835673031566967759551407040446086964934000058772945755656050941618810541547590210444699952115125239090189741368518112927663529658740356083836499491851819956646061583131985929988064774451931764322763210474725831472344052402822918286356397128098788091066661286469908,0,21580349845640431286601486762493232619664032537307480037741092626631852331449059428244613100609737972884545709101799134801195732539555605465289292573193537027043280989282881718497437583790846974371611838793973081011736182412742713135536482415037212401886095238117385704961249432916008220693271259689453384553713132,0,36232417400924687506810752835734502670338433278801719560809517870636090532021598021126869124785693783155386345342355787993614033858682233827387572148533358249742441336916718374141435027797429957299818012276976224623351542924622048723358762379654409631029558985436197254344296,0,-66916390205542639640214431783712653442718904232716785880400906456611113449771571068303615845342224342545409470155779443786660877574494951117535920761058949281685055860086642020299030478578558841274094783329954373374484104342282654364256,0,-62180422362032082671478310054464100491366452232496052150905122587799715686042452316020916322084169428371585637802678645513045378890938469544080334290473838995952413460876223622853518628544236222926,0,78709265201541018629939874185950928569268823646475460999666998328397930062485530844687952185665184997942992090578616798076954378416073347546148774225476436288,0,52808461872179409532901574484787848845680640149081860226749818867262587594027596077215560727160118112748853582676688602,0,-7505178246147990983320453521916571179077168241597271504264793106305259562839095,0,-5887537008076392169976559320668329531078,0,1 # helix_v1 r=0
150935623076304600013607229596692126284067142368530231882603374352977521865551208029564247661933639425112707046496728742284251221297986472475596077221569083158055502814893194822470135438177913678121478307517861356036922079431722201009539306703999052873304909547016061038240942643546039884992165422138064599444828474654477373866672998563603192381651025774612553916116961246945285420137992344601463563279807257312763047973653173341308683652906523229344584272878080181870153719162603737832370846653161314182924722960386878495976395656648044595535556472972196409666248982047025479251610109223043980114223320209858172381970229480462926098484831363000053979834882030907573784647350658231126016400243208806639405628025411363191353752627511117273897844365335974727553321323434779946450542323372859973,0,-1672809072209778798011803808655317629619935870524796539909526136716275511765996760929344470445542345481834594705196295681422803388433019027902898878242698996428528582265599532786763110202568849649443215777722688765628993043828997587470784789722226514778619496070451036610623591282581135570848775420395867433291584106843486636729232672406153741187980522968204383063930997761474220597832274567692815173132933678389382109932591290305950206863146976184133424565935630069102341841639312099383758042725348500025940715267982829467697465250745536117618880412856989210337408282945649801538749613246817945810816735280217316133317804732034222483064587164134657267903473910323323358850883259698211614303446296249343036845683476582970447282,0,10029406791520196541265571698152519081767301681668588469073601386085945448695550878351046254456641312632571547348047946466149702222244891766386267172642803794083073828515362660110250623740535565537543447435770314472659433386988724783331976904294409825952180711624383128321678860770943714959780001799236480206339993392185277747015562747147969006424960080719224151197886901075626692390818720518645980109694219946039120938490633275683583051199249640831361522167563397822737687795933267315983322466470643842826616973346371079002587678577354291860811176355502585947032911111259366858172884743416489273560770115133998617574452528153680552591820567598811187027524436826,0,-37685857456002321926154408038923309164374752296123440865660569456228204988931881207849433679308194615798442477832749490121952773972678362400199652383269982626922842444271954024435501474165701399252082468065702320246881858697264936848246659407310398785708635901363021523170973585591828423104251161268149598935643182682151361047841041642911230304115333650069108060936535492241162903995994201891276064403747048837720857803808628422594776802246996568815473340115209147308169453377474816902029189824227270363263051399031396047191621389962673931630771840531032904298533390781660615261572059046697123064,0,97785434658164863074963088413039989428423214390275707130444535412956867430285402647044678252363686680811002895759055474106347247862346496408693390643491430963196791304700054090788546192281201820603210090673220345039200702094007662146282114164227876389153812575547629054565454582469381560266642815524179972584063087035947173095851033610158997634294988646543321178537371277240866961114343997245220515317576765038942781473074360243170761523910900381279948959128059662517070818323045930304625725792347180419578962795067830407998254930,0,-182670660281896482527244970358956388118498979919278326402544113937495727295608245890219541190153506301772776338541821195538194396689923472416654853504819103931746793761249548092060954817265589785369466394029313100988737339746714393437993855754041698490405655040246079047916463200069606276705244487638733915898240757625526600781885682335232410821895926806820039777110994104601472034023976352442644461439794166036817561623912734319660723259008916439884067739814149898,0,250741560709658954555618298310635053493608788258968350777962979324758534855615972666451398906430313192139517907304062269366651242684761438581275972557903848935785113521417027913643225241349673919461983327064084466240996749936989293392707731590976574021422133690823564256719567099892960479375788883454054189219403784988982721294940282240667158584907816356656521671491697882940921803506130464264258383,0,-253985295919256553433458993068098519255914631318289925073361012653694843858215391561597324754415502462242759016955067867617527982384357504716101773825050377889620812625002021401080157108512464436231578180812585492009604530903995303439225263993027726254275288317137620247934617709322062964166154473498522777085684996697327615141239386,0,188668587999701924694485516489787360375995501491125937775901183246318760380437044086066171115003190518220468203487999276096439595624690964598120003910509505242947444187037794370244473003137345506471416466035176434068891171592572003316553462170472393717048223861980528,0,-100672525862177115528878253591868422964831441519117280171961905593295146889964529471693398700141293188038026925961541463915044699530338654843975369952889624498475151726773658984936137399876444608054104,0,37063425512777113208198211529873840535476377852179647372207548940101476488594918716511022123301468090336076083161692935329550580186500,0,-8598144249559059437586635984168579780938063446166586901926455352074,0,1 # helix_v1 r=0
559549590025830760978347679316020267731842188159847771797431081587856530913160517780821119702780022976714793047306034856260316610944938696777675851062122323571181601359009339038820672963173483913024600589460566874275477270763454439846754042081631652425987920556175814578627143926101379306983184799422294319402373830241137624140979765116036258549656555990947734636515316966786521460641560822493880371227671673957926828531045652439299932697504289677971572577444286789054376562633313492479973688514294845480819319206131368505731656725582205259042679338014871572529102471457422305849889997018321895879686269319549340292882473181103165922494391496591364724470312910652512116754303293912914946988565576336890894901247778897231464538686224827131542422944809742510887866792983434630921177,0,-60296228051233886064404315779118692916341296075226349341851231487964494116339034663750000330269612258062690502664446623729581170248075164903337211934273782235117688895864012043226848874599483000169600030183673566724306736768977875467093215394985890043761327940777991790603293353063741054377229795614100464948948692758032753821829650689507070479152116089879163658732777138180324686450373317586431879747222119377411674835451700281384861311039477936730121124423688158493002661871578669143712560033223973557592449382165906352710262953248998100551169544851807651283386077121329188051589972790333350191849982290097500560547246169664936543356936479303318350590061457488645000954415683011329841409525843719318854784582299156,0,3167396597830093463603917283565544910960692852813935207200843920657166943217256566893468232025693327457790188080758509672853814922282213403654764958528969865204199469426609201693399274951039896508661960134675038922050131234304370613418882651081315336321802782367181112780087009655353139044667471820029692387909795887560845582775347669298199566893157715642096309443777471966135547248159297033589633499272730273759244187643390520818466361047802265436780534154928964781471008454462691241731438157261962010513947779243954241991659001135542828957189125620900980570962045218787080833320816574696176487211256449139293990592290657541215644184683262086518024774,0,-106071072392141762278460556542361686958882670189641497294887339910441023181330586962315562128415455343347171431655844156709471232783278181632285431357817198905522813749759224201256062962240121060997890445812304838748849512564854452197042232942070288468292040006754016724799396850004765587697311371219669956546133890817241119122423996647189590854086647203722083575062075099125076466086905820601614155558710810596296789427265740914009561062891403454292056384290724985719043164781148150089451722873767013198049525612485388342383676961203832913237247796124154692596082623968806548611025491802,0,2487243784156804180532422118835875858230952739939753697642018240650708196607089831061972524247092919430531214027486711592864570742998989249320583562392970692248380857314080613577395291179873111164098404221679795859280299994366627068169038636012535893095478156347612438760913842909174345598429924187538040673959273975980786472013830632902542345784929289654247694385320195310374176558303892114247697243219664711526780993983363538983393173350484721705645441368689993681984040463543439201376424498822363204155715494704504537193,0,-42478264669183598355651680139968910632358628944412617178272763537616251812117662315771518249738210037571644519861383848067906728680096773514271919028587580130234413122272315821708869574731286622689982928523477028085899123459464400349348854639843624841999694731188094327041969681100129419570067693578111307513902530730527721024607728371519745436815464733132424051600449761618537939505705555607355363802889195062618323619734414467939253832337197274511809311174,0,536554166331301510412106909841745133300331496186272000090761637687563334127062630156800323749154736919512285902206600485427794252186892928379675559736281953841651311762614530851511373807382583691204601424030519897404578864952163677214017809244541302752633623619611803689496150954734674971288969937246222644461649857787322791011935998913131183658562482573756240514196141717106241284850028165570,0,-5017483152498057406490556218264449359875105689582638171257976451145268207140028799300720576726149460328511675815844713614623789673798455058097774699799891939615713165980042434743609544996349626105214805461352794122195001720019044798222187181720650773729057338655631906013992089463047366753246862636871665323631714294217034471104,0,34334846765512539864406110261783579356591014023697150944335461464545327592255747090336304133958845664722462849004153745882139017553952311711699822670317023869559791809200577609327483497511588025235365205940802397206336910031884415284061713164066099041584295498607,0,-167284285660264532954320773815266572531076867839171300444638199497443155612105897329587732094723284860785514233629789662654610038987663480869429999983196576419909154399288422696508956749676845552642,0,550149004612247505899609906316793503317001908611677729050085008940740690819950168256057865525747098893441161473937554392406344952415,0,-1095948556520619183794254470204726595956229637566710019277678080332,0,1 # helix_v1 r=0
922328228329495898246126897038703937282782910050612842128286228879524310487416743505306891748910944720383713184769977723324360522671636376469025893886662175813166554359318877544372500344093305331858901452664563490536572917617397798390761912896642694192712236751886539683400252932006796242214675142779640466123155000499489456383039406461412469948247678658835264649713032399365640588986536345238262310268054530677346769693706121584671104674313296720133693815006945168958238206239087517271332945416559577574342630415112024661314120789696774928371902783068648561469244070324818649151734175880928415516429422577244665769982826135965522345928991491832533194348254263275299550169,0,57098865921225665692946839482032827370832886361404867244091860589487693976846917178302991793548278417295091998003182672714899086409576681094236965146180149625095577638407845353653093857036871656843474782631803037297915274406142090643268701761721627111354602675382728227151110750980049130145994503060319910079170958701697305688466441435378704454289449421229350088879451662127682897918829391711764390505760018110137014962968798113083876812872092506221522838426141088939675666647851468746551958945619295751490780644632674564908346867172885940905607205397524020062237615549439547130183491063513477572443380846102151877318,0,-1085713934752660422201365631783200314223360599695443396995038851178455747449807973977035545940160239392648635296715820078782455310319166635830972648914021095454334109164041759486658097254074275740710549451221955832812297133591641438002099911251702709349209394897765770777182552910881232464836204155573501494000394177472192893361127394171143769837318016935802306054823763961354420045793856816339017372320722485442453572580179977825165008444128915414875829730660045806822112540357239869008352322130745569056543488334015663111294813907120777489015567829906846963498,0,-59867615313055087427413771278868460982608026248772302869193173635247322421723380734429126154756308034246762709154227237830846919001294244905466484565234876834648750938173946015457917834405589774648168229158574437470009017431970931145985546429301756829980346630128028804717881617662893599475534217095487410891970527174291763819911018202949282466918224391868053193792493907138303303393217393663413779328384456259653527554713369050225976284956443626537504562778830800460887705999010152390207819459241790116044,0,1503686053974291069794653812610748755477429505625025811460422387524270092752462390463137482535018804793400255716463286613466937558048263997505127029426842500470391240195499220355101233038131279352114956925097618853900567334865200350944162620072606565945389008520099860272817668801965337910597434546542642497799110811554947068804376806517368333410841635392758414036774920101524148918514408032684338483944251094146403566792171480374900683214935194674506,0,9404814708012804776908078486746158852096757226795624402627671858583853890355028841679049677422298301490942101149940209669373791807094894160997909645629733263083209894736212921718369410637580859099458315615791609087939615760565196308076572169744322345538021275001015482173830081364472742075022841029420205817076667382502129892928698660728349909731134445658526550820178681346575458290884989758954,0,270738163204764223672562585656468905829837573921913589832652701990429936735419146546189047472495524337022095912318599254428506869441263577618402240918773701819181664181769438096104890648845698042005067939840864669114067222448664111865272598359204747297687738808648119753305241374076207602117029742876286502167185212051174512268115029440914,0,539289081644565282457746434561990480339789593372860002094115685624465382006614835266063601361944261436423075301955360162298841879592194229142191541232071391741133395025503247564752288373160868630781954995321225008102345497820077653685280300226228396511840284801588607346039733761602,0,8188964259215135283725540434606498311090437239736528413487053150905502469067055367545913228077543839501927930990453763559454054243459929815385719140211681675565464691579855181940532057308976334257306442735227853684846474118680,0,-23174679085941312684402237009971850108020037122373163821576244908404239933554276162395903083030610149973315403771668938056894923791180113145833451698820727414069616976020,0,69090211505235290998833038106363400697206375770947349314423555729473202065470861963722316372891452532392319499113,0,-431490201624340583834912851652846765495177556473567729598,0,1 # helix_v1 r=0
1570387307055572632714001553403086011521277754184727844066655371959396002730592745639831686202332300118957722897934928663550264217816749447039489202749328580307090389710802276501816919973732711668706623969057184266857080879212402132740134473772674196037671452750895237131474977698431625337181034820212585027095399945954678035125274890194370389474768254888579331541953895508879672581912456554188140512992857222247585393766006435185565518402158850776723527726622622395362538041356542213559022232753240215847574246657670999264283646339262321647882596879359402706242916017927198383279016910215973605476592859506342795915274913442223710429626507178720393451032280708543320414166386192135726019645236399372517402784939940584193982458903264400640082668640650932718274535593419055783336299489755256653475197286620902044425963737984206577119073,0,-588764086506640167111895535096343143373336974462874328871338982622534822346097417567001400511531806961231390764926438793617999724799072311875861111205174586951536812431007748102179347600438046959227408876943565023145744692922512387649235198890956788567120118281664331052863029467946520099800345153835715526278737164567212498346178803351032242157571206454349228536742791350271058631171869590245632889963721966726772423051362857854286085591301337902590615205979940733222597113653841152631217510609250310587096129922530601326663579832150226650090569117439103026920290325594973883006277260180926516298689250151595812475840955763873413806484287665632245920847143937940866650215757126028436902535709020444898255032558317404601062582695676272910231985854349304490968169902,0,1109125274590532919803018879143871759607101966577349983460717483163550732183948088722058572743637250521118505622310516540839241418796696747692934761512264038837654296264263557922190504412472020493364789729323439643640224192710422172080959505111129973237144215685909053940205755902648400251384406006932044447639604648074248299470631372613558927248071354708823562191756108646321532667489256311637938152865164921237309872411643150538388408838319568349994717384946201755917089104159733267901197624313095793296082228130374843386642938464182872630237532676407660743537781790614038087752650987560969937687459721698759361810061150553403144254998442637854237255907752182736687972227163642197781850510649779,0,-217980390846924514612347737823658185528578131003205766108293078710159120513226461233280530110652377454084815748663418450407895667389876631020784411718244487829026009748220388660991939979617685473259512015830965307764219529128113191661654144562520851749277195772822837372577476950564954038292934772838944940261721172393753744426931763169484519914820501219974447682944362038100229282006128536034309873256429048723715407157631982020842228537377468930982383600409780335489245972487066439369233512710024144026089239132025630058653819980541982755971366884275766117331545901525675951753790534217466401991955944420544994527734048320162,0,282743243650005707216812596895311322191931511586796861396379753848517779367808319373345673999915054291575449078761610432954464113862506967589393233869602900440664664836612701637554000978007201511952449378454858922687252962820313685449511114538481947284850128030086557336674857449939682493314617132022029726441403448948884093455711702980706953333988481520992947478739331429316085292942189486831677564993453407754261141329285527501671367791499480365406230137665667610392327110342637598590048623801501669028054770864960951337987876603595783578473940454521195877,0,-25066856426396630028896936593122421607400614139728579774236391953047468309869617736303725053663622183453705344350393261441669518145045761739159985341022171528452995020180121917411953063549164771239118768933647415513491395413631765810981444351755061909990347089422463883708128852978203944004033042817463042025918423297608880703253935187818042434250540658233735083082748648393550032126698530250782098572537050456503305359614291426938171962704250349346448433106073891665383679254391417516494,0,34917570034901697679725467950712940384992109749928242826015149245331098966993498222703309466219170646649418228505838941175857807164776399968877405157409526349594740357451911916188643602846162407071216754152833480149922812099890101008126959687411360392297524330301662904415296882030457854673912257854855879227703280590681424118869257338076704040025675521976764525047908791330200519301255109553553113122028897064595438980,0,-291183161945233062571762503830146749744011475052558994424045778796966790489576107699884553957704959292976207889857911546926704135516663553290422139922281977115122224100646450752205570754695886750340335901749408457424420205447621500397023754966308713132021004974865971012687090966062767791594754957077286567582814869180440756093467395302891588792482,0,2115907704636818253779791859242282580737245149862073792135807465393602967118528923071985680034895344290982384019659355063564991569624835765388378366819337232304068429044058861701896156855680354000996171157034768895715932588650261096296842336848923944055311635480563597283658130125,0,189159925829488642188370471239046375334912659435102810250966017174903986082377786736951946371458220264148373572416566970727987436381318460415810526637028757078610147492020518827796325727745937107479182065958630,0,47824776305968782906410978723439398208265247355007020381223800254830080244998125005757218831844668562699573357434540804181960774265803709534,0,14396250784635162113510060884635598592632852700646231469971991194224958,0,1 # helix_v1 r=0
2935988946835106879290099052925342443651198390020062396542694318088769914231261568190386431490977790572023377471810425563432363789,0,405212397085930785086446032881674653474976981491195973774713130046058259059549794766195533935570331254996384048896106422,0,180326257388425376284124887032147800588833762414529777592990858213126421730291509163291298808559188521557658513,0,36184599961631603000696355957384333083478660530454936533712873203076629510657418845236574570569737906,0,2436889164400549805922046934048088925289635895910608061810792741315684928295988725723391498,0,36389798406699760989880078365424644893306712675666192026266878576861855346313466,0,-938359750347313552155949718158719302576011858816897575492773116468443,0,15668268613599757343244733519403274573195245579818691089446,0,1247583021278762697369017203819426322338757222634,0,-137225972795172463656918033844174470,0,-2084038645105467602233551,0,62762119218,0,1 # helix_v1 r=0
83441280036483374991460655042520622735009728332272783922560962628094895449946258706749587978092395394266164197141556890108604232976112988849,0,-9495135937975862714196755809411523066069735922260765629969137201743010698355081781249382113159709435633629908557608315770539146152,0,486023520686165404698026577640025512017869410216342693012225573009423181565604109302635482310455209713933884076592907556,0,-14388970946974952783208601043674102144195167968323720712370291963543943761706424615599698132918871395163565220,0,267402528452645327923023385941691108639445137390610113835833060097741672752385087024188048061967642,0,-3180083874050323058510634012459107322608076676801140157176990033788711329129816780516296,0,23608877612269236987429774221606608966904792227655542441088708113424430601602,0,-100417769306853933989316956683105928670805969913908266519588106212,0,190752936321951238578857420486743444887086215513217049,0,-15574998250493870151721509376893623191572,0,-495645042778033369621336110,0,36904126100184,0,1 # helix_v1 r=0
165580464837793758837482232367254727882140542193493222674753553614296399072285775646183989743756103454402440034431718376769631871629214959884534006908683290508374879202245551495425974465959151586487939344176492061869415446182831895215760394987756657387322111925492198944201306529731745373964785346306182039250670167121884566019030604649070109716115699268747508513696570825550654018066441885289099771683808933693637992947880521730010298007451746486201001588737419863493884718998883905939775930910030644016150243936920197486867673076462495032800232260474854963575406319266614292059201185892808575134279277618722686012502612216676593093842725939207913595321697014380036588,0,5331947309981899704124518062070903829530100691683689299393854233900683964865195238318253321223308793520142732029544013564758675052296202771180176232583024800303414467329874491859565619685872122997368250460242823775566138642040243579782948719401382003184936181861039369196872959472605894009925998863187925518532347692530014017747970011775747206508247717309434429177419358331634572214819368197119908253959496120767631336726909595353054193237777089883656473892945906701271333826941262681309837771321645890142218008615326135806254564409360198096666420635977661683307679200354079208476328688022009925051097487145895248,0,445374102631042535933645261016012189192990783073933045650863407748161534447984721145910157499018069892000373740715764508641911737895891945632668537716476264351220357214167270866301640801064632700873063908496172701188825603606591558034923267129538188143290905927768152658191999139574702036487624480149383958990933395126697815217466729922101387969284639574733069924126962243768357206870390025622809154095092279985082167532402252145802797647207752969444659502399186983138025700525564031617050573105088515803555867851114727393745590366619301305248666489274889248,0,11866297349710638160619955612173140428525454253227250257789450850918481265257529415889713648485452183061496585009563718934989210494335315896662475546360499345298033362928282875760288634344598524844972717292978844985240273841133124241670692360856711693739995539034549719289047507678771096729369141637556718942771679004007620862262320140326374869481585079388169810687574165082084335111202898367526044228165882329553592202099625383583302622573469659160310334405111969495541411857133321425115983599153033920,0,530568018362755839812261206447475215299819659011939800823027491037946189191886776532202913058368384077881581528082393088840476174114168994492284222173254604686170712550370328616139678087240042197823906730555954858175746623519546800058605254009428569500780031219457908189271141769450008197734882454135124880363450301508406673163307241224630127719811771662376863824652343311578843726112930236925220608640551855381980594668888260389772253226933617644,0,10996474751586474680804778259295026463941882287754759998012393445656343074583829370204449600238298591868940317709552566021839154157211983244600163797764583507542389923014321343040074954289353018305020140211162588183423671619760430014508135014914985533074394015428323362020228303482477065690546724992109908117867055128623441701378730763666718976694353371883709825667822673758921920204643522204,0,339112218911132271732986524027172479392504764138235819022481308943768184692591880255257715473282180364814710660720619630117366986195265172079199633693137141482810224199697608150113817204791977308016854177058034658838561956321876819108448971251134408411378924505236887515030757997135220220722060990547131438839464023892383132536486383690,0,5275980133216075197418552741171130552419914922434949103349298723882477113695958512450291750187636846226485849790709471284082001547937935711922270214531881616202650427141068477017271126672623610240514160351909655530350532537732838441339528217932454089086761014954649334580320311896,0,116231499658013910056000553380486106235304803140543435862463978430547657275208663771001771916152260314109848285937413000208487727311662657309659599863466685777279634522631159477230076316459484501098837076643229859053075053160,0,1262438844255870361754740570554323236391228619312419155843827256359479629670100831376520777942631747993747128011520542993158969119835515315720769786091401533787148039036,0,18901040224869595489637092616093969116931071189558219506378665374050806861178235930781095328765479982549616820884,0,110882370753474991623648041504745436427544210807997392732,0,1 # helix_v1 r=0
28341553054502730587527551579121899282921695557059246978309426259133017327009788422377017194731373236566181117433964198087503637910888374404510011855839964652782423676465663990920273899971578267364909967816996712967842025710211861716032678275737159075276730305680413034345678024903797173884745011070521671994191729243309935806817956991204944964941800047299579525786024656529467530393650777986797636380660499298997578521578588682362095360787962618099502612909844057583388821360744807183434496578589723110904283135639223435547412954621697932573925104051096732098551676615851586710345994452866998331225644396013032020688336943008674792588409130836455929996351190919921972312873031825984390456297643406751720453198259423881646518495643740987820674564463053948384056429805598264092365354248232744005459114360570524946854171204638701687880671354249291055315375342441442801975257559054879676827656805033181626435851155144704,0,9194593533852048768266847511532941993772730722289301368938338817914616066986212586945087792006414634789633199899089247889660843202786337082675420375777339432624853664787339943984303876811811644240216868782097981287811592343707445136546425318067483521382747305352953496498663384223175958051011779001977571032614776597235777572750299314704206931526441190407670463151359149562105689201252279346727706215277183866785501719780950672441283670825659122636367392735984320530366935180131793927657688933212140139781909306098510682597291486459231934661018432417665402528253273607759080043045424036283321045836037504122025065505747705256530511055210184168099891395591450969285682425772244320646496657778132062085845746316855285320486832846788459755318693791245868610475549422694023661809000560361506111335024518418221567604953451242972394278069479669760,0,1903445759909736565649323243652355213652246477305275051204813361725006399729084749446598563991041743105110558851830874022042884575141882110062085557007913574155171243367282538732485540496248243669072735894519178788519625626650989451310877958902397587423958588403069306393308663332575256046244670578399606672922266710902301560974544071650821254781743602719175892857707621541204371171567733550031880950951467595009938650101829729132021844682645600915938331294458568835821303469227958077804210494223985041827563187329092284438233234737260864777211399531703387696783519527519211400477659296287706732070806640441536671857867289238875886904674116580409430250509575157455859636555450769016163637816307412772935588046490662259607039201808519904906851721398046077742720483328,0,243380825028108920177350193265739744729980012339134477592545208502073009755988152663093561545301033497137202951619763350081479669615465755553453338558599573254999483647269723660707866511347808220071828185544299516386215494371239092246143290582993598145165499381660091360333174549823803608159416906617200983003091784345047951313214684910759198542223847102181145770954155044403821292139329277572163824947255962885958364365998678365969250901068090781088993964155133592127802566312079423324036768968730058016176857169504412380296730813357782878744167819369993040913537633974515265807640594987590816679700543366114826728337281340254364840299251938507544007872029295391463493087057349453230899200,0,12867307957525890587845303156411840585024399062840449149053695893700937142557078701643716105445928455821407927203536939159281237176292414849334325434959080752594716703888765840289558907460962815612653256776025271556538836736011008788380244377941994363798396157666945896049539181037339791080670544400716887901365123685558182517345012857307229338601670649544451225912137513779099981353507010468693657195684193023351079266900512957671849765407487810313154101091175454254542770006020723613377094664621827064187083573871938714704809811039612379354047147011378794828236659470849407455629749736055153262037873609137979392,0,-79387049783159029417013801714010165868013906548921812129945894763065610074279330545360143568353210288370042093394038607226925252282913052778014591049135026415974276726553842274107473298845026419825398472389848402648021393181820652951010676851719765751052756971487050355550761360557535216390968478185856056664252926572674552383109747509650948602256109305498175952021216842241279657817028138726147579227329635740068540003001208863592532435029041836181492992734316807411728227921732538566701848615469565348692780603213743689780856669339648,0,44186887720547805165713716993148666248387521435156643079751148964955106666268134552406216667020109999735745474051380580334342930347116551675861486708013489557619672658388344922116158069540867545411867760478420141208002210303784858005399956328462865523271474256059121849621749182511788563605267727193692657971515009883385883451134584362544126713022385718770147693296212913267941309771155034222347847676437983064861289274058547455344540690532771787328437643902976,0,-702062207098909635868730685475803009111619338263977416693418815045891534275658387719703875892891357701750149350246242345269128174826991678968296869225816325520128445103771909761390852910919184807394422375832161197766394209251627141925080913981487735014094184171835504175091636346416689746052740400703684326278285746805902910865026531156866205709490964653411595867796443231689841311744,0,38931279964331812793035225397453855747431578323697109381062371714268870301420861347860709324488621181964355572293507211751283861421882235714001912602614759186859335796232778438483592702096417164255018094315348014154272224476872574922331920701952634961893620843737189905611088197356055018597829393496024285184,0,-308808951696693833009897545749402158340051281094710211639210773782316888466707752916098306758177387311701191056606011060951323114131353649813981884189654573753165856706333689558456142034558919653261969858773971886383972414033756160,0,11315785615958802313743539252490991689724664466036870575743442922719994213184791115394245657856457791032133068541754411934317597703272896417674944608993280,0,-33087627679507589828613149891520082122991255182931118874614564798348597919744,0,1 # helix_v1 r=0
91594541777286853943698776089030721825154366483735824493016032676411094396963474773497424065089628119187571323656536878874072098288900538954583761342309122683144478067318177469446127447439573403880463041100630002989807765246438562079040732609867382894854352192152507396761148145663205549038650289408661717472787636167275388065478326606988217342426644658706256073178292459612607198322606276567869513040582593596151221368659402688182609411298777768899428845540167,0,3726967146987374508406930753643680034943640194612412042852082287327067115456601273182191425495597920072529671214521465094282508900252020770840758566868669408507141570634240600363837237301370446107899710328609625015136577536092155731483544974717578037302198000290810161500529214823869031661978527570481596096604765419175265618262610096000122261516951781961850604204034346401331861281570543283722900344902528388394804156788740,0,71769111397508686169341553705976337024185025443480799748539165492725314229158210032835899115517152878123482612279180319590473172472354659835860881193106255228066532535336614656889199199878938411175673095923740295428139440588016441451403324049537043998915886950770191095276420197268543949360280924692480449155986104271902118803763288666237985814800776638458417841943122900003710252456620,0,861059904658917546800803259700105629738163883934731894242630840220907631294832638075442947032084701823215033021343295517654283902002511213845433012250166639928295892534597367388355933589130204003129100353172329110742263092714177838612533248758921778956891845539084858708027504485481228159541484677478573771091840725535072079639547631066464469737446,0,7144373300875313159308328295560855215874217675854336364225779874006629033634411027802291899930154777654462854887666471201208889027359690206342322834234243648015016738991337406953446282068083719191670751425252072459368985277799582321499694260746705594773114699430296407153613382650099991547439188327134424425059,0,43062626080328158325544094455737157291513454302172875723803046425800270388964799683618990535691906090568972994890365070099556201877167482715503522068638353729396894197437200223823323090005899511354578945501573808924540584665138064292669553565519896151857171615044342767694,0,192850790344899903095857128489516344941409522159601184212986876130421891409318015666637635138386697104696146126295502985294562076635361712036088513042322491425842440205735916694976540965847999027327099710430724534809901938215649192277,0,645184017233656985163395781412512507872803912318131143678685599846134268025035940157327355417462780116260137481919802162406631829507071948605847538706802584758167498180539343059130642102218641748,0,1598325636969657908664515550929114851199172893164867305529796696032495022662921575531539993948440225768592680787981662137981073334793752122442275074278066454,0,2861220798913524012588307120082466197891764702011327365158478140393677132861156772464203287851554348327804690910389832,0,3528112039443394119908985198582568815258934664341084111798057484986902511198749,0,2715737373779776381135914486903595932264,0,1 # helix_v1 r=0
68388838363811915249339227122096600964353686896480094920328812798430619567784615618434688066976285754967154970427913201930047733135335377472778313916609644846527684130303537713518100871607711926947123242521476359515692555807744929528481794416614301530970519604225458908422704898987965600957113247313288347727160497906210389808524985133862457175309979128390403919153674356124521442482563963011930135560719854709481807853219081624284982675553033635857831499588277306478369319040949846639572304444659482953919298094487039437647190529943427485217131118195872585227780859331047116861162565887369877105466136203959369463444029005583973034450081006744506613756296226947335014995331222682179306630533525636959600385412866059200136829481,0,-91099924576310940373351500439136409298199883071533049722236097013221982565170289460861533640524319986967221319197645062494742976373396953013567632790871439692265501575771810264103457557659497161451917778476091001072504584781258790836942978927071702507146401347278573154129485828801788417676286596652757092783122553811001538331834487030496286053237147849453344631943070391144084309925080659216617425809580702921728651760071526676104939471078678053471505127557188724173558504846930051222526508260893229894538940898193843891523259490208790330242860101096482867273019482776128159210967798764218144018796393227220421054643489883542971740861880311362682702402931751540127314,0,34126499461829155270922943150988611453170017775275243098721845868108026561156869438918837734727375895843504111926841761102196910278489641690109024926448865167815495206755079229595369374654738786576014760019736165740194269873817675414923721879787660259970316455927655910051979024202383286141080011720754697029425126879000218954185821554942437968925348240513238171743153666918601362961611762325681800115952624056329107794632750865647282366317210540653660133582219101547587176387602337411693569936797862475176698783914774032177317830541697723924666064832286472877526810311461398628014537372029892425436573735842,0,7937354546634163842596610922057488718081316453628319167075158743536201222025384147535051690145708601712412773289900957264500039221363637291035249072554657090735363436695186316057780170214198358496378455240168141248993417047492395531766888030136562720779606063028347859840133921752500291216920043704303290334685773962089161760933253160051526496481450822034877479016140779530628971380978425314344384074134295881219036532665925699269168055556610027332269770652222372190524269510472276514895468870831498127861922973052564676928726120394334115587017570,0,-9800563713801178115675639530942593910737927914034468846859353786889656709263909775398093480311337055218958721663236454910457845483353045016776172877190607951698696456060668705568873685226918704503293726650713912833648795701778049957106023923387606064554014542065559072527450664461197737120934489766704694623885633154490156204982866116312536186888275138270963542068267147404955928278694928327379036651216843665094544073916291636123386025398309692013089087220227568809240719907578439066764,0,2319808989944404593003206109351918685082289250126699360003689604990637407340043330095130052747667243297582865791401604984695203432179021841696006762566986308464837346448756541809065424132395252927795941806837643409661483722644396213530144903906453508036819132781982205481503714630018625425944369778769839993448086831159330628289638285499756550388364462834854083932284400352552403766436172361770069393962091015920042365915350858,0,350778736912132992009500193999013457706166317398110759089379760219369200697031112767651443345728349482563447429427290862453247865082595721636044348362311320507821800701201810545485005106527354666932138784882506169009370618510628861602530953577233716545741144042857227226250447616797601830937744691796541153750231696896743457839105855415980121097188649780309442220313,0,-330972712072684254619048892418299998655405681830098530456479586690497629795022112741700190500852834582328786864000524281310692353032650117091000952714393953742771349833300090531333324672251102102341399051725615891592042714204952403431026240413037792410833428734733614369222907079226474604355339557487930504,0,88091733742894798678064073442809322679687252747846009484100591568296886939111569195286295096212414295571129826433623754279159638346871574296847029787552163552331836998982578847095285433370688512374425100482993153222382192694337666238117960220164,0,-12804833347532505372080322700335292441065245566913134142329431390415695959640600412663295803316118970412106198143773648075126438694047622442833286025023459018767217798129287911742436804,0,1087780053118961487028336775775785581828047624301793876260452259482704685098049199024634190632370369193168082042512341220566,0,-50674329051897193959355213500633488108536015366349590492751820,0,1 # helix_v1 r=0
825156732962886062106656619746380926452659129675689111117277682867883004752667079128117985409518378065488487376617260022514407214919465665536496083151947192727809199679834220813725996575193213851724809036663178089284006613997538538908288750879984983395520230813782194981957523149062216751732308737949637773370652734171684849263225405028518500348031131982562481418305679031647836631764025885466362178998949100905679851298751306212237893751445311242718211123649284199898241761537579545168826228826575158092976189323371726678206821838846772851204658043141308853635143448465177578002125477794442204157113993569862872530794763117712371080147254081127,0,-6625406576940815453188658448116176949194997383446004405468321252086947418450520184761308172647152267740833360737408916900750521501134981601424913153251962297334024943170537758187303339926988101697855098264752699407653741248769258739070270780674989910364603121915683628551362671046940333311632261260529861713952066119845505871925733973450138561214643572210710582729193877319139138007527128204550192460622369866706249926605525928815985652059001731890411444152164389173440895380948680222879477720587480309085261113859991203814294155508362943730003777201438646700633344406824634283709925369861032,0,3041949686280927508513839200790707050427597051636419747173417559879715346924853249538452723597607759542850624046867530443133639845540091973040717501185758735106229543097308704720864004732690924585733929820085002760263437764934464957069402019926588470569561421247931983279287928223923420038575354216573269410425987503670050839385356211114996737042238539023893903542909519391133690928607669651475440851569012566878424918130597643960400957870507939305895398902610740225897033709242270191361806538980256315611843313126107557788313810588382831,0,-13522151255584131668139423712446397002838274619464274895598506935620987582533489595008544243628470546231188776365617145860545626992173465534228462582103601412183866253592944397050907698652568194011328087976479101815462292157791438228511453549873904634990826356293619083051404910482530690177975653019811639634447895463035168629028870811567014220694576414020538560755045926609194222688589087091496086947246698972629931645174333962149352058337424021817716522754171398016005024425206562786,0,451560362071201326377690995032897531215569244279623449592265569603972210174344493884418615897186741176810221068818626609816368813201640306280879027401568050486616637817066139065515705858196189307435273703907223030172285784790016348821618399829240523311957951456724765819467914005689162445486587578663998127565426730764683530674563109779811264219593019301466593789708599092882026704506629663767473931475482130652047251272163316665683,0,316785473529498564472158943991248690370610571396490533712697984542502826882100126292036308073449066895754224186704940271811957301242216055722844197673301616910421433614284337943562411055869947442478272822115212909782906533745718212794927398011962031966178402483685998442404734957363322498540018594912468144599475973728809442083156246171944573499797359649267366802246696385233862,0,-1781858463763685028268508822594935084701866480538255625117320614415649736051392519023670482434949490942582465629809904557904460923049920045393989503755349741175265191819541987267048702257726091124912753863766412283402833068507197483414103122227197242441710744593059770994130287201908861799382965083640233249166837537814318190,0,155353745714678290821235255040237282885336378565916469919606369021834784954710368603949165616251843034356748385582192785350499031791261439772864795484615455320660361718568992722772294839277592003266608774753255618708169655029324801174847450815523493827166148344991538136,0,3148623561057914698443936639613898780580898818285032333567821811226798129821165714764223795194553632917027838304894700970053207769833920091020142544376939022965829380082738446015633461710903957956019858289636820579976,0,1053150074134861258877307114636808530300189759469699571647098426991866906406489218218951346450487016970147229814665329399151689459659869470728148985212414544423206,0,339874462019957401399836421426158905377704074646543567066995798428852282493019861518468724286275255329317101,0,-2674009918230463196004015650585762496793900322128222308,0,1 # helix_v1 r=0
55462328652928770815852481624193502814159174166704319579424106235057230281528894477041364389214079403989922830463880600946976925774546168078593233328091818939748344617738983616537964185496134245564678776696973145159644966586282185100006398656622350310357287405027595056347873806395687722237576877937290557599098244746842208011874518143097428833549899762925531783905138234360722566102201360788642683773596233375947624348021073481500602171368234761197379128231945643516253888335208200985342960607083079846443833158717852487287952442194682005889310642423928671465560670362960082930012873623452539309714412975810722643496756005211266754332921933748656672765561294070230688532356245422787948874623290231132545139661746922848354763101742517503037491091846270970779,0,520184987800691092708380366020325166165655776344226687095651341014125589445067514213608076522080772474185068379418455232620905578651276746592374401852151963118598994893957484462786419814284691800456711371626114591836832905395556275735811243751204177373795844968762009120486071123096829024167483136251226640042815220071010408710811911489153396231885052501155523574204960702390274609304306311710782636809508338406285831258131997483746832830483473980395291940067681358910123723278092676595215627104076750951270355952968584887344073015520460484266587650325956898889585702154462275508161294880933520644419062348630031916651464936431819011475337346500666238540229777272752206334721114100577579870120910,0,2169735412493673282751570821648066831704003347726080587014284615998037674874377115071296337443024380758521765958955661689052033169795231357973562590195252892857982129413742913587839587713999105141335301364309320829568745266868581020053593597185859176884886549052144801403890747338573960965295559216325611135839404640275914076112474824160850108881862050424458048866924532449598036351511791104245354838690737386667916385507926232285486949118377618853094332250440978227352395928665656147943684838094391781251784255785720893982719733656657922167019364575741431872292251076339387414603205011938877413394030508804500914992084577076483024073,0,5321816234090313336148138881891409643714280279961706615222518256490764814156225383847257499468831858990828235038495840382626913741641798240924828930852423039860509401153603535935954309758121772963472484258335792149608963979569501859563130906632541832508317010767254497644293926771925425158239508542587371762776367009115533406490787128161640310759432383626672224291682703254444607378904206950600318881290256058294025746035879591055541196744042091604871974358006287470237023373817068969195166396691975558406749571346776108892819693605264272374674213513878771274252014610588,0,8562310149411450961578161381793369747859911930193702226668316716812908595223927190047955712641348394437472952247060008787510919415852094970543334532025670897386787130607612426765089009046083716908021318953549778259894872192857591150040620110747064513242090820744538667286204060506023566342142480623447219052010922127303858307357496814288557315440817017265890336516961497706284695989146861818102482193666865704710893004767467981817591512313145661332633231722450636751914162461477957679693213141378811016457992,0,9556993471339133049199111445964360738515281402151583652625687715536874355450322956977220005435742382043634315471813000807449524933114970982053596815130625142429888897961223796315873568852287925898447517923200101312025664587057888413654873379385851348237167922007754604621726368895397766673582821993068185037250877572726338106425376337567544463635909742532755901735083950323305606016996445200552352880983394862227843801739042878611798998695114026,0,7638399100756953888952440676449312609534156336532407056165936941046389696560095001589174410723664631106703610376330219228857695520850084248713395564919348384940428291970704023224551944371122805944478367609645167354732223163657808735375473184123709949344075712370432121997449964881827990709119969615240274226634689712900240842404907334362902896338193328871265273991519045500262494769,0,4444305510948960711249531648343131024895592118427466617839256002160400196303031249037009017538240567236469291637919620158324578233645613361095168220081801217896507679157561719321309851686218867963672192120427016885749087027994498003425582586035288612827876438104896374244362864037206783615725598624928382699368170083628,0,1887616496816699033834795989111299068372575864056758645235050949520127946874976589027682720602365921008844422941839962765022993122080087971270485866300440193743495603980071707780695063827805838580558593576255258549824852604506596090049486108682071371909588,0,577000470361970129919777413079292718841034747466788804608346784599352430211040179255478069530425194346854608326596451904112788898783115968164798359585145933703998745322716309692327868349386286,0,121781929166568256753591622098635596266901820324672240260957558136936865410659534275739515025500991370248166223291054586912692845,0,16000602348322312103372565819901278047163845016567654176174846208,0,1 # helix_v1 r=0
4424485179147680223173731670990793525416766974509155055270157800631751756471823514616638785939643539665907000271949106173008308872956150172453020908473708351358557894877295777198433355979421896260548021713538097747767128132306042846817936470381803191505782745412943053562280535767510311875370275145035813129311004840021531178751135659032267353,0,-219424753424045406002116221107575861081217413227247305190671856854098807967733765398771526695102299967763266472302302534387991886870270815382966028495513290088360994247554377944578783081207748195542249464603874436756411749923022952561922445618021444941051242479449492961776613474549232655635059761152171575962824128,0,27921976675395668150696790694891236169831545091690622404477343950026630129463690174505403640374564160472129280306727728959790579917798290637045830684007887324695649549329423423330712023530525860552003827432717031683912818072486151494887603163719384787846663078068359178568841667938683715,0,-2188760994378178500512489088934734604852602182015514906358371959679625829100408128196413075939679479471001791911350510221798949751929094239610050085690476588396487188925645511771328890812757231381821502653704045364867405412740948849167736749361993386590268772,0,88415360589561111156957473198419987082617030760319666238789671957618699095852318536302082061983553731138486757202816893520249882611945790136336657595249195618540249265839337262960760303825299878846183973785646056886482205243064418,0,-2881744153849999764919846781312526837630201263506028783311721748147512294371058369742182590966598709549282088592277826062462999272119638166904176134823796170472834731403246788719606996381791703994887180,0,76301375248808567219562673139619635448323809950568612671976621523876680752736102299869081280358303749441832298756415509310314513650985085600413495280068484520885207288042751,0,-995425371962949612448336377199607470757904064361278440630774761138944783547616211176350131032348902818235735357587980921370602425706097092052080,0,21027709479304190426623949907189966310314178670243857699671559753239767631232389814035117879765252550314645581310630,0,-816033024195163529002584442263910931049873039456201588406168652243099390134232089029188,0,14463983578959185645517361558748329088312498160935580764367,0,-121197988105750810469734953540,0,1 # helix_v1 r=0
121312134785187,0,234743957552268,0,231634496497113,0,151650961332606,0,71717039031222,0,24201708520698,0,6402547294894,0,1067438358552,0,161500968060,0,-5768938,0,-745044,0,78,0,1 # helix_v1 r=0
18015223726900308438851188985940400929014198074599823856541570968927379508528080016616170400592267097585697487580901188250079073922711474217208640243912092989931448844069997808344652105104985084346567900487555912908928262994072260005307726781639414735493959062720977245150432499688861779500454113856830947175762221599645274329266300932106828876134744694614408598627314885807384453462465308684529431255335090329494799879899031048202895521289062565241763183154334162682949758733640302059652869053817053099653782810722036497228128135631093345886096624721453609620234599119315348740213248363709153798255538614101538283048620937192844522324929926681266379165777101985126461055154876882411647227827075023389840563486249782509268834800468378189814894770707953256798589872244482434889158506454606276132619718583226728448,0,-7280899543794737397939391068876587310437040304952545487796919988641945781523940915348669258714561455390063734998847973942882968014362309347542467360003415307223552001822222998040257431748116345223000450718737070687665342064721522750287422818608515744891240561892366084976062512892544175299229437212157187801636371835281564229220500080438949460243150791148161030704544131052108012866059924138192167222414202812838152857699051076138450999852468652055875103056308887328081612193412201125029523055066021315996887768415446883233670521577967919344868910287976836998658085800230183469626816402416773491289447465684896131808910439459651794750775785627681652585491637033937940351562688169224739298320358465890042491458869355029800772907216635008343080960,0,1291301908004377009850294307656780570008649697146444440017719059452064661732421051601022976146755395427874454497794195122656120587580706737561739999338820692373666390524837485562052058000116410542005848834907547915036107898218176502583354248136803166347197629740465578982816808529252150910356312193018990590278934114622367881622477888623091170109477831453735998681749568016360020854503724651433958679436708251503296222013469398237199727546462433425270788276698433814780773636135913364817108138396435893066806791449489993903538614378039970689727003276046338607711438019775372602185449175930843050563981135705548404243536504489713451742012615914885294025111887670246082825192210432,0,-131545617648830601197250539253150117236009354730439281660994505974445931604219813233103557693877719016550931720535403184085036294651534703095040900101461417270963437973056949813805653306870328067693644343160923055518502039498032578914057692737675858429920086543864880615900467304146349070683028810906047098151636686151947446526016009529184005314437448758458543023238700937649279337412832757979508540524200096036007975420895793349653567762243295528723759512896173119275128372853928834559558510034757196967669913298150073249911752631452203044056762971023180275034916836215957018128296128003019598087162618536001536,0,8528556524558229124165951847945534243740189393129351206764843103539005578475544595557111215011408313964020601889069420165614606269687788392631550980247705078247007180306796266468498416981012880354195305566500739640157955948321559065293052050214947004134972810448855768166512385343860640442267947602710271712937815500152189931040337540467219741958845798496369448982911629685832681071190013869712439910574622855669609057596514967047055500366696884939050756113523751033399120199629742028163380984651912143886092463054982172294137361224840595374080,0,-369175928123920650219927366769410976226546528300773405058984992801488903558066671353457549463189391002120866488884335235146835971508425144548023307676127481960483293135528293097438964020618094612760894352869329516082706567739793213220900559817465829763463761345477040263271992739004817518774632797205411013124076903923835154652492331235081275334311970043811842200355925848536316752104949068678070131737338644296135835609075976004559769127125919755518979347910903960329395372032,0,10893591534002424902892482408046915306961779893356774361623536365613174446042328680373863846464002298588091454665208568715604509284355442083160521050322697488225987896113910855966379143206179120625913971542612111267917834820569651983625313172927052646277544198672297136423526269534972177684500539534066585396641584299702660654685777791605694643604801235336363850530022031796101741191221442476758630587787378688,0,-220004409520687441361411535750545163721464128356072280086789036099710682332404193390276768304763328157201547656674169557730571747383601782473453876532374532064751831957166281852210512569847644129872401986953575038452551385410495464566621327639295299920060819222665323358434361993142789408649390186469861986819992064613860213281407611546107904,0,3019064357980782917292199231416368436384956161975321102200037264163582460718255462260466502301342258527416365837339371372943173288664257635514994439905178972273818207080095336108563067298415820157491629306485338826951102162494014442203401592805916163870915738106447452438528,0,-27725377461357074870220246554481908278810418594000908762464809288314143058216551095801222769040323628701409741161531536811567985304093337217050935197863476590864066564179185879470536346165250965382054805504,0,165602707389691794197239611246450224613413947796595911264262106325972854354987831153189881283239349912600618800199301758739332423149944832,0,-593206665093417746994957770161359757029307795155705047878688154058752,0,1 # helix_v1 r=0
148862177327950837855109553468542088732795153191653040840022708297362814963115525489385290035650844196318201737710833273892277632691984260568242765883288881207132714242790781777921660488667688609725815821234159445784852535166138839114572075884271315268051131384753718545837482958987341554173739063089015998880138384017391548912452533985010859778914966988086627451458848458790562604816378394349908322820173011635774510017196978840067534573704616012403233785610719055617220120871899658183771806878860453986950184165647122383678633708984873445996701089873096894923511461435092632938288951798920995891707612189034507307499158962164502429227470339178496,0,-4668624101827208507642181229248611317467485522576217805638483023596502034941133966938141866081765305040141156387996004366814496468442725108222633744771901972579681641505811216768846696697129185590460681077593424216317998325480128530770383350171155802836122215884764245050881045140979734773184317916339577228825496536618970085990994950731993713377597049200913203721032591647810216197403259075470770481293256518670467577775392579536288277040892319982402472928104197555307972664743114920757557051929121602769296823255929519343935795968476373512862040559777724161015123379064017568194302921813262336,0,69167483643072261148793352341394039777541199948279088275088111975873043309856250696837607257563564125397538194513675898016330948905880282634699097117383034719847677475882282267447932905331317361975258353810745134513226415200740506693631653231665388999965698045389801772373647755063888109636226918753445515299368830742083018269720187697349660453309660263008015333320602058715880057929907111243474016114888922910273042723271389934739112197491646120662006663595625734681204062523534220243665604963460004176409651425152667593920186805751111483392,0,-631476967578424322155905675431848145589701428808082079324786590213497657239175468844853280629383188145267174945667474000677758999265697658700654710199541566915785522978726423842439407810392198699168671878194400756858974969551111944491100060570134656466385830581680905864889418823511999783406205263392604401910452716102107945612669528522425141114712042429062335244947651895232578094011741025587013505398144255816147136015011819704323558625978058191940608749300758493585674346668442366509056,0,3906692063186134239130918869072051208892323849642572163749815148267699092107219046269304804217932615704530645598427004416242567414812531137664783582729011960668256423149127696124372582486636542862797079253094544611949464745913173253671276115945163410885740250474696086343764383548136190842376074129570673593088590299068890365426836475058966174379108741273853760575646829865547307684482810403828786530712911902721443281790578544556900352,0,-17013462126149317027003476263848820827277068064115986711535113895489854889937261615287969724485697640399545741307385097357481179019447647408866447684349477931389903843943529782756874251523195283319096682866524087562726328939842290531824571766243067252792545484269761053428957226541371879998671021728576058627128841597495871321687086063642091487366031794929309793140374048186860306432,0,52566027183289705976825980122953555693514953631267192626923464759943042343659138038551574016069185027317152693132871421222594258823538476920150249245417471737619916821359092927504724261264813811968902055621501488005769809404901944465168163124302282680040226363865369180939026649354026520400097684753335060812025349107736253562880,0,-113345159940438234149299511223069031678495645522161121983329802665854572021005944311074724313668673754374472262382410137955252718100735012286722134082821549550841087383679435879114769732520405186795171984240549109283783129803722267415351300527350363159521415366727827414056960,0,162778297791681782193559311481508972815159040081680007591029123075695434612374506953193634386239854433129110338251990594462121301942133664130962669132082295849137616756238538886765525016257656773749368062756800548627808256,0,-140295907524433454534766008176234761442244766924154883644824277140246192037588232384137230585054663333650192052579844042926516909436853044566676559775112361928137113600,0,54900304037640295283692151741148086952595910203944153436565221448417715659425051735257692445946780173952811532288,0,277524386586250722985984270585915641016423965906941509632,0,1 # helix_v1 r=0
58541106166798311864315070282948275397541289034312852321308842233323480585551154259440286166418162664592596982517543375403984486780477876493921402901194249366555040179859810673876864722179596191777679950998363729265634686403588615257335697228249441434659113299566242705452337486341271240909077416921656514133770261733902261743317172819870300859835353343586828212250590071551803580099511605946822139308833767376380363614554846460271081523990499500589652647922007847708962564583897700460327118125986111666815034983062809456701456509409113735651256321250355717960108243894043849298910291900557564743408346864184425897949074688036950828647442063973852867021810036501078568987440819692377136283838355871720478215356649504037906493119882548584637783282849096512728094488675493666011435897,0,-4957334924959791149846979929577756701457037142532679085638460169808930372564170448954373911690866941566822370821342178530441901184168918818164834157833700653940525018131704042075907181392394615468231669753647380058056009525843218654441074780813430994640892598160327032113989334336991629178715067492986398890204474522141749752043527610995227034790470730198523214272782426410385864924855008969723140060165958865096023123384554880148314878319345908177924915570055812295024302854735165352920881733576627193318605911989132488872729852893224377887404983728444552584930126880663093973844900813546502763012334940082069141515414611754907164716620801314648124174473606892321099592930080357733895241786088180977488011355342102832,0,192995617974730291854400517647147479089899725489091186711660312101609918421109385970566331460168081308832554524845090750507071658550173248414164435179259655807006947034376239697684328163943460539650554049903897668971504798746852776098171935136747563616640066130086135135419738861522077959192806155390180977905347476473999271843599364786028682889087525221359533207549521895640678319540703214800033234144856292846720710237582249383770866899795031109882262791762745695240772173088549250723328886896772118291090655939559738466592402839401767530640316409319167327764268575359170306850599750649711290430921791930901427086592625261744651516515125059166619786042,0,-4566792323554941808773852758333824346699992454718385175426218711951044579395563394771293030359234236686468991124644069624750442899907740767651010871097354283670663140467803711161610358710480395107517550266999464913010834857904498634933333929923470405139392356864981937246545140319347601710042375611600444880890926448454274193693643108958107344830980990112121833208225531356375481105564640974278848633222041632379007387312772527809158721051515465502329064781479490791153812690321845485535491464752746737617688467236776813849864763688704461905770855421786529314252951335980485656138427341386,0,73132627994092828906342674736987896515070247302760842968951329049999622580593794830097073336679314132545648506282811133347939400955258440223885753185970515943554236376322681019507954566918986167923313892008259369012608058168659316187421964166545970868370904139882702236251261183209319903792762760784507314606753232955500277385158654503377499679183617978762752115914707352575852390270167732804740474549539770770568753796033998982735046558083540481994684996265052470043673005547896681944606034269366910227515437654763291271681,0,-834683989600221499529528830854021081567018593053252363185247665679394523833647411355984545187265229957820403332309303843480807985051664410029059816633490298813831971750760379870196527416286795166829594497404095550291349642625552791505327164297367667608969359774518286584274035603451952236847148853997045676327965289325572408884734520240670458509849656370435070553960642690956518662627221081988544857893760135228992125688408573290454395473104085329715491100338,0,6958660380567030834108379154418534032300726529282492876784705260319793422923742682956138393496034771357137035047029110010385709223522267385402198809956842707512977564455725725480757822181649736141406247623005111302650016490227161737362736060331105109192215501917676108269461324594777307522683419910615442809832034333583287693448571748091600024934115151361101519531435169974103733600103580624381,0,-42671877780661132723481264608181559612098417888577785782797662047853038991514607187536031065693518682647021543148095086864396132170236756579625313644213500807976034256934804923569014336357018143750494221697703450325817723699640119421765729552843634506834203303513162639893358581122849841666155572243836565298741081106607622836850,0,190888889119325765845624951927574765608535476610053619741413813990980916836903461459323825834578828382570798698638114403162067619353833562190695822945836107543782371245199676008915854524087063354322131718596959883305687153669318726681418297306346796999329148282864,0,-607017127768282269039466514516021616151496242343928047748671925546093927631733425758484728380205258982540245752019505739597121454027647355576518732356901809936174367785500736621654045995156260468732,0,1301348507882492856112014343459035430850174482094099930645619628138014692435049155254327076271577623297378997791767065012244937627597,0,-1687350813941729291527113800082903934519478709732024923796179032398,0,1 # helix_v1 r=0
4150365336520902392677403027177739858554432692665722867259977056216918213044020723825114595651292977902512385102288768662039542975639629865581637067513460549930578512963726507025543672531339317110459173529187314929261177461300760269356042451304620284766011901393790129170508821540362072825251534135442538157441647326411409724379221248872888960408687910805874656393181409440087313380719510866416357909120203081803128628860583880469650093889254945494218596733275443656201158468706198013415672482575266744559981713423946454247180920314764479107446533579458336924906342764103148407505886576062667940997568259754172582769427958976970916802460579820416063040005760341918505798886308815618940832784230121242214619199218109359979677988027576054936279679154612678191620780112364624414434186671619678499707915990067989840571,0,769833045577619375495480257968454854961377905684697911266764698202003253044223556237354870711924133504886585146337542252600499216282704963252215038379239096797557899008419539831421798179914514004814154029596747892183437471510047375500136215185462664701752933076593854041787873384271431392614643703797827803376162545697569617983088466087350407791861007446693995238797909870342092541270860883924811388155660531958216972202344613076630623841668283976662187533269232255726154707658796720338308811765549555879276965415274886477352781731943126284838896437723894550296070763401137656480457615623017032808543321786219661373914215314324358854495873584329842868086782912802293947789658937831098247413338169909531364202175401145960009312536485359375958752364,0,65656818667846866104624088026770933521836490242467405990073083665750828866291217354470461916466318520185190196331001887869343724905724509517706067989522342251263615480331616973500570269721752215105529965844954130197381229164017665347166336574276785480034843228606247591469038790481894030137273421513617293486039270556761478868999742302986404392252629726288855483607932074417784586611034470334434978339615093525038701440596617100653296918813995770399004635059681250453776801938310489041789466888577456649726521010584579625451386016509924493270821550580005256633600520036099918565001062384958710742266540634105186406308847361400547683930130939080082410939116083679123881066435417698,0,3405216586839926593941177614773578578227258058332419455902611606391213304994684590800954736582746383988036222812695622620085100701811414224026573210717420995050976582325806003830514063706026295773217606596240967331189486849501340455429562253295894973032652657170883583425505313686345403077599239782871493345968195900646279812820000094648380614575499634862567260553661809689309467934873363667004922540152905336014738526209531571131398785063810851173587578182714544388871357289480998809964259823764565846970466708752212936537863068954095068567222156061015608880571803923837581789009540510301179729838278612647694544,0,119634775331822700189845938159247857284452394736644115921999963092979910179409278254459903404735476543470950942880721251777993913627527759975287402005106710650782757790266565374077143852532081519789718364724662114261680336779553417169310461007769746345381914366931936697389906819491282278105283193472070279102731604148617212547814506290869355612782910544561402332033976681971579800642942316870686492638517063448836373067846215509602200149977004220335040976107378339087132845013583509792711502127141063098104920261807370786037549634941284673155567,0,3000103614340626742012743328720756438423964029641707391066971105576810714514406087646680469696792940241679469243305179811625130290402383766855435174931916462302854967800396133791139903247034965113799830059357841832600467824472321440428097733619161155500981869248091472194737379173620715187707344411252447384955826726191358562813963345877323160837732209081967983851782237606316377115873845767986434629564881712693015855568904559182302719904509015481474010808047960684246758558600,0,55076178362038985012741728637178275551927990650355100275326344808930850871018241939028964298040483600719913901440248476700568194507112586161341040909794860179244933565868064286465829341453933240010043718061962253842837443463973603506267504818602242822164388724128075793133378050853346120732259554275357805630577503885997962328616404457504698006738403591228854569576754044820008914809759448983049264255194911284,0,745975661640275789458055622801175734214370253479502607093927286839730059185081391733522018508458035387873393589461007538552757960207119613805354694501143542117172300030089029989201078979288047581920593278099444131219541703663874233135795500533222378531616802737081314938810896401142128955831951148709892511907986506886519276368406940009086820,0,7400476309311026874643780152827861362493394295781172256337267352686310130447623194650015109192328735036273215550790723953388618635093335566908071848855868652507643420818258622233631820667854631885845315130986910177058225764909082222908884869464746784037150074083759165110488,0,52459011660898932348527223581073154338520293164760829366619947154744855629983632731966929903111732803606490883440910091532397262836540207567388289392542774204690849266140653177501122833544576223719226234388,0,252312610268768856319590696413303437079476574579281109149755805406302239793026985531462936837210662360173671801281157391339401788031821720,0,739654622104280982652395761583121070805266207629678788763859741599464,0,1 # helix_v1 r=0
1586403340453095832376352014583524846228285983915507821260168833117032133773302985281655603937391428197482613607777023898734482098392515125956354321439895792061303863592336446060972593176218101822997897766502677092414064209129111606589232217841534512836436418138399382946555252882631640544713554078095496067722933714217372721995025976205854474796537803794317885707641914246260499522805453880082316348257017789337700656970852385230927674510157449533314018452203751322447423362950788328735209921021623708912132518794866145975662220360870099605664602403553451461074815118650971445778884545682524441728421549196387787190080068932011372812277429770793768349976290512509110240771426118916898816,0,655208540415563315569920759565510319825601214223577420020899802143945181153678643425717187973381565674492123987996924818990258176046275857156814917228586473582926076617672091257555137158655654464124894450038915638611809665209768571290890214879811512609627210133302292724205934168473920645977667182690228400184130553814164226432321074470946248239813346026380250428964925557258153513963702456303631277638197463821942114792375105275253792102231235769872256419527162628318640862947327874079339294837536182905100763897575350799573215762174276364475642042107654190381918720346626783412986423487878818523828279058438483380909396509851648,0,2365926468032662965908891188182297889165669887681940265089404461940428386708755119829472154163905425868942428531597723493977131414099420763799773963535418952913790873158904553619494285411784587976415362690389258298128162906527304052345607299090022517182737445932438260755841568386373686931622990221186571710525127130427579711599101699485819146939153795835547854029551244120356475854489083780421864692663745487920189562199048202352401228587735474835286038119418910375401474925853591599281902439830141774404901134238705044263311528060606327015168823901102853102072779964940288,0,-1509126430341763725192051427708638255137662809133716848092576008915110026944386635007409717319986310897117016594948390255923969145170355827986222009932405349908253444921457786961591625701831621055172905354270198481753523339271746777576074872037768181228499223644278838851275745009504746028725656329881447190727756822029486276467515535756334525221172132880179776551842355382159701372784432285449810730479454629075432032765008676086599886323118733144605651298986485556760777252144547936109677071736185795632819832094720,0,517848756951677911986860889119801287850405854708405725385018580229197009456012218726181001241099693999744205319435106720824236372656114529236787542208841231465887965668085264166088730809834070368967164294224963515602602686991306804197748495739473220977513453074834526083715140539706424418756374223731891340015562879438685436891485981061640734283332421885228818584306825096910473442021181003809076906907114326188016964032841449141030349630105662700017189650432,0,-1554316819519966719871270743977031046386312654699401075634450625937897206904509102165416526628577278210915544920807126855928147559423864178644569844840288162593552582234356973843042922397940433371956579798035697990654452886258307042266969262156559970326184559753053683221650568857334318505187006890907540399659294128928573850122412464701766649194121998130383867660859049370560928196881725149294006108160,0,1125395620158109828223955344753072212275533950877289981399360958822388477192281152512014427842932998045490362818035289671909809275776997423581595734956236826041742202645431626585558923207541582492795010429562862345551354029222153761183468085985941494822482249273462808107944955535095496603243621584281856520764645265127085564683066707602967625728,0,-308996409189233302748912224469926970500288560064394756259582271665224020030209118181638844140813523061326519953275710258337309533799589335071561762755074242768148455329104803296826189721966613804527535790696592801590439758327147369171662400821690582770470190555220094043523802470312574976,0,187799113222463830734707641991886519766746578082201992857349402067937780389555629968789030982834989937361060951303868267525950078387163233267428687115814320435188028733531706279511269113991630094523264808766953777407234897034084352,0,-170508074594628220431254318568391313491457474915793744886028411634982487485242449524735937126568587543233522328876607752509570755250119709795707904381226802006290264993300480,0,71535583188316818216737552597467105054656856424152001549624627474000021532794783225812774212262437934629025782693888,0,-13682285341776022012406395210418743208939436168757471346688,0,1 # helix_v1 r=0
24226012950929066385952680479695844781756536672956592026212147529067467900864457520145292782333918172844746519961554472033541878729838249349292912387714777017283662146591720420255097421434992727593917224810875509300156434646114212366435546898612888538361875790397531650953653528795090223206099720641976772843441726731051388386061072410337716155096439216331817575121945576157220828407936801772010442050236459007673013667385275205173151227291173182654954595734676832249798730662493507972052031385004588964114814028533943835284693518006403542604678111776969250765510848884835468005105339886344940544267001574112135703066837697791667449534771782256710421773795210422190575017774045720222008364993307,0,-21239923409911632444070906027404683897891793491914447098814635100868457837402077934520851197159292446245674143374256373635599348911592166760098797364425207266284624046442526582356497294952080568151264010405844774438500472228754259826883210477476688354288880479445391420306559645382190377893747953510801966155717732655017238555711675213219258814000717190812263962600924760234469657504139465761120154345372309771735520639144139958897838700542188234934055234946735530623219990290184275219404929609348178424779899742588589356791002780464773092858207878277711455858115845250427929120240415358401841115479714781193749354363492854826269285293584,0,8890454154849659126170062153369772460303559223909278664479947092934877427645775232950849237232434212671793425874195134385313465238767244485363050980555163808303747901656285295158740274809526432418226996146077271769846865600395354490472039897756494381020499519264850985337664739246267952305109865851674387823850422639689578780752431580205762153181154544734039722835857264932610646557280950407218196937989104336220520238580215085447105936733180013617487942501907690859335634511712486441992317568144933393146157338360960803606534474655236409657826645723708067428335338013383563900595,0,-2372329749075946161012491001157402006141869886880286192886067665995700829359926770013868776060067778762080507794366847390225822997105230508154421958115558449208216152255106422898049424951176479168594729427321140143103313562143535225410256984473052743484862232221042311876399561543265778262423999982117537987695372649131882406818638520857631435676508228460417929305077993953513438814418658836766661581023612407162827386960370278593276381668786723198279109742862882650324909076958070249549889545029234172999144003604450459704,0,487104453473485242544485499581126381452975695536521771488864702519778932459673450199130719563434716305788161432496774918616443536591427828849247100153087888555476093964730682276560956621274399012926627682237752943836590947052041753018711372842177207195033793586916372190249781124567860180101686672322745246451476771716939698532355180373103771283638847972247310297760147904300259927944819779829078586252720639244471918395180590997985189182071302750059947520327228848,0,-86881671944029734278444079142159407885747942570578709185435949929065148022535946488143623678484291039408128718495362464920637169526570407946470274942320022926492734009611382572138899001112974924130855059355005256043423072316219353540093590211831262889848965686641829029363506574861067005381302211619098718186813037863184053015295237947304023189570532240371554080386679195638695074213594385095665458150257826,0,13686215850531661473139888591413252732404221779020261143834164493607912459304035970050380157439688572284506218701165909205136744765637783444573448528377368987727992484624806240283027741895450611699540502913332169683669912395704260125063500421207343642216509816038478708415096456136727980620661400606476487401171171633952161794224330985817809566852772,0,-1717739895294249259802589041774641783107377662722005890138525538911063741299895212770479165010741068526107759930163149917698725143007811620463091865968229315565760720084524740255088430926625320557922138355837157051432211481755258249907474749019683554157155211056602727867852017080437745229756,0,160182012250249319426374020136857726791983918245348070056979341468716593985961064201161821594892822630730615961274006616938771200380929477492613076786395409094191200312776860368368119455623517085053189171715094075730751637388025331900,0,-11817988270413497433899027727291397739557197896421803707975890172808135374632064284433357943616396223236696734088960725212839955029768979416874607991639859512053618160440370168,0,966106534622618518067095453177164543874390328800577451248022777512368895666344847269954986314785220632980606098485230,0,-50606086820719745821671544727835815850200264386893457402962,0,1 # helix_v1 r=0
3224319923147650929,0,4399776175703248800,0,-2699735840191066509,0,-3758231812865204910,0,2854539381550764870,0,-817899616632241176,0,183230630142108325,0,-20019007740141486,0,1738306279585392,0,-120451395956,0,90482319,0,-2898,0,1 # helix_v1 r=0
37092787227257476014238662109677683967553241571547982652168311187668230557153728997282167350606163957141999837295962742530687176448345024641289908268473053036374597985041168817880682683130484695840284354895890997955796692927840418734413187094999884335853963867172283906270667169613578499294752867153756798001293489946672998438253801627219188445335692131565137559030489686644828626949015244191472889188831856644795336233323517355224424712281728515624435633010910659731401634405370437266629165037374372121749912966266274580022071392971,0,-995783320594091102337636794555696810237005947242501445005662473937752564385224318892020667178963688963488019772538177095371642504696655460010571583812223948816221706082817555845181575327355215550658880761498390298723523608571008401596864643528517693771507518768866306838409074444414481172642574374977990552177777496847309102371993887125033340384992698798096798999260846776236860649223665467823250131064201059494055103958720676370122168012746210493429207050771214842157914125217778224055650,0,11119234172973032450295693881747219545457893051997460990640238702586984935992998157140807157381807877182547247791254117866815372256502869372193944670626789443365709871283816223458429945282433612317791312702195544705200107333350642897031402388477190469518339441002425817621016109473318018198977718382532021908651992591682725082775752114597097177423740399631743882153033095011903308257567263143127075447422228488329436833996669551711294195425337793,0,-68319269690946228657375928245530870028320288377053922184055325962799749615634968837686128439911449719951169197481326262866736186161100842773160372968066328824777486703255836390015285403390452986556579526781130951038183410653291947592855224306580978158649945147892909632198320977025553251897932890308281905024750540543372677524270968643219784460922185845951269011163398818668632390062038417817027053724,0,329062566987637267499095277472209161615553535631536666707655201785534024039246936543527100877478285708772425967269529644963049595907569085683684951149109155883454315460084598209438625141273746992380139632996134911568977324293281583936474037960766089047171827814230587912640312130548226302153501175111850979450014091386756237533494992765220036730415353153858,0,-2423812909753309178364691075873355786199031454537421925737148455441713660879128205882349037099924367842649160960471391933005538595068300525653024103938129029502413905722041495184991366120824863129302189277111499290895209564225968446418124048024760372746829364615158834985528172794418844069446817504837639179291172,0,20869431982043003519605041067390738461008756551009843068872619458690217586158737932014363836954020954798448052247977688573662885661436473565355738549165526706860842654534964116012713245502663132642963857162719030369436671873889052399058538502488365568804959477596334648,0,-128076869716465832114268059936321024284915357900227950020558312801524132224857319946227728963201402472870567603998013638000125343172196614415137059263173179750532967752417045163878032346552564319995126466687323126413772128122,0,516804232786464728791490181968469284693084226909667107390477791182546041528109711316774208407591616893062473035177965601180954138131971885934456863566474981883711797971975798194813,0,-1368145244100091636879669405763189324804476858614694364613869365923361923254785547647891779876218929936897722983992193831274451927136028,0,2311790255428504334412443695655600106291544203465510333315192870380528507391787217307547065,0,-2277243548250759858670773099525200423218744404,0,1 # helix_v1 r=0
167050860941473365847818690707628555775881236836086397239113232305852862377320774228854860893177010142957285933072260312222042768300592716243638244034994517509823763890346043440501867291321548231983502690103650744767347769316076497877835953674657910368617304951191979650013298302060194708153786115650137567483776511787989824652141278561467909926254356137413877488677579371198689496135417579337932832313364014839460104845635572533364603068493829112555793216547404654971074471513702142456511161345689975076775649723610326396239091279147904091213369660949247598287489685328916861534388221853965624387099762961601662809077149502357087726373959231339910096770259528884989117048749,0,-771225699709315780747829554924784530953778761009924074562290271299653016415833994617593960352343501255477928123846622865434257543237268577780249948136264914602220643311241409889696696804568250860120892798537070237977091957509912799317670131137870312654971904021226066930999573694756790188727301223453162563064038693916981529245624984966864135919826590124272710182580107010863211228026946961032565720190049959610208107445176255280957370696923020776585158163466620675099828023491165958526934571745606000744400203385733015406357721990069589359870522487001801303002047986644745280157763381590964609299502471719073134301106,0,-33005497990760951880864801685319571601468991586713789200412701022804818176989863195072548072850806990466522159092789582540057480197651408396040925485556405522123925478452205733093915081475093444081583985832545298089422835240392457701380340843256009837153919710913001449582286395520443154062220300799351589503418761997243450648901979938417315478043119278116011373710128461751322810209238092912072303542795631020927457688015026204263952828743609482418758907972518183398822829935920499038774571096095815498437304346497171410254614501960224782102288912445071961738546,0,-412502835255633829033853641178832137963224285667619988892884508110519494032306935726381133088416309853120668122100174212690291874569584769950136918738175447107340856355220980081573877421576086558582730177571648832477792954251824336252403973436334872467128839011906634868837437267238276629152573453066776735419439888763959390800346223825111808376742433572916406398405199673848307262300503202226067389035313973033966982316490762915225125661390763326751394493733516158666538883969076552229923431409242609819818,0,-2575299945023888103732186206281650890977164565566920693962866491463805690487464576197190643459218233692173072094833134383982332180157029980955158797398870990594479849745550657227290063159555001328260644306932942806211978541355523863572618638945695099828164722643156148155291939025613819867432537643879835374622173037174457798042450033752001307302452496086296888694399218225144457619885322530738984672873176316641967404285777339239094789959754001488997,0,62532470096697293232334014044956781291254399459913213993486700553413733981696438011813508555803655389349332787485877718776608169796126050755217784246916687540028405274540392208693295181281508173154686935652622044247440437840207241840716977132577246410879966105756084704275327655408103467372032149616211426410289411175872296946547180283546789911591659381756196195220703897267911461775503330857570,0,1131784471562816825863793920312274679017322790290989222336085473715273489354774856316252518260892812184221703493977032463791320033667559818994498467834050520977067675116508556339773330056537872252822473073501770461483815496098686973735998134799068600647349530248394307608406120764101949449238812864587982479818386418983317945498863965352563,0,6156629460484991818477750874588587823022791683160120788571979499060150187214776136749216876820705612060645311999488174784529368438457031234141131006035825865162775620252638270328209621142525249111930447065685252418420080117135539960522382396156792210312193167758961487495671865906914,0,11094543729077123842309038156025682793131206874978531575964691904484718181539241655445748399642152376531870192127684640139953093027969915190696937724302433815779208778086429969066045392988499085468521145436491734347425345114710,0,-123139060086924556587224358192177404511631174465496972042350504710818116449604114463981252319579512365070060130855898973754028218656679216775730379179802381070580322558,0,12856298938238962499401198769532014536811409267482806969526503599817709701062405127177073818072116850090973538477,0,275365212773206725407070788231159642161102732378228731834,0,1 # helix_v1 r=0
373439887496769922712734145435888358549608197797404671954599714814730280828132661067422181173072633084541421897460519102332578034978603359017168429638967994400407086823243832200354083395478887173660540784888603736741241784261176297497227397728056677864591889387633945003341115256824725090557805729561247386738253491827007309707768129748264634040354136691404818057191166665337455878783262797641279015659307707057954456286120339514608128818185211245663148963835165430143411950456369271654702898942921273027019444265681911889632100411988543323731326688674602065808033170877210883084475209238411,0,-192114604006772322636127217376326805247871713264381522533497941508872608412850853536308923984836354232903595880926892545867772909464171669980181946887936864336014686325708198719959904347138680755330054331432097447295796647042399483119741262124915195660383639066707301014432521399685198149437295593545578409407211825249624892625818988560617917790650299264233842541008562513703557047972883737603769250793612506459743015179694292201641443245894504333190722982866860115458850189240840850564473307381588850557248579849375623782465576735668897347686,0,47486707403456972571569512277830372469399219095540602191666158895101473560028753460403515005288717916387704254313190066954393393792243641991569928345487429739352406883102741680150578389593588389088199406534868409040820166154602621206879635643559334979595066230970713473708835973127645542686416154072393647841850270590787167944282095254814668223156746558750464706050375179942205241230330493159154838672190377177856723866289602282639986267246109399413293389640927657056396047739024360981197603084,0,-7452564444854762327537847767723683103046278842436871366570099704778077859151734871509010235877179438656092158413011838136474260630257669987622225057877632716717161286779456072905944145686311020943831020182067345716745264138525691778542595937107294912341931303008875895169209195638555217329899606098926391803428815839991768065914603913593624464649634260270878746652606120066368504392275587307489037028182584971349118831625081113324092341683983324,0,840000942683186608984840754057505047169777913924733203090954742684369828455512932013494679008853682964040852499403103009254338534531393068773822573934056222415670718237016665786926410307845673942175981946559911921226594436364551571263324379830218690870071072724408701304314268330170268347167462876658935412267734992751986930369377153031354533500732952452924462650399204753409201760951605668561059,0,-73610170143580580092786842263068095006451750223222456145887569304762409353070564122340975165114714252817576425186332591431352192451424918297783321627383806850751519160944954937719160113936772661358285774521359205591055233428196600755381719876767365391652393066258965646743474623640813893450962127239498773483855562939316714541224968412499969199554,0,5240390376285209858553621197981498680518015547796500283780884740072224733082006232074081773994563813253212584066761536697893147225440490560520434263625984452003755586335571439061617824119387033536821894540211752377201081926854782166750758311415064456968818616232883046290109969901494249203324966835,0,-303034114983995006944643505598950297734422110477340879410804884436843133244082251737833000428987521666758678749246928383837039509974959439267639031376877225199577484637775253119506422387044437292961491845176570918999024277243496348677945399138148862,0,13716881944056656802309854119712457683217266664385278504467374974576289844925785962104416265745262807362834043463252157532555260753748073021948786650549926698877562401442668959208233812998620028284654,0,-459345227625319608794361384303106265697008851311382895736941329532387252541287142263185146244842854914258742189671881613956060678662888257109712478598,0,10588864832777188704462093025741991881530114729629924289401375966450216209211398579793132898726250755,0,-150023950200447157641620876995471526012749231435638,0,1 # helix_v1 r=0
4273014100562420710655132250131079169288243329893647540976169041887981954476299908400837467006494227546265124161902851587592862768978904852792290125097388138579409006425121494748208900028729683186061073637773849875734348132920598870999485640322702403688005752173729451452942915140631238450181295507001472697351984833126616462839195970320260946159871937238202577761749733089078092932918316691861557216333895816149827877794364892482904795259685318383004791891136762402196964089718746724623276099643171358613955336637142437,0,311909884750276461476790513619062770415396223988166428783279849134760718630743852619285499334605235775882809122313311495295947374546142966719769956961992409955454591869737452518498090193309031672173937410122065343257485648535319210647300308533308884237244246939014514881389922175898142750406289184600382026436774982872861800786857109031770329895183657375800269009044422711644734024447355672422682856873297883292615302228189915619332630814778178431516265749878131300663513092640,0,1593697524488033425798930457321794230692345184731449132415336648568867865081842631222157476729134292356493486885607915670702840693277929379398124649148202714901093948365047309870764353243345948789057211754826321829211224307346645701946267395930602828373555443100880176675067931542752172362195933904007647414669832547992136292472294899240037402525926675155609188639525423979373715185137931406076591705272158318087892522796962388702281889,0,519812189936029618731911259769313566306007985457683831494295508893168156366743566827255342209790492954320875212962970924331599687889065887868161913341777917483905867724535198195284800151106604699081827203916164662965737622127050240482572796588744379465125661950613560281574319982317587873717942441271818908925109722697369894593646277705313738403943345835348485262601314078976758938618397024476,0,75153764386053131416973354589141840906284848281223592978382203071300337350909426097906869194021513624093930223886961567479299416773206510306392949025772538267752989509314234616012705776382897292331935022255325375440747242783336822794725439349563699821781136682502923151120070277498100091270844774825897553514242360829186422494827208091112366587039776,0,6343715851899199356473381328628342219774456915004416216561507512837090089571924434833389768596165452208922422979787693395214965223591865222340126811211119148857278595619570699513576623749971672469676107487652639228121264886922884928023128922802289433736493994360400903297432235641582360760174135367314671832,0,346600219342817547857117857245965327053432594405905369001646554965324289606399024644629604571138978808077827090948540289680734412396889899756549016988383823105565662111308213583891083703861046675780370946093248820338802898014302463610200506889230719317049922916190,0,12798140997392766818098586098113924185002838423509024059827875897363653449823247461922889178155223448799200044518811373101889570296432949283969465464448802944934688429176160330366532424229636453868845894281541522197284544,0,322679680858372311660401205057403192780470899114732310133345655296605344104870016272203173236971778924537961757944069693526938686858815578700871310011792132810912070864448096195,0,5464453624009907790869032048608120629717424448631267088342413549882754469803475188223999845314669079912878049575828846244436362243630,0,59183661069626175889846207873627488352874929401674799400038091670353437718639641494421621,0,368291893058674380103056274828821178187817498,0,1 # helix_v1 r=0
90569641005200755911873508388899399337438074953046282152261968720705097496096771018708859896679996175507211887867984720431494575829459310721231478537540699245778052189026140081514052327427632753982163692837391910792619240857120043535235381902413719982506745192065460860581097537724539128314796839916161972113870021320980912589304701523969526895531632004122082163506027092254734438486741322689847545078208982504998328260017058563813294463164007032989941638382050663587328023142031245599026433141746613501737484996041418714033495708159097069052548094552133,0,45772758127086966784304225054789901394207790950339885286518077289988308630963394348016525259973767959683202556735817105589048643491255833571834559806702426597823346707517583052168272391569648517664702841766232134107599999036645034319815624460132268785568225525312444570575184301484973370866946444269712142541103506678762301946321009952885987529351973395639643868388893000124301633374195553202732173570342902410706671884951647064866917034536276671149634668164563753822406762012488496224827553629666658372452174,0,9607969828918835188419397157714753696298326801508647929658348343064469131395498189572946294213450436785638055926192438940053784826797360332186550087618322806323544616859169801432947207970028026127445222957578794544598036523773902477244729588009123418406557248944427178456186069558999453615149792729910415535856729570224902049230078295613687916190436538029029524701688161893340657269350532713958391245346131010238302817692020719874813006648529606081889713707316825,0,1259101139253460414008335034481851337237496727888419512273330621306731770134119272416751679150134087206757982510948032227205336020616865784774906008326209347609247959446699997355865777556234578585528275773661787555641613949424854980568674114809987883985171429216371255804615392966034961797747382328675419850789393598224390606183027170986870689396236195266705877168652107118334851859978941631611978815843242043425967162,0,159855815313285265874985005612231574343381524357656053370938637277306177617066956430955281846510551097366945608582227400896842018810003787296489647975032057329021880477924289472040794327404807845237300682485738379955071927912379831166435492911096777202271985168044172411843369962040492454243975951581234556372401952850638879251292501433207083918571443373521770557808799906,0,21735418361428227383960903993075063073572864331894646723899310817833197941546867817229475291222016729823987405159694538728576986234850728086398944603468134531750795921725996228747326863930441264575906376492580175642189614552978143199282547404487099357744223570104527432911271834124259858950090794932459221775277503623874343080,0,2337642937999257722907442066384499863379588113824044637411212635503317198496444820265667816383922540155183413850898720304799581078021883009026103063560455752971606172631991115638906038697198277709663318335981860686947188041476693545071984666290043265913577595223091501745181277358,0,174077120503055150615186432362847379727432456758267793386209003538643478144597819798050601739935308824992801535157278703009328440494994266812271033921994363688984679396559260691467556049777747986480574681174780279207796454885649701842,0,9083962858241569735551193914058817119418419341995307333116263127934155405681639548572656944704940680000411128817942667120334697322140629482053315805573568413249076816251230200264504087581,0,339668532432040577105111480417348654363864438553139654199426346311301702736159578055269926060059930301133177571798752494641715955328367858066,0,8801608587786992436617113516578415296340723881251851305815391722151093675801917542819539832753,0,139690717361841191207344149502536913152195141082,0,1 # helix_v1 r=0
797308444729940225654801664771143213357244254279726640367691286426074300046268117659938519062038950623164277874238276024608826098958927643629818028536266723277026257627782503377224049851565133093306847804613498529812163999420609586784808407787667213070802691566500026036711559089747997193963279087790844443711280972871177340817578277517930224435405009472244319692460460099746718754635397730400582942238359202596004390282893637350376299103846336387646858824622498350409745375933597425129832830013535159317026600102323416205546236819699592776349411247940336588380464207413074314621985740510192147016089233221467949129342366406356887611369019623041603922352690881992198445075346775748999553630663518960998857035613257885600901420327103888763102366454599951,0,18574384535833555972428655986175008547117228768690741661599688874660337991838036603303309946830390939428795741285979739030740610938814621365538982165313951391562254681203647771332711899998831131507809349123039139634233296386990890300423294645460084624978138894938496755890371603532247238377501664737053341992389674031875746030839316467019151112782237988134661659507592959047006127383265401321802562828851905805297311655610559933733029857252188651607293385476158209663598133649931035860492034328440999773835766816412204513316914930120235830846768096974141410119065139119265176605817615317704283855664905497509444630994519286108554526290493689939576912257669470367070239945352288476655551790546,0,191216510607298386845239755177334148027980868634964858114637723077421853908754411727805541703268087990786971269696985396452507844875939487203080829020610442461848740085401085894022127123613324225912720545317300647542600000087572703130882864288442762383032468467369258414859459086447534017613134578110943627218673350043950646415225772416823715128181222044269818511626587323926103097153248420454527403509818871690427909815204881953196378151937687132251855111908395628628373276776902951607346317678087873035713991386067270295631541245633195294410422171069488305029987995301727288960278277570881768278533626115416552992649250297022411,0,1163998522739596368162777332383047328627384839917128210321335044167659909903264012583163783318971057256378394383158111127284829229637394227417423134115590343020092516701316709076556324014824599667665968360448346888533965256913785956304166071971604374628553242332346954904176112702717091678755051642297104977763099225317626411147077858703663361408927138448486462207341968862977781683979909154948747514644706096317429451159669636086013096966972459460827813892652199339930138491257285580829694509891133240662168403125598898623623928570218536414390811569480363594568331080,0,4756695270938226883198739059064647531852130721199795488118467608090426793380869192231954488183668289928637896154233650065153231612293331268170060561453339306921232239860419383972856085604410490859472759653973960221331105806192412431006906548113120191666057208949595539207874018080160118723007015303216618701308147856561072881394508217680502031851277778803310903969209711375969831550627197529798152164811220121201017886356162168044333040587291444855980986750558589366342514265041191877561661766218334838404,0,14026696811923396820878997272399465592147969434216751894750055335003451682916722257647391191348158185642307885496807610491569924472041418997375893437396764712069732150336979328956478806697674760823159422259322802497662274129505448489463657902985018488375967081035907744879256728278349223497272356832290502854933661610712510787141582308323786685070183689778442340979407936648055617257937261164162389329131234979455567587236381614780540333210586,0,30848222360818423634624224527778849517960881037007691134038957971877907754423946877791501349931681832669429665050165373782986822841753209282021919321422075034120894669697413536778120870297554407785769073285533095024709830075800196709075573061811992139367125994857451526908860759123901370070463225412456445355193399225373855132791476847862252591481402464090382483876259498235762530,0,50358678520492109696700445439919829933765026741981456820094901632538959518731329934682900005666873446432615063735802342884571743357457196638492556693182201334006818052472367848832646640815716719297395120824071774717598673858160129269743562824168491459645973672849812995951387595907352195130281693958467845959830812222,0,59094340324785999377778096003856109177080970462103095994481998171762135037121786434139515157983510105162211871158459561521649685760016727485202191693668488993616831744287744936053528891146840542912619963309671339777433839393666950633764168525995781148157,0,47507432447616859115611831333142661475650221617581833068153240975319839759732054682542151316589072287812181644169692343892816066685293560864864224763413766094395423987699563713517196991679352,0,24531711004347656075388828900053641390342840005579291100350389817598453618204760790364131064718689627134151631466534844431506229,0,7345281786025649549378350651859323256689756894530343713966020064,0,1 # helix_v1 r=0
329534292555384272512194036175368428668039682478926137283516288170603690416128694631734558029884384393558754916405122690300523070694824724596198996855624162812620387675273674243113804772881669452925820528342291037728906036862109165164404783346360204564290800305151398243828275904328857273192855185168126576481280875805048685980976785024495563485529398954653441219793391973127821008393506892490746832765659796343289492658278001117628515036854352339225923074918078862605059222071151754026663700418606223762083532508792413647965382380542276395918592991326019378246658636519882680402264059971113109034076193236437927977194592740566372145503762903029655838101,0,-1355495521977113827303969194099546558737855168531445994884557037110997167588393321996047018656967000120443567535967483406697584803795971300582786870262053438622584129409236318230204452503577905157999041055818670129956231368122900628775201914529632259879299834813614805315099130327302535313170469276153159653782693742113480143586459838841055971853235518958196800553208636030084333415801562971136828138265572481543765553098728716806236075895113216471904443719409719136705545007762082271339106830616218679767686078174000759031456352022965793277117893133704077503991526708958742649112004581029026667581640,0,2576188881736046254527671249349915724941008906581978661456855476973534512035072677325155971331142569250895217576742333320530132650157850264647381463207281135581118704780475142581981349534892106139878288502562705206276652381523240478806943914202801522870614204688311952793214726717433913771602865947419511027789790185039905549413201385118003594236165808563012198599962623252126391676141226834353135128831300473507804162847372355488713425152958860281682681335351524492705669285359260426851223350688458802922014018336907418901025564777372935923744948,0,-2983855166573465290723636592145190412967743543108896621009257499599794037471040887398001873340892473832025342688302900029071757905723725480330499070654143747753817678857815837274694324971963855385281804100941869790649825710604796299133426572800003533153228580363084587302693931468262687887596049393025328331024316226391604786719129912737367691942297104345736987551607712687044906542606823009083168768292183764364863929668790349403112647049991332245873366698773192439339804074766345887992994322,0,2340558461128099568268144447652694916719173441156473497089912101522510281467478222195300483173341473462832513083789551159339173746711076361076807952435055635133672303812034154992644292774092271703516010517719771846208326176715435522135143227131929597550080739644716916554575091444385796231986021845570649060651498207261436122553608032995981179351643640827426092734558097549717365331966747688563251888878781062665834878494494175568300837995,0,-1307366766451940371506372340552465182185583822614749252412839732674811193312653336235198233861293975647158345711223937211588506590684950497448528635283672428959804032130229607756599203908801136006596427192914670790370662992627520107436687924455026953746301378966734627358695904405953632415489738637873692830833715084126214115033008919491052823665318766915265172647841308760273931345530,0,532348125503518369993654944433090002616336197906734962380082463650831854279091398851627108348873438221698106124116684874001504463995070138792747004661755130412584632699101560181340568251022305740216370600282697080921818263045039063593839136116907247143838838856070080819892720964540982150341865531436928344904706016613312327731378,0,-159015782581919706327249147356639958381571048467930113657374806111451346978939453393078177110276579035854623440777848099022890829303106572385082463172495560742584963494196063034244339325184076314723357150912894686813104862823414733010786969954248297203233823944622752305653092,0,34552410689908828498046221435380479411561590633396359521002892652864018519455312371887791560731086581624602261818106503846625042392204851333656312083184959356744202740774350895478837775525639145392126231353442472672985028,0,-5324418906457673005397076821916361890375354193234657500424915041115095427787062302718550286003731582559129157217816357716113903419953267663816527129654450459175493322,0,552491450421206525011846723855710530669411561925994295468296588095068264473040406891883162531266573613414795116,0,-34702106783000005412633771772832991226433329549382716180,0,1 # helix_v1 r=0
28111323091400033393567711935708022733659548374597839687001682974843081726597710761539882786752688685923429963537535923460979254512771265594993220377728797319279085351673631790371518246384587676012910349002259698888449556571377586917311062883404552358133739568758277100710451737246856829240336491956610430228018988652523278996481424008079830998704876241584762795170859871128386548812515793002546867695942808736689827884455702022489930575391324661577172077425905735651027841795881214901150011529470025485304239941289670036651145600401985524268557057541511,0,-26428605427844726679211838854011076278681280231846844927471134496514576574904459137579791768756202363343331250020720201146412633308827789835396986011207299594799306487725033783244849158433280128590024973509985693564802967282553506092626862198936972251229821791826907586224584001281088430911901539202841337929858187693542128105433489140800469392442622492588436813654500421470020464913174540982625994778837384103591812581717703898632913407835709452490733882423971018037524968576645898355673236679819477305417974,0,11219595182143069013453570943751830599254293491795636448648980895691695035536009694859279080252984882274603400978247944827747521289799235438832408346098056726767431733513099132671563747479665400559128736204553932888489172988295843966542256142376695596375912285983015490783691096384089788301241707821409414677588319861230177871858206287452772145245002463258182068061925376523106664449284709080682122316638318065409357026780258726655965898978835545275466657752738698,0,-2851578530977115508035387751090289625811395213003200118588738507699574527779574652468787497295599008503395354258937879902939226527413147999362396073563743274357549093277834443120423197076861609688498175199100994968566438933339133368532107841910016585543102938274924845724794596302854412204309179331430243531210435239776826678475196807761583397669406443091590807770252600519161806115738889845075594526292700772714943104,0,484581587072672905707504215142001268687463893466684264433943318843085918037822738470942837040218579788150514277091360778087959209565450741582001092897629949758421661596382130262084942425354304161243176784710353534988917617234168934715759574072840850917933220867309743238785815471730018144541365502424620497237667336114391138198489214453494974372001214904621694618318912123,0,-58157738827961989477156425182708159707838167182759620468631472505471196661596839443437576803785656024464340727445441241981027604067040589438291209133659901846943555971137630689176536223530573487317097173146054721573794861713058611929495808008978007961668737014559603117840602549743461932218736974112507986598232916399784464890,0,5067791663959934711198318619169568349596482129389040857081630030478259100011803771825987431836961495882177052840319956063667225291588081305893958372823378696225768340445028887540491225950892984469436601916300262062377827594548499019640463041805494949566255075180214673235339072944,0,-323875121250425582787919429239534410174464922356032540214477884056988216814264718409206849267310214920983693685677013042582528472520695499745909947163594177619811454318177778247331123806875083228131001412346226782966663717931129859782,0,15103577071788314040695026970994111224142325973848773358840244284262924812857393181412671320540648953541338982925363346003581036410872853446288072490780240859354317502147514144679465069207,0,-502450727465349217749722246819392472159371727333289613302955053523173219586341242763529011152826324841165322935635984787022884679599308365202,0,11345732669810204194090666520652322059565244293045358394691089522962439028992416700334382294343,0,-156516194050484213732607877443293801974003649298,0,1 # helix_v1 r=0
377904666701260075410176174180282051702796727477371303583283414960128906821864651021655714571768736187237915157418399802905619559518701078524584893326232752641461612846899769903297717416681884249897490242396749847905344376560045647881496651651177222292897808163614121960301950466259264766683343620763166746614142019002543330525729350970298432772102393647603811679228069706944601037400517061587657517493055890114523068306239764368306313986298434542203928535857891658864204678548341672312423617522994166057126870637136563815878179207866970916445326959209083217484652180995476445145853021959757586240140319,0,-13362293490769729845981661360443582909619086604223799477690062563797056652104602768627620062587130426789848302026197148033350594173343257797625212431015817792661836973576111030836930053030211484466173382829023947346829036774715079519235725527980929672369292151132897543840505099353493977268698724663961306072107326129668277021849631837439748774163252801143392919364097600778339739743708590741880874213910863981551732231737162244492051597458593596633213216491955148853921123512407056595380600627038974439984044838414144161701315530705358076146381809663644,0,93245911960522255183601228312507219413198560626856750856271637203725018268486381124084392292073998139541682007392286355758166929390999433684890808579524573341022415301950681011980634818636907134926360354351673435587114649979316751559629476684987924931194761287485698732223035449380967446097828197533843337179290285686527631009671280695267212094318438126142937232581611511169553127882472376656084389172502692385259620662013799495618242659095635877017225301753788703745445847478891921220786503951918088022,0,1671419068521558320981382255595814184618670131234754062169762123455223232211969038927820736210611287346649492867220019826263192256769962958201855255692457104717883908850915710964918354366408104455796272351329356910155615882586209806012140867119140935652031683350311477475609010593609955368494953532727956082014351583987310825987442293252424395780901379141739310330187694216312043770075084940133072130919976298072926939574238631617714646931764275953081204,0,-13186450443945133058889901919853012584655243096498068858028444760179469743024785916602819199425639717297004763915545720200168539186615080865591356900929593832023363595098955868137407493523919346015942662595076344473275330987979183244407338440630773019100072375717391030128016848093039952123490167473334077726114401761476100614493202504293997206553501475761020747934462323943094360750989979489881571199866,0,-523064762260157200745158509948554085151945169135062146039437841583140301276912611129022358565857679102444849032391816800651231761529737971990052847143677017681328439950458730898244050458662401222762532313003667719633252858753991197074149459404874344147579587867304267100989909945762994148916063144926987423446018151325869358597395598245637230937916409124,0,11333768401738586202238791266873987451721716293229032454638283484601576481999259802796287725428666042843157596768034660976916855532241137889846029695321721579603398603628846200155332764649996581288751105322535670099029423970052204748030877320695878128528986134016060471668397991022992253053755187512884783,0,-105106086521951799479992759918547102234844456086693291655787921889111333984554946916959038540456843419252364163625095849819343771169059372483345642838659771841682955221103731390210720495177386905581565191999706428032713551981423985143896294625635367536986,0,552200278672495859609532363561151983407800521570761915024233153493059263847990638925516964655201363672249379780065701894191962401106590801849379285070961742693672502028412744754656496900488152568665533482,0,-1721660169962953791615736677326943798620933449189320046146632638990259290354839818958012649190911576245052428436712621178557466170025230288278261786797660,0,3074496411603928386164585628635051964198528814125302999261275348714875009066389841976011215486986187184,0,-2802598677191171925656273738082659584621050234865608,0,1 # helix_v1 r=0
1685868986637386466788638705951068508105356812534369768778996928707919146069508466631637211085372722752735089523056909235468573632874214450683942369481690722217366578703449968549683108873552585788509977250406906069411225273387096765191260710976237921077987009250309648381023708512819427165117153651052576654319375021204483249615010924876860154458024462927,0,-76962028695989490376911962561827270559933956691978858701779874828481503105589709515696407910805451493863208916114378119217263492471099473051870582732267354737377055944991465691008426482347482147728867681424275328049306871118300822789634499543316251017501413726636032207008577998669541207802506519097942225717991076352667339842,0,1567086600222364796934379194063395005271162734306998244835534621727885116195179874567161315259153852880586716736357082634486346773622678240819620747988405285071630021983648434995424998714960488500271359471432522672426036716982277950229074506329523223058144177348922991481970137124645642753264414315,0,-18783995641977857706618925445484040858221378005897414293703664446663729377831051012824147085538929166337181133043872531058389800019445478407689453160933607724221335450772613676236288862047517012113993505237667438733826239924256538822893861340522199466838820315201688270,0,147227192826071453083978659784677683993349065192967550150334761590856145027790799016794323847324455808334568774866203239874202053878331720053145675497122366686818169025694539553045622012144467213970130486442754469337178734318267756543082101,0,-791587273219439522392755565920960985377489676034111596006039577629184549063063303477560328224691948603946685503096894125681740163974348834751135864465861857503702894621135216326892266099982068654554662544192176,0,2975707571556075430851196786755319530444828713896673340347520334020376625398935792775039238895343267473493790848245796087120763199487096342527246809303744799796518150610132662959370,0,-7820845143802530263532341741883461159073122757092471075289190653570036222460913325241543906824802806182495677809098008458996083888118513960616346309118,0,14151103988553121621841890145111680469454721728048341525431899565077645701728040422974625544096579758340871806228299265475,0,-17091792342842954902262018746807947854777990183113323676700910947757909896987217525330142134,0,13037570915550963354340734967148113590360985388813385258263514,0,-5560643868740720764256050451856,0,1 # helix_v1 r=0
40962890450861157689126764091059724453850135733182124188158816119359742591636421735538692550536616044105383271059402809115776906956441728191288707183027482362425826103373299877837454929127461790407458631815079155996455958342828487655034013059583362387565214571215586745154961040626683573357863519763339496786063609745191153860346449863537806018931245875722991959639360344937051300380824606164035090990670922936310403499918548887137231374504963270289747574769202080186887830759483260982626913966678287316650738890980401095542542664116847076720511259407542582641040316828467750931481239539016001779706349311231061628350750181575545883481401180862374808454607020483824662183886474358549782480009725753998678408084474249962617315292275152153354901,0,-5599443753122504139973586143468740975940689481482793139696615612169139532512784290804484863527112223722635869275428580664320067090907028631445223093477733892542066154446419946111964878185536372985607671650180258496466069107760829890955615894140639957709272508960726862767612676652712985716772339640634397160841802736844010084404095774568666894714305719484875389313215206327291910839086854102484156843755098895884834950876373380350955997602132093968464626855302704256281255490536961240332573745980145278454243134362176522061885912793276767797199882415732095923917692922445784206428928210568086921073149260606249565176573417553254006048729958135572179616909789965301382346928754651822,0,366032473774681342321394149972180815200958327625976707829794561002005228879039898975446823897056525057511523503545915693053796079421103432617729692303569151238844248846265136186695846690271124288869593240616794173924223093202243201079312637793749315562246828816800470377316490221732407321008572822495784070954624586054984040870675003939363703067484461304741359275077791121430322813392863215314527784105009329115206599572133937539580359331719373292084446491215061416264116337571056504312147001651867998334342706635160719019697108046072126751828434883989101110798516882500012178093525976208159585219301250607824004685061495,0,-14994517444295487303881003323657457130193368112957795714595011735207900885523181742641825770064688018259880529890195827540367735970133022066213220555511756024442607930252791831600809752595406597898994409879318223149468547516185686094135300511350490624778085874914575864221770745694004081614416922958127249644560738398623543869455455855900012221385973156002350591300450522442148533994535654417445579410451412843398365206801483227806535977728667548316591369264920045013180093628738662548277841275817099496974077598766268269079143203664190973991889858646503329496,0,426318868662921196551009760485940779808478303860781163686080051304033914207821130576061309197050297275998642550015523515955697019899676451970859867972128907680426987961891733004199651464396670853163758755526781810608649640958375633015542611309627235439487051051362129248767381777764945878612373731903896117437654244969408744266604806293302165324772487574122481932228485079071256690661199377974185993215020108877354994716201752634759401752657751433090806250519105923975775583686615430545683389904318,0,-8823990959756619587980469982799200225767588745318104784378097909512544137194868474385617411586474059866539506381419482445870892171994228223112027226707484298525823819837084209577443974302843236310264006084408299411264891939160032429153754475450657452315833653574987982409766200560233990993344384317632522030626376142333211219188320136245200221352461353136110514725642140742897032662419628428859653966930029572618715067260066003827934554,0,135833531393665349614236019927139517400112100602810251799092804528673248375040610332360387031068601602300471972260144440935403978077566169054281420186424338217404873927579872289685438965855243903436929360141306149596021412854703959034610049810197623138277518687786145604921783280084703793438622861077988797505936115930932599184830476869167251522600566423835845544012706927495,0,-1561649052122764694062574386398730282009068317844734419965424128154940570129344542611631114881723329872386227901587583288201008084679267865716160526453426913690269663232882149269547285342531204625663216309154085705973485526880330371342405238073916282847067967015715761654458041055797524824337044548743136965695128,0,13267061056797386901910935509669603123246337202792281404674235972441522408302656934621601360429696670570362570915514520887406457252286988058101310241787963302035058779675948970468933360474177705253882584444381161927734173228785363490801307597773243726,0,-81005567850886590617104642739847736530974534520579688417272344015293380954397813853422608416372622188212400356317592709999272756650534860475579375551732272901312128445351580870505080535918,0,336698929101025721759842749984561962518202228652445771893886915835370949830886360536654444080101818106341750494541122866300311,0,-854223193106519249215713842953465414426328228330816025874263396,0,1 # helix_v1 r=0
403993546058756963196203528123064741930932748986700799789031402186625270507739907013324005735986955040718551589422938864750165648023901096188368585339819952182988191737769185998021311387607696008829719760406217129027113878786929999492381430605630978155290469385420979603161524071492618005838908653552509279376261464995829520001310313623184004730679846289426370531074124111029074430808209005918066449423696910068780716007249658924216592022714937245793230123432501770977882587456679998817995751703449893484180915898666060306817685666612881215835535174609168063549568208608465087866059267695291555926831903860604768402494347046193523698218054972017588430135537851857151971395953604746093883418628337657614752599133334938858320382212611514249935965510199275170885606323538376347855625159156851450019527030406320916697516712638461656984803428738763,0,-35344292128539446227717886773375942511671826582442217943803450691882173547989650792399832685425097309391232067712165708165679630072342598746216814779403013597522297696041033469593561178009685562080200363893106417224157512116035667291712540943465878605933658328248148501743451733806163484777921826445535293785109382736500864424313535112928933106546317115353048438395504048360386384025340217049477006119576913326709657514013172791824758852383913209864977139894332458994779725406944110314312422890619313042705543084821284539403308016072306739574137511937100607045409980819407646166665639642682089754370092320574263663225796454282745410456325006552516060879859639293142328607192270078357261243831505782079083535840096863084031340028572406558322590083530456364178920059113301008,0,1852106512474423736198024998888199795062222910292197266815888601932355568609738483381905869601761617120853395947366882451527022803238147305073490991861223585658200656873782165164097384873895066271080743760219855236940605533491736226884550042380001597963571635849758927701264834480989483362704246528472797902821993813421478952866610716887347488440148776864675237286652396258784877316966024302972784703057892964930341477002170063477730453676134529736027202343271769504616980994353443639593244499954932392285863252654527758722313822343296294617054247633998826782444923120504431786205135445362126894875270245229301144168721699008835451793900973521735098425761122014786820806785895691179122743294210699805247,0,392750095039698918680193407691521081255820000232116807288301497452786885336623651356279446382049786092309599129541810635833072153035316926156052004838877416200284926535610958810791597425643099875028086326643385762464091108153110405947344846638704313577798267081980405288329520418342322425876693289444309298250912227836838050720527355689959802331113260180642239082390586149883791697304039375064928335650042142853346697344097828370638238875831968030374357490022977093045803166738523446049048884027426162389362811838923902771519522826235406873216745808027521399909734597619936656633128596860810598989351294588800260772042092656624818588,0,-25987489802599591122013575291901942697793001224335840225678893343413906958919969966881466621791961941046309074430875116443386143284552843928372978825857038129591078166000501665737838745930838984680567171615700772829145936363545078102840842345484136444779909316680185586528404019212299299858116037407286300052761906147097919539515259477692085811594225476862999053880837287745594713320780604221611500889596186851471721185309707621932101208334479069802775418758091047611174688172639520781534728351911540005515036585906252925374350061893349717075839197543280296335478,0,1210734770504005283536339140886743681112929548508387621219645940151294757993135700378584253522154544058778025750376118837352604933212060687137375615867340469712516078899353736676280008100095878833234945907285439391912108184455268358880513725161100300224299591265800839241818816423467109532324753014737047770457482480868761565885108677933018204041079459283460804927186145597194262796681371151111972572800305020567917388281370434525476136239902861108765655461366100310830447028703076878542051710,0,169175913740343842762247235063094050247083305755481997942028945370783655438802073337788123028658495690712988351736553375236427337882109508993488217474912055269741328380418684609675320644840731988907271700976231274866880306326255742735685536469126140808121149360703226638495510728443516272613329161113801107930951947247010419429604461561784277423449306862125900998547091167064060298623027498728197995598665802918923056539459,0,-7626433768437455289952648537338581189941377356985870573954494040705020170524765532776570810211725957383594881631494608243202144289582857106190707255581845975165670412951734183673580935648562624648213868806271250340716483965678057491678271059847329556400006453445849486917971897275892034539736944361717930856330546096224039816853705400497057365750571216,0,196921479598729688702674438837835191387017034074012279581463523656881768316098245209703072240286113909303576137090856062030012387440326829818002590060641349136249241355331248506771792886726562444255714124841298929096526952184736157234255529098740458473375724773832553767729743624572,0,38829000235661282051562199531118429460126958989611222066945423751834476617662021356832577374067789390017555427539966979685862347385675826995479831319818631954855878104500358659607173761798270779902826258995555048,0,-706885973089642198102393803140257588284366227958855769806235927429439708905733993111389068533114046963063925221329201512080698100867574293777,0,-33407098265097902122877039123180410847677877539617930162251090392838838,0,1 # helix_v1 r=0
222944790440020844899874504087198001003160176237463032763030519944040647750296828608656457493338027733631046562402867255607874635503623991160605471335134203711855183507892744717950862928529783815860220825813763949010347099818079555361218802287676409080968172048737927562754867206628287812808540485270179652846035433718930035134667142178365742739436548588689721821308026171655654419046908405506344040355173388788240019668820802394466188889789049905178132780603981734574358600425587562252441575887943407466653579666067059066473660694400794551180937044792436771907773850672351088139101919131830282906419611869180925882179132659924576859957972306387434409435669350939266115183023649079584420900871256536599999146832384191421651340986241125970566660945937123646281080291712366111647548147704890844254789029650665033728,0,51450137457012977811382629505885585603299918095334939188922716541937777299440900441219422959505155160718253479438597174445629610067792219191924891074507892646497999695123190418129939518849528430851278689833439054817155447649529815448500916948992417604766617268634608003973485826067439102909451142771380229611244430707648869671839067116194409287656042215435033511376717810768725956877631933405103594207772687207495575058873853298198737818913836511932431336392060880201792341602065393398604865459819696307107421555267055278311707578933421335305164671799507811835993702906664894791141842299804074023527472801043193901849396210467847958793429962976524102971095604889008557476843083962115761168724953904638215233844200226928825531330817460787223105536,0,5421942496040559464433593504833828018472597491915440975123619680932907204237737645458408966409748640868525911582355557166067093983167296159990018284186067638822917478048312495378794596479573030750065822687637692856151153821189560288923062856187552756558228911614578111424161113496212727472354946573796296932094558565275919850114007360420639625427573766938545596698961570455227822225713606743283379994482443097840856315421765570157270222259867298854734874303715447393865577103632330450144450646240360267359732084427915137333984200776475099098105123541592019313046584081353672947801773081967030664223882842521091311682322228354463860466955864070730582577941227821712698946746541056,0,346031665695204035197188163285904418885367241304980385822355784223023240218885878443092000797575308639889608197434322418736346092109531497267825112862831004844737792965900702899802824818748496214927674677847483809417530501810712577579025155005882809223498210010258232579114754518797700062570710305947532194776120940944865389854652195256422516712400286691222094901940137558744345327772618078268055305184441653335215001519684720749247828179140426810873388240147149323779113412581024531211717180361686146073262853566630010583552506662390461887461074313880416064246404488627717623467458093908963352395158423181251584,0,14940860093728866292481123292814827327208057410831372605884431668971116545648625842406901559776733919955335855276095605830269327698671709686162367419697628808720263416886538413691337541258668579086376630286565704521975252222326500532695019375526403286724943745715033043848984878064171070308800573848959220088101529667901287110981548419756386469187321087717625959879221768990542360202261486585263781291718474225447058799783796046810403710224122393004407466426645107896965049197916688977925626201982719946758147652021090580393224422057136324972032,0,461322391814569039477949252342979849368230903169871860321484068545243397029108231360036961596410174354915409414760117811673282359791116309587384668887313542792174891710278122670376695496189082162635987847576936252820473827053094516499824905959890775650760196310269799395001291904818350017500479270518787316767578511337943646502822303664857412478123088106120800450551718416505470650190587888405848327774303230565091658925011693427766559844591252800273892682628143642321408164096,0,10484193636608454939624781578813320904752646153691141061202042389503014691586939724191800871661217847070776575263574443873182146277612556743327691119126479284677448187915761215881774304508776405581360909009875254228927842357684654894192987292008721598362013406779863746845892289072474700655726132145094086919069492382547948125707819778243286003208961846827050083119357814105986630975545041179640961736012322880,0,177481701467119138591150106105837497119615607977209697090690998400106292098669970651191940393538906934471858742919456273611397308438698273201267533935512216685532514247435903121479332840427566534493961115398987575063416242144135028028022576414321423005801204279095653143013495646264560107763094931145748519701606571639584081225543470458559424,0,2232358717652267143582808254622969956722340248208602266136700699891148458636813227419042196016044667387852538694377867688938578509147155971811031589087454324078352885653502667844600021172007007162574041346993216593281408338085692075067836119416650625819087435609215298071648,0,20458994169367537300256119411751855064480386688285010234467715939563872368705392356181856688252597656345366747268059371109148290903977357613640452815223446393498637100432135747835197925473167343408729224752,0,130436770547641362176965979146532462414677860553189945092617158985370890425980695050829073113139084725189094968975916271932375822794871108,0,522433300729089121576322153379749161009331696256529683993766953029148,0,1 # helix_v1 r=0
625881980681611705009013624165547972597794732790669871260912288168124872983902477985548685915021591910051936438849439236758968660003433996752349324398273535475983027762959320781390315454681778349308643065271466876069013347784670178679441086544468790557866296443367146439351958993313631590715797151367410795601589518850369764436583627700648753990684938209220333003179585928835870422513658545707046879626890743384951115972572921638169023768734157954072895587999166765768780180688753902111136588085007259559104690935444530416817847126549555310291715088619362464177878182153054594936320193685731449399323702035723223967982231670941469978931112018207884845888981772855243546986012093281823512706316546545437185952118066579284269911900017835238010920530553247835885950986045043524897412743168,0,24471142742104260028804120958361990216834925074037613271477632604092659186840329715160045167465616063110274404739637226824769864892449625260385540568597477239223418480928786307391784862359282673432988640838792290801106990447486824501959775300106496808165503993726955926282361472263779632392430600869765507034140127048526413081350403227277082995146463299383640262873837451171799267748996888548622905769816871343424773990115377452578553237046316618516434598195412956654793289302435189322865049201315857936975416264477188702045336299935174200296807183501765119353786760454959951421933823436570973864938990696771194197641457738701675739221721389061528011829132027312469434678872578294499760920194989058119136522679229075161088,0,443556450671602448944629715386243533928322981220228289900061638824431840994460308336639298339042730878812146913979440126317481201911362864376098061000043462931808356765709093535487044447114793184784688995277795062279314439841656608924678325894646123067978025403085667045141971007659911269956192871337068680641798181100011826823119814514675518615655005773225138269953871129275905008697349420795899788452537482541924443964132280042428626434960596677040606287860732700390063659595954466957070717068626318841875875389879218150129419164815119744408746120012789048208182246708171797819585432603205150316064373316000684943307529221079911286139842708936477441523712,0,4899926286901061254536353967133049033383206191519076198761354816479109526963167312162535898102832534686102600301734741523294524393136230237682038281822488684747399203369808767861691721702302314894623633881582973758825574028829818036000564641939053883036281067572797709858773480861883960652197315290493156435409997061667876529617831321138673565087068045640396881712754148091513326215387624481343905353167760117049056858514027545731261740488337821124001559536585990929975289829926594372822786410491360794119274886502904804491872163639532615459293326194930818538169217069760115735126231239098368,0,36544179288498027471635772643299736419145328803489721252738329313043006728653688669985065564856572405299498782654077315597197278939249686947048557019291896025105251750042132712950530843286900792166424854153863764680223258854801665902977215981472380497532017333495343094864399543916500677232158716460817024832455860254414454655633948731136425276738150243267131980488599449112366725129396986370099853768736403916647685684481681327734599825014432757088617759610164591803190615411033705987111780089136562744775106573173326390231040,0,192900199076111375988718938964980271255340409969764524791427152720500077425711695528561024398414459812624385559787904093855218163066797181381671390931840013673203604411254157407475048238641272577249372948066990512014569732833167481376169377368779126007096310514713643913945676514630628294058365643566457932554257954090241027000773811193936438286911679654873018380990571933637621085145022752844011805950198700748985453893679916855874557407786781226564475043184640,0,735905484769037853969446740610441756956545019036802030500851864038991048838904908868019927679696142536439010081734872460398322444200182830322530733407309531680908456073524147015977935441603874365637574091063590481986775091453852190247027999239163964143310300516030554305437881990850886484855471559825423337980694012785463902147956736276583890709978238910642170291877881790100077009049286485213184,0,2039330964086714260387442957436367164654278891628313868166085370516516028162863737433155312122321322534465597260467288737344470455833532135724751172399938448488322752795359169012856834960198436051072017616217174614633793968308174006858171391402255636544725999671667048968166209520126420881435396988369900655744045731056209321000960,0,4077891969901605547030286861396249604446674479101084387834081777651393896850448644502584077217802974821052673032752693250416013294709301050243799264387187099126458297846177851874152224370729631599713679938553510229783241756956489783899487600541846508908484124213248,0,5777095272975199937435655163595613402577840951645734554918458095566259892313617590202827571364599455623261720420971618640877291636232170913838469521628355230375164192906770977822135013868750642348032,0,5587777713871337738994957186963061958190956477427299396513030449915974062467348564073576439284344428737467803121997457330563174105088,0,3390861266830123776839879198511752265427669062751243159449209143296,0,1 # helix_v1 r=0
1086852502998186032789948734156482101254316409034024051399817781825632751610188445442211054377064198895521132421821132953050453575616514049758070436535283259118378169871679879819433059897346925887624853529741986590975765326026576913011758579859628721664657335341944949091872514115381517891899637187269285818304985875680808590453800694522698940613410909994653231783418524711067446414757273924793754179177419784112807482135749593306483805721953544510213971916122787486947884196776572374598721584077542681819123127904656556314602659282696476281939084035635846203943444235138016604465209578462018627712907361073062351437879844107549989734404549698067202541645154126885514267692505660592579931057507746127778857001283044379042762771890097631244695471206682620847486908006402439094873687081182616735972979,0,-193037270423362647468406414183541951322453597137817813176448766203508333796320458413222958555658991152309374178660711611288267802126490027880230367809089998965764905861403804562982324353077674072359964105450944665931555279910792558277101533366050887468532540671076173577784860264043489670623171847658936827208492569878228610949460897775566398296765599034870767885147326055085713408519951886306811269017995648784208379697004566096644323994310080789018251887596663476464397395241197901350922399934372960182583731913338055663700172161284370345293156668767778386563543446460613042926226709599558902181019496021954801356733908857736481855765982418330599826273865917414999282351442911235225080819637459308378203475491906758420518705987678,0,274694156087703462950593809109334646478911663738697514367350252732014414776608348870763136126471976175246612726928096605515394285881186954255796568432819361820221214344060729426888943348181962356056822469910710517022160880944214232959472027908779610930735885853265855208885620930595897312175558681126825784282776453649102487569761575419795355408497435469733351993114353317023769137032187326704016582904341557398740348268818804127347377861185494588553880391002657569163817651380727476048687312832007742959192492228432696065542612760268773661164691669578481529927513292927484374036162803247222672789039791007472128345173626013596321185771119584435679642795627968962936,0,150400042620442668452975729897317519067311075033978279790820345205691247976999606429870806325249729735247443364405091577548735235792801747774098396693763017311180754016762250012280819748418990489002054424593010522546369712916995038285303366028196046662010172825234226447582074915795115392262412197070751853687964629898479903332592288212046398966403369891304464302654124282613891439188046683538249547139310720696264428352215944621230621969416940293784363386303661846306542088662117430192931638549708157797396356417978044737774438238947493356210971145217579928939871313054804837511438502597875313534040,0,68676125259776025089011330586985526582292381853630379485208407897213401858323854498697427372130310726651223556314917637987309822016252256118282937746438125514805428733788494742698905706975613441723822920406010031784208630438599434312304615719272918857257985498901568571024442316301554605596603189192976379465643687744445455452404804213668358060585406897397496115680302431014383819996673795711336857616060600050445712162574105096843138898542678290590427426149080957248129514420817255782093635042959514251734967578362291355594453534520,0,22303845675583823238061970227262700843707082895998992361457404838653836506772635726887571696228616840508843553567155789115582474383603467429575844972177293928571627836748743575115827750036384411218361058720516452779018576724575352937756425762809779696482835700207451600451427131096018191539261173784940924371142118438375287083033681456449484649776227572569297563125927637626998826187907799748868593562829171712753278902780511421712935706538956762144041048081828740686,0,16007167239733710539256546537308400989826375491923452322691524289460138239101525525633365129870577533889681033635071246116295081878432929491679462733163728482069726312223242515739480345703478690890429816069786643655299952378458428742559933356966047537235089375638050634008168371429669425223664244474123276859734911396986989071308759939633830936187553357530017241848693201509994998808311426010615718356,0,9886339049951702952963700431865855008758861714080039024084320079161325585328312188463354201493462768029414513284358350952423022074438978986566815345600101011426399226660902697275499927577217039604448746173602951825814788706162746574304927458136603149785964685959137949754953437222654545631712208124237497205523608950461216133442090232,0,4038600472694769782148975867244782659407669147945491348115482567821613101352171884669824580493468440448557294772055126271366678341300873664019920271908948267272411968236520671435754060365725243730565578745757429873076662840701204593612321679325006791407870721602044932,0,1091721168546022140413993518817295744769301599824471267664406486973604967426944168697800060657045369578038562241621376217554227430409468956888417608301629442193744317205882889662403007359594716079485688,0,192497102173885371928736161830591168832989426647522187636425208172816305299188239651202422874616492001995844148437269731522959327845643,0,20584714948671017613864647274344014426658336166623348548493923016376,0,1 # helix_v1 r=0
157547564638786362401027198430257588927461462760393241194301969462524580192299682941784461203027894290844522894329253558574403704638992589308098452202487253873607601373490886851381368175416874298402548939714988067904602264893560776866088788198625479131738687810978409134049605139139481140285243794273356403350451565997170394823249959604305820425157178490982051081047554003763847353364985436917558011811084256783650956796936494261472937169499448580001371167938718305409525453037024187562154805649766248622661712499616693593574586357941947129860392123847368305763315147885086597363605927610260316015705934037929139391272357348370437212613451180887343334272119333694158240602795646675716589440366403373474676017988236524597818144997162804050643390301966935449922415578607619294769656309268879593157632971371222672302536184537859406567400164478424020260581580278092862458907896913046115824133528084669869830289613,0,40835275206505579407108491623108850648857997340812594688080586728513415280651581167981747297233417143599716701255564943397558309517651354704276341407367228715636807339388372085254591923305767710656505493452542586773478895856166567495169145996382372352635614598101248584125035037009877822924832738732726803112477467907918072345233454479564132874280931102431982788765588602309860503078393759471827064515729824535056425534177097401846168885314745508105516386073387370568038049813950754984929977422229797759845576572883446685860932391178511158287919377808972691519424269044922134088201406026249240874211381604996460170644396839731278028096247122407305359281538908622001867516948209945540065296239064846582803387061743426968642578554611773752007313737939382588549653540383406279907396316538680355159533052919652733384359808606674323402366,0,-22024599891486700872306261772893665182250694515765241007890180518929648267222852004311755254860859517954749667478395621974687167030773397629246727966452110115499365097351246271706065968606877181564006178060377230721320580994590685924344180284382746916048001192862262867391424931757809163171094817615557553411211150376849533527748176257854473427707542041067674614168902470477909865832858389277026768070950553793110038936938792112271021742736319475071049534013424753787181313142472212722215540779638066097332987122615185852207667313508080959114763517809273205700694439495431566685559884714187906352068316467706233738329822714928819828908890739708817452735871804627037270409257257909033524512615683449609662937265852742932711698472930546340241730343349103332132,0,-3925093049019206780795814699521024957600801753134233943498845713777645821576538360104077705991458748290205991090313711360994079094895757941857256950726532724709085423987122433265477132561980401507269074216163437769426667311142218385005317131514702061137053220584457223579965775427465667167545064639435803647696294063583877954315177309949856622571525099523935291627697844540020942799822869648024925656125765895463245505847584259173127909220720139479971759466915986274434502589373444873114801749529188521182062959695671539154012212226548590478528001603277906527229405798623679266213811840363862653472460313428257334513396532832822307810893585599045823690549873989378787956350157277518,0,1499919477753046607339120450831108368285226869833236637615259077927476674513583169750093117497696469523672343546274084029444983290307251398883930025955088216420741567663058873907788477521119091397691463038134040501733776314392099688872534190471900392012126903035508834171690127732072929950825393427276589517773278711394140902146660179717996004037752437305604748873837680687724265209741296129298445321569334859433302646216551662930970234090829075487186257845685799571885381713438612945900397602548511182474079466580665187175859190719000143061285191693749939437077213178171315542151085558622578555999189848381,0,258709369345327900607352151581472239461396771715048786336610890339360676443845325144980002293674387720786061364665501891950555270850809106139109044503303561350511953118795047764660557390103670671819320800223302340977315991543861008247693951731293360681418916842383283921776771567416011828233338267373923309146157745106321218868654644007379443263988753782691200428231227288239929641161159858942881442201506202456378522350024421413837729897125690724416405562709100047750800367452004830407821393735394242404588780682662757930758023418,0,220081764620169768069589729428318554475017836428363050629751186098409322864858482070049255875169194634933564666960746809395617834616663826597082289049394495003755368163278014843949852608676890338460077234752593809012240467127589478837297266291328684882105367910468389162639605997594933155194727428044037265959875918496958861035961521666261939381358814039223643078976202404335438763896546109720783280706037128377511874735421404439327268224092604384763969896,0,-78109802641055624582720905673670977440305950192055145307737565651981117035317133640234087480248893629650334497134421564351092081140295571259225805013081915854837218013200271914351577402242292935719723939050554919149650786036833311497484358016954919938109614313459565947871832003988692536657038318792280359361322192765090308332276000133873855106206905799067668074909151105748018392,0,5863761683967329216207562303860347378582225862214108509994434486609519220802708248790352687145304700856020577533185507161214227569407987282318574579060514794995178034488305428719699532638579616064887377384862776434053511024479732394796071725335195266805994523636645147143153065760263326065815794070111655,0,1196437754472055573709628858362461532600775523440102009627621279462689443788911670033792550031804803733653163632466964427472086165747418616891789087450754495726956191820932588755454838313960545094682828104106807899257429858300704,0,-151112095224666452948325564175989534469731252671194103881602063678327355369685960917535735079019305364733098442789972284331468365778697203318701931463261,0,-5376075721655420194377150860670125092255338678688903963597146033646145996832,0,1 # helix_v1 r=0
5195297674510427127813748210164771386161246446941569074121061206079158608922374251361775982474531713397900853204853989166404303365458277224661111625489116437191903919683402814583796996204705568645520126455095950417881353000217681112449878663181509281433471948126679851418435823357284971770492568210581675853199360035440458233014217281503447597546781122388020228617588681086451471408914524266844608436685812759457387845381305011399677074718333076821859535658714730872075030960670541848957025529874320932115515958826309328543219575783177754998178371690566897820055150719278261884065012685717113104421526331779371789976200698987150149125244506350257950457771555593406364410557249001269208572514770181940979265902914279791582042698828047768788701833451263602715121008404877334667567421692700010045538279545712,0,1120173642314490227598199835950460918242418806768651076443951498937597961078281029813414467889131735298359004792393724809024507281903943050069716111933191499587662973722128197251265773507432542189009418630457344609098481314584991102520366454543732997670870923932607776070021682706434828570014220908870173921031640985149011020170848709394933558042232316693354181720168327857519289116410196256464615620626173067908727558847963283306273563940991797612884036624798673418100073489478359392145386880360483272520019991712597960104630791047791300969418859320579334092093065374567091438080749835085587702189300346564654633276790089194727377083429421062833971170713967913855905706772294726777500002978736822547297344894768691214133196539170667008192,0,153207394783252142473552406214690078581885444157183637288748271951580440238697351913095952469643687037237004645935494461395049758691304349971593735000101548262509830506045496908077079704361279648639364850072775619310039315144219324655919972471518226335223454007416118618441308128144247531258727082908478102160082431120664625941565672019277162432737663699681654304507207774802776277369450364403059307292170006752489252238902453867633921324188452724267353672661378799349746525387932445180223798989866411366357672893686805157389660255799036505282519863267327846189577520747571289488860119740143991242363393225510534996119733555140025685338107867701271340603667301401803319392,0,8820597658923713921630869858908411456879894136632663531480737823855468353773728675195366122331928412758689963674891486083452627605191577901962199418176449050098238684126839662824164219378682243520777779616459178910373645872489088842497788620258305303288979119225651581324222519189258942666476545455665641055144535016673373940388923991735405217333185207392488511636784812985259807074155344714855847563649390706262728081022920434961047099701165390421162492508988965402476798302976920630833300558062130823370930931302653132621575057676322982039636326231284118304868324180849185756090032406279559822020797216,0,1348964162072373059051913468170820836534642684444224262589448321046756853122696947807582122621737749090464793432681229921499635407123395701950120042454490121507439018347790120593178472296863395361526473890399779553624549268068257483402907493265496819168722797707483654371950682936599642403444028544989217566993831352553096382651623142974699885844131601920198196519918611217447092905060793380068056971643272773210527977048854254124324147859008382556928257191164900908289586437183186421126310583066111362054390095139124037716231684123125784,0,169128503662875492199375887781919300881485658453590013995796560342358682583719824116881191729382931708699240987675746546671421269022569192433927594763513213251701313604806924140875036762085643761248131086485851375738592235811630128232068311665512466433897236961364795388190639756346671967084753917866885134398999016940185759827942674375046994530727599633388160376002400641466522495095582311674593521191149782283888557228719328450320342979890650789057272775861235067728528,0,38176643446061692518642230694665070045034405066534518580890545783065800541738575132372350108675220110542720485397746263058335747362287226951858714158024049247118222195872726542989195811950368275263683856780328117600356610200044434069572229605597066180747912146425439322679753767886047994899853657177599421930195393477081670671941975956893984403087307427101058992542067972717620780491685701243435359951516,0,2453868095800186229687358012631021680127212054350892738044487441379957933822266268126640598144533429924570251638267708817068284765505118676323947550551941310328620378357772099441821017175588822952381977761882056529699732696586851367517512823670282009348237074202800201102677862745887617146263214873488235384587300952897066660500179319872,0,152151005767664138955287626313314494678771116826946526280094769870524295221522751080370502949239478439533401833337357594714669457295450500878660898788520025135223786508687202473521905805983190710865380973491446367247547821777040767781084976216582250614807476798469747112,0,-2665721838347366496450966441027876077534038560525984302523112907314049944065047695243701361431208763617351239975206845305295682084269552213856468221815396774295188096670273040412113751904355209174890240,0,-864621175640440617522139985625245844036898465083731284203184591759402209336694190514650800558698943625473213895177076868776575247208002,0,-5213801592801780829550894826547560484595305080848813958246829551060,0,1 # helix_v1 r=0
421802854262424872761229064382398305487950319695888329438004170942177756159381982663470255579373118526776335819382584534744033464635849434479905041642420038715919914354623767031921698012031936651422466446878714147185627142389814046431317953353209003798274012177609538830219595352322066026618118318600874899381885758448358439237437464644512394805930133471601570871743403136477741584066659329433442098142762659073773241387492342808757125863026904391328911465733176546555500650803973439309380188827318618186147956257116484426342747598800621398273795527241018416114277699717104614084031459514784017406694194128484853848530893406028666759631838279175801380170545505492685913300170892675653292650178464932509555941936893357448715170451049875483867768134430443983917422044471658860626569709859539488170491,0,-464579010046207326367130297327640655657205639856039115615093034757402651101163924816790843542518698370282328810883258135278072530126790759844436756019283234117343224726833562406942900492425480113819962439370140213283925618807357769170395246711670130973602367912497432383798123449076724250930379899517516502292951021241483101208552764604985990874885258859773888536882420124599710308288803928008795474719734778917425273869060439216712275827385405433309521410147439633993953315960407203523413690978434230025571911462250493649161266499050631207115629170550991707973709615789092490297981818232006480961548507544490493252549597770231245556704217565708720021497444401185285648785058489837746824021866862630890513337680135323781028775986974,0,21089000432670230596014060187297831306738275269109775917686081602437379227598427820928601289768182021272962162395184737260105238948215569102263943341540839004616333854923162469049877781057238180567490311131633730684953191701152380685952144190927120215666788667959652394716923554152319327436417957729204456345435002279015394102900736261943317974010969821481648915703570305493417482065992164257718614965607649593467735257783857878232050886032590547250878994389224710371105955481452640006465798803882963504588940424076560967282095445641328145887354139900589714353717991194691392534846270857907059931962024446643710122966313253392113596729407255676757812259293514155427,0,386852022984305222662577707333250383990178010156660663821192537239061919965048847520186842433179971258386911474214934397996867143081088147446519196484228216238534136084088368934797383379875591605250100708809704678204870264235775489952471863666424721134490327769772987741689663251043664452623968641764096648991057910400331656814964577091919198339658952563184161234337398910055076871910191350125411498076257665798161451668500897076331748872780271832392982632635034107634847019599665618406720506435932446789474861264138967706082219911867266491428090462361190361749113952944496429590187318795410649899694,0,73528946140074507373338817299950153460469583754289040660392787735345615244616101797209269075814131885810452385608212019139581284532498289218678295611918048984301285178822156839011963290320129028697715965962550688957764701300007018305999041393411099971526119015076333126797686152426199778993438699000536846872185814518784983622070373200166540683390489145076919984249335300506994199704902090623331931764604592062653370980891166673145495762473335875591134060744375255749950317262724667190063189987096580348429852484713848433918585798279,0,58648527440012374446259780776915761395742946263950866393306776485206258230702263632325783635663628854838326693906814973972105186910958969247324710948259477493518428420049562078674921144971726638459384226258795148932914227198839999398409339843412352655878783613742795331471172262013403093664513482465244219274293249190331683523744876382450252543427543221603670066158740209583892665377648179274612746592598072122255250912034810622085937448750127699429594482992197438824,0,153332025379835354298447085187943904600813991200502426339029848764287772042221746602322292100715991167523379817014039898888153307952261121082946833654268114346235672927393672711487502004021913867590300505044312388035397887494527354627584404356094355742251037812072180355268124940088483760650114458016426141874843398430289520630137570615896753221754430557300503591194747787863507446952207550068469821298,0,104687872030828243128858907141544789406732105727230330149069039857480848925548876808090724672509454528941282311262071414050061975839697598767313528474703205327077967749105290939758695879519178037280141892533216417296640035032709272449868186461298300728898002897379307842278295237439648180255075404483675658091892136370005156419118151928,0,34485930175009105804717282743859130947090599066257799227725224225741167730582264083791069243940600932863062829639940006282243052128986976627469316496442919775308354590673461705901115091249765127982740213384974104405261107058093124489409514057037429258020897979277139263,0,6415492993697941526861025324465554397173674958170360651542544634166753403536688506232109737739376212961590711091390871948215368825704115972216466915908132840983729428119391126592958561471166523588627740,0,691458194987680307400565232945776978692379930487079316453183516893958245630369495620904168445139304879980533721575111936709063720603214,0,40381274863719919862711500648129819953758666192944762871904068527422,0,1 # helix_v1 r=0
752280350519651697578783988806343426095314061217203781976518221977130011031552289835947242333758972763260786482343660824551215339195751411592236584314473142789444131393570296599014310345654951543664376365622232128753284215641164737376206540213652376722970477763787981378444938773630395083873726537956273107587084922869628633968201043434095657746058301531750838202239577097883315931980130217874587575000142382658660467168596088254885184495013786874082559538232846740761129162222465211183883714737401237801241373981332767701017139952943106201426752305445842579971622413817417704380321122148192850260939774813222750445002916388174277798545307068644848503542949295101249949726027949756052666138784914836544415086121948365774049750793985788361998200203669023370625208863339,0,490750879872467361828802273976195645762462149291291153341205271105311297664479278465674542852125365129103814080643665708165751084907065675693983331643188065124224665403992832610551193542652589451663542334848264921720712503654904907629106443943271428066977317645398728898508926255010250715980187465745771285418517593979894628096935429507233648660583098743472316935360147554826875870413915854947645803026579343459476773213109495149632111705003292721689475644112535338525891892195671212781621744264533706921049076909568728011558643360287705213678736491977738417928146427007358498084364022750077340217801100564238082885486745360493370708406801857221789343996897200923024669686687066313835795163977293566859830,0,110167962241268252859033222123041551041694188712644597263983455185051000066871031350848631628376299268803893236963948392179035840747390515407788421185276398626825326465453418817273715313705760204236038345446948450701020442173424024145850226667808848669347149058506337156345944079587219613685112694175399212769725599342435526792857808220230807676338372264519730476885292962737279943088745065539711962792511655008564889401445432269234645543121326344870137744636926392494299066093475464927290312381119972980603353766366760740529262405458854947348599827365282535749752311338893446377159016469555253226854223252381264039521207791264232050278786012,0,52823643883451049208641672296514802758499971866473294632750591439475374738222493749406497958426431744218273019921866576566028436557384453368135728655205708312076630905871357944763040262104691377610910813589880401206315206025059628738344082571982831822857131317824806610087538751608068202803819576112883382622680626397383787094763392094406417769186330424858676825842364313133404170212879146497590319461311129225388869521972560423047217335248294506755615117345435692923113799053403451685198568815806157065925677237699510239044336843666886619110534529768675315767433235701470667340,0,22384463295809638029572057529665480148100326660272076157898242513778036494069840961778270146508034062211214479774818184782552833958708852433966935932188833472552772408341035464554167907545207861299946522757487419557162432602573958494580073804233601180999909138836031096518497893111732627774860481958503468159602084271641339743247234726452758051991623307043116767466267092476993836359033290495333218133110594550574827984721235176656991083111195704304245806573281683136603570368987372691501922595455942956969553727337,0,1682076016506343245844169140662668545854631878812396880065001457618540850485293238124529550476506823603776150489504735475399037710743933531053184772406444739305144654871667488300076751211699151795064197917765636905625753650122476934004305175028342225463413896402306292966086469199199360389074604211297068007735894089045837101419082865552965767444379105604440952322750422261708604604566475884849205696706041380638012212351535681245375768353750414309962,0,-22144289681985646975536261600839433456518526920455041698623173137748890806275959942355700869933727907116805179693847496241069978853081748380632579144191777592439627880136115471466624749828871985996332876625134299153799348195144947503220082412241589324282262822213658617094819040413134382727363411665914807705303168902277047705258825378888546817689970157266942708526345767614295885479012,0,-9544096785652505951933979040219109646393036262906211149597744384685232911319259502816027167393832301257863586400771796120677493165563893732296785750140175593358244417170071229054541472125917937570779680401573032059980280714889172735750102574388702305305984439563613036297205697630820176696478183982363157474182420420622770,0,436857409989485715677090831009747524719747597228534146457919800170695113814398702650200555835212259776361312089626004769652826545818160003893820742804720530184226808483530497593280377328503730663901795133948175171737683660481546216019746044137559765191284090,0,58984413419794287768219797075861815501083731486758188508646462743657137569809801028124555773196781031003020670147408379760491712119076902607317999789027396898900161573297289568362341188448155910,0,3113760974182007132972272673817357654190220981393232520161378664449433755143044574143411003261539481595877830697926399409272572152,0,73908878705933265197338408871713307161576801884212515816395803580,0,1 # helix_v1 r=0
146619476324297113703551386927720190970609719999773852210774755241146477558835571649193672481246414515856778421923384292913009090220102286627871359277314339288386922259348652619307999256999210782496373424684040432762693829146189980932260415356969253280769083696107137613757449172374053532462853394477777452305260586226744166141928622639664821072945541827688378603950914225210408803273913294134528983405034281734178240024630912553418956251663349731777072104866639517393989476995902414067525456094728279408095487814872590323563512987339786218845421015084948427947723055643359637336110925694777205667780894307721935336652307,0,68984670294446803302642225527565581789787250240071342058036606025239429626020833294782904995530722487148679576959710483493204515381691974162115193351485087945231819038379096587576830722906821628445194060863623958425668807959120225872940371214198831997511827226739484080414772090808488650233404696390391611127438355069228445372947207475590840619499857786311343039507618142185857074743424738336372923723190996846975161225593917780608944067959883782541604754410915683175683066274660513048008828781954450207907783399469826484943229441088999680734058915190838916596869770584,0,-41720062131573922257258709428058233655343003609781095085793788309889385478788683472439071389291692011529389969385730818477379318077134373897606807840211958640701990343470791234586721804806572330516288392433609266842970904179811771888733323352869999959589938246036310116712938991552530691295913058435463843891151361844849863975884879207173778016956873803729289293019826564729566217252392446667040679895112876481404747870620388771087250191389756583330362170486242202218124676084586003463072292670119732278540171037152646,0,-10314382513750693166242331634200392538313540427733932721023460495224598389853251223962268574571312721870948933180072091393296334844745695295642149123226632128237942551482096669641418300340238606158626051244225913177058357541297978573448472559866729219292064179846560622453742157305661782818606580864227874244450975467461583721659685423134970970037078623209224813963909777695883522417634668678762527630880600293819413003306790445205456155330709629576947598134990796666,0,5113780563768223004233264528989431588714180044551598102951125343759916594447304994208441460145647067988894764204884392918999673140638891649475981577197098524679784648921994973175957206711842469442290167278854609253215559273965929613001794033271564208464102991666054593769289718286546597381333886689373391161811275828248625391465183251028589160507033506106588228178605624340557621166463223683028980584441571542883536,0,-3956616135895457087085550193274935286850568100032244130267855013596681599386637179234344274546620250556884606749130240541714443665943976455651574550098635930378229707932610027583103884022864910741169030153462163380257873179788932897545117506569415867324602420097263719673546160938621966679925869178909611330908457681691987140434124237824780881951780993517135952,0,-61677352894749896289942043246819036720333077828511208868305079340074607789702022057500258533862212962908985945870390555255194132783907724933964341189360682660662402980342458203935784165899016903960823634422331304826013461819184171680579744821250600521563627671885352497573749117964588321413176952202949230629830,0,-28564815071478016806345112091611757743523256938763099405764847982918785188382962624299227695286001261799310684872195114325771468338755446034102961403235413980345089323822389213141180689991648206808891112258204626750764266614526856551033899526464612905390872840,0,5077620159232861044391818999295920753347798001915800718695951731366826931859970932377027561691436413296747091671202577682498656057675936038503275013096272304360276374080797441151920679527718497162220636834518,0,4366958278935781255091208400833782960253948444723307161477396317210948189400429752447421933759316088415877910056293862968277276345412639920182263170724572,0,37337265454776126299322373035013024459464765111171025283365312178509824686242058060677977821932613728647,0,-15326298015806430153805756903440162931111751231234814,0,1 # helix_v1 r=0
4640317026938373274143270591657683906872265339468104314544053618092506460139730195085886554150215559017614120146622463189237247112020932059944386772348920422944102557542661018067489049022042832821363418344193516868801682466614925613780152629364539482257708735995960101345295295353894288853808880719739037669809215754531870888930889468845036575391,0,-866980498966903406038936120208871140264165501132453529512352894851360959011693787375868968144716109844166193316086079366923982878793482779628480099768363529717113410395979045789084223116459029342295752465810057847894788101252590029568580277341678717196424474616820192725872233635355467106583300393266208363650448617604,0,72678568454631521158835048542588016735259259629953846786567658473882716736514597533994537348412126119939494410288626372042914757983499975160139700778797995305560950546493690441351957435072079972870250194066291933118991711962971452534279987999923696547859789446341669636117416666153339133475,0,-3609304337676733790298862697182716815420230794267136221883569390416393229969526433720459868074245055588509154336399648239611095309387416842876857347601400843283921592100828928927613600412850741697324580698337865856711343951167282057584807943721697890110055434078,0,118422392063786196267800629130534814396750286485197267033036149940218474149919474132940630719056430028264523272822714194171292477515790800497929571708987203758807274913036105600581322097074402011991666594105075739897247510304113781912,0,-2717808095305553728118182221675863404912708605432436630136550696277961353607162939123827834376302879766313525517287143740640188420475232654223382221795985619137469681361025541309693991314252302254844165856,0,45176026098397000877262899887896418511637067795750250421180078394212948211343907887267800261694682213406007510397375249122617306756232591128637271409938057828015441997841242382,0,-556468401249835317581662781294106660506901236669129541914435114977990378050028532976178785052609842816720531115193500745748286195226177047750250646,0,5139988022697632120973061199825617103642342746268247604515443146777434353944543503114164310869819331506913535993401165,0,-35372942847944974053912907083867732601981209430621477512007034108508431881018125674409694,0,174711238449832776633619783679028315321186443907259962801267,0,-569726428945492612106799470382,0,1 # helix_v1 r=0
1226486028824732289053015000615967238983011446813297038416981094122082632775104562320790127207245505971368121445285399103528168544105293500433995284949566609356691190072293712243871667026388458104996077177101020320200887846836595319793638357490355300197483314904197825992375774692360071021927471490950820371834571792573734363702265859932200289176342652073532737745345071759244752951671040513477083015246524218528112671408789082899305218677356030519038797015653339346198355041564538869277697158508444637689190801482340483653361286292989296939923222301468237,0,88455722486317958656931202807764524385112546375311563390464028881259492599810296668974602653300600913892384555655431964128953602921406744131668356254376946982293866282483744792047830037890776859949625178642041696267855896215084012994970317475193553387089220708813678695802426285400307081788735369918446963752013902621806821622070462253188388339031310336157183845296838730571493348119575935228485226246392020774490171191954115425107535727006564230495032983416201057170453481993957851476709781718181029663431254,0,11455092805442116340811468157042397594775752603445204606316429237068976039969927735004008739482149434710643681396498845427903638063965213349370743253845145156783450243155497958502626399480496301538711762702811696012790913893296405097428386376629964822894852952128480780369934820177924300988872274509964075929160834320701006798257172946285584631668769872957828658589424924012226380361438172164079324419401102343474297847981489489581321750347497641603331846204612970,0,-6523371498561489425456836453510166587159090621178896998427667592214257916259226207678083759711453952259844900160082753639979867399812749277879263518480803380646348532388107782211112524292346183065207712455625651026859320652208669830345242898379228592535990258860654735278864643996924336183821403913761802181095558277709797064256313200044106642666619277448841701623071991027553058737096254750884762998950564807004307206,0,-454048145487727486423041413573820805458599735140067097863537207016680262172471226467444779047619945959707007678739218391825034617673452135237389363191449258572002622488531085191851596218756662744476799760601787588101161868987923860352824909412448798659121745448176986768315052378966803196576889639641047371325346808064311146893904059835339898148964406831183093742024200881,0,102623026781219416222042758075895629747196355129343716637994826799380547698730182670823749504232761790789722674512167321892928742514966012773261351515927477132192459580828893001842746661058204044024459987412471293175423090007017239329214736388579843936075330560112313951376453980547017728972014169315042983737059215337533750366,0,4717965564412199265195329398880797649564595327769895641692651125626737116267898302541830909247684415910701077177786295498043912691953367208561170464709027409463086951046758389324946815123115915812044179686980241524326667956200948114008682927136569966201388990889453381929126074228,0,-376907158959609805520145606440424584114336218319195560076026646424009452402479930477929300477861861217709209857338352287705298211125090846423442491172516482542102407450601855427021026143078148902597220699455443559722215712667706257212,0,-973467654602589507034133794557059467110680521895090729400657865017040635485943869036114109903464004692793940476672752950089401831696861957502348548943170744931832044028809348096836555730,0,339874587216289147787031278095769724156906518824050671519047348330174586443394385771148348572877228431761648191142626499493176650761988587260,0,4564077671045267080743878919461461096938074572744937845758380244325443018484944008759943741318,0,-151768782403918249049920369591755458911003322886,0,1 # helix_v1 r=0
113560023281866458695839805282854345034100954376417493191882168547654426486884607345730345196206226020568773012988435276370000681109886697681601202518958380250974558153254690878767285259608426698547288777231479227542346313303390239609072413948396927753348502580218028088215835013776628660641767065412722974657941150939031127092181887601819441034873377571912679610636085047735796729363761609097937800710184831086172501985831934742060657377899643872839830587118360478490566489797519473161569272431123939423195499584882182715096063479737929727570885258130755553890560274502564231006438144398995295642576562568369379579753985290892423986152880308070806612437272997229189721756428963782098460004205148695829259222394091895619705258624272420671194579924699693493381015584868541179,0,40379102065467031562349283768148037740394091817428233868687696782145944258047381160621384064083696753285120988496949361453471522621999708312819063384012299667614115512761900980545780489095128881208996935544334911546536057387320920759448568939445137308422756573086809259826614307262892759462161514607328996122887813051695432202430497568660599504173991007691850158265576741823141176989094034987919615848334556679665570491647624670647585747618237092184373622188663207129320106648013475792907955856529721279432189887782508818787361288547209873801276723123882161847524388052876323615394910796146582810852958245566448643662076190364245056828250425844234907374047858395694834472509220882105339444332714150253086540522,0,6090285581329659220889004602574546124173466402834780320558676245303511594041663365204169924453657311956283940929563959508800440227984021090275060743360591415159420657568717278217770590501148027708722772521743405972623304514475224444145576176343185119791280414845416206463448019496075904085626302018958555147245738348320094698504416307812477363435896513838018721078693390195769293189650049957818924409357779218627447668399004996437996943650630204802312914884724639752820171245494605387031310959278451276109061192165667204521379121065933792473926389009062643562242739652228597921470963824868010480554540602846936580714108414998108690053560065496027,0,489439447268481167792004203088207786085024716791490595916973469283649518655095260537659874821591593690030795126329786300993734660040300633340546773136176494232889443118370278784304533867057036688311127555757895278950506151389992640453263587487585435683168524831895256247616574268269044427705698883505864803305436213649735734193779960938491813402278229877267221920269714752785487170535944184248263912193288598852285252496175255206630768656137698519357779736283409179705953580867959387024823854731402543020557598244149961524765931116895420944906979461457065561521420291799293176882124,0,20709431652788908527008737339264557796076582038479818000535249655148199377004403758919610943983848371909680757077627789531617105114802922884964974915795577655284666758374807226644287701548399722722317911398839951642638439301188686773921816823215581046018995509480701126360914025268842170732092170693501773306991224648797552592916637246531447392579330153415756447532524010427250620331285993526192949527213725694639201691115268259936800538128816287525274327242964618547217511786813643717335336319291537549830897075108386,0,281638456926708357346170297725847796958647246409784798229637014569753841826453644914556392656912425794812715061100523272676421585207048615415066425913466305286119652814960509764879444338648274739188911325948146978459620862166625222020769624939381880851671018028730019210216418026426717559914520534592563003133658269439100094386598355775515179047201870224423496369445951813076472611366508851978733344529989838540413019910873954791585843865784052884702652,0,-11427780423736890386981028758426160488667086413418799072688424491636934013131614266946595241003387955617272778725690099129859782267153844108978381019955125303278051554515572333630201153585758019676068928678535866569192129585723503420088460810591072916986091941518958844340670116267576589209548359060455361360609315236935076454191570149146828449621426144457465667606985082901431406517983824,0,-367803284718085587866562655430106795824485559363140063167147370634590658815122249238950923107571023449057152936612863264109784681795739700131638965112069651273686003217780434209357592996872335072231920123239618726928591510643846131296972931877527052942306049727716619318920368283508316597155820108276822235943680062265463232,0,11652160287394956265302833085507182951737977391300408570283305468626229904192655362630283080096038987050469157787716614871965133633128562721382736262558669865651533717802527000115760930955869588409843619012928214541138801553402510622105992644947274046211570714,0,867361392780540033864908138181380657357596669647292720940360103519651717166142150746977670304997943943450576212668633149583899639138899916603867989803662449967625820662645370345067970460617622802,0,20512362500172757778419069022061989351993061387662436707930939157970896185702372957880998059788617995000128551717728587359194175268,0,227432632163844464189450366932391088558177459595442408496739962540,0,1 # helix_v1 r=0
269266198865761911840838467531821848034514875136769101706044093918182019412856590294731858427610616987393557562433618996844403235532218455503897671277337802883733081243225942833826951905467856053601820481546106320671308383856383342419809083448792007897304402006256983742985124698838478890725233713081135716137950742979058696970976123734532788180441962170060276193575259832768245401190130368515118256039570252159628348559336875,0,2760595171679013059437357846854861896711315685913261993559665177355538149099618525321559934783782890968608680148391159249423930874382887268832954287999585000489510244890174192775530790957488197384996518265363768430993377306828007960028947978910932660503814246874330821264656192265065686622552848685857804556341529147571943799011709405655419732816490818126693476622912467386149932740337617600,0,292987399725645823431196519243339524097067705409612222538700951767181315003771228981029616231654105487710991694471454354606806961920991478361932311436489488547893089141816520911422977280578100449519056080466777072767712460174484611967069073351411901555070923634582752451813077806152062575598260604420440316880712214008359035924796467760895439043183902559,0,-77079693830582913459075949465104097048524410537696124965198743365433871432598503516577841265791745970873129762576176296537252595821331368359944613860949888570684974366405748385027881253494201495635005546243446876475509039011269252264738924249247646816285825055845062073361175959205644304838614246032602878272675552822416,0,-7831674636162820060507938655539673852076699636906662543451689701352870288114755730112606699032833782830059544628787599277375134205592248841408402448899322231424684106285385669475586282935812730354564176911341466765883137332157403180672372936837846163791613806504540892471835062641586,0,2004234261388200112038909455051118170415053624587279382425089153966034717608400741721567760155404479521988221634685922600709761429803717137193305872969939991278212450991855796524689386720264180471574758148041646282640944087351398945369815690218789416,0,2657544840548285192368560609967173492987176157033949365898336657725471888857467459720757922512539712186271014453205435729710259106925522758991203229391555876926257473399785974167940546364974131000037081570435808913,0,-22996000365073532711281993353979921181223294501318545567337596055954022550383653286677661590314065407470470153326712339538431738619656374872930534384820569146535903219842277591280,0,-23353396532274900406629639836354414996146998408999247302107571679870757849073535664136564512420647726887927676575141728984662148839488533195931,0,255727641645675028041761322260621618623952481644252758832239392978799016328212593301985055206077111072066256,0,517456240720240672401226917028245851253308177479531457573821390628461560,0,-15654510161061297199549680773824596,0,1 # helix_v1 r=0
18095435034233543912703717330740086001294377708644346908198812458769425575832158933936315739044504056565662803737226793039767263518297550928095594236422973799821985567247490625016052342694861471105729840702610299351791688982888746688843421379416120333235840017289665052956816158254610214128157180550117322073934966396361204659416385139935524994134696889534101049559306543961178721507110702628016829456165174389047324281165033701981653753059467330222597832519492607271208018551056380257151842614308742687567332927595377,0,10378193420612575496638766741041086518057650514304269015497434983718551815732141194945272898937326124209007824799393202580545310383703823371038695821795930821334614352904430720637588212833223236741178379842789471292223086687809170110078543939217832585809348406085310788575089227981162768203417292265035676899406444010430809797378123251775701051031356087354921094570603416525769059687965881163951560620385288583905415721792443819545879701268275265112526355374473010133618917252,0,2086936208517061552401855759992230139089260357216911303870449683740103853981534821352595747158921089889385629577075518650936770959929988559741289874107399337587594521911172934633932157978188258838503136041434556783554128113260796692597400864464047640903944730700722388089520322498940964851346143295306838156522733642051321489147438063886235334346047848259516286311859740108148577353921273503503866667791827960989892869727416809374350,0,65125335115182890733683020743583978366453894006624257065192323874319805235866339829556340625483744380234446135382857482916272129078240254959155609280340492947439453813706399401275225909185254352783420647488500161210764473164560990697655482043156308815095233483553129974765855996035283055375278168438032981314638002614478593970621418145961598272706087578509948576781693886721215508372025366,0,-21522759516553183087753000476643421065356181702648567054860604149362210899496226439330125290445432814024048430074566936002134026765827863934975352825041248120408427295231395678398621073241153029827751816386464348930683927192994486012926932629296103172096803015365953521937116274588013826915418433454898248436936738376166367082943272630669125084302,0,-1958059830061459657369121648820996774911816855020878993587019260715665247244380829560179815187192197949695280912664429580638565621998048561629928340871977765864570978909162600770164686177323136709956124233799851763203260215402752246796592732283668557831365695169990696345343968298410005964862365159531260,0,10679426472989656352482013549222609129594828364921290407803723684359600605794138272601545596340248638767481311470189194718067953369434783008135032070588595314979343606394186180982389724788492210663229606187775065443902501290627550062379200759551108532287203359,0,8695737944233205271041706531818287320112645607305773282435986615302370580375192101982165982682861208820169203142990144501873630295225360498800848807273185744637349238991548218107733376261729115676679323675966179321704,0,384951001506610127185159063390438804028313877704079332639830007785080510303477016437201967281567508342483305151833574397753566100714980971556311872005557775058796151181100986,0,-3644436409989020738601977783219134846766969116020220191676390026812850955144156277713584666979176052364018568688506292654773350098,0,-456571264868751277712275649118865890844634559241328888982993786922557280183152220236372,0,428616029389019921608943828241375452375010,0,1 # helix_v1 r=0
356723206738652896598576306339800821399992656890686917077319584760749442068339261579531098337565940216451480942288674619248141408921719342122740175063677172931644940479741651781221014767907776791439094641773924468271319155966404194426396757402490964555125442805760964077991409071339171850643247008235140901316671206424158970305280063855389868208205419381641319606185114585679690319854235845869755365231028192822718131809271115639975042044486832859352250493871984256828148365970770243726023771901783931754682853585032714300953,0,73165355908974019848844585227664349752551046671724018876954509811566861529040135162317361946189699073473657376353618116123369837321474752698139089370121518432098117327058425701356463657196571929471095604065882233962830788318278449115244704194940398997198332422759556158056915564254924703326408209295522757698470870316522205919777571418900393748210252633350253248955532976740171100495310799998602392490748252555244967612993088912136992575804398034632344754641297517455099129238868168,0,6507393392279462696049287826618215323709968872275803543291043545812924167943255756818292218086319058715378157798847464954045674095811995719436814863247500443521613065969866901980164593134613143589375891919531462397858381882725078842497827866548377483208130349888286659955654420569808584732665806394314941626469184502086713120586256317696261171747889493775158385410737164257524279541753819228032421558622167089030357103935382998046080544745,0,324367244811865798123529641899887300606193162961615340317506449088543899386411003526125676647455827203774610430759875697955067992724034702559403260102966416987015192371990310126875158929014330009311556944826577006673895975431903129555734749783752253782750434287268449888591950879047282854025872878294786059085178674005464269304016755284263237823338113829170309587790162114704715743035472501304834,0,9656053315082304477053953281981075586899968409525132987299322817727383884185220522888958848600554094849450701447120578972443545011243407982635505053555381495852666115946671698651697964864405263229058098786136105321208495429411943375884466822919884873715864505549153331932758116737751764077521517523197496467589734918829349526487778720655993167106871650,0,162020743042106737723389537907965544891966776968890074163546761733288075568446387745795622127261789127443157315641069586415830488314615410609154021985318516111106265047464954138311669285262771996587170495218042207165632026993786484026069893179963554842244330313963962375108968203627102460256641484225474082060,0,927611995365411786281680745971274554321016364492107740522955638638551083576444274709552337657170403512263349624175973734609245073993948496791258482048714402299143792866471371299958273834175645823986653239941239212927919634314909055342029007227201154313960728984641,0,-17163477837422783440110814026928198485132068763910722132821383853139158355011141616913019284575481277324735733707649184823248004469257344450961464106738444308230240929221045499597482664827882865516833100813206745483789082,0,-353615968691854074026540864452226001894405764177975703460063857234191356679039049863668376909978049217654552591687816306242385086033883438464540859126455852375425730136361461974,0,-1299985255280305902970933525828338479792986687647751421344510671629215466029206750350179398025785878982789564266718216934868056666124,0,25048297602164951863760258470245017820093631286574785654498006325417870122071740944076537,0,298792557165764412729994031687728030825722234,0,1 # helix_v1 r=0
92193004074523928920739343162411862611503534315464724798106602931726860171265610040007057782072090919072767921013143559860362665843023893870408813957000464810637112124256803912808756264697707093552657617559597223212586484629035478478745924107417318752981584386071459729563083652222796761749982939317870104218207560476810979475387954885891218466248808193422258796556196627679003292142959255742015802581339223589831997948820252641663768486802688884907323090549083292432561014980790576373236559394059558304850860756754009487106380381538238263919160963992828501920833898080746249727977568368214846150069367685896648781506760081195213660498832612923356850027639981338979765763994164149711820100490247754329629715783334316607273642419014446111504734170615690805674020240924451039715745153883320312203,0,866450159593514987109927582978058615890031145847323825248465222229711520873403979700056014008600125349181231649859869271031020773112245433780878106813224506636740349533847581339896348186128045424058181729189443498597985719978057610586505578319694139844262024014911157834498476377427098028095939568734808517479577981325231102109272004822733872945706420149910723554789571810806658243337736560862485003305008467814917900607946650344434654546514674477660843738571577826886690951076850950601023468901310616276531679107776512286206599488372722200138818448104639520233500961134514175343848206926259007639141889312031743239510333764035262833837698380062604122748552656112439296579396492830870634176859965974715929345880975684652100216604,0,3660343565387146786587059135384659877791720266722711603543514619242306160172875410801722006523534502049342563369038553414320025395491100522271384815316370027673577851563275099757119759364584320706274324160351648516472695249345271484678828734840312073029368962089405887340172392016147183875483894769710822237262924401883717131840767830716624785850042289197226327321242880583615405751486526723915114681243085468004779897691889439215543831720678972900336055645431750330597325713732384607648610735173098771566561943538372226104679266260928136091138476345752980728520747094215220967135290653538895544026424182020969468119591787436841697011199343581885107664501255497046,0,9174570275376609500971974312171928182554907296653011252185459368487020319907922402585026241545774809069966107633878393574304335743742774733230711460448354468871494584990661452072499799958240999804432975926989546264927915686116979502234968648058214615106177865831124590854062395596279030512975313773050217063786010665788343846528999593685797471148854271148819865480090483853693842606922965613612164958944931319224726165266601244771984798961984913850132767060099769510832713092844950437493086512537161936027879145398562548477022143508376431893076524565743283197583588379810531225262678779535325857294,0,15166589940424886981966595824374108137694111942338977256601436513419181695506968063927457755052690177802183497841494688562261682757807114689688615156230605434932481295288836900397544995905603046052884921384535812717250364510516380740291431699312066874132563133829098482800506866873494962904139978513637085752118339796625010164801834445388292527259890935332467422288103598590322970690234657837246432541170829042265824877574515653436342699261184146830209035140445328333093374630681042496432806378967384065143853700365438210161303559997,0,17387762757709426573286374377277434781542836384414379805361887877383548933635233237673579381437906356035870233046768952532279950782067740320780687211626454289330861836929919732372339147233396236589723419030086951008062027037441948122471579916630922074728927631951638595958591193260618134157204616175267507733372870625657939619320408249370025537329740885444898974697864025708001356681695013880131768734923720228577897256927918579561477707571576094975436005417329159940,0,14153005662656183408306375137430950338007374362156244262298181394622812199699312809436566430919141768233945211053396834370420775524793865834807768755924627783299152219245718828280543594221977754319060719030931431701333380196261753112433519417623212343966975444862212859410400599204572670954525476730401152887667501018019500889382779341507721968198010780117596198397997327658712624041490998266937092909,0,8232509145216258523562393089140479083655173199290695604781468395048877900990383550747089817598889828855344284497247990019121189740004439211128401929572346098585306163499916906477996305635256184876781458297122701278242318270414156631259590248920005837779896654718674373924315308558280121143480145983098642529002742409425966670170299432,0,3395395369484238464180372785900598214506197372535869039940332910377097681743451818108178434830173187638883055690642629192363545300943348278854707408963076162344808825321079801498715299021703703853426796548810636720516651175146522154546038642968379026376204632780867704,0,968796099380034275012462351585966222911377629799311803665017745986169562223340432026094423962124884195294550995709566335625214432590951631807543650832324878585152829034951741885966017842707530488177118,0,181710749767993859787437868594617985881358690609358675849632493921263486776559284215007588839642000194056788608603962049028269702384129,0,20145339896624734531615909311050875890628111273288034018940593245182,0,1 # helix_v1 r=0
3562220086810225124209452316609946585526297466269547375057540485592628337425518081953455674951388419588511428980271469156535859760271304124090114388866388022092109138856617437029383377569757453943831536888597750166663360805301432389829014384056623544669766612317526837600991657310908238500080463304188047095106459088094963499817476430058898024479500527562454783922487108159341799654857474108363326175006511168368547928504274231610381653399775083969317348452649751132845950410218307339508298293962953013270671800806252658162631492736235557943028336041962092573156920880758333196618454047311102563311055269448812185387927530772292415795789529992044252698307910589198338039004029177898111078046920458066488251455396438478032088340919436361,0,1912713882604774868949535697812875604273092147408137508924834872976947420095038241946044536709129015572284189894736334026809381911844094487501195040213528966074396630795120331844921310398924135048625715690282287317732121647485844590303121414715574901777347860138162491799021463325837925644514226764362977628007196811486359046152902565443177484438417794068642850905212923750387431596463061066997661353817136297373772193128417778242403654942208523469961256941817148370168512432280265840338843570008088885905870936089735175579495216180014833942777776533844902917417974255870584344817337236134676578528873497673768217472705412694350902941099414373677597368897986180345543002822672,0,441204809685318542283217574419676366371402135769789817969015038756699411635223192861255737729121933624257500586525930843307116248422040815212211387480831029272265771816041675382480746081033695233703929808102951491290736165205468576116563542688236481207785466549452745194802821567358907546068083773537260191426644074090450896979210219542083698741595066553954298938899342294175996516357721551537483190173299922384528480444910461212586007541526988097772937588936906891631809233249310315190651171654818496490865297024538506139657194093910655187514770199049980186504288584929875807769638751969077088170773138121769561196,0,55447655280685988190411167429266962733803502517639868195094339995819221255759508583667055149253298373696139478841187471458474146663795979046218557913902609090543286985233524869013772901452711914739647683523870875541682261776363311121241854118789583299028254887368073089050810700393838704056668574128607519103978784761107247124513443023184194558978889101326245271061870848121283619306478398027007627103288902245291472502670744179671792562414265554637401855965447128355566467310432173565895253025675610652019653994308114591249182177074163527150798588645150,0,3914397676351702023721060152791359554749478744660742762307173306894796238863946261488836317601659494777654783004983376340424996350890574213543826458182932563950586321292627907628931310470801041739993169848071276634036921813518992666756060340036099774245044303958635760446534548759618896983385090104359829237570714663210348636186308835805653550547034727678805507580971519390842925693658361130123710395719746327680676349297938309946330042963376964515417398142381131301708337968619409873127006775,0,127521969356023248375111269303486773695436217191276000611288502318953901436431164759833769238113050236625813549148850628331840622835220845099609225891717587065095943416451081179103603388817208817985541004712663343422779145463022915251369116079350583196359233329645989483756930916084527793296486166824619918841102852207067569659097418172396909807501212851677655216549570752490111470016436820725900628337298676971245013839755175723436,0,-1451768841494332428644250240612831776201423531147719517289912942687195399253939341533837688605667343246091272488223492868706458870128978834864702501179802839144732647563842644276573647391957946111855600240967430839003662086461390376186227509401672419910091397185105336914539675259189307342283599062459151419492543919873596482184035650894191431134767608742378974820097867,0,-268794442898600529138176271588475732557547018970067644191560712477769253041917985988303129948812131998038726815211970578525875539479168802404184204732362268662300529038192599217493664650491875631133896707979669356321803356129805177634875103257119023259134749010320078154915369655807386099107865278290922418896,0,-6988125718442123393038524396465503398541603658350854805177250769000331012200115130260393491106791463690693313860781714104133022792327106566265000105548148810626875445192126419806119652047881616446008851246622746151115467363773875046352603524390746,0,79289641209910966570743445533542928438934171308450344856691582933290873284915832629279734866921083117704973321007360230913734200475392900964584420901128126726764974075819280830329529428,0,7653814980264776388830680548837031663332034949533148360162670630473251287406743957772585117131005831166903719812044390940629,0,149220364151529282231641918045890512040140044928250794342310872,0,1 # helix_v1 r=0
10499297664027546795065077814932470550162631114311124285639970773538547004514754564495452568570824949672653497954237093262614470196476825163346509243006499149638408034486153374013244885459236327210386512127596666935866675477661339102247975750408269043462744666951890439801087248818064857985822289141335297953755245309471776067091253977685006384914790603186063919474835585121192917710912344299108334675858355183187207224669347403776315272984912080233904911810294929651186487142794751243838629459698322693938087054834678315803711609746022139757599651753567484146660737242927498717719566903320649769367243063228659127858930824430751293616219137499,0,316571799401727995320707319927977504721765178119177984804505473627837531218156052733950144859086605929339224959631505285635376966863469028708642082016199144311738583930429174054358591107995202294434576053130954932341223217431634535659442979982581388954471843039614899523172112126381568268765390024927082836615649908828015825557943351353964768980038509424187336798582509858123352870575557027605084558463026998375854188222731933721612051406913844602670074626994237234554300075579940985400425759070800608279838778495578157930937487405448161467629485287158497181557514321116865170366044705612078,0,4425842046647127970941342252414533626663875714517800681902091470026816521728243620228823174000302369690100008138032956901447030497727364299448184910144391748053296616507327080289302302812654438115668078591250580381834429119582279854150205793467359872665735760241435548111774655757167393646381966414211410462849442989171597511850052808583477333923118681614413502284303314814397532188405495132508813733037197256652454027202740710763491304052841959666966296841059939031205888103387446691073379196004756247191113094013282717234194518605228725,0,37879048243226216361189153421678241250925814985165202089678408264306438696906123928445105217234460823405323640745077829710442767459868821093891048483173325892332688672116313164878644960885197895642867492867441948377424466422134068359556369341441567884463793760684383174208721551045493282110196454212460639576913017475637192840027086812301665785942404422940964180364987011082653163087836498107800504407892761753366576244201516482388248577840171342664412598990841024875540510365420022668,0,220646228182738933776523011855792740480951856600216710477070418468548901324479549200403062012498964803906212867089550030621071653497720089003267660397748491437805994418446468698395257953824799384787761895981726085284101019532129106833218575372881749895438658175094823384450818967449850488140193599570893125350275425863979971989684191099884109975981298997540747497520531856715785518571074495732017520021680124902778635639418530305723,0,919894077528616884529498590376487358695508802924903135036583965931890163988831294042508492603907231004327086523286331072741935333022454684298489134161399415070284421625344077866563310583493381172824950736898994595878869625752259262830053811294887172062719136741859757221925312731986999046916966140968563013368140628941488535157534431120018064328602426678170713261925873321703248,0,2809773809886226028292072682501591152868027552778450061335707237685585251174139919600272670165949916048874573602618079499408835596420502982804511525352148590328078487543763557302724166563088050754568431517120065507529976873756880189873988413796159919333599860011932270900064681601576941875937840121239232720401384023764635174,0,6325510999280581950266256298292423955705126855127712586028838735636313422510589895678278889220102487667660410832952660681919888796087902353316313826893624350232737681732721155502535398199217861599959717092559522694234181464665792561596182713467977513903617158543389029410,0,10401714538806910139001516770401606805406428072107890712670309049833569430493937182738120549032075658354624765023392950422562388108793901198227644893268938816822997061261597383277038976570994533679337243105798342688787,0,12168372861035613951221350254734863987789054571826173169176752126842318481544125383113763921329816830951879343022462192513059061392336161335112557134639399527662754,0,9601115310668945458509225975993198251643339774888349424497639331687107039321940480384657578730065560644636346,0,4582863662194587240673836184373340218049114839908993998,0,1 # helix_v1 r=0
1072885303878051838032984106536047476036546520286713187449325761653938251218199872225696220312594143585779636098278875455403468153689364025163732780187914621420904671232091152993194191917166135018181939268718925011561257819507262318432034962389559103798585605114289689571044662294320498713741391579187154473192771474028655321296757802631988640303037365233451160143883142965833188019887113033214649502024087391502368691414693425313266238566991927002209970479246316988591343430258095335967086117716349702412022401437793248640311679918131990979007329413108707578620347615265996339413972951596981471135193035573285285025851035338929284113222182888152766220504637565126047980532950326348332730662410474428537184757692030929176173912929017262896961091685600615633808879505719832039910621,0,-126105164875193704674966345475696726660991065049906778875100458183425756520012113518373789466251746812004198840808790288112292981421677634786103913093875217248750746755025196590919408362705601762661485502361442119364586815715785078210532438744266801548122299951719291781457538057982561343199145052493154886381729498751249167785840594775162601199242985731761985539834202994031318207964911910195264159943391095769148794032037818308192961668702143494456275722553969709780327290644290593785367278618142239091176288890933794739450268085591947311852470358420964339719344713374379981480115868577483032166113890741026056495312434889911892800923589935741939931382524818910175108889323779664965122487347482033481825842025834158,0,6816182944435720231112855070593258085201275999751991458862827543524348911963002128505989046739474526817807706071414286222857363426054791482931141968573354214606531249237848178450655231743828417845913775173061242045381774220449225558961705367416148856261523120580861483114329323830195963815806439065332740581627099264295619530617199319188195108349218084379194079580407785855044747638219467594670102490190605716285432678830476921183882331825543663738116186177198923490289884897357860841487889946297560146560418196140612253751085626488136367759187686794764680086258751950996015250137389616598444029211887481683787092461551771924847411048091925775339649196,0,-223892546732798188101868995841009083996437049347429510446693997736503683799865842021892161160509597454824696279265579963194241947594912419119543780051126189317040309086503741881717894330570677504580740348621601053358712214762546959022296181129445359454770471593860224023811568247532678276379830590640795553763104733663810218554750539739616518043973095802854228049676675020863524269723359647859329270656121654683757878630122145557033990402114517972067626094306456313206840185985258722118463127908075023891939654694418867242909427110913163409360182010141768434276852932704607849143104400918,0,4976041290284781755966320068309915522771076342605039610129568492964806648645076111280285460591891038053011421206233832132981351275912672028096106082783609307693606818021271895824643336658542624698391856281125576591392681106523966672904589810267530423150581472090714815961912186333673269632919302762878666655097403090390975818484645568542637758145073827711516852528990021599262270162868506043314211603673647295174158339894178322615434087202235155696729480623711372888900924217151650497097979762595732832667488165160736560578,0,-78825459932125354290296141194298592564214093139251322683452445150447152907044037110785368100060884033749431448151059775299136260789622883742432572867219727228863610728449498336044804119419742455487323492356766947554157053587951133220240423329086250775191899703787432805540964878338708037211271446089174501293546927155556885617382764167968153758259804141759694793182125746943158800782467229800445045324196745564689367559195487849480292781739349175041395489056,0,912624611870960959777049732754213817999824086645451158915390449201380351117493399125367939694506584337549179346581788869363081192711910384544041848096920604137694207140652645048621528498647364199191113092860765488874159115876484987656725226569365039870689170059379434287693635054834909092226470346295824250697045435216649050097550582210163023388897424046423756556233480320886038163188947254589,0,-7782004772643416301020424383562712409176583864959508459475824349491376839753411052511788868028083131980259776702575334029213415325133551701887078630876964383522025194888592057882477281413343979566430991849719707806850062633102367296483629676338592397479361118274339643771766943906134094002499390446788655352744263595784356734778,0,48512892180197787073219273040119946008458193827063019666242860663570814219208725499776959889547088884655088419852415853955461441637769137170254599756572500936335392674230752788905212052701786814427929222243344174141693657401465279924064866553254319689050784344778,0,-215667609485008085803065620986296823470373165618884744300131413962127716245442375781280131691895082862065541092172990097135655188206178603654774279151854884642580686953665682904577631445347034503992,0,649133449569193377560394203883038885108675833247271448400942988382820756928829706708775978094396086431252951591185102227827247910200,0,-1187997205452492516966712285220538160129749451448262415064791449258,0,1 # helix_v1 r=0
2545020314412929740854759637894501434282473257993516195722941623134812601750051111802662147546436126624172455249570513431295273404185595156726570006525712098702218015411332706390373974978096948769628430056251613189605954667004566500928023144057093882487156909696016310412943028869035916415932325780704787319156476896357217478721610352049122600258230037825632111320685364014919353835754576166277479657485617304457124079366701427418155513539584754687826996108675032271607227300574379187689311891770187384364088003502386269050135989233666238683440100852479434639500645292094635593673032463497441190112795760992868950475723636946173571697241381355657310646213972179699507596911102927,0,4006885207471224284875597157285198540827675948996088316233274515157808482620041124367411024994965253667673808137518871834356056758190509250593067933355299705843787732369561783080061509692407899546398780418788088475932547604133900456659192018796428590011523704724523753308090748141186698037234835471629877187320165029053990976096715542942680133152800840903895057296764293017935955091349063943338806675225481131780749908772875925799489074406999489390668493375797470718770929626489213772074571951330910305018627452265369833909642575471081839293893420556489962864775658643677813056233928619370754119543440301821391156625189136,0,110938335361378833661319052000166906900150248313844280436574840129660702626204259254347191285597439645074421727079318607025811492365688660573391177959336607415968728800447767706677136944614634041907315420965398016412049180938017409030176186230545090553800170647202092380257893828000190021102459580918081490120628183150181940414789590912174707472828403117065352241821261128696015462744631436166690018802430620794232371910574808194417820106402459602114051514873304335236514281803665647737262958480276747091014492091592541562470191296016520450837129894794869517035411528,0,2299677600769722794254473818036195032035564460150297561273753460455134538994298935110733633539433233431739711529619628584975439130533927342185331128747546457298450027061828436911014156300198548693272621351380098906999136063435524819745097189406970171389311307413358689968732956892729930351871710169956404084472284536833505621857060264372862980294265043981544260421761391166679529924179178405287466140730940608378570137442924642579188857869565404966249365419792710249944470160176736787803723616148157555194262596,0,21380518531383269404495709618141809087943109579595491152008349368213566225940396904178024554626188527771205700654608060172979269829788001060816555864582840059886501280083477975508146046108668127998209029327990435985921324169841580933302659092861402158235564581881764979496974356380368013947769854802745341301550877509029401579610543458382550665072035160616067658799920947908539767556990185518458339814112588742527689006582395498820685840405244473006606875,0,120121655105460414106948708172891882085460408819650774913297217566268468740700209985780786785507183244773417569949312360466383225676283667110056265322247078438108379439488022635595275895532474464407287564859129671663702145031376184612225729619841893659381029572072803444499051842568345416860179636608147430452683355192629479351927982268184029330897370801398748543798572976132155081314044945577742128,0,465220671985826989252253797610232012384710053655980979159634009288024456542325173145790732996517614201716181699944640689464039206174316001079179340506770434925579458042696728151865251527603781175268397433653670285933787172176264248231288596399837020018971482809428841608312773525830725987590964206553639760173213833474124454072329991145025352,0,1313244811688117067867337895105109580511073447728901567838291835870331268017247139642518915224433526069500621371011198295595427229829949910293612054679873597413838459228839274098113632187468504451236217794706761145953830034741817237529791171123779873908595535094135711117876992285821496,0,2758983368524209712609097920296497576699858376923944926684153397992403827603297520339724221410486639121004309635210900160858591292801468078367704026728028011697205989404521783416738470972967640591386073215741710662219640475711413,0,4273936057599169775821325982998908731539437665775709677376296060064547421755057751302214526775474920623573445003190580932520772748807612703840614192320878599235679644738336,0,4684879162228189235438761395713064098811440117456455957803200302965008871489194610736479188534051197317079879959888,0,3206520682526469846455606367278091609680875385995646823908,0,1 # helix_v1 r=0
311653279736533787847185541120534956183191631761375651653127086001879667703341422414927883608775355992568115734858530895715289923502823669736753701548529379396182930803687875009846301956682857430454808176330761223401904119876912554069785723428829080722919529539648154534381426323085797810687764356208299547731301335721034939423842230495938175381770903496884185179881139379231243350776189816277459994319512516457336991388650505310520256799250587212740603256365761703153978982226975005206507908009978437604851075971248864933374888053346460213034758754634544463237005731125642368723624891982971619147604756886016616644320654575012775921499586806907869003722755224292543608824382256252695204803167937018488085974587752124891509817509191874924736931202958975194080406725599274001198866097293006472934846041929254691876640731080408018817821584159992099277546042883757917,0,-1949850712212672870266988267318390289246965909260111690601433134236733395719174732985953209422111252068029012213868052412611549553816556772357786529291221482656144194228534639686160770122000715302070615746393978158667567377565711788307073538448182657585150691689514315731355800703831892055339629711541460305160228066673512593033924874069722940123303041566492277717144572580986542698937889733622215224045760739918159995433907904685944410809800958566067418600626715257397924413791937230969771478929535121162560791957929021664556505326223106879376614846865709904194762106436891831304009143733486053261546127140299647382786710495847300975200144289171577337514141618184082029227065494124823603105159007270951886355078907845598420559688849481062062888175195522971115503826846728378365105403199095608,0,3703069035871066309973593292200473600579623153104156721185470620872468175721541291280804410051227888461787499603019929383399833566056825389234151647621229341799901885254393311328054652462810314105402138088058756716241357822709046006501983371832490820905086041302280640559564849864306501898933562041287234385753113327634368449558521095407257717215452943257277347142335190839592331967554911619155324757126720657633182305897598615376967450295872847395478197032842789334258643335404713044378420777845075257813580829821692905080213778251338709991317955487298165707703785444938872859298741553646497949729901835125487516736420610121697544419170944749436182626051502509667127155297230537652517598837392528673081841914629543960435,0,2715243191635972959121349534512262048318322536430227427563189581778682317866555537074251983945000287585903398626737616855084864295600552118240435945750793927107677197512228698441527942624990860866819115228650558000582080730733671974480104453998297013885525639834947942365634674417824831104619379879083210810565189579264537731646317075164715279757130190690408124285325573238663420043809562892859589584685825341413726367124025267232393296382602215423856598942813563901206685736459358012214390927191436581263632858435582481132608508694776448251235112311303816899790105427829476896957484352412357965104447832603837040700259935917552636315792695644772890,0,-22452547645349242360381636410362667276713358475329822689527744775706315787174659350314215661248073849702146075439273840306110370114795565538199834843213250509925878946233422682151506790186991450954744916475745891561099253379793495726785394016756000410688171610565266094212328939298287881226601086402268153212155175934891638587724708865107822150726512843470645906846027184006410787725318656036014666695077140821966515317552618281190231519657638270787088460245417717820631238117237543200300060955904936931823379539135049423678609283355757910546875961816640601393094907014861224119,0,34594130763913491207839483322166814439377904307829523611354973665131284732629526077920336607266005959918956414279650826421130984660324626104102731708680155755598357644112258975871219475840564598434829927314707106375938040820496946069420205200019620922933790831752358925344776779819020177376856537165387715438669448351698635308405060577475797389028824359091925582272897022603336904004184113637427170486534525518046293475971066421249386933805778936758985945054303299998364477070356310100231830889798204977466,0,-6375518480648992754861434864481671502920403458137904125015452433954555021971658031591451804766763164299730393358887963641714877541720709310643386187367121670210250043883644703637352067738255013550779610421569257752883875156325629217632995203760660999443284161397320114219816896681898367173218282067093257696568219993053581864690816498866514780168740485592047269949201681741263758639272317391168187658674809547785000580580281082537902,0,-52241405381461719804624212831038303880288977245972110269219249473141373248035292841883061339973427090476984042797373246553985908879924697660533267799042523754340730031373461732082965148946305749808721218224557281262079562824478018295672213970449487100209718321335167310306609086801789171484584624514458629296991782222626345954870157287915413070558328020205803926,0,87125423396546475122933889293406496871801037386320332573019531076460629318601125882934558673520154255791714671209224212053172929283512486334662546005830397338726896922456190052476377878084376008417724864047464769904337583928489647495492287050023165970336345059710453210964678224692588907889,0,-71315295819738931076701955577175904839974870235754712212444607783882488620887439235692215361287316826343943926705038358911411125381839147411785549246036667297654777268736327542382446084210286921635130564748617867391834,0,33721469523713742306772832364546065409140104669203347787848399867345410760320127555331787945054474343560307296532050191368671411519680833688268428,0,-8836363714378714840245307663460906486749846505856230877059657929357967790,0,1 # helix_v1 r=0
792806977276694090815411919783884641218109630139893182737106151356644563474595476656376245416639651448497340403474750260996243854886489528975771512160630853410874258934882418076481144834764958768363118216514936818413940166849884634199119733625590450888490531608296263536373002953628109449262634933784939206735942783350427372780128517939444834056269143275209606307507872195999019162404955265550606673365496315425361212960623559315065464947407342449882485995078572809368708180802745667408367080774643311714621210138663681340243702099100521205815830431996058725836874534567476172543149814537322609643200642569263551253243066784377571793747276071021663608755076754009113571343367,0,54412501219576887607376564535579473616678338179323326196487672683813748997982090660076806452793245948667663460442690274996652608608356228632741756093231330193826561964358781282938647504579080172340647438569508672258152268994228820212611969843835510325428290984919472249576448730917597567737345872024457502681069725519984995234885002801084772888709318648363274216235636608437561596533546503762704837653983663319073652031155658060593442360219153265510443351356473647148193130223374387211344151757165588612309951822325410813552297842897854981119702574742897041393049084044147552451378990871474585482433029906052440758015720,0,1740067726086338143948406338234785820099556733841289107000696649107107547417728553216703863233466168211951540938136419460961765334539164092733885643254618080803085196145292147551059784611623953574519154797459751753167718974769922371411548614999271781117170944351780677164679765499874706856832900185867531553365862050014430896342569318465894344724418345845360731363701572145704245719354462371919267342942716407317400215334001422095064831977712997217252344856386182548292870119109604202845029281343643931834171457022149105827568896609166716978312148929868011094607839,0,34162299581604300384619997091378202930682245591418650388039410971666487159268973505351457649471907630928679336141461351612936465300980607234367967155283618193442089986986160012783343433405179395680360813652192196669358938337087014720751811456308463437370667187297400736389741749561913859584111808300432881741280009497919892045572716619687328489132257338284287084701522304174514959086489247176363698328215778960060806409353358750931520449709825503575294524811068628705374000979028182191212517000549589805111710,0,456912031856661336549331487310706982529082476992839407063576544314173773249361324471375524699093129106810546370612605554169653996786511544704426470920457013075204943412242369347395660621581152378172989161128212017126765254552879134715868884365753707141129299053412027501942120336613383345484626508683039412166421605850885886177759230809354101530224727181721500154374763793474094050291338253301948298957261450924419047876409312567956460676314448240719836,0,4365420974768219769730052987031753905753736789705288842787236765323306451641412759436151642254276434601499562362969791452204581946855516627663156761003977695189042870517174984697687580649312501730345419826176698126052476178901472035685402739044513226206655655536412500850604217185588170316693258081008045977299049361850569800212480043207723090534190004154618768780262013990932192727873876203843080,0,30361084811065134769398083699008220205157223057121334367579030974431795517801353149152313289639015989482323648303038835310677231505537866698801239824306153114025556507546184291285215080571865384181433262679876638875793941404758183206155597711824893450596659587532983372521577785290444422500869203230026418208802942141452601710002492548867944,0,153536292041706212419640493147663149169692022251043964381556150123732545641140293862136335496786327236029647731568411352023140981353093141261506110132021726099436150009366278546111080099332412137267078981467913727489011116241987011554690431778367085906898330529214210000018202588986894,0,553341871285815322275864984006528307236369590564177495865026992334093550776647546814774706514129100958679872514193636123462170100960941157575726708169094328712064162679117055463353344070473775105289839624445122679595549496879757,0,1361897976374356374115737386466978291122208945885504318159562926203203888202632913625076856405665813099961440858735188859321131581503596818854628350057938169375598485478192,0,2131999598031610393841931584750186599221464748062396250559439187218806390599416923195051911285643165642314054061527,0,1940926454655094069217778254149834451080462855117195817994,0,1 # helix_v1 r=0
371570000010697127714292489143651902909745065102302278304993448219084668108321101422096885649245720603380764867561186567816064045529258730394807003672663409867118211300524454961816193541330348275533074480026699444564882608538704631081360379668890710384308976984236527839166189167566549296713567250604562637141346489786106167893078418896675266232386934500491745102829466917835436486663445132771448245459642601613797824640384560967358617093704915138546131867292465764436212407928577199886187790238476992319781122939109803930874678761497326056485299123683911781389691931440948163942187378265386449027344416506513511659270140033321957138050871977599800944144336545422455306188214119392782723524851509902625266564275924751870398107714306073165954940676186086474578492528534183822042779359533416705053240867746291824332532257260377,0,9186855598723126158615969087458117040987516049038030556183814995856177552466772968438091564940121557418138667303079829870664021673987384700191152825214996343949786832902001401242036047525906848581845044040975100110236414552043505945973543681050090638587936206541940172500765514502755558542821853806955985190392275542090365780793756635829719722196177958037390788478042725665416670920768356307636629704269380177545956863201123827885085365455348774780688394500469833706458444743399898874164788694156670908327419407123212636920067730437060540530587652773928209870900592947711746132721126646354395687007161264159879501184938720155511959469818792861022626913977190834554072309544172869750803325642010761936849003984044274886535579259837837003564869019015383025566,0,103241749160645267278451495742806648338024498720828141605019935940656747580755961704364224364408835392970478766428080774579629426156586156649130748152603929721529292803697948996215068889859671195603056516561709374450107617419837947251833008034154048427015300627008485536751665350806687397888499390576722416151758308486710561240057192393292165553342504708774722935471969311708743902036888134560746192811863973504842158435515225621981555362078719868633688331206407484017349181525063910942127097752053560870477160446965804662727960867999821679784430783183525097904097636107666487248108259424299002540243490374793097977061096991463194740233680327096779019949074648199754451912728541812155045536,0,698804789155783366211999066507958610265767895297108693740062612564526549689936572634879106562837707060414261250005612831477264944314958152757755274426868658690091866540552861055637025741670116061036760674887925976902834281997961901457336309604887246515203869424454313324138792722329487536679042185043822265171448273882096956688394453820806171208984824881827626262504349510788460667358544179579865586486835005628963427224391277209925441239577912176505899554495461479950229376107984190895334202182632782856997750096848534111864936223958807267809373813533132071240005697678101284517488234785688262135827532827700405839616962,0,3177713481063260374289961522010416182802629260996349824725526396104498268441590156782309143172569614573504775445292677997301722280005611026949987486714733211960597317427212577453753265654282383841265048545396129039396520610508637040540593565015502388508640817323867304984352747347216939092974501930363939552249709659595701599064763066554903039036733085958667054059576273748761033278357916825159428144086198759203358893940222095224172135776247260026805853300013022378846467964286122255636008337554129066737650818501450605655002073573894074400619468644262,0,10228066217870545512255027862221700300391923244749037460367212577646685841700355367071405946001510933635457499176881595410951274984337438624055728201479182630296830787759456178388166976943513943272472992774738725316514968223297955626747498665316601684799883309640157054418695118672756319067019193890716885080739615730853443239456642445145940125120270891159313139408818369649939227304165586848497598023938944418366502617591605109538826693438354593555642432967140053475724930909277456900,0,23839900529515877927171222258908437006801352151690979370183229762759783572002496096611541420156291652484961311609223435791882091901429372752059623520878233161560201407690526457820310632496489588118717536400229859149530435430672371081462578280910189900484808764462262252365031696139602389644746344441634716816360188195598521871733480273849070914693647918581077195311554067188997896537537831853332775209090379173564282,0,40341426566681372580095211933973215443796997921241090529327042456686284085655632032631522702024142969089858474727508064896863615077568707033836691308918962774276099925001058287251704235004411581521300587662537716678954378301156648845505640415505761661193935315817321196686695091200208680927141902667927186137408054933214839952398026128328226429548,0,48827123520219996598096396192050444028476703414819537482942914269723460091185502618793437859978441429575429227052702564885147218462665138970287607512951531664086393713123353904874458104985087603930009165570506877510279429332852075524096397902267045615617316525400597126520452832,0,40888179811530120435606037995936874706228267269369747905355200164863845092735779652498068411821014706675984543570895478826443971495610513631932521965878220988746544205738265564627764272237870781738564662947168,0,22337095183935845470027727341525649399864527395486723596672583710374283432956785634551369191109265069061835321924650769871425234182588933787,0,7119589000764544210598491168298531586886686504027698740687466330001722,0,1 # helix_v1 r=0
91137087963823303007629567265174088696086718705807872037435342499125057861027839968789681078263530976179043163101052317623541332838872061102552803074476782926067392514218504162285124147638298874567945398385754656637252014512911908672818119760094076194911120616889289539477468424123695631667490137089548338721161369714365992860552883232172258850997185774947303107571267782891743857698495951216319865284277312683315595294960265433110441193033361177429225018294934882697785692753150680921165812150247305534962365426347634671018837916366363761262017237672097330632626488016461237603478732480966627932149622173558200470830350341788492433331503756422877632365312803742002859659234872530928724482469330117281673574517206495305972229959267876867067210973538296226934748789242412498440896916164268208898847,0,402964523736507942962962821743518581786769875925105152094472191201015888864526222448804601568352289413730305395349175519891042692021522974541796044818584387262848565032460927783041241599250940660600484213448880039376750853283963275960670037767619816030232975394041613470777176085258959954876961936882905872925892785041546923141580473119682501690649783488005309369669233120014382842724987100372424275385018309224364289473012151742488766012262899770572023715360336156560467390826022954279802872484408549559526117682755358703694465831069690228947249518003143582850279796936689512269029662054504206464614199484072616522651744572078378218599014622879288826823514433243000309383713792490146131202846455356304799136248406964201596543476860,0,824365638986529594193016423550259180506727999118020047637857223279319703246780886692252453684784564687890017022482920734226446672122845188473680220886755258489132504940813095012884796788303156388703632676975989565813498077701331499662802531210316940818167678787641654721147461339182869531612412466251889958671330401123875884636595927568891775665839601269478675467069352515198635550268448960770618702128082837933660509388260174470909522814071233362523951741682489941047021445059673593881246506113134722636622309880111587265150918098548977822465953596082180193415313431263302777378245636929922119357765229866357249254160565324374472451241433857459825277818947258522978,0,1032217631936994608231920811946230733773594846199024808006746453768181387745356827050287030536433793149449009861181251864708559439580187317927301967777342749117692072772551068912548618990946694940062533932749949326290789568837667715896963988195230792861810311062200370072266166547317325740995598491151743066405348465303232984787444532347162217484391974320280137587078977503051185738952717063615825654214065759471800111783847130372903534661286658456124124501501163569572280936745784469003687822681403795021162753307290807065939630245933913857516007011946098511063945230775951724728079609975798949555220,0,881162559391128203881246194874264802888418192552828626454118372514041755425506265184296706443414517793127642426995239175928850407848676928383744627379968950673576161785254597361219189423459127618103549985683242586026660923282694412953105390308899626307912583128086102581711234253394565725587028508982986112552558615493916307857812944994081482670142977088867175909926950162150013841357973052451535774216653458488038925210378586813882093902556189332981942692278408571658634380415474122938824190946454579448781899608241215487581928574814,0,540136735034612287711549672082695529940073527904834187435245649334812737908757592290444461736155248811585182573728180166807883367214996066013471593585641335576616723469087417307732996739620838478573623430002504414801060083049216188384371850356827764741823567668857814831552939764618461821518859072760743462587390154481732750357506856402385079766340549840654230241675564072788909368404123411834688804720781000712968039479627996314859381023524712107542039113744124658518,0,243638803736441341257841773782062824751845503829924814400353051496195756671263811603670524706824227841748194848112524041216032585445737937330628521379515814042120211129873777424333931099954703030495608718916333768640570250047718615963023850116242943055278254894341522390828058376077874635182425826165673287418679413688570956464954588205990787081457517975628837526913058029190602227967688380897109883491,0,81408062286243111033253354558406511926251028673553138897967982981331635450020658153987354891138532394330495172293366646545276914156186674587555332406423184605468619250736479597829545459923106828979264420324658997867008630045524469462820063518788028105836717527571878268038478756752503956330657515286174607274639470528990275482145508012,0,19974578636768368852584323881060298771345122059824797847044424846582463495162872441979968123857793769099737744168691358960675369835428309616819721000316250025631767880083352890793815595224599768381074818430338993261432026729624438847012964895385975522553093890658462926,0,3505092441651682243013536872017570343484151251644174569010329604237326230970561045508355638241819908327673101516183677668767091668692622834593495293739628831698603932880469403667323789524942453426334234,0,416934672904793756193841266168536111288802583096548835017248686339503401750132916612499495988003504694055242719227644754371688408468926,0,30140770070433991373078679299752666431125566848076504823402949021870,0,1 # helix_v1 r=0
14238795015595826406064666760624042293914467042192169132875801241522418169882669885796793847116440894024980336897468913426415559518983278000909691383593097996376061921165749449353967377692884397374208149028000328995296276051463352403760132903630115625957146925597166639897020865122682033562869612439583036138932699,0,4993622639440398702842425564092978753020301900133016272681516848000258496104152677859215699199623030850106978644384125242045461532166875597215364108090984206532041661549742826231987001619937687954916992124821674898442224324561180962926409740416744845564809722808475578237619685775320877240,0,676434741749540958006837465692869084188012933559230565807651750948507290565106132014373926505973184555871476751824429989195768508733037157905588514856432752749067215202506566608605070497275336245935716481797294700028712622765629199610133002802899215599278191871271,0,44534856061438180618651007892548156209425527760079450782168372884392384943054826617127514788855811286825372778826164897749275702333465163493401774727124208218928495530893047419457595947121991558534141400888472460087139529634289893810191585,0,1487111504143535956598971304588351429288000325133235701172172470840013452879982239062948382001260067743082034262661945430206079110976408647451668441237511388655194688322036201190652033012550375316412765393794290659,0,25175251983730255906402685708612035450750045196228760752659126533567086060415249399311334911295854443119596017339517295690294295783259259951792628086592733796076379482691391276705733784394,0,253075927028621910932470809456299286786680457842715509741829199599704329947371038993655000565950936778665747480343147470357278156808504381336805533614916108515740,0,1547894938799572440163151990153459521063122756772501696147897480991112554055992606525637612047546906229369063959201458387955454356997861,0,5306396412521768409550682808432672361426196450465277336377366674708922093480664350102082245994171883453082048,0,8052679470511484327162764541905909731151489552042585220608314287351417171316208287,0,2311397166168019436750446726074796419011056106038500289,0,-2741661784290541861772617563,0,1 # helix_v1 r=0
267425799844372575376897233863035557090036194689946808638292331618498752958393279714965087467832168080171437620920671022930675323709267884909186934303237056474783379632755963240627061398912378178840053084166961183665890349485136181598707085601843513082707715221922165737701557642168333151688418817497519878467313500546109467250572838941818849549536984494928166107983192871433487190426551522932567994356595822481633696594782344601485681769511293786494331005826532224537600259916216399275008494320039519475321952421483600195016491947906822040505857455321416912481283657882943114775412345550529465115051366304544705471037767738874290232684428877428514778098167921609253747003447944909319668280319720185938653055647740559997601460232141262031293420741,0,-15789524755105533509627880197062863958117943811831190465635006673001044468398628861376410359303493095185390217747204869812848779875934327884135749233607417875009089110533706472617673193566970638980995579834608912587142151337551479248050652560798011151173887181513638367150416098879445532403001375523917070461192129116383999200398569979864800517503152236050559510986339454320564268901747330593176998764600075676309656308703836095428573009836770409065194829445724915948874519382379896234734464023724718836231091120686727757657795575249814198076251165736677413913311482898819399016819363493096871068856043319558984320507879121655482282504149591577171902868569381899752297627373996478788414,0,452331746699143281735881661733945360662131914536955084255380512439295845114570977957782691546842257181911505035771706724947669094210468836031102677881963780455109047593935941909839044925521066967823798666440106229644863280331408027224508926845202534931969454438958903206960398767420578810496808107351105178827669249152137827009891475928430051688681390449564672089754744598812178775763676099438817779117534078494496226936680438660775811137474307622643394553343144515877328488047728136564889349045313442705028561768877598582933126665210542761312853388099064899827676791265961681617355060067054208691001504042195721439317846240,0,-8279970248811625278870380456287976996819698625464756054068993770241672350186524931432550669135235718715014856470893384513193999303294103510675329491108069511001998154036055300890340938385632546037977470963888074051666552229996865596194797252999761104799228066890934939067076157715458326367500867879860802377387741429138520388785019335648343923174060253453851034712400738824642256475208359470697533061738197471944046786713072295640474345724593406918703057883881100406273642452578679794455164597862084082311378686545239146054912090537748821387515772357620821161812,0,107384402735233887547139518808205927389332752681355488610833585012679748507826393797441053319821485653641633663561016876561063468131790073770404807678607633899699037713485078534319134786810446146726305019764427092166308460602985544974683585058598996887322059457991529781739677652979929771192867881658698112912808927445563290305537314309451155862392756613384859350017243792647999799079135590440375182151945049588114290359412693772917318709853681237776676392905209357929942468851023527956175658770923945,0,-1035356835207876635565513019844178797747501608160880826707756184914356783726829402740072500646716546523846762233939389827569464124689197875772958518638789075351639333646490356669632665116013600535752890926765549237676385674637308297649731199182020214787623022851089487314972633105155822119031853697556172401115884179647220162100851416714133690612353320713641925692070266775545058882646044248549266726264397536388671540847807762764839310930,0,7583188647496573212122590133715896387282877589105103353001666026398539321743830194867810409504048323425429981336127725700482113932567685033455739392690409819571058596951552455692583269240297159391701457121225017088204242311641468642489654222782353486247311803375827797367463848241688005939834018642026340372985465327019669235367017562101026505719297157112744761003700750031825,0,-42376339710203664118764501443545439252341171972096763023632897675169164915331554726586843638494018032552843049306032146350239354120102803438200079420458929527120241104377808883049771164685529701520374608036031124968829538079167184535301881617869831398966763007386398751501922993734636166717536434433147347304598022,0,178767742795288704354156290467328782416706779518305791829375880412906341333283703971258622346785263509932550591658561325950739584072697350977980532815441570946027581191238884914609625311777946795699068549904561219598352934164794988196916680295215175566,0,-553533587153030527462866407542352824946844083494691782855363787550833194524689973250753376564142587108252927577114873709793788341452855313231144519590371049197802147125948497945957289997056,0,1190629468556066927866371754924454592891262578102253200317550249414630977767598350500525323839470777241252460608806865917869709,0,-1592934777413725722257083738415561012032099797603880429225404456,0,1 # helix_v1 r=0
1058033044166867467949565243752225185561891036079441734423206835152795340787719086007800431981939259205082401462267423707930580848258297598392942650322458030898961865628409925683161807342057972457399943191454899239693748956350309570289086649476476525012340817229941346820362708350763855591219578224255884664593117617792387024140402808360480901532109622910059020100131157395709565944906409017283116805320189465476273303357233826927254170824410924987525055343345416752790390222631041615571170034336717144407881766881367124103044483268671831167274615012383995033820910093330454935760062063170611744951229488077940577601836924732443010305195092206096312695655921467625258536603188692604442608242851891589094412351463250428139529764077567809119174190685736364440525225522712727239042011184432705438895319622791195734577727766510657552738336670646353,0,720849363299409673079757837723923801335882524690294719454568832628324799492961504614558742558589945652762474367639820966443132283465602005089097689079052726110316157971754115400735528306610458863653614914127353599597481304950444538130842961680474258523932825225821112333697891379968767639029611544868998310340017407656139064508210220126603278963730827952259839581444606158981418412613995306972574428740296461114310481418422015587985393640766138665196205620550108858420529572418619432310529041250675470455701401868767422612413522512052166930440888750096829083566069634686283921593595488031401820032131247727463948604638811705293283361385580365221334113841276836132149696916788852728224820711791584637213649176178645759763959202169717665378557712429535282180319764806852803214,0,224763971926065851547802468443877660744321251979413006016864433032879174015980893733165254584371630021160121469022928869090659795870401891620462563657499036200586307371929820774566862139690223545385632632777670914312442758636450273380518238229929868561340387284825958858274746712154205768227219868184770502272523809264529541724514223653365856571603554699638559470472293734824909278147422834838428891434527944665381654272322620839128402032894230911892725327960582724450941829057390721589591878227778146239350218234500386263678582448672781601011860467828967004324172075072806203178700172886213938072678438042566658835092551332276418093076362136078244632948776702243826755539352948622112373210494429065202798,0,42409369962638685257927340150416411419540453082933521388480402710089486726426918155294752490691156872074216179262369085063348964306948016786916685561964198297933574003622222807412713904068046740737739852772766600215229345502208551539322149270283571931654375429560076944073385171929834507167951998426575314514109700366154314911951951787171869995564848296129266695771741385936714433551790244837721475090617800673266548230624119180737191008202786813606217677362878044802565107598444958599355174150651774059006060796161162644073524776548513265957945714457826760506081783608276839294790176130174270136102314389460285263157512098873853830166,0,5392021015115662049634127419574026666559059663108885068620227837329437903424186589703155567148948167863689877468537239696116909580004320793367940934037980602130311060396465135276599164871428830822852390767433926324718188166332024354399417252606001245011972468338275695159046798928779907822192110803406314999902195250670237146720082579504821016538630971977063973076195901838900021540033477673130145116277058834497943451724052124303902802874569614955369540167505348031790947891459205935181766483562832496830086468234188099539267373721899354673991267969813005519213660,0,486492801206384142818443652574549864353698872941973552576486557106815404194159274358701760125885083664936076037629374770312011161104734070693901683604768159618627363733043453958453072494240334485337967984388182272529753110712291859452497881815710289438190234206274289222945421838755440837813412276119286100809645582706832138704326901312967719484886460485961824891425795370233806914888105022518659601545788749997099383809871051378902548528541009611689851947890020052407648912348992074317084917822,0,31923629113304685420441626917514372068177331319583793462703807635274896875127955678937596349915589189610144129716630789749875597772624297914631775475030042521097620730534610333855620055431815276925366982332738583332361930215455762477170656450896754336562191683222246384514783500616213583297033167921302877367640586266900208022403579588270278563827941222810340057349631998619182930597445031709333045284371216231929910350378590,0,1534186860285470417620265154321325728880484461055190714628106179141719951556213576038075364866123953307878401846394090329399979516480590688439764543578092058188955363796508794682854641401335482067249983772741181589053308410249109279278974042907982028367094573099095084591656618064206414415322568240920317672244373522428668938778437934713889290026696832306,0,53555623109234509791659450748231000156585163329018362415841055243870840310358587718242998670250922897659696240991813659217422819087014638910327019550557636745167319497861248586974144076534288553898082683176432134306735148584377370616003777766253935300210920780198414302919700837102228,0,1323440151998333218425127324997450946350470734528091804929461177541639527547902734741785733475639652319979122391164898945730735743869508426232024730629268549538108740264281113878658827826412818855746896911378696086,0,21961073015450747868010021334590276691637587824569875052378966069035211107198280525503787880423713911919812631312666427917895375359494875942629,0,219585621599979304170605502429596086172934857166506225115795379229525664,0,1 # helix_v1 r=0
2421368679818915586444123054829061939074938936888313865147725509406733478874251348144416463464646568627671669047381402204084605838084958923368825179676083418829005769323766927643436787682445274913644837078038375074419639890332834989489900940397694865449739421454054607171098605892906790782483374909597928803531251413232854453947321590423116856709770707826934595648331078619709858424464599496488229872168361313435739019371329875993331067515537521489935443244989257680761727319822706107473820934723260820986517269429774511642668427835002698412153346120125631640970180765821003298760470015268548546730207576685694440164906033865860108115498678865235454952962470968721694400309687256353425954485994385723151847114437866173725572797368665798845322589680871156013946880536583,0,-2283561759296202213730630652043846826120059048253779897001238932624664403215091220570949376176056275172492823969788452607024255243238219262279149949937947939970197488160026396681468978379626090844354065708131312667922511095719128141629893376975632729293594562215735497343082339577165652379792185619002062090447124666471295957139572681531760103182037508676282143396818533244437274355060107081383300747793071233639633337584271134787177715469849178599362935772828474482915867358684877108837922339772980490327666797393107653028712904127654476145618379091277417980418645787933030006433586146846479714482992980197093966301426146918335066917300029965815969278805136791463184155914548654431522171128891449708524038,0,1023106301149993264406124990342756563613017221730465780473676737960633837852565021841591671160175683330989910505575991504179884014695312443620823840888562794084675332613518445430682438762989623710454660320100762010016151214719914921647302083267202877021534861698088337240159911750363147566778510139280160979157243603121096059128960014046699380196444551380683579735615863490149012707125888784399480580355559924287512061445367202105223563098331631334878105209343384095454538357398042812892650937645642547588376349100539263479666728079770199155961128152499138844725989826608319975365214849836665321896083072639732085578060965020515244235450309357,0,-286896466939773822629485418646407285317958428562779961927118435756932728558168164079127256218494439501682748148282103474765967220737473359687372015418047607540237887489731206528179506980338618948488519589525599494665550152581885230025951437867731519357879689261691168848760633773538900239705650281298010565503477074551362620546054817780729443865886367161935108525969452513702265805199827252870562796481953230590909568275289764965679492779088585237430383590484991392004448214938338317199262184272085822353051136730264526090050677264191720471082592442827981252283315091724106698372,0,55957481703445600803051471190936791144742094888197872763082377693911943204241025445591915947158969327521398534583666287418487201070593647589745707784170987927520438806027397721888415874413681050951519616011513773221633208791660952111506564104536639599658487299518645675420916910224456095984845492431127374865672875391096701466218921902585167701275691933251223308974570893052660380941845979971962127574336103541489356477301241204721021633428419551433101586531439531898128180246903370456316096381479791039703097075872,0,-7986350104681807216231642361567735881246571121462410111746949295808041241306240613329721036202935062182217998675640037159162794938083789472898890808190762419167066712212288618958938123519389365230357939084946192191265579378425672870409354695215135814884991209008409736099872156984238090754880123465300117129851256863223652652603857893033655273874923114499666737782319320277212647021156773743620207049703021450322770799761351626217666544719144474604806,0,854535253960014145643083167315013892699402984247269328018797523973358724096666060735757941623110786597003006047109788393127534853169886189051418230605817211817063725387579373031581213027997495887948673186904451189279785476894898787172717980433346450538519893649436070289330504274174704216343608204216968859038371255385298793752688065049914561778438007405201246328169949886291948592294009,0,-69043905824165310903846513719211021374945387020318643966110037941332097557152210196084649063594744595379853293421259698756101232830521900783098880148088229053271759552486412884527235616517515168470264019124413523815086052821144615822809282281744067323071971499447386866091764498657236934813557145573433084443247769175982512,0,4181005570186351283506636041733640064126352002337429498669516292477944789929363904299463372090576061420182346911741484740960246500410276385874436314645391427150575457001060919840460370433774065365858500204810714566232146383730328673695167214784352569110003643,0,-185151268698520777810049068484486439402768702703846146672965048835822529477803644707894167407435426383445961108583151488146949319309029670949217643414839899657482665205497334041082841603216923892,0,5697631183281952897505022236063744660799417141740564784404319213727384463121791832016554449164542825518898892604812375733267651454,0,-109599955855033169119115184997948273841539620537783998876054988228,0,1 # helix_v1 r=0
268518242762202324545875458429083489161538631167767988014835464807706858819707689010609379644487740857265324305972073153334237674483633906160108403714314404950102109005142220075945588681944097411168997870879585476688986284044615570162410806969528978037015707782654345649787493427832461771205909009608208315808718753394470693474898839849860977357940401796409873083627376334446138249170660279094096116845494160683716370056386052693648632910369551932913693781458560264344015226305031431051893312786804013417449545966125787649590096320711877937571420685770461918150938476108416305202134392474765758606141004057676957823767404109203041723434657254282968313685259195526987149376034972005492283657986207010858583998276872423868591992692172390400,0,-82665367547603625463221607009076547867149499439837676125142730438400530542449282360146851449212054045805866672247164767240147881677478451079048789298026729269676124894719724866889655936918717053965370058782621986377075187167716844247839895195366784261097305774740417258108892222357253331484649284093277700722536382227855885696727272753431018388736437433088292728720677051642245628964327598825045190969716062923357340223281391810074534487813790065479053804268383029439247578628384032943686814240798213126887689883827520046726264122621359938323259053618531914187482405539689231248352967198953084640723252943213980632695900078146534942895485801852540566365515399639421540148183040,0,14759806358914626314820233536520670111817007439510158405139303249550493099586360300672549881365188114111285229711677116588840429133889284225825864391179278864787381980413214348919966968941119091959559160136556081493800873365850182388414277079914537939974670563413681293744566319579089915503771740732261833919347375535376433042530917545485683224105370051095244910850299680753060782948814432043694194334837989841070502616290000990757021595298854379023554683726045970511397731146687685436246983549953466960620288656532922531015759464966217786970996268097127223010299706109516700729639817700681899606326475360045239369728,0,-1449470101420828372375916729528878584079117476758480488174705864360904294265600128281117186772106277747428987922032883050652858964979293326308583405925952528209610544617360567486968080138502988925723521810651163380874319646436024449689417111031052317101202235984609203150193117298875830866060085801418474849982542562367078276005074671369177732817614087196146099190077861213528531562223494775926042015971259958317579154858867887636231456679971465303565129077000277515414090744319698872455153256320951230379575377496445580006299021887194972260626041990545408,0,94114801646184828713892584412188352789129069129812460241714666594407977390053564005763832485849726206376246527650993722766108817248319437733206565792075491380900897423472628626038676097966418415652680104941711993596916018693242539778688972484387845813104418603629422472733959958210808689678121646465565182668080659388709852692823303161467955913071384983906870061971535793201157103136080129129862782700956681200941744401354268751871310911532317236591706507454777134088235125112200864140072321024,0,-4451747936583454321473440958658192507153718809974344836983561295353398517433087072107883134656831997035650675243055415886386862313477263817166378471719798060391568561660830299515454088298601327737179316548918431102187217526808623289019849731575912887686819960705967238792131323147237263426079816262351019738363652770438329844063820712419109882171269744933572225348771691355398884821279641057467427206691373881282262078691083422793728,0,160311981276685727214153499399182127840283919680838673435748380332889142884380546131702254914012316037242262296608801541902889497402923497436915280610358519898635084195218265709273164705674099178490369067390812746756479893299197120990046105822717563881011448339789484705705387861908479808022799301532688257747322038852941847723864459204344402493428706945116984767359746048,0,-4482263131612444411043771034400082534584241619042317389554158004965627562706513625058840823562684126309106025076088418031276041612394256448381899080805223669183622318741396011591414784367873101488461452653613596035841683490658170283630210163395248778558372067113340268990991185598352508826374066265861369364480,0,97992871843504761115250383298946324398075961897331437213488439802448837063461093235825561602093422978127071245011470499167451142005579870241914305447589950053960598890303407889228097701702941842473380165294702645824468389780407017921392036290756608,0,-1656505106852793924487299057943059016896619855101434978502622951147019337705497350489368901064376494230301283758438182939792832508211739906481194801862999652021150030960913401554415910912,0,21126672446547229718062021300381541230308039960573552375020009838569690726677393964501663260907080607495092646703415060070400,0,-185048710757632446843094088594935935529848994745342361725829120,0,1 # helix_v1 r=0
13692538656264956177535635249287323238343424851751208422622793527678970807541799239155467453413379613682829465135745957951343252824564452455156426149337678167868605926605246641433310814829917608041828717245613508239806488809322033406881995204987283015963610917703992597639840110887128088450744647859327926487838035858901034356276121918086674275816802183399730503848588629130679190470823833293951947479605300162058917535860336029159962054590933165147337372553624902093849532659928912687638696093418523421340975274209816067504155839693654465257057449973972865316186188327809765841421783589608607218187308540658388697695707087778813696825852442665297798861333684275441811108862947319242085465222533843613099556024609444160248791796710479034031059309310212191300009724962043766113465636624661961899083622896703190478294267806666872933553180434486051624785021992619899260074257988916928380778882701251941443,0,-218063475581047361675617219409499273692000360930913274914765221125203285246922161542846121507775439178821488466730668019463809098464294610063521496192860335084432233121108169288550116374207974957627177679004045837144369152794359323590298739724097753123308961120063777772757300904199526081237145532124827560945115144870270962682080241838839408915479630948495326467332786371826456914231818496764997299361201971429958200575367920327588261814793548018452989976968762992194759345530225914226473453354365373846122925350374118491544753767108501847563580526059985028965005085488623826765621984848083152504422374273742171582211791500729603081830609588171007720080740889039505053861803011487999937381137667654533770419797670516496692803711011180107293842003928211064853196747607996732035451997903219819247046174590150562724441974214278374,0,1605197686344458960657201687038389260353724399672926658301501965025862088004956176524254130084532315156910487411632405041321806457306646278321520962014887560496622076761597055268194506800468949603181695602276151920732733275296589021941173056951310732144501028370541287794251226884663826011741869684327839224020866395807574211197643285685478747814049742608297227136309875850078690782675636783282759172145196531109021476091287555367373973900345600540967555680633882053049743278261485733237382597698981646025159306528271018727518269328032511373179339550699356993248091455776201270777942695597706321355778226052288429053901362191669912849495220061719964555336248643358559784748234006086388527991490457767803691460243734313746386189967602451874770875733428876,0,-6544355984300414373124967538790654127918899201519372686517698631152142195651795241756572602672804322808499307559030726948163013239106231647972378932950487990463658174773376322379212305818438908514776852114186250277055641682206653999586898192413955646031400763136370615732019997156899956590512368961387521497027517629437862878819650204137897083539190876107212718032784937335963032757507490297847370852847700802431910733395877261543915746214111512524552003363399577012437437892229596913724560507939960374226338075253718696882340860097272323146354446667759499007247456728082017298185369706464146200380801014226380281288518436120880487152961535958169221905508096801634774728688162736,0,15063355573498464589842813103755360757471100890841080550835077215181765047770282522982184464929059623848252035388447078789347425389078730988157327636357277630980977701365742845754567736834030550216036857209947191316151763846105963436616543705740323833746186241892911076321316781546441883821489641583315943463653225608888720092848384674255722392119946656438673149839054313828856850245925424436768923610986156196312350306772505672753219660297884667464541357374544236941529830481987356636131533628563955918614596437507736980114369074337063450229395633196019703732216120400968097558458847513969136926367958888,0,-16293483055288544420946360435752799111923921061234910204620697210555613042219313364367838721431980497192276201438530284418875823920731755766175850066179307126097663388875471893185039529089432344532995354335870166398992617107904748995416283902335947299141199868111809533736619464244714691517206707188910270964932008099725350066999828085313514200181267930474628195583735602666403010469707072706856669747126285198410873046395957685456142697277685801172479451525485445149789721236236846231152853922149702975004023303565006696311467744,0,1836028344996034042107381971672845965526437139013134061124094027733417984124363937137218504052550477383731477727076697157448500944336272075638716433109688085751663248281685926665109535894411879924966110136081651811362918982369964909186569785181654726799587142333057228290535616575730281053747327015053363364779408245744411381490040244591622545442793820048312646166416244511227222974704356993469306565602475966188722803492034076955719450038438617558372149,0,6202580724909064728982973132740058842201347808073198739948884114765617284788186212612140839348142648741397651987443916329034602623145388501954621010224378538229891849833153342995272671305456024654341373580767837194422352136013799973781972029475687270709350157382772307071755437915578511543198280787714718723729644841293540728900663982107814800169784187305790340333513466010719270,0,2467314539582852346209818387187811532902027324414349343669889310067403862707081076863947834242105885497197869843618205122222832189975836387379757260003477919114889693385869564213722242888916655432440923726250163119334862126888501811672117040152039400188202698769942532205926630405944630486417511841399702,0,537901718594970243639261070954747613244555525912327135692869785769675753485588637359204793786850087960123868702983525638842166284838482496553892418601658293701366893314106694634479965638157001301058785045812091425964776219651210,0,98215475775793383380924366499824163945640435340574521812598459511455738271599790699061081660266387161832573506012222710300889458350647676074534091914178,0,13848025180530252566790218200645401294394883109946250083649869254054278760054,0,1 # helix_v1 r=0
942085814667137619721176066272888731862168372093958185267822991554308206597478441972231504307009139006638779231989276351803577794864830606891324788994920629639766806202281199786017625131402726654798703384714333731293812492279197447846794721524134055927776557187870806309566959604658519073542268940159100783671428569461628225995317302138946703160973739247761070643698496866319112841774587,0,62919781944574185319378991229928931977159672141793240222928536449608720735218977408158223853575553303105553830574656927494870389021177438730606216074829379843948204119317993280085846749498949232026707223229418089750451980169460749479933608700601763631533106512919992856260936945123726887250427019026417416723424898930350870243655988996370972645853657158822,0,1874417965002234613912061539001411298425871306503939125048851319293957341013998701876700990616628822100862176060130714144636463042089388858849255770713311754737381759843111976626100764225870476368092019447702474215401537176250240730505797758755999197019260272998056029280089770459624710431826196647974829122948596339895005079,0,31756381375058309909246464104574221314901473458646769691723097445702396642787239820831126058574791367270512098302057619912095190802955515628354611599766739099828109834016258505252090288194584020250121675945849179516021834676216074563264786606981334347640255592120467505514495488763884458260046,0,321281985966397158966212175594081548705077826396752544213534745778461219132591216625266820647484477649145376385482019692774453663433892142212907349300346618901970820510997944716116322753762475465356902997476898011139285529355830808545054605565006598764782611059,0,1778422897486249311420804167577438522455972351881138833566964076934341295892736530235493789090134863985838212362406605159111226823669876788355294451593923122620803012236024988134171592588689210856162670059912262457988398081338940,0,2664355623713718812000090025096118429602321191245082794827583705472009348216673357924205908993436611903483612600112637697686762996752949398919302795934622649358918877624876695379108031383053664600,0,-24108932239262966524725794099167015728558584650511605775491474974230882400836466180627743689520916070710783945067758349939567026526900631330015202173381035396767708,0,-96492706024102550416906110579795387234553161448373090016742145092757323441639011795307775176236435107333522540024148330103597524510,0,202917704832493406088920657086160257821494923492692232785509313942860771810465941764922634186220964,0,990353177587299932338631481840828465636698560844772877129736768601,0,-2007044934255028411245619388966430,0,1 # helix_v1 r=0
2882399618991332116375973380423057015628922334566452777840333884190375574169482445695987714440353060875631016369735799755446976202108309964544105220456130502778906929255405856838839804000780221309294225496996445368040293848264618370733233690991658475363664352529924028427262676407732237198998268121778977596113337055654536149279764095249846416829740379702082626725930754510480083624828964307586576431120443537292281064458053822563647451390227548480798614948392821526461406530758214151288537198355453976452001886520431167584040833972265768671740931837924245385837130189458222173625272714357817453109576067214243435596511114392095423872754357845167420404602101030362957964990023363824117490594626685121,0,-2318453096964922766096285671670231245670005596745299014374730380904264502630972812972171689019731388218634312935876196221331955446455820773618275221755837095583622388742033400205005360829632241772488814321387946860634382072478293962742291562147814900978575526731042734715542215837490208869090181400406934342606493845248519160828688632610255363390376432959803577079482512011355750889939540267887805918820600890362446823707611970713805111900250744966228052259729047562839479034518622351521603487482144639575276255726257001572347539813614508887098423332340651789946720905726124922093965962336580917762579329697502213410990455216047483578191630984,0,855311650273008940770979094621629061286642887795456041606434073207482616315898700029698427001969071820818934752915199970633388367562958980639976965856281355073211643861643389244247164238196127118188436007785177489397221323534095266199215304972789406104423425797194902114115057604357870282672234293451861240578381432894343409655162939334244087226940762127997045463424397025669592334746646485137467654443656390322017216389181914551779835810972020877043587040272834239795790932560013752567508841150742822463683603814306307683822385143963470686263822281578427617641011879806990990188571986,0,-193128124426697127816993213359154837180819795238969968219403235758323873422063051535894622200201954129597834929452258000844840479450915385699256792552900059176048449806142093964669318651193960193031336926681151233572111896663515781997379616566830235159891416994896604597288029351900891105575305357289903606879497561042590623297887614976676359972410874680737380410227643489377132370045619971147537930114386636802387787848276399037534039815663223024549663846669761174707617559010569938847959957005987669798763428566637556938330904,0,30000404600628943322895433555631073438838593991698222415673756820321896531523922591316524267771161205578697484253911818930065106970203820065237253068930836495701945083443581493658758973012752793923181305454484989238830526376148077792549039522338919556200463872388730857831830317210086396642073342829711835739729910770105762046253205414784572496143471914016871006852678251477349567822510211784146217274550207244523425099069196700904290897705383980686636883467713761385375,0,-3391152484874339310950056659650992921504099667156253177286070601896875486910787608547860283623102491242175031603754391807665518687598335800658980755536158175041893442509274592647815943167678459539050934699172917338912829825258306067784833884505243374891950499635117629398021164530597959386875498604352881361912190119157678411245106022330481672452782133841042693195297015040371810047911528888207673869061335530910,0,283879698024242263757892295002106166880825396366615244680918322941167288873195285196654632922062425562445734684219742979649426499009923241813535797481551069190575913139160374810976575082406293576712185685226824213087164205941043903396960519713572440080757572596199751348737690885641102783562051694647826722121589903097812751585464738296726866230231947108,0,-17317939502501505996155096194766347914629939519846009604238860128720951602155417454603714853424792699911051678222398673231380228456206614119397097354383964863763118531843841939974810572978098439957485358498121555715200192897865498287524397401760974240546243758027874381252267821371573387742868606,0,731934640832803368822074919123584959655989897961536141374878484716996456863038409441355896618177171829704609953209201264089486109205245121811676515637252883801580891007390754592062123465335493073395045126927681465480715741583812885962027,0,-19420514534587905487912717621033575311314537438868410346984348984355122299011217431977689496668929439484317591587734560155122374703558013321170250086135510689495975645965833332222,0,262733111378330726979414634920648226414661907035478547653498794567725521645689104700968745537825872680671498045807232798,0,-912902230970857376232338885515644482821283309376036161554194,0,1 # helix_v1 r=0
189162759609087386403956939586566664345788217776460616712351543223282811237507062410861667506268985916427537631944789921082881159952718453395734374760998818793267567138141009554277531352605187762749446404617265141019212726342605412191043377377943580509106942080272614192675959731188518897067605704305936148712551471440448183781408208945194334576756393809267174653277840676809279764937851689231526861670908165150902222926085777641232590368975585673493448465870810663935238765586024041903998199879678846858584693306895397644795174477185544112872002456802424405663956246810583779247100782607027719891612955896196795764174192550679639330960192628411458184474243777977741764394502840437368338634154381228634951316103501543675617650247244820750085081718187317,0,-3621622460988171767793669619405881944026727109169946690063951917032269280535165035568667733604108377771840496509863397053010569896335796878016753336681712234393726232325541929972065547536691157847922708635011925018205483063322075514651444960724624302577037886494444817635703259083219981667805654828422409160734859641260832727913213265329447563424905486571717323258452533983753870704013301291521982788244392364582091574238476608598749268298776929881214562489148287124836454761922632439569707032320876743313639484695226220496566123095015458640071143014467501199049442183481058296869582654906499620385438401660469986205190866639555741135985959579882183596469464200768883950343711479668551044466,0,30598171030763791250337050655679746108807785629792971439936878623196416304847255173892559519321580675755773077470797610365567012302680024499808872087875232183983363881418550584925927058773465085479321607058202930239411792098919820723790531197487723845624785651162358560382798939591126388612640663495294199737691360822542344400918947128536236502162193173950785670788076475482040701204223574837942211090359814038536462472993286770659822493168799140130852577353534618659986983483387175625681812471270927830586745455716655582091403842488614944770605943419926183449465927094707838933973230879344346972660271570053760359111248033622792,0,-150167607621727509736150716490371460109035761664482256598696826627263552721635652262446523308773188971707652467989941377555141776383811979947587536611004155597756950109283686089882809711274092040790587430109673435965265469657623072289630134997991918321082187905107459433224285299544235135794126804327499121549946727113447530513983566438013612149594630280906617685513811336721701328095391967973413024631072200530861192376922955642291906980313707669874722901462357225266342752296522949673904192333369613088017034265424918370748654197621334551212859940850487976073782494,0,476718849656164178662505447063121353261925838657221906791057797644760179992582311619894853466495283424441277938085234270404924372504470679999318734357937784629945316209177523504248333627489371767028881745789124533727137157704028546060639070249661489339136566422761496217782043841652140950462576519953936173569304994410991988998234787018844030361863047756617846578944037901426405723190392142563952633540336182660409460614885676865755931011797326299391721094210603357630762639463086885402610499145562975344,0,-1049499224676606246907434040313080502463701190881568054238886876667764721068101043570301428009299919322364851137579161388995491120462912731425056568578964979078857373980171927477289567788246563959368775955275602413799102415541062308885478424946605370737477243074395133706741930389441270183108992609125160488920098253734668591692117038671151890938053685024963302345092300546509289173667020747726909931916201763854017910333395087294391603444104,0,1764468109036708521417295754020481504665566345289573217480622821955795720208685454526968257098945998685969446508908969089935091830218470854108419993010065807975007497215698517207912995592639634250289571584501591551530792021448987317272119308212212966557776004595379248324956188446483135705321884594135128992794991849190556634680449682610335201059805359143470444370317385838603493,0,-2685930467339751987690672452670088633999020064331649627521888947724830387004955011985885683844383867068964824476201851926001371769272397865798503133310550289710151093125945434528399029877053793550139660711723829793092081685535267070205684900726928010918772439594789024950390709636468438160626081497672806285592856816,0,4168053022760237878149217751084541386613333391425861402046876407027407932109701837818967307839910809113153794548145255814746484646017114245699397866291436783851478266919650984384864310180389157353470904008723527553115868669616087454122807400470742615040,0,-5802631221586232057732657435595102350591914214809997343384752058010766168604660862860150538382537598857407546166905724938545922571271384505448918089527872926654281525577757820769920755640814,0,5854474396440770301934313794086615771454318517970193166048816521826444556672033176374075871235009127023090559983770243240500890,0,-3584954034553138023413752140877517075750464834114539008911385604,0,1 # helix_v1 r=0
486906494593031436233519114195706708545365962148264746992769158237921776230281246768740539737410403314096635762971038056442256320336655161509623077665558739099640330056851133873294017595483032694447227834900548815212777691303253460588877338137107346070128946968600059132862383206784964166313939034865566443614651073548442469321077624787067646053964901155290492262746402940107823192036999147952894021546805428985740385126532467192848508804732102852632221253638750354767259530114414493696385571925431117071616662886188112708459983276548610574961592132204498708955160232487008672822849321715621795748632666496405398504123166101670771850795396231496125119996911085547494838262146268253170605029879069062659473461829861012662416046857029983698165708101057344482031402589325084987238336,0,-60842884883935333228339295482210506547170649549559103135657326321486501941295524278038571384439399887049354922981665005224032131366902929811303105924995125481289328618326207233501142808093638764499162602924739731587772685310334451135577356728527961910150657673442593687110794324282306995281164496620661082882027923430962183672368606373105142699301048645729682924722266813482664395572783923408362471781775536963904057598455646729020361858459868927574288040250315327640989983572792680222846417555971730791225412348555582160932829353071512924078361282981057548109774462677714957922499495960391521612467832660419151537055365531432203478185060979694555831085317440408431232480390534241952217529230345713789125078099347744,0,3494579220289080290856045733138915175589149472769173320123887815564698388913402038963197758120695234978087278776270549708870665334179967336718292100544437938139970174429604895359477554017170868173029178631968027116125403754138918491644241034374688516145338117844882902784263460078011760025238220783697427213709696463133280774458538546160155830792788440599352229692752097609247730857490060426070710817663338047916510283791053749323026527974073983190980065071015895858531247535632804500242295778830730580822100508799187643407680792056681453050115822719129618714989860784787692600667708944639707125964690136241970824454618582043019464869530307376735005984,0,-122020852183979903960248244245023638930709331108787672324600445021456823255331909134053150611683902027411200618284188205507002188629639415289287027533817719683356128163969692808170120814312853299557573238714723789011471613358211487976196857757409265665660434360070449868924120716942816476050826328801996595912031907858115293069839427453398433517992721148892231848058134484648885518062644273329370219321586251415803125782907104730072925481109232427513912606195364948737489129481516206320360700149711990311834051095521451638967269095905518411237378225991775924915434970478484834130714203376,0,2885408610019435339817976369057141626323012012629016254298078390042494883337650526577293714525193312949126225342867067232418681231533382356875425490526050463731395084692905047333789386586149815282843672903906558874362430183947991046801138730260740927277530824048263935117271908160064989093235534548487162886055226647805241790883219058589709076175425450707637454068333785701478303438271530886421430864747314423488644126931451896461919793832906920788841583980349471624019375479510020831201156875097100258423495222881794615324,0,-48689451735058025158711480040597736753181737817788591491490581141238858898938917916810215930512689537760393379403875840711762224250623761953731171587384180549991368695415663146930218832206182810431663798888411260406845569501300653050274343800224895970717537655774877579042085041750621859966747464034944107114491288264751976101611071604399369791257921083699608613225399567001537553227886412203535224190697059261489023363773353466060850521076376542659693087776,0,601295725256126196345869512390440998848124820748497567304971553804849835326029134580700719330232935249439912100811457792899766778089868129170522405726054319627369504513903671280902706909318287361634033031528160748802976548307129526311024077201128300048633354056453568582177133515494800383392594297896961235776720249319441171712530288448664733839467026563260032748700130342759144554889132018432,0,-5476795474010313348583164388073828898542910370846225400649733466298618954442380329233910225928167299113319911392666690637380521730040730410463466527835044022203271506862682628611853567929412729022972854925791592241213856253449726904594975974887237717153168380865008871239890733015399207372905979015946302037967248690137052362232,0,36521735473533317935782677252725553437691149171787159908856419422833043826395908162160678693391286552588173390116526774933648504843589291079742860524873369192271221986301298324290302472458972037109250248330753234866174249835010718091798884960197905707412283673859,0,-173923885341059006750265678579649513301526993748230494256222865268923646317646901166533065952001237918675358046619915232623724230849330339633829905605455274886705739535156007977936614224570654663008,0,561579479362678904161753242998660117431489609703183966273916981014673708016870937473998836885952619940904104027296908640681019466828,0,-1104149686144678002038663904320531288866114763607042612789717312984,0,1 # helix_v1 r=0
24818478621073867654882893933442480443318338305034246013637481091940334413425181462274557488826444619514148327398785128886647402120038875640087493089420546917269511116402124382494174491841967956545955768387487027646600347180465860354695324084868863439399023180414957714428396102366744834030622023848924950697382201956092224623641616126151579438157926629827243030879538789472760177257530773899186832166210271589678890231564011175446101668901698811279244924090781350580198191104,0,-49738926250219754916913023878046881546819406790390460415017644082895872441912002689335099589223870256925232192291930899764850646026535643108504264713172194050047520876805603977750009128436418061718922192706688457088284701979198980914665998768243193452293395010816601737867778700117407371190577798296964469777999750963905182496774142024134704505366041284488624576567308733158617264661754946853619543811735296156322397155619957886791008256,0,44960958389559277678642488668657352663371241060418805497929921089338930393887674047412926217752278082838960557667352646108691746499062456821934153270763652748225572157369522890409170924890714409468617962095989171859778082042102164042437790924550496211617032487887611820850294999483168194356454706532574132511069038222364674630398734492375415218664049516665118477819749672398389605726956687430758400,0,-24415664006028574978276870525817117473176087957814730789149109261499642081442859739810997593588494554636267179892446201031680193135135740748967345158301746930443762190052009413688141595333565201066620165494642158389822330316490261696746229071849830912490610819675676568556797812183041402158365456622860647809221513365384981494040276750142328490747012062113792,0,9175362347280938953793968084108508679158687789695092502158198861190799153138080913731881896253457434526258584614610959262697721225157029149992149526484898941509114221083506534422081275978593084648528244066807111130508178568706935678716119635945272039980901199661454921265937586506309107987908008649548438544734554409984,0,-2732403329442141230259576045590596077639709360787736373480842320824321264258527006100874029463925372304216241078327460935705729740465121706747742912238899622095567448840902240811745278068625645570464932619194366923467327468136866001272348784822535518798897348902937899399449701888,0,737690962306147513014950150534822325286086730447654561728834501892712793264856323413079822038724595257001775391609723442203421800134042595107314061066219005685011659361458242768769014060137102163265143268327921709266953216064307397092166144,0,-185052488452516830282847664132091927376850309143531503407038537851716388023533548448979340795390515114263692189084165568377342338272647741089095841144909552429407278832894026111939650873420044758916864,0,38688488902886765968357011653347680403103874644846559349580251612055831153736380855439929907488529046317598417170093582242859697659018392437142225884020965138400,0,-5955154981706408720172697259838109018174689420422764998405496678981255368910083037795099365330052812436147928685086359760,0,611179109290680670887465170393942995312379393749444196286585947092083160208931740,0,-37012968494871275515319179908502315308784,0,1 # helix_v1 r=0
11802295213963883666471001972170111704758887877914295152278175856167539564172904468795717452890060331056242733975964488731788862048556563902199748240638493738730782377270188441994339866658237057037750643726349335864966711354804553461176553672941493644246924315897142735617419504080391674997942351302564855738388734256061694264712926628546115515430257918155170257097205072060094965030386068879274325166026582426268803671344276759224234514921458989355248830618627790844731630419380374632983143146421261800579792308556049277375489331558906643281140574147585752231524831061351776705178249361831128830993165611999066048159457584365450915683858764894221375742844846138645971677567872272084720673467917678282173519449812640020381599024033388172761134241084413449,0,-60172463990039465133735018055033577231749446459270280097933475758577007637368798002796349488174323185374101067150624790657408975226760983083532337927006784653276278923316116722986091565103433285893693182289228610362054337083144559635585170706063356515310788038918086414013318731614290822292506674517568442069135063649726299936038224576001968355072859559025842960854192442086982254978967016739856567611065279602949351332056920080772332589783975650280674759849330876370593517163076632303020831903262063898040435726689007226401986851253213573906260802768728998874880411314674549681839607735182565236606071856619233962608188310626179436030478781669402218134592613930246538992410391556257708512818,0,306360026362365276770801280218397905816445903712424480407499318325498034587321483615713435709063101272433657431903338578851082605903033732856577464619634086188682431613144795343283578861204469894422594730060066562117231144889770711625054986198250888982198610740650944078276434367222496051551026101981646565280711716497811207330079574656338082904723417837073536404475493671204094226837325155432666222776725691278013338219430680583022524814386112534687161033903302831203428180446114945889244564907998074446884185412070496907115763840310139880499992401492206098017246534016243732502106170922490081303890396118578393636113577739032550,0,-879493490030981425133660787216288029591288143110703927874927006109216607687959354880936805747419626790766067352942794409983842918064833852527761671732554046013696014095946543812319775563245934604423815611351321531633001649261811989954428327982954008513784913962343046504374538344034945473574800357439663705021582805743490514509307202837693381283770375367162890034640028976815069730591526515039958993968808069391249481437263595356536949718729841348151729644135669514010657806504566366055305659247497606454005718750256698523223289388519985272049458642551713941365791016,0,2335417898441502054146509650273235479801238470000686600179012970640818397849869016596633531159685996924508922223253850146534659197670982108563500522353626160094208717305636822710567883401594881501064029930119900225162990098966437367073419398141864742793833734058777777334858339491884933817356271038166961845764501021302980745906067791708718096310557248638803131945014426199448770581794533000634072292777420378321086232596610955423384277309671587899898081590635410908112655604742357021713604647561690198609,0,-4400442651518623188734700453405742928552888528319690809181159091904386917640508925742436547648567788215520628421612259237323228050665621658638176363799109984443697157985727755652255780572345174501465222970679718919188364491683959481291893912373293347151751171170348669504614910611927955456683242620811253513970860223887325320327393679814667909370021836567506370383059978972729955579411391815512134730513818570580269149293571468632880284734742,0,7503271765049043371693200143615101550863911798450079441432800795569118510280152370120899056375719698874352466374385844324694853997989116066526091838404496163991925115003625471431325415959858434920491994213524058122936839139942259674805024368376089428849581935318090504594558400832118469272759252949441726889212471913294376026592568498548307755710436888814113238648639210880138258,0,-9612383964446602914012352692970169629671968715975876514027801646810635421527677859700041940600935658089487363746392052567862344774302895615467973800810374673897290044755685243683273267355016121778509139605468657241421697578337084403438295535541346785131999249193378697019406785279228814556368277936417994323054301942,0,10912152406385604550199628772733641108699876990035431502782491852375794171620424509015655978384967968660497373026012946808190835844874224519776070203539063504912645426851255000390701233046254372625993411023896594695649299021898321801509048020778477055290,0,-9125124781471263302816844499453739056905961968748654895227660853606168301054093211605199536705003845354309821999284379282168968836221122374111072311707602864994931416547586001772276715267630,0,6498495086840317845027132200231131226731788356195944466181357134650954341396180779462122407719548180916873903634431956141121304,0,-2930139906887508973932952042721286654707616151791905482360038672,0,1 # helix_v1 r=0
763704191671898225640707223709842991814758490810543869656028583347618513574387058982516695075484839885102540157342862138273984939943451175431209071691832942594868151529730078322439382894713401702207273349262488978210067117153979646566842379162647839531103564012219837993821149778192247074188869742116460108423668963094779685391718689608852196379557528108198794748266099802577094318252482593004266914603063148490240987615773492605382384623247898608384688030490537010692815365606379787076570184329852600625606018790475725839722241175148432885076930421739686794422230864147490979957927783687756264656717104194664500765779393014870746986905173367045389690771638411886033802205730402400907991213497329283015899905377744547436193936377088753505583629073687066658485123300414762297467752287203661258294296895996311821988357421310513,0,-10888292200109486287481309987844515290575892186998277129043433857775007124030373469938219352452202457529302480615411553762541739369144958359999404898908395746136226681823183408916083835616034352464616593765366749359866787510259702654507527195173312870831026734878480995884913042507986654215314854494077450541018353941314913128363516824563121105160900606101532442230419818489883091282648619507936576533536982327481155682921342083308130928839922770188987549299632674362951264891434526115591457787555247840827963791012387512994065482164077312327450748354983719661956044241766571379116355995860580129791203148254026771674724846682314641935752173926883319746051561823427250645415870299164933047387125158939588289027190763740780448043968800054397221323186262965804,0,78997529448442541645346543804326337474327431302202685101527695862264131740495113622178407386266122545727179228941798951594551313080914760804744111806675537009729562612385903067752170568261662927975632820251288937193198580076078981599400695412457599637007895085097886192973105692330271236630703434871877027897355527643749332842758205516947728285850171264302935672035393968949813614016034140437541351572237361927766692198203145836029280370416387013865313246772803071969878845106874550829814416232801556286822437499890624119814969678338301627238623800636347439007822386830753123074703938550504121225287441560317343992943032040607932407774851465615389775825339318245429800013484571164965669676,0,-383431474306202344386903170751074566070127825553621462343303813548821979285031489830563708939178634068239260130527198351209063843511339767177608938465567998625305208220475065019975084004379660874982755978348087529411437132821259948778971628830164825260073103755855393680191259315266904629756843790454951879744488130454546462583015068219202386038612207217505559868265341274534314278151408130456317069350632728313636592096055782852194300386471153872353595674848456565227052580665053273882140217732105808089563974766737067827828413260264175269550747509493162249482697009049244115549972665545789585855293604789344372979758740,0,1372454564324173717570562252473786956335783256386234751643701605484682164269790566639259638770604912980977735531331091827545800209544180519816150997812313146143730554328114499597987139099602000376854909747592367414383045633631421529224309839403803062561926024876926358439372695025075053480602092423374197097464099463390060722340869001795032656973326283013623935201948536146519686715685135790554534973664699790233174560022536401220136445671674429025127774077388604809794546570347661564019072279876775910075730576033819128999302582801760925960271394784854,0,-3767877255702480649028499886251398478856121707440739735381254637122895190566488010018933916798331416636626810934816244955941273652240845669834370378336077150752026538034840958367642417275789136169209794719270304509053906674745772812867056943433730064297561230595144098775289318933410819076581390875521236365273115887196412234941580164445393283482858107116679044735690897728256684268434539765494117579508097257417106338846172407413423325935634710160998097090239062732479937273751599216,0,8038853776471427366507144036909676082232101402641523962648039880537763419301188819379743345851377583643874796290141792605113476474280813697137581828331903518514322026517191858609503220423683443443345619029320958761635895556295984802505140887193255578003492223983795300450445913450986142372522760947050378091453647981508868426622844371673499679450074682749860858851163695749068701480718506422424978960835545376579446,0,-13316228850661689652181032577590792046317905513050532252117189160228678573664365018699301610882507899736732054475737558508693850549411877391439683542359841111704696462774340664925304837907982266994334900733137010335290505395793978381710883791459971052925971016019792459953715401262957249818354078331273763731211838042388160472149093009754315908512,0,16927570985515112344822628963387272971747492448594146357069801002784641269280675998899767297587636825556093605464887220354725902649101250206332193145023659002939587207853203789770258888629972631530687718134111504391488373051550025151026038200959223055246155785122504922676023905,0,-16102104703611820296695325364922643791462341623078303331889955866462916426763941224777114776225383378189199647939144652863468057125869723035817825983345996021519785907563795976386370834018639164682363775133736,0,10906532798157626222448320698544295095431155508685622984701326568905324786864009560100597650033278882297998025952948416112209800379906043350,0,-4736933072883701857388790229032924284162042520083120315503651214353044,0,1 # helix_v1 r=0
52804601800903180247973257381665804698979757735950792940601870707645687409225299479520205144669862662455294089647407202602513700916409823003751593265556071474905366574965647352580672234912988620609108808204232887919675289443661036076168445620929085568634841218492910237404479375470933958397625066487145789081475030306251091295669904890110805802463259769423876107168320062080813828123287888887353009760359922348503190917108514226329161860605608079529952366807984272081468740384803264606948230531287304434660596859287026389017181943864290522796178461369583932678011115610482701393661601816043780592206633859130871866571362351777009342046101293408278209274040242959055411964469601900309667048090727031553165697679173592339265776748948052439268470838871708351624491380506624,0,-61588230066122138398939529988423543647392781319507498782989222830837041326305099108200344641958647413681080481354102883762237578377684963416818752004250912126458421852563930403255717544718985498296324946218457331208531230308477205820771205463287001771676343498293294110412415957587893331607436852025689621785847967384362615447225986819499779621904381896368130566226560268493257811677684482722468856334081741463949897745578323777480846765312360736349967121212865248027714843637661994863434245292201020473866829560917962061099722085109844448514200448178309622993148600162364053367904090133699683656748956019367710597454528790701147377125751132113043946899312954161963806634427300421836439387447399101998563328,0,32080076059459751338289704347758467196115511296879250888099670732272571132317598782932352490028753040790195916923425453903569850503128817649977696512723601247517914547397201512695629300303237736429199109643735154740690261868777948969755002820185107027511774800638114876134042992237968189811537804427029251244717744105446994977012177323015311347998594881391039219175936190081131721396078064692937810681921498713549021551535872282280247810542875548937521379955432032931569125041184126780085912515621670234190750859830516154322274421770509118992810075130867718767098629989292481981473776095446705923117018365150835248903390629448437316634334461952,0,-9779139822568452110818098680783582031372614310674059153918520018338063579922268830628216238347409717358131486323455741012193102637642674770687981003015487952344892841182962330547012571575476063359232273656572442975822155139278600510312871251440208604177519877835016629139547560827379839448883322307659974232319579959463680416662741852873906610782833321653203806009654331246192155329041432274018464466727674734490795406560977258463275521689742109834971668317721979278828397877484602583924356695743760798873210271466106926003911578438279349332994528301790332297879716937961278799872,0,1932313605773904686738296431722646391992987157767197644061886974559110768772522293458765845178099241201842626464312927362524543620420280564702544926523096336058333872480450602244866333247433592205769630678541336358136828219739618558422296385808456287428511972970228881111681116947257718520503311649126168677300390057392453413965975212070970244864248317860709410992389601428151853768797774799809804459731825787753233677962565007174040042035861479365263101674691754014730864716829243916138193110510796923295568184213504,0,-259009222580843777456108315787509256817589049439673250752778658443751415867814550424185392416963183379972651151265740584567166775247665880775663289003371045117805903837394420353078109165514609439074438551787695253594831550273604753232254574273655898428869594479674913673989397744012178675153620410627047523822793308166815263080753309939681169378059011242862686670269750688412966422320840615297914577615891158759549767517548628651153918533488260832821248,0,23955797008971400184763938678604892534329279303439450722336330232318640502835309398415455027057611957439368391764542707801753157491285237421316977360186753555641861168416389776556035401095326635868046588151042084133580029519195323098037317777600076881437218554691652196613680130738812508176264784324401731202007918382415739227964987180507439750629226747558932678212905650288344674701672448,0,-1524667872955892216084819207336288624167809159196552459271311187659063586383220633191022288591441664585785311662373253360475002293024877785316645340456920324399455312147075438602335498809056200547221160811299153869655157518771931383632681602943145787852379504268536758043277315760500182448118281102591557894142541240127717376,0,65453460944929685698507382835418495267792898892953664414922193268444950565556195950504116962266753338637858453545401052787991006069947912955054744186341629599999400013860197980560560943057154604053495599816074120961602674300319406281871513140201586851577856000,0,-1818787740044427052477561554108115171451834448711129342509151425106056430014081851059196806291374493764836862910001995652003098256931764826948659418759086677828492977769690415568225245649719787520,0,30570490916307946411999361108097088509109866867803270706566378303334821577976523845311189834848493745830160374588233777428807286784,0,-274865541022095415891692430452237360646858657342524432012363694080,0,1 # helix_v1 r=0
223656725009843236511038759288039079915926777856416171359258498454412529800387143934416793832937090991712731640159891598914074062286760111858368873273289734451416410498061799361178592961653835536806386523091053861634382248478255789456180620522048362365171244244498877604824994712482660756996496502347579747632832145571767779939487625370058764141282286555398596414538936513575483417683020311266972664351929511233112276933402349875969785608672496596156492325662003383346733239458602170075328792060501209851006454173608011450891789080059296425919791533838117768053560039110046886310144144413633996910226741633962165023920415029828697983541000925163751045322610246552625395916251325618873886567353201053,0,-179825152534233956395129274264907542294338366423593820338077437454965943703150119517973490182534993769119054697270834746664305940809789339240086057312001093400356045817847363053815275059152197741460356767201254695655535473782081753640038317255784734959686952854016546644809629358014595802734738350019835056407065349455296736353284983446284754957439507872341736142537820004790536242777185126222433701606897522497458068034097544744132800238309216868370999081764256414246951517686575710374932241514181079422250155561450988475283987364644356916247324539477051349100871695675023518940906084911908619394879446806886607310820494511642163739278353782,0,66307816330144472654392210846519578485182971279857702776578162024565768546790647294727914092439535785728956720649147111761833752321743663067854237533241753326530723599714722787553882633245333829193397011024522219912977232841152925619624614291547112437429758351219421345321222557641418436044189211886189793784708955162413589999399672802127821108378809978662856366574058406852174536420720086931414355248657692590889718567967039980028151852499742363951968851548616184948899672131198993559296977544067354566285748735558918265033946832449339324860191510714885244848386548025414970902582059,0,-14599491037307701842980417848800892687742689013362116651425756521598534540711110284273221236401197319660491774706996536714764619061027449783286318819509846121299495454316232447798899499361211470355699330153239574912365948542703142223787404744921578494502505600065477429421706128861751591983394280976491621608994109431371392442096133636279607054421903930270056804879951245658532727922292806789573001649592279265200903147197681701452085541855377828665510112905605372753341951238436779004830422856589581786492754006898336533688012,0,2133181864100074164254257682106597880970034595744471314005514709918328842173674418449385657006340588100661709932361576818923063316766711801020584128332180096968539145802259697325788117134446466595415494405886586820457632562006560109492011873766629981297337651345582599720687372668334334519565696303691798314564962938629287605050350334858251398823317457015781454855215193368151345279944094065711437188838401338309227748100360683780808307886273317537990758659883615571126,0,-218440730351191840759981621764410013605850293678976225846352314715065097149462084831004091024216453969215794974739452886114090102595604024472955441231489161181213267459870501694324916045409296853289859073313940805763093203336150764292768187148462297252629247317116232284316999865648197230396633831721666076412819589627008111430375859757347142120091777334220379555286459069054977651861586657495849513090493873362,0,16129995687892581897737122322779045306474826598121228905851749908103227948505941552439589392890518073636804094244134097982229621201983675539192193244125517309891017168128346191820832691701256180631334944364329894745558402850599600828657963086787220981179912237372000814274688249437370662810082317565330068682764338925640619481625012436000569594762600135,0,-868068594475994111574644418667930414542033387384357997453785942869068242912199662716122357449225861470832541100847689679467514491577847171135941875676129717068111959749751258704362286767249312194916471928929062678696987568048242889166855738737507833111724557848753678389863801601423030288444964,0,33871331397112189367816557658145069053352161723366339092337990331804472561364109103520325452307320876744387925254374289357764615925145544986025754499976509476228012535796597910472205237369279703474460500195754403737852283813630583725842,0,-935900433606129906385368944342786483837180610739319881913931062243168196922389670040831174242111612128298339796279262952315177532965695100353160063745395572192406185579494418790,0,17394113895172442636005668556553337884631787630490035713636508503343448963668356871017500048015801482868542243988526279,0,-195223445484966958235931774730125867710069521248837269755944,0,1 # helix_v1 r=0
13325608343507050267,0,21916383576131343171,0,27625845472650322392,0,23132951544811273630,0,14278029298144653708,0,6784122516548807871,0,1983109478479457817,0,280732495792989753,0,14776536869822484,0,12409653408382,0,2869100652,0,93981,0,1 # helix_v1 r=0
290996172894471721467421198913903346055263986915578231380639425030032404557198638717911563764816526210307159818598877351635173869232831212289096746953751572226656366991036550760298520835844526705478292693439163498884097826043254028075516813921748679060190847004599493089205702698457481640396749330306783856222164655785494594467229787396081330779789239478138338586929680262542439977321959423461221274522329518533155071736367511467503963222770119886292121863881445339717779996897126966246012165761425122696801945932178015272677156895752138360228678397890991828013487485629128069517036248702271760905626600073939452607266061451819354973567192681822535289428738198277160706697667853002901916762328120497818169059755562306154494825972530765175395421438511186742132762079637973377843552587,0,-11628922838510273739221651907420900485137843738190665278993797348203036385480492760215979691592477370351805525297348973393176998045391482082084408302850040218870266678415984836924960133542296985190897271030281418023341337340762820407562730107217019950192874813178342028176719631462849591102297366150269207767716164506737174575442415039208178153864875286110436054087285641984263164570786419612072248906153353909197450990707108934532696360430436433217862026793849462811812820304187641275412341717583012034387414531922650621988399700483140783102583499742889576490233007185008352428506479297561235755336826526684873321967667662213182326462923920082430425122531140917912767693289420239543513643852162682575198834395937167222,0,256245786166220722910016914385253574205956602765163957822894672530344018788056427805754418917688702432832658655194311118188134532137487453237568955938075553484549224361826329957144927204089394756576477407378184990042080170803685680257794422703259387930291617047853806391749246353595519359470207938230959735245087772343620045922104167510397581858320637011929403539183989895740944446047008615091014702563480540519540909030414107241630947508694420011803897629759651090263237237345513430684573605709516904024425065264893550665595305949225677217368312341470188102516590222839299593759321376295979507101562912062914165144942314090489507663670967290910496505639,0,-3894498023824732497494301118555450169495390301711268328141628580116760185916027127135370454530892321465233929812769153273298708537854149200783213602878894659505087892261993190858691281092372976786729433400786427492393155326539628979260434446414220452422963941046323683985539070254581391615405622007379068674169208301796807687437615625852342689599668502792302333186272143565362348776457178889451798595661134363612585370635914519274781121735814417741466297462039859212069835192392336628909623877412146063978104435173401389628159841011052559498856290760826345466044585127704241635666405852018,0,45005023070308858542412744929995811244262090923636067359836321868939868243600373853562887469323060699235564845968048320335938769165271579237115331232605948597948206056028433002523814431922171485539464204266365311761379242431529471462373477955525209139165945490470911943168033201653393829690695603217211881924254659964681288318792372249113325254319561949363459532850434405935908168701552990088710030566465999424381253137344686233241239701865372197127364356769259312054977607375734323401331616020271864726459922522051767021736,0,-409464041083392628339251635401609448334159098664705371290993800492343904061407085062917678995932957138036327767230998336809551775343465296100130428627389286723352660294062165478870651833793319760783402095602248434506385141063134107950621426273500132496278860309884570309101730410859471042656210550743952418382494360059566513623271302238671308231028117917951893912524036005148235933072684453314768415839911065796944065000671384513964479906469993787692003945598,0,2974201850819339381343912310613401182802114695259958288060792218731804745562957042481726589081688041431475592036347881119017589989863720037265619647408632601002494627013238074138334507284852777571252177675516131051213673259445289898938998105133139149170173163480589860949152970444986992250064624327045190089035360471284832123461725693522589308276027541004292448457804320172629393293123249240763,0,-17189422845757341326707810377420860471192389684493123959366108449769570136722407763245887650557410950097511270434641504969389451005809849543723195619215028855143603205774428446492495499864597127005448258796221612834413208146892446471657828246241917912271640810508641722798140956840698140384071154597793066244621984703786163671382,0,78115910276448937326536506640463685549671958345297800091168656452914125947137847201171685539719069395988957254016370352011516513771365818698792425521582905047020909780095944657901264418956776778031168333228194135239987795041863521973857177731817337855800694601873,0,-271586349948943926060488834850453639418787647003075802311385157455866914298137188023356145589983367740232720662947957908569908625187569214221024996248652817908180273069700083486007664331683271230336,0,689328426120442276173228048940697489488214864478293885998882076692055042874330365039891851739991692155978086232569280140337165161822,0,-1154005622019423534949493759625189804286189070149612809714165834666,0,1 # helix_v1 r=0
434407889181086809769370036800934447293094329744547234862374085409602958337760217847441066609203164294377495932713627868501026333193403115774621043517713626073493170178294970431822133012660422467057013023561794671816485459243853401876824625452611371268508712194749585995082670340514750907716038102882256947363231202901045374454814542076975578692149285330884588209393027928055486815465049148639592552792385657665034602386749531626653273178271352829711206924255518102623760022596217677864564018753910650032348754694867409443651002450294260938056630066896572586223618604593888958927833262430693636609225133808232343416353107740249488394526607244585219300823769311659421485304078737078192185697981942996882903620996876281236231417623609864102270796566628937973724442022721998739945339639996383430969308044977221781771876414679838802330371037601830041530527962757696,0,8321639564498058913007109248582252098155090345859742178353704185231864731212168913894886981361944235574905987470793899705920231236268742989209540591311488636273108301248154935264990934447835517176937089966323121717419723837146565881152632409214540652405621648225181181523580783138164955346396525119847684828666108387970690893279895288097677655230721922464034666917799052976148643867770508302799149765372059568719994398593659454180888649667527171119982325721355001450317135298888529328109950393300647005465640801545354977052546083597451337945186617324275007668403408255065978667744972806593262222766621679815262705294911047353537798013136719588422290856888705252990095722358284857189135030730198533741970011805403189419578043865275014006184654431801534868960439660361046830343042658965308672,0,74122044699977668971416081713925572905866839061010259856837222931902107786561728709082731915297335743259286109232072777190719873533336770405653431358468854300082111239557192710128701543209146190792292536455423170615219232429826237919524156942520074360058769178577782635160304784047832405017380782961196684949574983358543602165693161911980098558539306010571752357895768758162626886312887358549863591525527426268833881249232099063494666960978622566167866178476643411386585451579338613608351934848720779414004315913526381462059197461036392275242625952842665621326118116661998579220913210382871750526282315949867531974723469651915167194924472726128280002640501950167709983497569737943459309171622952009566216180734905538048,0,407325570625444668516205275734152029239953433543560539268935403335430112824944098335651209592190405468002648741368591956230266599954572402950382179849974829744133349851099288404079613376218550725404051560919531838675288716312015349062014235618193777549272419658842964489193802582031483123352131738853747433377436212035897437327092833504911651202392500863446841790565512653192174470717152473382823494267140294447144725099464499931837014425280961904321495812161771919379904950409727674396201529216581911538517363449978254386402926912590667222777729564336476402478227938582700720054355614344028777822259337905244390022312136283282844100708373689741440,0,1545847531075976466956041784784419465876111479704525995474430655768191738595643591792500367746447257766195307579112939669792549793673155194369383722130597047356126771728450893752022749854874622599952615481411025596674880640492117650997608271740057372655432573477698162927035548710836783823559677041033542388227562596992615930378897243267397032645006720095454065898201421103289402064713488285957651570042594501010172746895755485708934030520320256256009002248787717984017564069479642607677159632271904648795364157370874593698657285389273542359416711045039357722114984869675845584,0,4294299557545564556954687304237384249257836955126415038889448488418880325017892439770938746603247512347914911213635960173147731675398115580545074492834552691151104347341242120912201228049966935524702485024868055570116226743476123870569496926639089612273564696943970122162754727583093609040900758802683598763495655731276930513249693616897936218342676241789546635943061883107777046027668196369167205889394122137986606355136802317374009615697829165469938620687917698218430271787668666980129012356490761232448,0,9014296519903376933291558761688992490369079583298630988318481397039189000551501569116117479709526529889344687341167001557373756917723983227765487902478573804126561312409480852381236622357171733934684679628673603216303292996848710912885740068924013085229753916385689916811036529151705083676227715093332512190944979252553807413196523669354594559251420897265521399262884561838656948489849165127997256646849124400096140146497355279448320,0,14508505090489306049674468230214310048239940701322967802055645755161557990594299945696341453164616192738954564366175784157810062839608997017502083306086739197773591921146016162118246921428289422992318401092707441070761838252479809160380999458242721037817610794909841673213849154558530202038292308102294351193470482307530924892387224722917382676802601873336355600,0,17892347405132824069699424592182527213867068330599318927037092924398922987948315606370700715659583098747753973180403538151248776525077400458520661900265825629616546095408904471809489082559075188146714281198874457822033787937343270471854504376392911563964194745139624503448372955376979871120,0,16588808035970241273849657872359287051775675236594918192415510268998853449229927240399803947136104201566542119126126302754279707697034883367840778105332809281916255132701170311755426523100683277460824018528452463463304,0,11029307635350345928219785093680687630314220786283063233446199413929892374366234700738045644169172614614383879074954010305376105165027938008126208,0,4740116031214549726954232442756763762433877593151454197707183739492694176,0,1 # helix_v1 r=0
12772087191423417844533794659352842495449392981249188721422470245323601111066253844226402598262549252022130955501576578053207271864741931171376871888091620992695064115758877132016577994497712835901613275480082418821648490283406715465592737465605559137694169160415041834292614278355634936720910703791350469643329021775565775828719145460962907459742673713071252056183767363364250519601959357550880148475269974503632645922539049879943393131038331946836581382075093286483926860069854554335396853175608443272680037219638772004750592759415754915513417204213405923012195671926919604634439448134407713754993487799074097346725834505377128355361914351218598935580666155392839214343873922860568391299100929425563,0,621520006183048520364756936059520012972204602096589735761950907064720248984023984159780107495237337599930464726916326296009153602083522389111499156761374399005195835972018847272111078448676557151367245379132508173615783824593185844914889953314019865965351247539920703341246659445931430136915012977339161098979702155154143399144742840247344195200321445812164101219536347667123486485216813247326167334539418704194754761287878896767865215236234122653554936799294659046430755556985797817154476779518760809648229869023766145354582665974754625657090265579355457980206386724567894937924536934036716592410689264345507468967585444387354845963905572888,0,-63161519594039249383261415483352564901582224661829613356717652389761964496521374290072811360385232905500461936344928588791406534365796960778996916976364972643886492172320887125236411603085186548801354018662917608971166791771687944171946351441736139687806840194204039184047431662736653474639203883354474512320936411810989478188977283001839459145306132039333731016454177835404174741547221590113103022520955167021397219195761065934058049252837505738261964489541997153662511451420579311786205603602764959222796434236557239823690423359531032766040441532267595613057026379549419339755461496,0,-1725249422219158982652029019942347426874953052558685687334892805086799334278720310661791658169938376858367956963234970389472629237297322179601706392638044299338850902409885056249340975323929969645226257561061085043852148976064544840136300583111874753373033051247855319133747248299592620903171917866262223053684731877973442597225124466925548986760445433613347220100344585459381688791303657260707050432118745856402775432430510795483095000631534268428972894908756275867693840142987328760016314333350877899582694817821298130196168,0,282548199694245460397151203678519348641079977350899605497229117824292255423176208427022773886156359055561107606577151065585362077411769940499909624890599308475423512210666240399612733064862876032675851232582819931600277631356364043843482952574437677614603684788429813618810954080488423344847607164865747524887483374300653535195844328926315411324105014409079600093931920183009161061669845083904017281051600368485351787135767699613246209290494475015170915918264949983707,0,15858961108673082427103070616307334606395859636538343324561434938113466675688911257569114670780524704274879556379274586757966456394669582584366221739536689660168284495053531024059964061212538610345154017861486804034636329904469893447335637727268693730936599874217733880415293416448505277409297570781734746257658938845303349121427983553568877671935030104400188070045827849208696305966914200752312134099647313696,0,36221963355993224234499238503440280101949088157998074875215871646790519736589204630773534312412749712653449930537451216330857017521433973520127300871015481670258022743685792058943912713675981509056377454035008583793106750287638137488443295652260980848893037797043973367283046432577656346273142017218601434984203871733973175526152093799054870780908880,0,4213807357651600798703797508112757486616281552615372836832337305634800021945217274469492865363459360917907717597525411579926910829773433717046772247740697474664150622776899052994116021817698654557443966073023182610589487136403496665899268833842381860218636572523973581316150133234748489693472,0,-1347316926155598479044727600982264648566537335668566358955165272460942035404313717248915947727248849681590007246281444975013079618839226798041493095608540830168246048264239420484744921456100460457122211592544797862464030294873914227767,0,-69459876798841210660785429468916666476237887435199083409159823918030452152887665692673252055561067861717741573285285754795471359312284732094435725997853316985880626516791535352,0,6007968969475987593711744284845447594161900816850346200484483640705656078045957094248519077687965120512021179728443112,0,-132859180039998706375448148033791555873593580857360105046232,0,1 # helix_v1 r=0
154237572237718664206001750822155102278589330194891766476658807349562494773676985287550267459355046803892283042129492686302633272863561692869486280588076032128322609377194630354490001179187870939008263957187436285553167859922340925013853091720646127297022548105628376302316453905459625125853086184542479637205781903786569283018974729396780908647372690177549645990538360627659167355595310305350095826555777991341603770044783448709649697355491730776354136224307720440297879877193786981037662288595791319813194125331602516059488265416624211481505582146665665745102821751104569839821366700554452668663584386981758221787712426656433709303980279002685601963164700747903002060512489323602345078497567609246615776491111990200403316381558474984763484621882584876800890554668532460786023614586213026375331,0,-712854529304863654312847001786845852883833693020905562254292897079292508691526770209707230480541226641271726378164707612675774056112201701690432867943705125536652104625506235202404905861411670500604056729170975742364793212363430176271634164025728757996776823497145312598300523366866113613554183743285344766558010359425985847126146629575953842768170543210335393356155333949456293574387524328141433917704473984667910858406885478759102517309450377600912752348356935295314315073050653960076513687870435372695771103422413977663932298098631652078025709269908636175411101671177057942004945871195821284867599564003792834445726172503898253444106970677610483596906906441734109961538963414420658250275503019180127494733368139219981280096892,0,1584447973993700557135998304503484340218528101303132164473525663971835986333827834819351999092743264134006602899644903462772625534696815423820626359751949331837366752660810102342516296605914600761479717170133575742531218639753431740702109721476569464881858360474456140751793598624669942532438220379556132355694669326011677738703434176043578852433271182074790946235758846426779867700796259564418748590933600798385978284630837205878170967141425606310482672761811545157784015210312063492677106099120558413964039173825596386977122913635837612919749505686636239191990449020305333508702575903010524342211886228161439238030804111740487863781454897581284781984340754697625,0,-2170484884000453877046757590296364742494769736860066528748941760279538839886194983446230705873051138434140162729503299193200169954707479635062458242262303287467696310863539588703941516411682323539677165016978898600545830523793777113120585015911170507522622149544079993031909998252334942580248543174939434306438500710236682410621691057782304317715544143331921209668227066979970906232710169290999618191225450982710021402193580520461166024244325890973541044193539995222797293812833688407470347035769734231957541839576827129232900894704996631417803837907466031783351615743648592837489085078934641856810,0,2044042175106078332713276743861351193411562959848251247524714361367532417206019888992279153743605622543911144070169538389690255452114645329518881167718593518712677651917026965336708348737304511981618126093721288457033998571527158847017169724106439985740326224177863556355656766486710942874554070945761362059021144526501904032420225110217414110954743224631091557952264376122148484576143833494437420998859646405251826999315314748219682747779007185610703359828730479077849277958054269954182242017635590195017501993327394332023303222074,0,-1397216621951339615067809834843716296412210903521061122632309031583820077078063913085499903263333975289176465196719525876370211008941122367558495402698553634949471688751033115748553021419542535136555394367277736513887954804293836929206777241222068418158052862691931577666496645340056641084634974821222618197734632889129924695080778535580562178119464457029455373517633202621202298628358934271223473522631342466709523790679981459616917127609349311269950776388872070086,0,736894017906732400269777225156747825956007911716254364340106318547123339144107815547461843866213569281039247162139723484196759299438239027354382735737051631117263757670623028061371449212468041823754032972564948664373837129353526296482491983487269886413494914666652245891879968362800511406878816535587485647856856964993440753025328227016254414042198785608683912775123970878577319229620023400436210760,0,-338681404968191739071088822192597012343737070779204962545272990970455093294723312297332367149794171414762223729773618940597342838588791239563850654545867730980533779930637261310554491697705345169130053367891360335342825392330848076439053264948520854831256584687755557934738625773798205906677399475618560793496899125861993852453287342,0,150504710051667424408402613545967843407222357935318164121288710143952445543559091518309749239184602593372860858869164920782609509818729194652898816814792977864141988480879780822644933351603359072004773729120160000797692687955070898371554193071733001703938001213163122,0,-63142902863260316078168509449638820780337128097595340138234147105280819153179907656517794506214353214379520828820975617257276954516268581872894539669263165878058750642866281929631023805485436397105778,0,20504677639673538179970028455201849440647098962632546466213397035045996513465345227105274326552222203512601710391149157314926727743722,0,-4411336287274216673694026361408251360446362859602068638825094415390,0,1 # helix_v1 r=0
11271981847244096035594205488288575469562324525515038944247043452774136940822127316244820614504060512633715728253000185055974498230488484052669079311304694282404436451072852563525800179145769503783120319418410960959780329670109367622274386536356226854298696294423692580821807284676986580916153930938366139570753076480361095726917143437263713057205904988222755491733551025390625,0,-5675224347182606052798320542390431075001579992101527770149413770587193437268699679254361462988467271008660790829664882558513362428745729739064469657781612937130001512437977700352077709956925588407122778715596816225421561937802265467656025300882540197854476171471446565786787707375908023982025110240503922021115812412972445599734783172607421875000,0,1180575818939458323538002307019286870080091935279294000820063535584228026536233567892141494257600047486856053208697988628501889014505115513704557956052022840445059073946323771005975762383425800216633352685673538383578638476796219972052102559916938652244492294369957852124110656011346520699589746072888374328613281250,0,-120207821972394913528759899037632847111642919008179159189833160227685794580225187688652202613964277977976431210334035128712671634536883034726932659495966572902397567165303419200399087274390909054540035840387344725908958902384437073110456787629340968948099543922580778598785400390625000,0,6413361602816140615075283174703710335881411880686612943903778769741821438321614240387155025266168261026396880165985591153731161180234594079415316689387346837804571943794543249355280562310073561866651925994462792555983465803137733018957078456878662109375,0,-253794877601692620338387223366038684235668793179091664543058051046829650143074344937219037978215449093224800917876255954778879162453286932703916686563896973606549331907485941373439630730501903599360957741737365722656250000,0,22019018661712890152681882292029093409802095222735321113148415705678133723813081085667484040950196570518796921228432119286987991180383435721190112360073909414381887472700327634811401367187500,0,-1779402730674916456596371194177741614998731476095833407341670533717780398348444943946496622285255700304190540085016655758032300127524649724364280700683593750000,0,73349541778581727890219398497093839148382890537647435690899859934649407736070397429719268378445207190452492795884609222412109375,0,-1107007809098940320776026275457001252819827248941616897048856316132514621131122112274169921875000,0,17912851393068178761135492149669801165146054700016975402832031250,0,-200598151423037052154541015625000,0,1 # helix_v1 r=0
908147422102961135854876056478309752108641690877520845895594869513373589720550233229001339946668724497464981883674273267225411560523008314727107609044199974736349653048369815191760361964834677054425774099812198626566472726668830844114097902065575109062663625270120046224336170525682214233147290019020894542330744698204724734930999868679039885095433291711639925706527456413628303867858481279126681940855836946398104231199807701960881066730835773718558491562442821692678946223358984093847667818869137629957648674892555653264310966024955420611312973440389255477142073852185321400167329536973030746948285917159808393387070098168712120253889460652759562812232965339914073758472067808382981735045549759991827840903466985243317217164717936333316349714559926642859699,0,984084749369573632493688726674075474406585074202681280871513170691902337806304473283747435864956163169293259386535884748226225348855853612089898540992146515164808957653271694356539977163879839859709684340907890290570565475642426241254939493534598441945395480709245107522071509622283727342756048998234591310944673237240754930697705908854471690900486670157004605043998558727039514361350041262559189664820350231073682415315565510817143937952474173202205287029733645415436553739860569109592045802297748774134313824846449685573974554056460325328167986424341012227551691300311371116642387476552280577588846484667411286766295605680944598742201874546811637811826160034072457702829652669317253508617621098,0,-2664831565129809174230521365704212430085124132581345651244033785732117448137466156869047415988707498165269618459879493880616991836976855749068424581257679348847647339225033726663851875107993995634105718214191295054124394982131075652055476756543081602912308954731569307419851737232675770725211790737840466214835576458634972477756620701336048499590249890857063870954896563510313825577328930663912840126943324503826227066839685581176946518060286156389789910023362265328204471707142351234728942714793475450179250915369207315962583758362181709132719843501727106806345569140892076898539381001859798693222709604317838580835666897823094648409,0,-1986796338973145506659171545883847882097244567380822511950530555736753541576296441797603459531907167558080420093006020129953312398998798855011824979017863567192753390612610769000054573251723097674114721576163026867315319933951532708151407956982791854107454255742720258877851763463423629317776166072510585552082294081630162159820931794668891577927792465176957069692860700131091670770531536450929159587358515633011540744272769434650869910084286778348962644617051985101701233954337883755596910859333475586319379290194351946775537135939565002731523840157169165903351211934726,0,3636120196925048832147538833644291055241543305388309903105493091079960161457816943675064218154962837126098030757841454032968757359084792198761857650292448627516670881083152053818030645517161911998390741932857512732824997222221413445380857529781662513763000961933442720885878890786295303594031952445881478895707659773830942832429124284991246948720616474035936525020749635485178293641695659704552217684187169625185895113844177052750780427522668280364901752532939104764278918781982746524304870189585673099690466,0,1018069019884693582806728420281695504254573763648908500763159324004926640428213182777266276532370643344763764611360049273195304202500658730222652074106700224799162835897003576245548427010297067805569730974390189687148295681574972454979780488477583643872856081496239447357250976995340234193370670246497342363302574628548806226579481703938753458419388297906878513817868858982300250435138487455438571277781223681667654975705960377885820645684193212,0,-2541325581224845202485948119629597189088516889569070632389311155420434095131188819915059564124745861789381281694171521523110228062551461442640411866736657585775830480309351292542274975709131708590164779039877232472279819492768585992470963292433769462975058246783174302447221602234322416195637985360154648398366420075935395521521289844396341772537461461136822103929721124703627398324,0,363163395206799570516939623367141209436739055880878474687195387902835552839401451873458151937398134074690039019803476705997090871522560010166084480405477650212592683384725632537002893694666522936113646833890267085531628419637569508197557102004908483119687189178304584640950765312596431370312630091695885998323500939628,0,686192652279741315164004399288145866705368707448129980076712145112345876733324634830646794753121047703167111456692061843661208703162692410238576547778067000973820832427990315874909022632443806116180808560265023454374405471802584270266168669639231340927452,0,-407080553013785900442301921027244312613448526451237593287359523645001726376926286722269778952686942049953538985265691760639114052242428157691754238364582536302502376544451312922860242273006666,0,107417450455169169749429900992481398761933743107953693854466361645230412506014918933636987491922978300973745319345561181269955906,0,-15491125090879688552014026900401851153888461695353612813373954874,0,1 # helix_v1 r=0
3025344379072511456384511712776770152053087522913155029435989683077574652714823813338275138468514127928498694447615411238363258972890491527215503396545438610972311499173206930290391238957428402579924960486745543397473786491554183552570580055640900673416922030885058297600431074815268743905677314177398032623705999081578603695687191954254728790627965795429665021170168551300307125776696344106140106432490921287437289697809890595352216470918073638989954133395246760734859449339906417827220767852879256448460461686385462054789841605333612491517744643949981053397539666581887076468540753355310722542521761925432766875703654586333207193975674656580021285384666607251067,0,-1769711654170548807220258210471415953890227875598808194021922311437350465438411340853825249288495530477238012200959540056048889309568466245092289668285102851277443159288897875606109716020544831306863852862173927680292202976588460184184277380959472668884633839721304817529998307734574664507671692059285937447020392423218527587717840432640799012243579420529302878227998102527140457668323555688962367197029956234982192327722169869435306468354801153233502385146436606658400304318797561326462890251230562120925840906104843116346743749094409855243228027078857602913530440002077389157057400705637113036513492432278350,0,481602512872770912857845759328490937119809563944013542017266042333704331696470934509117148774774541470018392878776991464306726773323258695515328175044380367624278011651611356221646000491982551137311908598113226822566715572320032928375833439431198829647425723764178633820566671260683027251828639743089188912043542221998008628078099973277998205946224213249356027741322363163540336361962569140445240673360257661121551920062090024332452353358475950738468631726026672499791991484641369401611827623874468360913462412426294647040189857525374987602878933633698727,0,-80377061320480983877455907209054373332850590274504779066187132888284416395274868839964645127627665066074128222008455153184987060865515611014864954654362360732033079633843061290305870293294784664462012941232330132459640295075639452628202155355384095635249817359103017480074625669051337131967681665368418978288108064163536266249963746486388177408583905734597468923712254187375831114185779837391151736291139410981673432246861614871446495046486954173113567003171377248096920286382000638983745482495868382,0,9140115976184268117335283479942261444610761625976331522080843267202626000130774379696011242974983926850227164467751993517395525448017178797065269415841324004170025848005652578038904413853894519556589675559289930322140191027339680478988138670735928826700474702370822305772773144622560365858806510968173055392365306895450242753699879257519546201373404201988889080767738432775342759839551248924836364146275558336926023754046016389148986482634817272,0,-744712408643698533270660744259413281201499416900059371838921697189473751470870949595658131438647279535012951988543987069466742567226681546706723079764868463058823341949025122800987975498889371319452018346407164106278657033597499376533764039481523287721598059355160922201955819429811563515741565383909362846274885506615819994549872583072508010869171023010073214589512108248974031451789713874,0,44525277607387752160819786521793362613307997401059210558572033367231249925176384756379318087971729494657169417972906312365342477461653295005909883804976944703363856874627460366493571051706823618036174225575940788940447831630872432915687572175001288672383874289977764279097912162284758528316947075517292566071188257457090365477502578182,0,-1967038109911859410111952612614325022919113982036509026929639788878071611875249574151637486645103793949566984814739625805588817529168955839415882659691983497514033112298897088419522039379121851212172028703891487704397771651870547207499809060588661839661893967735178128886331927910,0,63722827845515488946777021020274391634417206468685688648840071349758813093268365596308459700644126873889658291890554183530473553604504975315619828424827991759748621335552647920184771033528738524487057828532721932660287070896,0,-1476944816375184170938574543945806667436592531714601716248187774340152942898398919785851400074640317681074085840553536134480655962837407591499291240524165635243139264686,0,23271032324257726401927746153420425374884885352348319745118391336354918072300388353192875842111750286165187739118,0,-224138060561424484517955923671362278994995169940259754408,0,1 # helix_v1 r=0
386552559179578078956420711113781241137522772259719870688687881152628289553263133808468761062020356308842316205112669916283937170471083058680848384916961995030618233532861127450578210372135655792492871723076078024001112350886020252358976418961455045869636861962849973843937963945226425319242672764322746495704678504031626844364649456396735939177114007616063342044118925535832194219046853586356593423882691186910963087247006686784763927159737618741812468785548425314817066883666798423656899677969823830859119595394275442581572543286306485069948093405041189549689882827254272690744691065948045760501192209282901927893296684281361250853660914099214643536998770447597159625955898505521985649427388752353521491237113818910422687118012554254798131688252611218248610502943292388090399487321472373559642509981363590099799164787690570193150149528131,0,-502925856770395827329101265308399458055966356104225423099664290212621548551600396684537736640878273841548252618565022937377838637655430460321735132622601181628392269857374236040580095205862845694791395205562296563318870077852527652408881167020255155866683030240861706500265717577749223272372386665133206956088655630855729938596503548940668609171181140394927971678485307879965736723393505910890298367530118097026253651357533366698253273081874813267044039575792621194618729277306668692094429688467237950886523300165059058392329170685139980545769753125170330021239842307174176194156271453043842183000845846178885131225701363772902123122731424767080031255318143438912635127955245321282547425806582046363799780907236285084650926275754962383921381784909221143206863153891457656,0,299801038921666957148612097396540539353434582825612680845790394923896729414344477584917752723619617419895030577851262564136688582670611417035935376971355530843843947158708829636780060983037815166962995352474335398297924272284486808887210373386431586190531997377279517790479925553516201347946447887446126033430550190606651407204395387952596673256081812521653194538928576871593884410202248943255154367961349263494475377677044351003182369720886645539727432487349130167276833996861858391020383955702346042474165032647008008120426445976602556015413133089307950644294221253772091002966007074061512682541734758325903078948825245860263711496806905631942854393963163620221488251298058939672571955058108221847106,0,-108276968962169538949246741105090963841609857499651812605210356755643502537782605598122355423906089943210473553772657490351249981960338392893659188915691626127290613082485453587987738392125690512177875166834035434034080761558311717979146259231959219824625887772421378157973405505615037585764790805370626634890033802438934940373895690234102218460972012974765695430579856803996977445013067626889305508798185816187152043236825057701251839166775630723026627520535148135943931862234372349479653044057383854295760562891811479188531965325897812547442082193819160644948819523515378276571191944591293176002546851616164380077401806339340064806,0,26387967891327403172736467170616157337335063203511538315305229450175156210839566496987169124982808606089909777409712660206050671464085313278408057888605796727513336657101755244923714413706964140625393804626189839111221224669331076202760376511032093991469354986819815150851062225639735112069280729186683613353819868887260014156009897781603356324451178818994395873714737925434990336952934901777257034337083125012756253932812437218729353964105258128177498481155989645736923151181896321771537275360445909424888206229704612382975177641518295593843993210313116736576690,0,-4571742236620139434888523049140246406897784498350626558705117506037400764109318511848908286077864735802602365750420414617942712980120675488212872133285261393283198362765633375514950734001067652073547067972372929551417466773883559847473641936607901728103673173584993507919145643276800094185910741726790254767871229918516056452251801587767981073709065801466453702862786899570458546989278636339197081575736460468107938569818668935182902514772784605115053558680125147432357938994944650558094500734,0,577375121724387057925587943367168518075259685859394593555290965371675329694306841237769269648045122969566556535199905352170872264708292154141826863375562438256909480355444948786638351703941011091458451213176482872824263993310092356957444525485931437466225387979795358969237633058778718234005595672310396604776272922335012599796048390536388191175550058869708473050138903695142096927357320851294329113300138767435608330195507,0,-53557432352207161450150025421267741880315817100238816241847477029525297846978257193202334998268327342605260690584383699265176255767872487903753545553293084632786172546782762385197699730845448895244935392061620585124629580953157346766785052886112459199665666681739003217765123070755084666344681044781711365492826112590336262358430655028679153388072740076,0,3621531790091565809119728593893702296577321607876098331989237309314065219334896588156058246230067061786036390973644440578601061781275979564216703950303684850450775482219567060917320498197239900247341133171825227378269626063545444828746219697097024520522151770676125368604483243243684,0,-174097079769774809530467646874047210416989983661155181982515194369110513220524524598515503159429356331084992532895835634458570376672234450013442083845290365210526561036026240154899822480996668340097725743514490742,0,5647922175157470042434639675805743381067506196450039604992605096033868206036585172377168305228211094295531290611858334570521287060329246805098,0,-111020033660041372210685809522585900665706257094911849352287865141544156,0,1 # helix_v1 r=0
812339499138510310842962803117532781235898618306078641338792398120243657568491210473873673474631521689762271860374356309895803717997502663777904369399002360942509444368151592702692963014693820170456258197878425964329259483243099884736887697823478729653808274372606095358388444961040878787229567456219571460441572951574939531858571146176947297676683219615143382129983757273424962624410451425997896811756792830721693932005318192458124909394933031759231233050537708914311639767846437321597250189710057407238341757884682571188923472594208158931379095109800089353916809440529553955452401109510773828229912291814176195685567456513586658103917852591772372004913792895705496589083459654221894016425037406189001819290550589588481038143482556909962895538911000821,0,12404576609188402668400115724845849439610938735913584720700167476764762209927098001252177067135985808044220777001934102093484200836924949192143768386803857000831664697902533567646828766276918292761895070328413478046434698510445017613212243027977987046446038209542126869671484949977067282580987580931654034740034211185402688020698802565485868998380417408680060169885941537534203588243222503891638040362935076726807362881449915676592056049777338929539165020533613025617255648071118342448623356523434482225867100210518140306148934609271693384361661915007883605064845525990725800490303521864645848513159146357536189140168641890012833230661988424223114354564880024254374982384901264678782186784158,0,93801295096766901819317623643290256206197834701785414503291434542874561641137864442062460646849294535257686663371030371688356320207663740624040770135019247330196085985782001727346469135088106880277318596514114026097664628612600092235993966986147110256615446737766780820337714717754567438822942762839416826006572242175970538905698120892339450464273413827314247121574653659735123940196708224192679552812926960701461880665212381911813319614585619486128632926518847266566265416789512538191189705507468043523243933128402086646430632146797571557946315134515808478210799834747422551381508059019564704360960284991809027183097695933683464,0,455881848576067024736195167842543780393582960260200083097549976177741252986188278557086471419615128643745734600660561425184600240073820067001584906155631626156998605467348556804504414623462986293856930700774266832106653197374710793277997068545891566759602333859247012008796399616041009701618124537030799530004125349334500430260473002207037493892610257183346779598828600518618999036992737726589427982633028851326066726929376143266450516057868156992099485844920467314470702078161486390678090176271455802769591307748766649901443176471405293893043406216011045638182128932,0,1577703958046511700839961546222178695331927018269403707686538542805433256709758292300484628210082672775699796799890758155523319929243279350737503703444820300016231543951364873137959762252996415121020392475597485736862739371271296098815007340993843589124459901189655323253388594410912082554933655829505892710565594474033083674141115182469005965048539772088082951535022749062452041366450754158386734642425865330619412231809711529054526412568467373438512613269177970647987322993075045438971875969758544466390,0,4087212431718934985424487015161740970313159641377293825366712567919086031806089174442311890029435156239005062644500021610426015160631062511521513872253265626578748380610685573417251180453630720528788738788372936113421221919780320742105599176787325511591413717528291494695202170677744963209271955418034615982495052232331883107948073531992776644486222979546518988483812065366914629563614131235414949516521467008547132920994513519686977166756868,0,8137596623076904110056386269384668695395419636541323048212227489000074675637636145286793744861281556424245729099056813906148583277857994980918152330854401198493827365817686534425017079190725423075764190281529169341997219687324703792549000788855023429488248066200091235403195369707105873657132569860478200623056252319238113468631934950327086565509565142812054455783697424981406041,0,12585650183555956756010504552875733173014779159127945725029820029431208040163055576882122983766863566445043273323456468518884267673527244577707480025982305875261399657662874918027860384266174308267097578374455650986810910332920972681965335277228150710751982448733694159777820777655318492775833253593645045127676948152,0,15094856516164280863284968180549854447929589546716721331342990345779759324595845685302103982679325755291393695686465385391986434948652985451501029795353294843708441904834138348582493235117460834644349706088562142524264626303679714838821195044306545621000,0,13799208492532881936661128840276882323155308024735728632158210136897336838962301589680483292156854352000275135832999615955541752895687844941311625840289249660224358405531256275090549652460260,0,9245874227527991532963231951186552263479819251539600861274248875033019468052704756455039076984718747137118713443695088658778844,0,4153130784903446593585903007798573121587827774124145544962451150,0,1 # helix_v1 r=0
102558983863689251567986936679074297854340448243292566994359034809550733394220407904005693689671457962261460450592038399698630913738118553025143491026967099976674280110183075004032132889254512696830763719956194440034594790266946963154012862270151643109470807570543848272420310323730879640838672159419891148403798188281736047690357806643543852466022269215393794723790443193943991923663005831683490130814439711700018735374226216328137561795889938839246481741865952887372505042394817077222015704186444097661948623879149612274283977894903558869269823855316427592310278769801064954575204180844768397846750772706749032967327498912060840742841786394804170204574050143995050827922520761063236953142061450856352521644881048432206082653249783,0,104317138958949242474220331432329949527160346303966809792334033643955516705173144558557405675806842978742724172549298655602502581884317302138393809341730339736823757761910835425934388466125303728124862818819509634974750027586524119711717071013000609450717372441692710752536925804770958854180325611700260311958993945060258452778630831799365192939056880277366514627787024251153538371199372641982680887504174862483382147181741525956107273968655464020423581903824620722103837753093777000862560578003587991960836232828067029147495212999111806055380098280294579285507313135916117407089372611660948769008608269201431982100114166367232109084229167742016332541806194158102892965708,0,53120356380493303312842342507188887758868501873779008672832831745624515007754408216148364877951314263014933890573294969318498914757444442298974719232261317462686074520121893550313980175516600184985660886277575309713542099989264388842168192181596407525114550191057573042072911423484587975840303522526419206358506959623156008066349388707301274179513616644388783076101379409494087464090708697530752895007433155030870816535282807579725169782681934498741012927123934746451567870785909080613588540110688608790539344465795962682470297543076377586364473489618855803852935621650619965616191354644262430927532032357568362,0,17693879058725373596467233854444392843966806667952417949831521662335916645479979126402364962392433734927924202243555421180444128888239630464575681240527086980650867395325941663443058363029910584948743098475077813956037515043164753529921516523855537608337021675770742432186824677464579818922590538489906061267894442997041859553247710165314646164774852763062097039917169751684450658267859389181198018122594697441515414244047395024033910775482840930704457690938467806961687969398900122517764403675648721829634854192760877334638781068979469046799801001846,0,4219406189104969410402988925225466149411695992955316263333945606468139680249655862891800068542016105225140105642266815304750092601493411997554813532397836901647775033492831098197579163487476956807971986381517303956736767667374308021310275753097911577867003973172055800181876804145417742592476171936372441528731912314968384898312843241613822241329837314999145334745446579521561756246287452479171313341399220777002309099953721310837686662568642400072787270073824415743883916434943343610510585,0,751112058674965247254088163091273686230073830272918284536575328009998686073351591743675141893429032854088095954898345096498515111191615454133956596674392856402181934251289646568646472215930206002255149662359333870639436529270032708784235411826727992454860451641294567380741826697566507394208633848923149106623307388452299362866292929000965535454601588491327046827857809308957760153045594394176105897825090794367468615158049556166,0,102157509813129384934713254747061631353921967074024219801079368924993135006214684780194482907620264677534808749992279758245118673925812277223647987726594358247379471848555219424156073586116673505258877294802188251858725514503063994824089568322214705661147676007572950597654392136131294492665342807230978749793623883871090989561856551317825596948060491209543252014119899,0,10731225466255699419065033886319181494713253527715478653205021038329576717714778147596357923566486345851987889170168022649039854232620402365987244136083254488174607825475135672315218086849634296116084422473563219902329237628773716458792577637142044019680378676558218761430680385085782335808800219929514111728,0,868986210819619096729356714247951396902130784597334448937434689156379882256954191851569558115803530958134682180740231970805782525649641952321716600069990223003467457030541397136045239220885560947905796492497680773064961118711688490136561896276042,0,53232591081147610586771791429638014686236540232682006104562576718386887477562733466777199059183522028553844079042137294461371129265490830465221077353106981548207458643915579749301369150,0,2358045986321993051862080202939446190326001107776781185636586761882793320235048235564017665382443351556856665968974600698295,0,68520407663914308314018966003517406102085184475497811154024268,0,1 # helix_v1 r=0
9846516076464461216498873856397150901365462218108175609744718593966180802661434192057674761814412621976415612712967185123392112391267547349750422427042266779517926661202547906902724848071193912594064158309690084796595113880614961341546462868144855911669820657262606649555532348079686850827172523231580085764683952668667818351756613277746779175399548118744319006762018941968414288351003558926953090829319658357293593987152510313436171226483006856520947457226674592939296978336726192782721728976744136369839632144339639994144429679505509464125439554216961309530444313584095230251578897313573549936136848530229021367857672647774284219063412713417759871866428997932771829511880012913551745412892420203622391269849165171082936629105394459065430261116252891179107058119667464798768781292458450816330262261664595801484994318395235347679,0,40917899624383278024275228586653080940342004342521669961193972460567296232605701599160003843254121249266798347086004279687074033939953485693848602003541767776002096780091244354481043386153893952784423889981521725699645403734514082768773694220327458744441381961905221875001246690225095431655050530373889781191610270475745206986214043049958224766528886494938575750290561144713529069641479619211319487077287882079465335410421527724015773874471587421752401360507480834279585915265551486286334957169469447820634930687286386744787369674426257462659632897588176548889559134546149369627460584660485628921404238262831257588618723380886403461176604216164941102844809674900787181750684367526448737822592414906893781048551172613467102518201512731406357818803943938552403540,0,70092829202355206550259494461903234412191603142547592133519312393998426049332540740516833926815454538899751037492729320679527051968028763316469264953827387460701756379437742366212471363097342857442808414616659002139551286561330227769719494860627004017437273739823350626087213054703865363280192556830611595663157741653891411534491201259181564689434993302826120183234438959307810012268407825715000815996191863228210925277675814285726121708416554043937809962692931474898408193273539535581172403907586618642277801827493684809016534327977932975687030378641529439393527964740153645769061778601939843344374469302694058531816595312422456291323419168291011846530595413497048887138416546788392597736623,0,37111191171059179531829285270117372806084680324826617559349913921548373518100281516588645451361967345259399759383120200069297200726986409858816911413710613353265274123083161168560747492553503256063264510811433312025998358468484556293092349652589001978098893827129931313631109907489717041334707118757739124686417692904222831331267871528583117973285241202449488061480263339047411079626590242563018953981905044897883040765914317711745270751376193711096056715748425637365450119574265016877303067870430023173279065025974850948104966722450476579133520367574333893775210295036261318659726344231661968743493513025490746657893612126,0,-63578192138510774972210341361318643168603263538837869114689088245180879165000503099253977051972332384841661501496579954637495721641975149364377280342966887993633668561442049307889219505993613960879383511158155910570043412756543025630265145024320748887324953449881630468006195772095506897283569692769420597669712414915600690754193511298275007107067991719678508961523491185753484138979234287412712021939975266414515848925022430900934899021097033122551672747307348292762752199147728260397255026251584932018151607761102991515718770829004709553866284279485821,0,-139064495805524491645062466169818602040519459737532659524609758071835760190538996748573753990553259122701663689687434576964538806428725577568907073427879505663671935928810088629639432682439469341677488934731128796503225934925571173243828006492901292990122744988174183011959635080215338379214504605825624117407873314647801134769462569907048416313762528072978542476462385796287931477759032396528043452078949234855517652231163486038126381350640376102891479242741578921303660160361342150386,0,-105903975577120468798531370875176965427080901639767604743404795147565894324489806697515389106291461321412442675073812766321797933101946632560907423114155391365998791400780945353026287427804720440013806042556800305393802098617032631590661456522746948608665128562800704380767383408081786143991773155567004862154043055514840712494673261068062292726505451501518811622081865527141212832525814300083261628680552296057662816,0,-4601853245236680812656745194094476000504176346466746525888783361733636071531656307171851408699808244552225780277977997688351417267731058784355338898579489503122153512730647939046473458992206335753668934172962604413944545395459436749609262486841653646288625829645743336064342113787597271410536322153962330011106130665353468041723590611326881343830,0,63892734521465585031119378702324089311908141813278108297131136517198190990361136685950720640763709563191802209559591435190504470672054656854942898849721496008713502446878076720936248145957540512094711255436884326098166695528685188856245771426727323941256110324831103744165570086,0,62951963771468771900320451659247973027061920329058697690583153053633749030759336974579780379640646466375593651102449577529023951165890176784266910919334179491004892532363150071394358399321356961819740304624964,0,31225856479168079989500871356675248029474608532733908169772066711255918080075000756020259224103270753024204327357959783837285960190633744403,0,8471228903141174019154538115702482816422736835016068197464735282563624,0,1 # helix_v1 r=0
5907344028986122273510645396747221248630740717510061044897298276104215102509271276633921928343288500767760941904102120491938418073274592195817830042970662716518675166159056524357111417114293785507572191460079209948467324887063219577138636006389380659205533503878223318379630680082734560755845825229543778163748952851765642452027559236553117574972386529376030705732089680299811463809764687401517626096944860402475564761126611906727580838717665558915042572944719622001282350968612652651642015795148737454843517708753127963021,0,1939770299257014736733496125011707392286970646138528456153761096397152377954664696059985760830143501627534105809922478789824887061907375830106031285020793287469229106706936477654005965555380443624710377371350807321856156989517410848058935223871398767569840312362451616316376444637672927789578819848441079475391585934900206710926141172829548782544714690990400545257203082981047409828607473678996227591280010950560253348536314304908340985755731020058043125625449726512903642505827272,0,305385578490892790478226814512339841626774309034723072315171828046747655898550442670445082381668448976121455109647538720392605051674511584274224790189754227161010960234288914462988866285539491575487722548744534153339615023030019822665666075164301924257205116007284094955546371333521377845927284530987592279200289137174538408117259497552768313174579691770288864457179864288558629737852068964920802987967990507365004459614798361558110981640,0,30305701582096146881708143606272279767039303939350736107138020311562895454084166059135587941087788762487528171065185293814884361280199911438884606289155103738550704472733225636795821682578727106993656184038541042185850942786499433046770684216430738002015263991043085379530505355426523674779301198427317257747589917201231217371545328623530453491957481134828300082048863506990365546003731270820244,0,2067861528651086419115092782956854820449935243569613484961857126818587666309404401051696550981295347842384562207690326484522985712122411058632218066199496535237230708378981460969851397947372669115587452840913955738885956224234721901285270459264782962919664792748529885782816518729508147482949768928640046816185886308853152543341102299611144595171070972,0,99668977676662570711241781134007102369861225957109016679633171738139521604872416855910894518267501032899503113033379069402224398328291654344219003997319024348079732344139461156597866490510020215398605663291493577915836098670967286543299070636325977827026683785979688252812067469478752828032486094937299951354,0,3410809179345926226099418032690047469497777805196745792457686678507840152294044116114840157613490796406419370061384160098544722478096281723569443464064019924994854892215035912053948226211617169884161994595154687555509838233347010360618046541313444574985576427413474,0,82504263989143725347243447682388480721735079188287847319923246794612208483035296564888742833600358592710858040274109206254386065942337084749128858404836028750803584580268859894706987590975647578747354117889097786040235296,0,1393254955250201999089633380445807327962697404895987101957677384446909502339754614469544560583223376853935378376457966862304944466276038690566077546702736277724417804774129845060,0,16017906185415893111684018784227027741813467098836627074336924660889537955474405137368507155498827350100688183105710300528412573646692,0,119306994722387561569178322665294718777103125069698926438789344401843285410587973501470681,0,518806337510113558322424130735532999840647494,0,1 # helix_v1 r=0
15113822897913839373157011655932126255220968738354624347085589704019849614189732311671999211730764067164773628745580644914730257706569342795629344424916677782596842836307560797843013368140772543551188593359723818802751205364163549123211718602899980572445290972123202220460013162320679658915514692095924760149534953399827202609534234835411134084997677489982281278085267224737417796268076396469450940170436386864829438555626471347579807746747976381097182003287006277599732537254484206850801316381479450721586208664191071791755573671678845604805363839237047664013189573427171575651892718099546991,0,8079731539698085366048043970682229988379308588550182545859454974651047077885831796683370003976554599082002265885020230109303987889773012431200174616199642658064432966309177498250840017401963692319533050728845891262662872638622822494669464474286116795822304970089238823919772141966860602873877452836407980743728085538879682137020253948817741969119679024386380059190652617172577842334317936482505646249568582304684363683397271978100992332658459629813681368974467106335676358424070815106152354565334919852308197050616003125297548944878469173049544,0,2019093161137334210100450281859224179552279444019508835329316697662098782008948729940432222013424670136809785211816170424816128579320054310484439523705661699683432607532667236081603946604799920035591359367969885025458076904450195214811390017036386758112489334028792654124607840525852357585119833612251059992287397076945385068036446238527201481193926284231452989100880076232941128681777868439690045858920514842233709715061850949343761106844091042827433037249995268587922749820239538005790247360810,0,310667862397912167641674373708589639462684198774372015312077935844334815125599611157827307758694084690453940418392457243596002665920013962529719295904828141864229644127859208884745841481758768725193426143403155740350232182475707419988054898305234349851137755680810330109274118097087254575107739260289355813062958302697637729038676109835602967663763119972731710878192774072586427054544841227046999013853854831750375303206263569633840368921082905502,0,32634281699369061029497254007575164606441896349605050334997445789150933068501162226180279561491603216827567729967540327167365368794035888790332933410385390194934722359301093529926760654104594214971776897896661709675424301200207833024478811686126668231435663200968386546789028229918900607054100048042340098465284119989500599566433273039292320681181911173363827137917133669025313922318325907492485007,0,2452644945777140225130253692634012208710826773082142418852705439560718282477563510321935313095516556546737633507933224385704086174729227721583947326602738696800154401598686163072685613051150595677094091112512025277152877666044618745332992036967369480867920716234917819722026569868234668029961687443194619093307120925172002598643850126363252447359284,0,134374940991226664339264373065425439709352501476183052568374464321301045669957145764380266502335440511183607253258475261570560006267765323969241462146066706791403270307640011013265183217230398245618677635034383167230426856159217530085002135901683728404269847852648982323412430007032174690132414455672,0,5366063375746995875399846687064212317106103884669322182101837590259911830463625877943617791443798546734965106851769344832738728486591077613335645580208345136362293922680170599679049512259567587887315037311464132740080559055873634095869773625418416768,0,153546796841927363003798983636639889621473639383895181565776935749046915980638399222844778255037154814862483857253263299290376030501527173411637345722894542985163105830028965511873620048557827067607599,0,3035130795404920552201181489325033855278804512468929911846977495645490277938564959231629139174998289962232389213541237767528830669588634390466334521130,0,38869075415874421850017740962310110651468546823126057471590951656034270875377452619651492919704767127,0,289012126973141226802209516479206289613065920468272,0,1 # helix_v1 r=0
16717692492269467583779748276220683927959864630386931397462580814437553461548869338226139670285903424580113834844894519041213550503541950317575264924049509301024142578887609730961157679438305803871357926046981917141042594207773092188355429116604944586358044042088932871215785779686641614989215389131498482961923016260578534210031321445216315668380976686470093949825054191140107446291039153307708163697444726185158723816514460226155691065590774829128779675004074102208362758754901431,0,-15417245484781431087086817384821420566395296985525812102061905842366448683847218438617119741866543505026609434054016649605987268056121985909257019082373916505716899317849452580718008347375370955525103571028289696650951667961911795834255897785944553872375541009163185309140943106871457005144416714726491602686367371882374976852236602139665771814356632553471382957998684949505216652657758903963593980516528615880677137038847390540855240392848692,0,6555505303324214672504636583779287878839417476614427757137668973847855986258112030751864521243008910346338778989284183608814243167782126679047069123613231567073019224344428683179266399480199169254470553077184431246199920473254684194982104156502000710060630456204931455429878157867272649763288631928942395254222859455721886870840701765273871612497375690777497784536717329980432564497958304594524088033064,0,-1696267717232996168851103564030222238737856717791058200031770564404241876173654821834067788947087454190004331785809975995308599779998992065024431661228164841148336190533820691734982637526393106008454285090293518341675476768143628406328863706476011985463228126792950507011490270895506338085143628557442483444833544506209016618733699787344916629897584019099428491374,0,297106866079182584732545343115539864077956095889545048838034888925811477968138413797350882773864245174505006266792906480692620542349747556651123327448714378756342751938292285302678699906173374154337480490798162551374520834688686696858676035611018356501606146557984721256582142065396215787188894861147927246719459113575527457,0,-37090215677643105212393983667335066588265453663826073663482301139709720930421634423736613313245860957173167512194534647077355368567511964128377488747352490392743271890338123932177952131856735326533748496751303789454905671077154984063504491278968104899785151728393329779710816166397924,0,3384802969375972790982621287593239522285224008808803503651551873187331059242221744392494459274003365114947556522767856027066661378779103113875933526797100005596403332459801048195365646660917001882664829295627870015288385806920771625624630396066,0,-227771336408629376535660324571351060705586781561615245335059467791285383040134718813037679091909853382647769465745432955570835366669345331938725489985942052521455523637231048594589748771111563019048889512,0,11239792714417384478204456505336652629461537747708521769281674208252918281909189384723786952942216606496480481382374616302695913079720056852574838035373645246941047,0,-397830091752307512542052664543188907199270203534285373651028637867902324043271313018006846001849946522915547202971655300356,0,9622736104685428092084013221241551478915357383090716709148473657221287413157256970,0,-143412701810795803570371585545014280220150,0,1 # helix_v1 r=0
83865609517488615322052536623666942600781057590137453539004074448260930887891807332038450373022436975121180449910865980089200543752026230615029438956052478907682564282572693793647461735737014022230139153713500912138260831369002387646625347899949798009583425114677074855473362429350452337478146659614311589089437593609292095091029273550988126473544608135267096433115170045931477430255110392941168707710386375658548213275976339743963757382842204359889516491197318726831175409459825432604089018540410204631148832893795425383231851186224543649619128915549951167741248986762295279897331132961966797742272677,0,-4854712752897328026152997139552914520991310356062838770686675268072279097699413253876619808356779892129488472739544249242188821114799921584583632945610666912995835892485860273362989583256730462715940544367191004678241121887271992373525422200029545274312451724893105751572873110977616314827569111221862596216117345525747391667416816019012131123777483148819255578751543550530464469969973663384206825544939543575260841054693666307061865342109419513771305991636077642363503843722930338580748055400788021174155461617587916731239056414695765509866579728062440,0,151214976769011781064820069934233659433974973402930795688217939649571339601724572499258137674211100881645128964518487986680996845076144508890647357098012475358695791856306435191093404338210117508030837651367757597201234234675694171568924341617892419830655936611704729636146111108611033296833236979438395567699893730830166912704952935121308877701837427340935475112900862635522723372695237523726482136460266705908701960782801379103632826829999774424140648363235725360606892154342806122156683828628860686098,0,-3081458816855604949988711671540126405090891281483602052303550370927979528221277885752741715529795704138525539550499614586869697328979992809423266553116951817192956717037821718877196444019036486082636813119044908203763252746609949296602110372765273392007790891543385329885243067988883164544318859889524112151389179684627366037255761053280508450421782643734712220523682125320899064036449690085934226876388579705128223841757765733531125389514442830322465852,0,44754218606382810675471527787866213810870536902670981709224267649627833781697829749302647398748857574804361169587016716948156946105195582052349705160394063806633852799439180590541625223393961307043433083209257812573240313032208453653127669579900456753542154617084629963380052944516955499735808704860621742426596530925754723240119573846488054815685424628777962832822037196700097444574327182170044095753079,0,-478233160762857725897247992295680984774444151199712503780547640180295832723009090357060235516384030954052565958536538186931682502722782399459529222462332207080127148061402075883000034557389790850478275562931509789299585697833787708503093457266447329766882628549792731726503576197779486361193016676909210518041861738098057392297016148562542708444229073840,0,3816108598071669347272192672075741410906207234830536327934151194342203833652168485947107733306861998484926309279661300927707721025370593679849520286474012581721672870766700892457034808536535292593243760276596289130859033086420607932145398270448053254814816144727635160652500857489747640119016736065848828,0,-22814262623011881889089144243516356037578747617042169476723346439171859874373669445152363271369060682988861906358548118636836403020569606764831472159410623481054565560162398890976423765910029566276051164833680678947807111699337970281990242948101059037240,0,101958743656300277678291661720105147781963615353376511563468019425261130845456119458750248577790329265810282951014822655811602099530963385137960273242163489291838547388780931747277341453303258256627982979,0,-335805865429485759732142740759977187385908815637311489131675437418138818317931499728262887117346520877627550398089874274682755623867311251464284368719944,0,789164050784531394954343802115639770741508366902535276222038955187538444620906736456474163223703851602,0,-1211596343757117724791921400109014913967012303799404,0,1 # helix_v1 r=0
3831376227242181796386166762792228272475797462829460803028752830424349745614509929558490783165114576447291377702724497251262625492183940269680989009938599768521573868988513366227544260448145112142508192363478761592068788663237155482548127101019210774838067247705454130269642000209013333713651948094172169435275958919893053456467990907437420905176101163974183006226281597001059498406017172152093297774301082143233690190911461902150287082789307477329809934050516919977341018684697831452301112776278529252439313393561430870055359327198882403974307439074279003740389621169852862745366254989247180254589856425353834261036385682982843845941789288550625919,0,-37226813822783691879059989857637693885210094043238039617939963169692338764501169042457064625473917319566445233089989455299207413011655090307647568822297619551705570965403617931741139054361211268471350560001380606655117530110540236381785601324717589817028035887605687410014677807082336518328269652798149204096767849713966075684125460440318845407305808065229869456286059288176147105108603450431492241975256956143807449545332838888588251898635680087702201628077114509466744614083397967238803232701749796740002862743290331937132865659781205086130062632966871023823522881358091189632739711464071192470,0,177900746366168751345097811449058929262296489588006746492046408911212450260195688467246699692457595360150324055467674886276143871759503941806943915665385006232949281280771041574132504663128706084444537735171545885017204846215696705015235697932778028744499987166093743211782686592918942287212191332596080088108986392851390425017503451199198562922416392785903042803354650412468069455088602923101336582372082511604145661868646783952471256353321626936654079219411790267635678500189213374030908789702624207114752611966118411327099630958099975423963,0,-555789178635792287679622615452233161247452274530090348676751821013454507072026527706965106017758427044795823979375172902434906871600870287562642058941575562215302993770228739629328666067883454053824993898465763396633610165343757484895892517271398081152959783540047690326362816741464378362792110799963579362595755866184277679835934665891365143727261440549936500527280210826384799065034578073170819105808959571699646360891792935338800699406987843029311565946153108071169152112052301808955252,0,1234243337622707954612355236644155612315481240310960258751934409841102504929208185042421492912306461554136491727950884553637592422854779995425784163162066079446380124927140646647295135961290391096737654999595775184906321219404567711046849795294238390442638476302177803611610794615427256293156951225682576981632068221076476809504359368478403726958802434272728044471530903031736298235188507815043972398863537381847707805420899886094346031,0,-1978338673874232303723099153062055447455088391067366638088929504490399115234062302536467937557775528938435867781354424982256054144046410155180213871803315110505170987977979009913167257433658190578081496519240808745483798251122491561039756371948497113615497692779353036952610757878085496338530896165756226826677479597299289293743305239184073136504990538061741039688241477870861736714,0,2274605602802146487035207460878211654185013519302549477130573393524993527300198076089927796545259121704001940249458844893006368444559190215357777065256757090864846468045964782593413715158556222017025382518414676832618733237039504368489879023016396607906558128553169334976316615434220888216786335734417476530132626994643155301948,0,-1853473398344886610910288666651038792316192471889261671162252323055323234150315725608227557588975351022021335597414718135345814860209076138722347317043522885972715033680307651341030509500551754828261287913623476294497298239740598656574399672597067818469891577016670089499512,0,1052353156421100533078503631734696691708493376777289584215234404000068345956098857438305657672373106061980023275856357709892400845215778012723681863915004077334099278089969303733414106683358776056727617530415572600540855,0,-405258603269959657172616127939686514200192291280524002965066162681354990679978476738714266724194084903228740938365440517720339431666050379867640408725976917311722470,0,100993803811179623008364850910577386094948467995612559717078962666639719823385167259153869186283940631106757094,0,-14837317784636308242956107411728379631830982485196748234,0,1 # helix_v1 r=0
162487024700651639552134253485030188992635326629832436983663492785311335133809084771340150848551316285832976399667026656379229767549033853729934289691198436638531090769159632649364814029226903860022569210850544695136965353272944813562643170820372891075786264911640298752090282761871845920660755826847689802475668402028663697319940957821065906384582943300915567021182189627733533441642102862770900809130392175026739293384686541302525188555734528690719638619703835782271367640728530350060523762972387988873272058342376634579475318065515112274185402877847656521539940043196234741021432759093180552510772304114713778432620754836571197968705662932591888955699815903395874245196556428812328113938139560574729621072465692908100327546649823951899781186073,0,9993699894044002706978845954583850199195234361111408089977849194750091311514134850584606176548398287358710781378397945329063036414977896178797325514074695951812080396760451660262538794841334784602906242200185330786259234243278012578367707032109061849593035265354465543926979897707831081758549576114315719886660222548547187424906591392855280464214541079200972236432120562828484610567193679224270627308947370884185326600119538378372675392046049843955293519621715149192348473954404683659269665032716271315086904965286244470817162109474055651398042600178897868560235426946964827525534347209543929816804977854324625038659805613585371465422223723355138993343141048749802796140537902777595200,0,65435310283061766783053032878001839261714680096793615918289122393012135486359492803742345534035383384367274916556086836311319355939437993765579558081169687060109482691875174258922375389268804618298288346289044774933473221889608163715584523560868303716732601342800370600440314996187497192754606721845756254479066568330115928956644310971969568478958248169307822718724471905862591274009100992337559348141367192753804718355330373625535440770361472010974388417464959480486747804314064195149037970109997335932940521373625138215817223332124021381217017601627108376996228248145012948759811965095299564550429660115870270762006075642,0,-4882011412905778535991511602999063753325742863255800087453749194947536165486829870791401701786114605595318860481365177781626977291021116006743169804391305976606719364679371054278114725300210852459315764755048862374352166798405404527564256931269603434718911210460179882955974876822870336501341481676991039381359717680933895098759430787812017148323658712373837739752793222399759923189681800040589349311479142120826317530740569551137417257613682552658840773236897835590404443135519971753161411636006171278421028173854856923735206489269760608990394341521997177046924,0,-38876811339022213304443636968382750613114513242444939167582879873228166263269397179508939134168606688216693695876105734899182793173732481602797809006134412444769214153736286496249166007746155576498105640004686102233210792465231939625558344572172727449149485487152568848849829215511641899895089575274799959279290168703252982522796338010223788123569464566191677856034399359330570944315675835352303357675352480049904888253908502953472475359138874244880293777816988364605703623174063713961317349284320288,0,998270527124210106598058704362636699340774833108917934154818177048048437094211036172615101466869523901321455067934456635440087993366130326021066572396518665703361483538653963363185159676079225028751734632924477036078806408821488861597127087782129117508198914010032964855746209124623876586320549617101790079859233389747648410700841416638204862112877174078973695913103962795672376912796206266839444042408082430519868977479378548797804051386,0,3858071829970804392028970192906011472102083017004618499713266302606708325120446162752738808187430556665323842665585844887516144795210101410619791135527080306958551491115991735406617616823216170672061513386203818903564240016417299629385540328172700578107956954866225332263557422150426157912720858143969170224902059705717322228250819348788510581783335972692348300681719672051129,0,-89686114441637112500085525344152116041727323228355044468119923112112303545093332327987339616538933735483780261210781857581396532529003365876615438868003976011216832967329072443534351561141476352439376919647027981176347066085777295615406312531980738902468731497699232847332205464331261732214486465991220326908077674,0,213672648310842634320827839806255318058254030527621613415341071305949455905988376183872256081169516849384016796156766417556721324354131096501890313498595222023685579104292940504211390983954971615096055430056144064011852317094826223060138975272661790726,0,-333958140235949422644676194990257522490921046543312250581254480850300682650121342387775724614943278706482977197550398116132398130699391206549897172341509768123882530176198744901993404735986,0,4559491626199807605348429455549912676323309969406632375682637898838894075135126206805707104644882135781508098778256942247788360,0,-498848583271582275467685212516879778871299506153887464150167232,0,1 # helix_v1 r=0
17060142607726511752553865257432169202912014165494936151534420177401421072218099856914291293954374670659311385912385976136274777235001573604629552684726391301835728664931139358928136237545854355619362129102533760894075687882658726400842056607508504914503167591918113628995392007522114640727223808665894292223374301165465008294143507362763219378640363243065503313418260951101875749589260626210190805670673480049875042367691442367874480557471032985953367347668942586312920161927821611289309593122176598833843373717,0,-52416679356065325588013091421563396403765273683665413004909502797044760720518343317714849496445386673029796789562121287363752512691726226696659926423264156612543202423766972874298772930166311638060322550349070638338496726239760770037708490950833990819561115699681817592174792511615742071766155436607136977979529389255724364285526682741540065737765262854856098816335176605834184872010672961533893434372494682787968389163418036919547184782223537208940731736664018919891856,0,73555580513197683214853195729626435802972745950550586547956334413744987547055073633008963403156147901120390987400052124119889391102833538040541279594100355288733387217222503363454411293386912922520262474136916139733124894734594716088070224965855475592574264491065568415367059510006511900708334337037027814528178414159828799815055775226124389080399906469457837251118189333231117004407189936188688968195296628903462645669437119991,0,-62316564293602343343262683818736477141105694992599864620545179118263843489558023033357555323577311240822825550148576697490363018754815548981487436385469658596591857369321576841045116199526282979724019254152532405782971838746184891018795601879081297103510066644586451352212977685780855080427818024153234469700853389143725901203931044680348864039944977526842091411304693785637438383990132,0,35484323502078139668992489546975937849214964792364798247512825337997838155396730698658785411279872174027693886750820178033053143738971913473288049699802718228844605659451763823791328979716204520775945398897846751422497716650845026948558031747509675568894713915061829574799145633147160919762409143396879760900892609389765728820435567853256277482,0,-14301342855121284245182506463349905139601035950702270954248796354948073397965788773891173831933309193217103991220756966337312122454352123682483318245202108123539848961454678280059263812260336610344892391511875643173757552234563551801063913442660237400853324685084760826512529895336731895746766330497528,0,4181931283522749670583209314876758944166398725958312868017879010298112597835932843192522298506305328025747382282497285626551518314859269295023517223921525117652640437140781504978902751079116128397492999665581945652164160604671575191814574965844044652464021656,0,-893747864347165179612103278404651765007412815806955544860869763976729510284471036366776751934186199545214457159986107912244238360685638756904391856087642473299664038011264897670201189278467688624803959842021624559020,0,138527513129574851278798524620463545132842346097542015246074121761018022065169536948328098524416398276494639551635327825761978143643592247336984733339547541617364985046357659,0,-15184070673235218429544660746178021331819856175312952439027949125245297609070352135093796588700476603502439920053988082747147110962,0,1117062236717982949785713897339107740638995745326381083916197140990560889725980556095189,0,-49516525586987957522471839301503864636509144,0,1 # helix_v1 r=0
79747698818311637646665602331132231916354312171181480339296237394535236428767330394847961627815293110584731732955278629086522675245594925450988523769869341506905605944232898355952071015308499014710084601892632369851442763116800158846976377136562439706228191932928984643853570063094802708844609731987213701469935921575650915809107630940623425357579286676812126031897684452184935509035269993186119512481167077060680526129256232039721782602763567835430668097499402551457880564886304362026849218330696964861389534999064114240855566768945719,0,2607087297255242840569046897972257514049845086259492833913654264321220614815266617133619837788484097419602101168733163092912729841226701100935816916494538354662550762954214138535114388413609248639038029565106814181241639898639852428936273212660960462003893134529822351017613386893868385993950988220760054434307035723050340071254703505910157054469996279373949630374910774360883096440431990493474172160340771507044227838326923061626673836929868881337595748197600478860987406493198800327948800940,0,37147677119693356677687794633001492735655560772784272715926730618376518314250469595842133466264244040861742382869579016710940841412513096923818655966457895492156217056961595895029728967169659149915597325894434865756035417213497388829295233341596237943024311335386811106220999728824417779418162678634371285360753711944517461108768432728619962689213046574975283703293065390222442927117136798474568892351801370996249238650855236229309570018648896727906,0,304899854258660653496063780130384638678011962549328562458312803349129087103093008700860934443389744540103327209397980861351601786894974202872288215534621833916292704199235715212181229089872978114372359619168238240467486142628052658479053232932326616813182574587873759624255822342122809531031452938838085603643071142146193379918991325379098811557008694907124611915129660091931632391226236623373234878245414,0,1608785702274701011574876702368857007142120820951094440111129474115638366753364112922053550497458504139359295583736197722055294648539431817878531973520830174497520478195459400734569431020655554996017938831337970275055818077461694095423388653826385790112516656823472732910358921236330515539041678604129314985403049600971806624631888987413852363005052694427927141,0,5775929963793130666072844672711164287210982571195534043958778697764549631034159509865154266387118349468893499845142634330781537721600128818026137776895862234379811074345319250329671786584582200860191170560241867485506622027940935346998327684748122969698256012089054249562398392286093683438934190558180096136187499584,0,14562623789218860724377450487430768343005542377971517376857032610188704872505232559299117173901960970900313761958892254088025718351881638220203032573619626723533893216552628933004930328557066640158989034676795332521593958992804031640852452095363605594571545643010231148937,0,26155086828069572310436297496147459667207644658381680295619656060128215561556158822674313279109660826202873960446428134085642803630725645825667298294423636911519472723139367918272219953519686777867957405444697606983311206826990,0,33413322441105971228496046954360987850048529293916756967921079888856869098561441999519001251108400124552044826654718150676364997413936878926812285462654431679046447283365710544938678,0,29758836041967417569373302566187545206479411893601901068190638685291573010137362799547354851944302498729542057363679506551512473075764256,0,17607896830201571657146047761179098950833344007044947386357928850968253414669296523473470269,0,6232432277277134054871901821030623216135665836,0,1 # helix_v1 r=0
340622855131689740013101906947432597488699625099620080388819418682192285199888203566888212128447664071746473749745988439396395127415369460673072131463121363141671164951148432510287012242625696207416275989911320483409113154060415956269513914332100865568583481343386214095215188995725736035436988899228609913146150017570841374182321208441383014310852485938741959203656846349322903335947868053821245541045955635400565776559208487291179972716959852909468083458980982326633453041219475148782595388584398855298516841334666803258447514243633199382307670961044892987868546009463059625129372056704521052862900847710420963489258717427845983671569652309537614864551591332082849919354293169936431371517952,0,-1386370422347895589080168651981385737922968887311457016700508624897869255130434138012705494541224449078127619820201802318533520049946749564608587184569114438464223158216038641741004571865257053907773520646761681177003393389113242650027855027903673025609208450564150515278698479781386037100879151158026535119135694090614507226327502582001213222013461453819036114720459747598067050985689100978045584368662487196696818244427075630407218327263112096876590924177879537710025403055831863701788406395026822285721639284289256109514430402753842323175270467897272314898323995872268763620616685053802735205613668081673067654129545052915737345130496,0,2411448045584406405662451945638388532723415407763292575341949091875523789396896372907596855514172214286892571847518382472476993529110223931251331646790887707231938325038972713477703585843386673593637713845956102808710811699997337509634222394622327394114752674111289500191367753266370619554393867774876984781653403676028055664658667134739053438929387615475787668110510826243977976074334977380388618489964161047324845344311371127439847305719127377761622103767022449489904494629028647099963424865827824340744380727283022916419954782111272964519508564835525946376131970769909574533120,0,-2357100573945345912068696302301341162755908735747844423345429774117249646665566442718315649455113854570446633221541191543827499775978791374700091200681589912661422573046432285576646119804219723655268852049407461364962389697874904733158863239716955373555654256699383595479193497972391473282112564597764249348912618221170904697483774579766294949929315532741203311123447081540388885401092207085571197624526031938090957337809343603782469573352988222023748553690433680421318856160437488568111641298661002794134407897352413118464,0,1430502956102903764726710011677614493579086700344336990749181652462447702468066702261543602640012673965590810145808366919943095746539646755722587212553944984983100021004755489133559310763109463653038542237002710284236936987853845495423210496694860081017257205626095314828984509101589684490465167678846045337230504814790953176270875074540908027827188921648362205960108631344084213502317623711509702915435502538396041624330556993417225618302252089881942775514542374912,0,-560647264306778850644605171991831010696224930581577778311392396553136679658613493108489724564519806233245576638491201019174833633867211111465350838256617254701800891250347172297429255684742974264230678992940179267012214336156394137286265178761560478263058228943494349479585480431918079286829581692150216831148448493135313528840007576669580182966739473985315030164995942765509619417840241872509526600304295936,0,142732851583987693822546160432009034933117777291559810228830189499083901729481100149320843206548869471808947199367181106335311779050632399956681183040196954597475989725906336002915578027552301872751330023900368216942700196985328006155815284831748249135863239644143473598702699414881617372599502136198540621125534924118495916063395777890605191351238656,0,-23132967425575822362771880616131120139718623996147623460086305687812951016431983457796961754453994352732362275803109371172304770952428801968036620255343847913686255734723056685115182690771262079851273741490372513418469145805910392609936467035379248172030379577083421544850708891214490554597376,0,2285553435707940038053323958198174383849314588764210266206539095848285491162758930626518708906781102994855828032028888153190530416174238166263018157932326233252757595857856233327234169183804677187768952349012428760612008723429120278528,0,-131228504988461614075486771784034904162427428478435318992574551951394140486582971402966631493867012788893125685795745803761568376066594511661305019651481806392764826277782749184,0,4512956121490967669532221785671751045982488133106114884375150970779116064894609224868678259112237723880392208160915456,0,-91701724956181782686896561951333638296601432084859028766720,0,1 # helix_v1 r=0
18391675443530592740636531146499607584278880885827444949476693579186520556629646903916319050408810996211972852514592370115120841825578204793612596192312396123295281953598630343583765499190900621361125390214586378015141904350073423444544232447425642746748770789193552391803656724674457941064887763599111589437008604142308537001045797925046618943961383944373376793113743620708752160486864304221715320276873235791957672663274172254245675659087103155417036075373440510039391508411739356276465098237534671392945182231291551431214811877438175824775302328725265951341400091790522557322494843162874597200825017509282926373765492400991581741110232912417308684699810943168739793415124623823,0,-318182123540200576265747244538989866211176691542819851512104358752459027429564067863596428001317959963053180820279892210907816707159929444685245622693761256239862071871250258325942278160708216176916232529745360212759370536195181471149883714979937979605565981195617294932752698593611562332990023508786822100375792337168175664398234040181256536239951082008480036884633708402375578912342059929197128398556551836391169547818258119811059668534148190362904658249560741455326943977849066619992099949533679472773393516387842670849066574029276125515787721881403615930098917772069929600114323167200571018920865349445405920607951559944,0,2791210832263213909616966210344464590955102766050023756986800560579856496490225043916953184565820980081055086829788566753980911725272942108027054768672638673319431893876743829680474301776146528157017911197892615111999324790187284816716767263812562252079835992748472346856696096953462016305422618507870491929991388606671271395159626769717405182537198776583395516899978582937467328017707870274853514673665549888307514771105888757504326361211706775868334990339939310361441710455118994537816564965446077441932478908572140675480850822529658506204224957546009087692601185613,0,-15102232292133552339579920632438436242633431360431413510117381147991154663028523146376730779257023936144370871557914753659881785945646628276479667611456866707627806004538441028740551505344645114374336179538244455949321147342977150856762426741197890926071213060269743880665147536788396489369341955651330155828012744760643486990597967685358394347965738998804349029297975691929057031689830359124543095829144091384954307104195029356149918773798898209722156555129112211086771334674858958239220552077268758904317085814,0,51162945947397810463678597646777532835672010881057294838361814439531405313693110989056452033598925721045626932898386527668844893363740919948442412933654539658990332422358030429864170362598906401155165354854869483472955251088491378774321272325073425978628887683681073217931455014611194884562086721228146572980703792304221656799389694149786860241807767055275878244203776031182159906437172549419502794843463288662430285928130868275098569655884477113644499800,0,-96592460946197495819284687437834866305814379120510511150123003490168919551411650782386797061525713135312863584594772118735100632794562769145956862834496235814598415020170537629047327701559895802298397694981988108702821071283605714136859749115984134247660758126572629019358823338270800541230915717190857465104427120765898794499679632176654978743695243591989850190968983134384505190566466221594462724,0,41950534643706948743654811968531281139959528517603103472398730540927798557434515273380047845851564412614749620449784877453098448411640660218153957950670552193488187517084644518196678854389949034909026682323488137943501111812852156542049433586157052834699486398201888016304474946040636360198399946581797826448135052084485928553292034635793072,0,184923171804338167347877901841482564879668806053356792029024395391082577236007428618002368483856710326408108988934798938980827443864495891495314179999238284068170969779205344170321711116432247000480964221091864645864625048255735937769617252791123780886343301736057112743683693276758768,0,-110660414249603911430494376222447466711504218336555041178544010297153988084949328628458904460025533048039391940695711037241126363286863624119607916409286558547687057105310195634377984493352549792662930978552960796062341331396564,0,-1114356559856386951727055920140720793631431010759870462042210578538855124458236946921254754969293143568926907871354376302942540061418441451205389786908845419187793948749860,0,2814947183573018498398301972486838626224347548530645557861647671477144321324559424644661259231372675720789299097002,0,-2672144619805317738707505671736357775207235731927168863822,0,1 # helix_v1 r=0
2039586143084792781500408520050200064456877286275938483916309922477538497914253303799384114914215112687415972097647068942587076949035528979766835265370654414586090931860880749919988978835330512677143974335535994070471296119657456984579047070686932385075183029575473566605134842188970555637984022496391850521440301226470204139169987073064412092095681818086462649573435025822709472890731826087418732301287995001406363434367940385726076937974105181936669126679423830098221983235428515239538115343703867662706323,0,-12601108356092197787770694582479775335667268163945348232989962684005404326594439900502315402734192671678629315831908722902375686928445378191535593118398821283799429959283769138296264681708510405119020654228960466897549509469512828518673262123354111390104942792715118733187663729803296206312864638779295324915823030946806539903555882040899562436889406215515912495940123365279103988727266837869636749459371531897247969830427332894633899225196748716924520940905820304772,0,36494642907127332711422841509307270627161218605129982896952537866173796498506854279413655428306745912861367659781729965606020307645342234116772016901460741565136638984714998277223048561179787961833680582805008358526053611531089657750316985831403461137701468120828370814821687864782790598504257326393649530149588482550938157767667739974913679100006314505020572397426574762145670326411049528684740666307202027902223809750585094,0,-65094537130189143056057165077752602424117136089704883242376874669780064412171546455265423681999113504954562605935644542027803436492398297164537184510902799048425013492375754504582255869827745418684421696932490500882603904428025016917014680707147775154872688591741350633148201086730792891249135291191834288977094024488711745782608337414988717315319341798431532630354701475784620825940,0,79135811048424674903153237946192217339253701055418278427087025286984597706807209899571752497206963083285233602427015999641813347265508911096970119637366185099280187663431387973752034357375854186037934182522753457274032857352642955221840988053256342824427897515728875093688599875086417877160886577513714612206958474515722017771507104090718502,0,-68679995942734976638771115321713887708031761021626869959695828134155485066240888819133375938766540430500495144702858417273434770763849126606910659386615778183917485839715100011842195818161747942062439392450207298141096679765207287471741050638209463094876939145410011910298158649133584193421401828128,0,43418999412216492149446720203394121224157851806658323412516026097181664362529108805386669431534191649311023181432707438996231427543372734339635848928106901246788365863842873892113680789443532355571163232070530904216822176235028483526803787247271691700372509,0,-20068475219690983395416745151590210694258127088517768511227781532378215623114355878067492159685093293876282300736333232673285818065098230339826544196025907865222137583141387998332630694251167879203091359354485882718,0,6711159849279954402433896590889453261818846212901277534352778849435714631898355316085275872410901208049108396910892288410112508453506516019979406654333367368264375935728584,0,-1580459177390151898438317931265923128446346947441535479858799066192051471805139838055625052042122755157675170775548886048052341840,0,248510280219876340213903890591159155544726716437391871186316730846846751037951057563420,0,-23415848797655618065039450134919668998562402,0,1 # helix_v1 r=0
30958234707295598898502958295255796548379746649925020446701733176191112793733915395622208820575669548701963284299380949817873301883846388257094074117121284170241787385696417825275858538762476390826642728027085527128124395055331992087353114077518535698603165428446134425316904540661461158962997768402787019283407799337300456953611557352805163589497407085237879367748365972234273032075485405052785839057192401305508168851121327048871921847933390607441576481144723505816199305773138830899692132825290015226364496125126105497807633410561305289486763266093257476377891964826637243862053848818169497839741813443335932014213474334254800428170556654333041828790777794589075529755964140689513748194549405250640808820598073202673373048682635287,0,-21150695082627595339045642791587803502818416089130281510341666136994725086705382279922484158092665810611199331758456963414092558359068376810644210391545592744209939190732926509888100648243220363027289791987803096332298389626047887037556040968776698792052060968167521417251398319808099303609058354655127543822304859230034318951853755980267953470488422021959396602305024518215016533906731099763410568304588076683603319905150563642025883452018081559067634105935984788451233261069873295996873762139338395004116977702198147906045244276160264480214127744780550511783037496315319959711711142592529516304326629224263102806839465079823966092120180769982441975551166496739972605715406,0,7091436210813991395350904873610988718540863521065259424089111831372098089282332530944048793451985751242929426367677736727317519964611449318582510243972614675872180829216362042079062720081309271881702280294027046667511487992034295457331166492167709064075202545208006778200450518666405108446165133695507536528564137042546397328329166502163491199339473479163803510316241983169330463590300105196349396579361436130960144721762556157379689003442495641243127053469668472008231903491198362431043363137843473166055646417848356774995940663705909477201427709753128581457079288690784241687835703401601454796273893271295850587,0,-1516896262156619828672329581382674806306712699546068621589777459490567334852207242517876545340221218631450129687466480332429130663638094308278471394908171698726265151601011645032372686542013715616020940497438589080463344605377531571799466392606680451285133994640622942200236455915968504857861275141263930303243602505991960635329387558505034868566982671898512055332858815232493246515752266510414041225684326255456626626870388812360955285232691358079545109679422200446946713504410775597793681454938427437081120322608460483799216649370313119471186297924672,0,229374033471338988102780521163965460309357515091120374300366334319426266809659235081532101791196386175411320235977492975220882079601229521814616467486556078214719737765915539903002480218561635178391359410879105022489137790262398329935826542812783025825758091304430280874351893905192509375619244536479921464671204679425172820558255915264332982742162222474678651210845489947132741946210682131446596117812368626051387125330615681992113722940241884662953233594527336537952148903873191880476617407,0,-25763048043148441781867932088430928582088342452489941880471639261801850085132178976044788858683903823434516043927981460981167054045026702543873673461404839961921735847605668043276198910685182056530603704603733462542337044855563731708270700052630164822189748967613148063945698581789164036263473551328517238732105733822924087146088552767484859128504328525689137121203735637061743017089029071571630925848242836826241867257229054220350,0,2202122346364306957799877247549342772753241635478982161198144095706278595794975017705505117189810292456460614780804488094142355159560697083797613763518504634633529661306465650758091919720237329118119362598613127465545909923673362972661813670622561217388792906094873463570669900957100108147545874052279556620393986693267283374422115127327853359644980284498064542451510406,0,-144353253910627385903385012034729956557595054156700553392681021235450709111708431549733487075454484059438480748561485315543719900261961460055486254673878805315615845464540387447001144070646691075558637922413935185227169364992778987447859468859308880643449380187956435989378010332813013156751421272872461929490,0,7211179943620451605877629189908813802269678502999189544994189357404913995469329479114010973106309992422690136721032545885279631187165472616381864773696899148875111746173576683933529936034491416159737800899208023772760344465057778597530026630366362,0,-268338567047174753870361094190600014046249417376167475145751985825192581942408613520305566732229075729050814506311326337226355611844925935635383450474567005351824998671590719332234798984,0,7088214027222681570729444706930974734556456495684261434519968920361837756482659144746718020789880100441372251179788995936061,0,-120092014675032248063347689903747342813714284124530799157639860,0,1 # helix_v1 r=0
9733099349115363023397166596517361583584981845384345568178126750809472291035942401802592304904136146531847338609261664701375645792732495787151902992201444878936467715701612479707943851910189348899094945443399624722249583585952673965899843607178294315564992756451915751507850293793559059636700930631014668558946618323993185570623792953176420747316728843593928522022177556998274282216822244792218487898394214074560307131828087649527266250258213919648781519264688824189353946064345241460218328229684037865678620754633243590687211065294367359308453366950699620966224840091007810187530464168140701289358596342022144,0,-264655377809810438663166848816886316446299005512505615328104696849804522779816416644499383052547492165504305617119112602717142884302519487701838187214314270413768146952411764430578053331412090190701009347634330198530078034239912557480941485580439886657764673360353438133433472122473681751229518176484298098706486553250340859168824279987015616542213246668601765557652324629559269101647891443161148154781873087485951206380718334183134843862721688945352801959587946265678126497204967409094244681898421483076203327804551884678990005557921481668257958258445417185280,0,4238764243937496644584221714013890835020976694971527771653164572925095184896875812022198430020311042205942044506754670507080595215273930544339300179731203474989171832820033477435397454318871417638590014304048014262010457341239260640626605070962090326296783996752485199352278558850376624072995356251091870590244509972069319485335272477310172846821365048922844658223379709244441042322392894592893457971937656215743984128499134931097721484952715113244212426460499269762100031640289683204092831008617951251455279104,0,-35513115616786166140165922090921917897961828269138717358812718416429265248973875343679979882071245209035928301685592445423636680278955632488452572208095234556727595407524206045374170693890393549304093821105084308248495613842602463040272342608235530119463393614892108715117547827272448658249037593436123544685594266458910178656344202587267350726597097487600788177301335201218404120597061899302144600522441761074497079956136804920078986568619755289472093059547136,0,201756288626818177983279017005995593490707030252732752761309563544120638683044247716462508905897455835324798048190546751251789480743635193984851302728469572706841300141327381890685438872259261251018652115598540029511459066349809650262788707803081188872696118021959106771071839930889177834567736073662892241550493925559509295193165694981064570654642525312452733856875759253697059327743822528740026168612610899968,0,-915719616039408483319465220878612865309077508368543308623546514770527776292774267663173745715821612660867692233050272878751948680701275598524094889491042571016776465986023110895329060677240064271981688045150876622892381218108425923246375048495803098343430771196461188313594663860299640113511585485722224355105224434755653419634108700725547731006049976842190848,0,3267994538789042785424644354758352006071588029455586417039169208897366072898127966781228616449555272571472700395251563828332106941511190519825662252915812432562296171119047664528076402343820237932138954774210120797206048772038687528988414542906104745051880433309572132599397616042473949217656645052326475726848,0,-8076021021115152908743524943510522034478641690409485405295353263010834939621805397355520694499107758074243318605953028803919855199676288884461557575032296731835973567820301640854517241871653979101857846229230970153158660681000280079624748031549254772522483712,0,12348055552120038473379584590155430952593343322025746057987599515112600230025616726440942291559554584714395515749864974367546406475067147248599958429784145990873512956094961702197172202114123478490303183192064,0,-10407688734234019947907260128164691359962648799188885702394853441059991664777245267295094913112486488365691242848320929845405456720376842560753336433229430784,0,3777763667477233899463225959874756125449857810561763644480090831944274888011421505133740198964422680510464,0,-110489851341679404578236416525679592265513539305734144,0,1 # helix_v1 r=0
213348379773267792417850694778715464317388971404175144407183596352965576559064222037012835285727906981234722871609545985245602535996413533673805783570070210557375979033995908742911241318919781129079896933697013755800492100917991509552182445446693034023297546071188670286988722576998547083242274222199454186992824752858938917069102605943136682901219728582511407803682215401977269442537806124058774723060467814384663544929885087934945147707546466004353365105943508711175631460588911143313053234838328267520045923951238738133471855130876365889643015079480137656240810675631135603327067460698887765097168281502754067,0,15550589407770450918814143802261782691002135794623693669956724759022139443774213178599177343310176695509326453666817448071309671858021200171543407661137386995432222205064677815030193684698134873933288081441379524503954271816274039542922205682694516746157870660730912772254633658647443769307165396953670476237004437724816605922879547761582982249268492889491054132363529003853048091566998653571502007560805390473627428214206758278412266918301845925410360477526189906685985757931741196833503578496669358595787618995944721812288805930368293977188396270613996907594,0,1528636360096616739430233951238825642045141008550076651861207139664471992140168598544884665702362596989274881505260755802590954742558397445130518152587897170750842514788229463839160251821795110271302284139674548435782543229347324921977158873695653833520467784478737752767434432994719681714857562762672350235704389090669844832334047800816566878523619976676749545879088945317051697889070617757135872841845388656886038351538276940282081023030972503212805247656785648542830872916633450833083665064900280408306597776,0,-76826743906864391990321884353466080190131156806647130576494176694749852004426784685518352068248194685664950547507991690682600492711809697518832150072882602666622392176794867501500936498312623806789053422737076677714972988926610548786814497970031939272087935805058058582641945845585099425036816302417444313181337781195647468063434605559870172583327314955797878352392957486351865729494379076320796565162271432367851230591458781624736925265194634399769113450398,0,8464839646729319844056697510233634625013245220510139799749891788907380146862707693182187283618945849378635739947085629047786120306129889598463007124180835461845997681462830736764293336358431095846617144212277550371086900588655497710753283171249243325220087728392947791408282905956889375725776738222583838364642567033576291919768637728606929148049194804413489161736093907910587413338908631859149544951088114859,0,-529021417533382008093356093528310145635573005981002609661530933881553217566925987740002523437050181163762056744712043213867136878360513760676340102860615127018592530862655321726993164005817878737471627166960620932428259661399948712032797540662559214221660953152811514947160316132424856442062521253349854120227844785320471627258466754899691452558395327118028,0,17576726462331613962067462883645170058012025268642241077301412919665223899593955481851151125888719779085839496265328586935731822289477781320900250029060972524606286422046863845021476539622255006627124319496937359133683916748942922934911580702251712868843044780163639272770307668220014692751788586203200490800,0,-850293129685443834437209209786044921051941648085529077438723112849778774253849368898447304622393418831541512852577201149910206511279089423354481244694756662744484535299659623183092836830860624045272851031885341090653711779556656401302835270134534070813948,0,16124605462753607713142246548563132411200058928562314776293360314532111037522198962843506727971540174705491048217756665296989217477831915362250107034629209536357999966338516866700289937930508682526557031585,0,-510950761930639378755276496633956656881543321375696438355816422233069941921287265818764676951533897365740685671625367812760332447205942492307147722839582,0,6674177109911583021858790232420292377509675451943509887245275477053105266110817292443560090416158181728,0,-91870596569555422025370961674550818151059249677958,0,1 # helix_v1 r=0
5427249919306982589676008382886666310362301106618384351829156542595283031919584109045523829272467528074023428022825052936644753611419365368789384629626904400408900234749945535910100283648022061767894412548095106799015863424390576662879404832803910242040000246498360190228421671130929726658860931793675865725288585663727092437355289793822541580046866125014379631954379556749625506800189741785210510025163787617540986046684584028980941650329871284887192801200678994970326450370178490069762311513799,0,-47112295293911235675564734309292210197618003636244772159372778242602697697915242740783350862778273722396539036693125196184063219044226167076047239224769698710365402700715277740481790900815176863381379101247598973320969565118580996392376629586852772355069078939066473382546393090684685079645078323625131424814916828211139644944413268327522623830410289719559486800010970888807781769377656783075193690960861067894368738017029160726599551255271633742975709362,0,-452958291787620929711459336405527283881999826458620218819565713987104048044572076216032728686200930118620280861043895288773408518356025881724804117023057223964912583020695413830736209071744796847956173484859330992179795508953460820695520257640322306832997790596029528447952495059271227667049661218952732343574270809407398064241335670489684815573333187476147360999717595312615531180608406501051599975813345520880330,0,7239715672326099038049264564421656894139184345708411156248058842753870347312091393825259041361344642382482065471480417566604820332360287476450589850991605002152492705668339664017678596012576500593496124174999783334822906451177339699220902381990790846977340813846065577099038946029134880573026977326113448454041583056254538933934638610123794595872294821738600296265773170554,0,-28367878069102028443892757832305059748045204489919112361441861813114863146035720113685566658087386226650571259129764351854373018696868257775470147581362009797375764412331957063701554946157603544457166658785209800122287507908933501424481003709203956509819426383332251281839858768917405107303978120961570678641269264130205135826865833,0,-7190397129200422228464611097025878563492662726326497171506340706879208960837833341316360004346735049630468142298269580649288775094790294953245586686089989475242789888279513858077626213712748867923693187984615121930643919193022081393132692635508557265031507707414847300134219069915765787410,0,1190719895115871377245586839057248446221480087982155957566795676364407099807863409540965093910450590235927776072327315092281306007841840487663002829424682772077551842914010268757938396444444134962407218512171034296713594061474863370344455228995838176,0,-17928306701397318295854705801225201631176354355298957414947281601699442311157907942187478625455470028734983595874052324247094614555304485796315884389162862966221758018971516650952694281890055459080700943977872,0,140896880831839476590365651042788282317126235333784683248252260759073830947347558254581717627203847524334049780024718480274077705709937587995461702562787257137080852897,0,-608360237279878420600195933497757421738978736620753447152488046444204090305790188551610790560944652505528186571300252087050778,0,1473986875121943796025939471094466429793545560806574882865294991503046990712073082667,0,-1889874006605323079148998122394940520479198,0,1 # helix_v1 r=0
22300323957299260829329261122468628912289803205744403458122679450572695787415854045950062483555077457141175351441426384440008995759152410245982625059226805386256782665794733111603795955237699405905342760336286988773499683464247366361696914309751522890670836589013233551203319428741299193278823610062718279647046608227835197511749455542919920346763042028341436835117792569175598603630504067440288103962036361396216794908676504156106211576790607745505572175444434579445523228133239867467551356491356912456485290611640477847062667870183412160052068281872297351322884125144733329914961045237447716124645266395870192117763999264542519064286879803151,0,664745727561688070226292730653216629291134195403050717570464944365385889197285473444504997422595710856773437609335396471302608705878528630631774824808386529434814662669013060955211345429162185384889692410556055578231986865582003812429734155176839080361631384411595724300755837069055380083195925936382378585294615395735625946083188182634953372896109409373379847937279192967694244362929909695806361260551163344769469138819015025890540753673802397786703638574927401832058995687128678424729913905883785266945072224678437811424205794494842280361911236986401309968815480823239696687688773877110792,0,9319258349424219786534724386178743153271380428343755311248568906921741400443630861706953649468498326264067359324929382491463220704621142713052378856123474683461709432747154598637265372699475407109933644823925050164192416653113369633096259727944317900918752268117189526244722229733354140559484527059215063551552661597893644087896161804756927566913171919027508432387955197943062918722516615357434827270550284403794472553840687970661547131660961768420086356943908956139025734937201420627577147268823743961285167799127949037751601439625217304,0,80504497481960874370663723158319332084156265696630669430940409581865821586959374919885846883467809687038021813123435963109298462077076401343803876906308733196633954468897800156615348759300045539974506845151064817377870843298000980582353491415303032195114022554583109869222068169000606007568688686631582411416284758429751371096290558671490041894051835722638640473338892576136186127076888120706317071827003526075101607409654687132221003015774133307114048472708073451032531917445645936132,0,472087727148584669228708234683513665817902127086071316205688860720855069931802445812694171737067231304004506502698436214064003789641171282031144564857492922215891065250752793603384560979853586907415538211759941058123468631036066209735346958286844924910882403277093227491220699023785288791755539407628364168364367908813798150217687457497376716409990372144429540626988227499645799106916367729744555879035911241625218511032981073329819,0,1959342351896928131106014238717314707006118623947496406354938666038847586663031214952093054382994214308615496511855237748272610550536952158860271869162162207520707936289782313999188109640719006432646962894507933922225204193499571131957958754861953980777323526898288055974343069252347132028448580926538226182569858220451031253143985665756840564121697225419331375065584717690079670,0,5850202265682778665725930161841923368726977074370073254131393915687556179375353262212388271463580028580533050766459876849414193107039988411700509416138455327474051656251815242067717111665045048872440660568451955466041465567962190378478987131942939534799019994854326618019104105098900527148546361671001538895596787071494830526,0,12573921492630292414133548434267716928034013396111734201146792684670536137802029266055048719786169196694853106561882177804393163857585621681623153033844928527529531256674402918121361805865661741519323443179239710922743794626920957334597855474714604172646270772211521549294,0,19203132235330819922347254143793172983362023180624072347086677067805582556056207022613271066443217045255844279723973159880194317210478930947876718832274481267871929992577745600445422261335071187438584190644572833521551,0,20235621759177173628159354330792164364381760309131704590967225589095896804414598300584802615345766641726127701784718211529175068789984992212053110006277887365066606,0,13920019062032155544076751358355828572131873720836896643977895955984767181024918470598563465661731897231836487,0,5602934757395070185926685805367565751804841463675673708,0,1 # helix_v1 r=0
464047885271703687342598023479289540990216779421883198675093115411616505563874993113127036540842903100191226686157758441694452907354548431260395752686658713621329634200945815163273956882012337008319964516362788479294823622118603958673871448625406069507076253596384251670251929921261574327850021421976022504302638748555341414482115862322724329064587089168106423484501361823209289558494456298299459735956771523033099640456453309130169097213076051009106363188442422265665390554655332024264848923264492598184977562449959382446516916649572897773022404590815930947,0,69749535150304848215390297172772727841864029040786640875412139349443777852692734801288500522843459010475012210529891144574915146026006607794993945812461558216960587476012292791201937101325531027609549638087594939929284048904025570488816203801898484684939195377082611864326199269447708655142025170152310402838910048147943879560714681626329451718422822477628736517913426013907984639911623229590338102809570005478221455032245529651017716431231615389102260499500293041501277691049426769652227435278115147589865284464,0,6257997136159411181998536230877450048503270665718003983443674282683182775094315014825184766418832290154083163033818058038181569184768938902724058686598330938799049998908393816199093978184604670541146744306615460761080560253098663664276839225670664686581242671625992279648633808253472580986225010255006404705505041028213889031852696470265628806643240413112967736596655997655925023507794065687650738348040092840295921914074097488576735352879152281675880063166947365128,0,339509117811456923672627141206347625493718189008826319995660093033729093707718366019904600409431095422875528163591978110080383118832448473145174986506223694437782372289004991842288715126781676035458205154373198325281846511453046644946482805238420942283294053236325761160308700518276515478838549476574055344474425583911048741033753968518673942510285908816553622522749526374640765539751455011892779297225619380737424323240,0,11799771099704408638846377638394767698954896811425184954430969101787013492466863790993687169053454061522973034535187300376385201081104817147867801421254748898460288560799123298712195223659750466445825937192389283127155596894835388984347905231570348249188548291131495452260123165390866178118616156829518636625513467424454968998884305085806955260501618686168150496414854449645,0,201210829458970079444119825339859800400934745669677178061612109503167058914072398250565517063535652223189231385341542038822741964223148283387688184351241537620306422057039986898994344444230946691732752289078655391565091182840422441676575709430785933277269982042268933916602672695120794824782911355057199302803313434841294093568,0,-2679042909504008929458582384152082349188462501381439833394089618234465673535657516913461098881335128430006617791409963689546895454508179907726286176908942035725808406321398588673679364302638674095574414481307746203382083766958869703423358342066723197144692087785973626740534387851,0,-286893924405300286578921116682661954240695099569546709617430549207151491885260005555528809963233763371441459270454833002494702111312960806446934496340486054801172872734704616967973736803125793306962935555663775037246073048604623522846,0,-9262810531779500981206328306912702578300776593926375900045454361012956201851724751886165347530870382133052039315480703038999212991312515197453261928055427410396972215943108871558604325544,0,-129696388881787551744559417311140101131427980445474236232558804915644312613203397889043810754762411113918258822071836226612088177429274270322,0,3280065264298624833477039411851717718980099631459717549685751871694867029558462894577461206817,0,110931350640844924405530624591242486491492593690,0,1 # helix_v1 r=0
650453565751105990047614235369821262742257823574257138792941241369405549066304279628044747356575469804117872767373452895017489075841032722929345902123666650739386416363554713821190294233407422138092059465406295483230648378759205525815795768531741227559153600151019853069715711658421007360257874992488916531618231545835560564537545731983830907585957228872761522531701776836125687102073779654340854926453910449711409663581451433298532285230639281342506365819560942711259673980789195333238050306363180341921056964417546806333681767751831636602289154699198171795942904673067105107585898576008503885206650246848739565792114263168924317902804685494367039042303365496536802473220618880323202913,0,-4609674803608654691353786767798476409505726083606708204513701869104956556049544662474592343285517468014231839540098470397571413422852929268395441542537608754044205475087796196067509497330462319010950136297372714287692303499733019685244614782977632327101383633650596420995223660777620191365188805266444965065934748917184738024308814459132997167555244795162877160443779826875407163945318792848928372529085736360302117452585031214388765590252834811886899486313980112535665572269255433455655148883428592019383696885905770761975697435612663061738459439731815122410955226302977135718383918877204351139287710474299110582471627317659603926,0,14921967402431186900107299164170548631285623174600490431379483148803678858262718721707557871037106437606379012067392297038523740989836716992552016849457679609469794111344151446726654290858593856548661506527689035905470628665665111778931161979155938167835917804420947815602077429532184458725590615003247000229957554957906452351452695361724353040317997488022781374969632071811303430425396375762500230227828049266343721157067218519239741137073417749819166012577067521291005021418631055658431469667503934861495736984038305724450871110177219751807929058254069538148318308093983255,0,-29185988458743593604999419573506548224222326790448929694298873256591413621595596918756799695786021199852975123358099249553409818505804182132378374018588525468271277046972883635944169900027114309892803671062177640705147717491732591873344862793858178206601146149969583583446303363586866594924919181263012010794971660014749143180659588306259124022466933227059396180732525345997647139919849518842577177885763022176138181117518543163048736381699059918016412834540751352754998299860425231565318415207757766141769233028699660,0,38428088068619713680041174024705519155656707298898416689117867524961693234481935107503922065663475755778896210800538089127725866795209561999215172198273706172466461782835470285706685004800723751995025419120501869568147218793855803801134882889293564444857519788127377555557885174307462312228533502225486798024871125712309380472225312579265656680051300908063156711495652066089317972559375291868665767469352162832047790724374378125697304140902827053439944673369746,0,-35893653083652330762473985740998433417817685771348366147151496642152571645346354102739158851009327212731819954620131577516968009224094111852613127607026640221832943022959183587373806024306231293211430403101907224763104323294227828285707043436396253317635391579320601345009458987031636013029856391552151648055012057161710253878865228165234023846128012400543163092833274232513607457237845175794908086988730,0,24394626435423353324207436229829293569014130655006371026521232535349285961737873029769525728101205806334204453325473834640739213334727669699284821965328108379053454881085012673079779862902641430663723372801650815527961393615650322444713679970679219313256577828760273227547258279653419438164551592250970289138542015274908114412274245321865068663319,0,-12158253289715142088240619726463653213346548825959839382558313877341308682075360316801165466840328823966598972554796724559236583349721214302945098289505072429891571280392493724773697711138744850102378003466503388428708015450619023130096636344757328974011469276405836492461130384222721405220,0,4411360559083381190436204551710240336693992286337310672628425310991757762352261960999580605846656751860308152111805407339154983381119763379635429520825970206406376712830485260102993476409766514009649425881622333893523107422954991594,0,-1136588899279349772658867772885203783168569589666944780716772131720611012744332656856926120949749230487466349493157582722982438586583584375784960465685235314196433465784967038,0,197431463408633935794768689386218657994121326883145366913132597715410697466985397749374364837903147390195059524446671,0,-20763599767964757643212988758334121806046459324798038628424,0,1 # helix_v1 r=0
97763046639101092433072024004827299875739945906416028583746901172391064644767077022125828509584714931099503305013398539246430045586007991331725521694213713335016492330664796658956344543327034356591346155183986569483083454323978378440101213672399251466971312016247092223151952909124327492107477083217922703660101175159563205694578895820081767957565454795721576405131862216368230013370979947252771586671649536059164968517179599833372191424161660357104607856471182892872639680909680405234413463170683924803586267512414405482142894873493313178809844297497526445219526682916251064785840980475684576727345876962310670458395229458024571979259125965403003996395464415702648718330465956336210653975204480755848346175868993753223592521563046168496715041211814294145307745381124000518341828723820496855220856958022460390543426161853602497366831618181517,0,10402950745151639023801760743139550887837106254428148198995639246912376168004655382297979466052043009265801008933018383701227081846692344151146130302019196908881777970446941862330464484434295747783579876683019939977539502034966967113447270459255142875518430366777912194638838572548937136439236216026758900907001105636315794262522371427753702952732094129494182419815922721463987199907687959526075351078774689183484395408483899681250549290268709952345741879725133085302635454293195946548648966678017283712016997561576555456885950549427882392079475924260979213221705010153071852198553897435155058996624058139613906731574331344304478510361416680870276298551018897307442988934838003139737619223631542887162281503330896152301724345459943630561204791068047332515510817836055944448,0,2001173162591378715998557474630050895498216736290996918996370558936178528123095625091746175135794254496787385043752261621059617867736974308264252817860794316620924681442474674696341393027004191160338949966409324033755498961337657024110301074909813730731902306494921276991742098743598935098280553534587991246762272336165898905714333292930362386134254215756125732133872980089075385497585288234830907961593402583599319567790551484289133440401989406396338617789447446958451665110139068445502850821719870662256437137558030263052535806728809729267038763228095550231628002733607936524496530061981978974661157348577269593744102364750778579873675368403187311908720346070545420157396771747315534309669105913381344,0,175603374440864304155675300412411855115288287981329805265863570831945803347067807818453541571957989596211602339268757710098184167496248766783600095912017299381938248697417414305730923880868948756780046699422275579715017877239778792795651676292500635552667409554593291106099292428281088849901982937320222504236015537906512700269273306284752492022129052186268974016718270020538362943590422476534069253348597078038315640331261978205920965814932869367408070360313186911446186102615267688865032750216172393911171734115155915422525605794416341398784618799798565863335400939814247282052808205417595807598972082941251461239559945892846278740,0,12431403176665942430440489785723491287868463851894029287179443637497688511396200748486256245920780808883461771565292744807012083145532922654030306319230745001476327066552341841332615467043582721402935228032661384030228765817894813252434537471952121987151770352786754386149227981577760563053321599216377272479747224004782225259381090356819378262108457601143930043757281526701740899725640598673659952544531763064271037226172852894624383795089352614655828594723065041096847826342780558119887589834246481845512301966088493371163736867506738553053139031125602774775286,0,793838054016471750712413100835058613743839563800259644319302383272931433450748079582271192357222928274202664197878291162666064011816701048862170233206060462122958154172863922190926349064436741541675516305726120501212274456749356477090755940683993829120242737857535333794028700073560952767064586452198576118461485783153217242114994323833670112017930443654561607014687732975862323555050007545511040478906496862577717870641053023939933279717397555057034499234929809341617408309456996448690464890,0,21234807889982556276652005540900235122592938299887629459321753179935323414177675799165829064252419780544523372774633053533092262792605587048712304864799130766291646710209081404036379172594932993054917578535192513256295905812067230313326933035404742357471301571121068840945205396371711759319459510219313919591078294476149179237140184962340312033991227596738939505783555576062860544115159291032264076732063544958866507634595,0,354331776964993684731816002742256197752855011867213379174443181853640261148959452435986329060919472418438892788979993637749054706282681693344751407228815041589521966487369412023412944830924929172623657696072259514096165987340817818868392329955588116953859113630166493166190572926467777481709559568240120666537100873816542468857385541788132957229810762,0,37745137542888503931291277759174186944625805803498702687831835659251203447139700306097167073502888598866477826810727706261877560219808905484861242125220815655596700688883106118450777097727857885701060051386269405180364218640437622382837602901112233500468807449814834625075714490532,0,189659724081371252400028889077804437346237805903160372520488798443713584357131631184323872886876931892136113134719677353571766583321482547223623970902418280345279139483298873655368176871996475186565033817470510,0,440332853104875942392887308548141970738236721853337736439830861974776097610405108040854940025304653445812868971695402866008241526048878754506,0,7284276432842445668824574290676022387142661742462720956924106252626982,0,1 # helix_v1 r=0
3928685153092524502981278886084655666997758369824972272031356673064371150360522734964853003004751225027282714439274306754634453515653655320878640592450988633198247277730488555859520841044897822865970588967029361649006804967807287055446932372491986447298468430788954224560558734551114858190083024779734066354527847466666085975899945354259832224362355126820308685670278490354666058584396830517329849474510352024036417198872840747218673994086717048126499584203006319184523947454002173920887158124568375409453300264663791494715936509495000468454155286459526801592558391209274017727496843296897944444164903429989968422815138640137654226357811170495536960069,0,-21336765097975432300106742382407016546834479204078330061130372651239663986025030308685836050123590803448105481723607275126955582198386009136956521722398163354962572370732162226167003767500149426974517479143777226309685569395793045733980811163655908830445004448274631405452554167035648196648952079230341723903188529647347583569613678961008666817852878481106017016694686512629314646848338227426053176827494431342736018308200682897732248426683592758344555070564553404228949896220582208297946126590719688637098455415257219265528015077689987043807231684878647497603385280810875211726001740390185611180692,0,54931639086832913435201567867960515989201316843080867665001255400264781300503567055840446109410357631832767849618701558620555237350906639726007542664850353738044767775609965507632209028169871660616528238086613984250053884630700711711131197992393845594194682827883666454396023954735392127497185394020228367938291290993050975021622552344387223939645510493882890952645601655753285208477096165176955120265249552381168938460524796980348149121975720392661042326049511203005575623385303342903911508127749948025393356592696190904242829819083244941892232,0,-88026660984900944726236810086359969706999414354062457806471135402164056325336012691296104408849788651293118285647829080258320343837234621243312976243339288132736087515132605092394083423720660943865143577084112017327582925648499371463962612907839680037435429913707373708416124287478055152151308656567687097323779293874341663148740200674831275386652402470554781865264893912708831596906667352179321815085002428584846768452370139001665522882087061054595670864430285939319705618652992687974365866,0,97227093523751778888042197185066393909900192679053438041407496438544710185102280114355387014384647631886517691062959247078550112796370033928773059819711332472325697523962634308862539716516201849759134814814409863045783303300777057857773850523899888167119579859870494560776593834241423425767766761883628471620218764374174594461396428483355122188462831935966801708788180065273516588233848471856935415386130446071169999710680015888777966202,0,-77627321300958590384437325936994132748585084849292516361933005718135529072153687440421950813222095241560470709624631921039238836966172555315992644382694722052943832816179397593564022216877513732663220325203150656085728594453138035333923980422078049909902201162388585204768363925306527474227380027465679697423445712594984208681135975339674284494644125984602756735368599819587864384830,0,45784829566021542117041775193090139555293521606079470659840768948557643896546568895589437934629554658502961620464727587752228805434341051816400150410643008651735655327387072315522507524433556030996859752256809756226843266907945632297920771514636910325715968895985434238637304823833549730091053224268183880991344317919571847939034,0,-20051813499914088210790584899575070994200230303676751184953477654721306414885120592115187214032726716397599862670912004034400859431843967156915208615475161976123381706885515276029136692645062553615150729605186148709886524605964247104983753240698946068560906437644782994598806,0,6461814000799080021485707347251490782528086948294853346251857746412281366740707008914931255833625742343110676674268123181488416983792682908354920998551829718496926097184233642794335752547846380203671843738052015758917717,0,-1492961310678677464429214763527974688169660199051871669696854945289911985092149414137530304926454174495411689248963212211585142836541201993238414080279196746626384172,0,234666142245472661127616768120348550800634258877789396205167853812314566278109773804625239336155121834370069574,0,-22532636015263211954202022120730856955953425685510483726,0,1 # helix_v1 r=0
65739199208812788301626170954892645816335045553835308830786968810416854852996799913787579567873358196285075257255062416339594767387892127599201968222030946853338582147237659690744834737354337079210001505384930016684456288997193479313327651657376361191334880901822950998374385787045186115564319951173224718563815936729720063739812078448270357588157794148149100914050819971704278295067058391221283682805139571797009881736526346596049251484401846200793698715179485992344786515300180892032883781174989434789761290398249764988550834564161899864582498918377674450970076390098654490381476046107038400528619851964665271064471733932364019229692644444276649376030597814145734994922068710907575349761111367,0,11382745912441108750857783382996676421809664988127901669686838616997247594498511878310005354925422272587012735331959179059094603521579633339890260502202193364761171337051722845948048347572129931877431815598842646962517869126155401204309981270336545539989000532525677951071472288081466014721236941620537345145591226925424875778283377838771969350507968736741516956193034872920323731870609503713153975109062241416313711320615130228945696772333251835872400886060013052396009624339846695558105432725695235245229266546232601165174541814400573886104193690593025664300509443294583091346258096563689523693874309367918628702310589177775595663888298,0,-7977918203643594038934570991837236900630624361986546333769681684403744090777870395367305770622080815781006626455773973759785915494489904512187008568438986995952123231621666872188602836535855434278395260622325575245189827394187738608868375571952879941509745417581812362585181383253532218902254616728771743040729754929378491888065325313684127861749395820569266385785798382638221336466169093460034785926723828602988065976449753131324580968301451816262642474208326096536842208724129155125558332263335777440678258683660553459824550092142650963672822312693694854874452098871728422077513,0,-108291299748218498809136271073519915652415770028602910931998466547136536572753168665000663042507093036766116092744853748813821358581174500175960223239142299914932713296430767911537257709470590379004029173948029639431115396973449989760836486694437270255020837017941923024693289045416889855373466748123984981597282040844288710770512207316526817996159146693018205928859151275645994877297585615688732517263194555846665012975724388085443538845022901682804452377196884671620415172671405898957680806062609332731308743058524661620,0,440540961000233087755722639939377005976880771083187702402598681434597620494823206378955246345187477069270918528310238153974389827361982771952345085177944172064934196416148480073276801404013767933346946588193188895970570462644537845142754636229485262041371844221552259027103462612263190398602015374476935640257367225593614950453710420193163044563817365359786366836648242125563271489492642351952516543318518405332181190454390839988251899050023787924607999053075595790,0,-61920499552211176374069583784180118641181480137692696352195949562338527325172909533462052175408775365185800642891556941267823739498191918456416904542935953842079827921111446402199099480902961288928267918619445855026348149172830157756609763236715217058005762841876386803193041995010253126125711760411834067560841387550612693105727446179175612201385028819256723717784564513503873410311761695085458309940124542,0,-2128957210284246979429360616865115217362544758234732068769553306269859097430994191008495445478330275250508188966833515417759801334771811516651855822173399068277338682245827944023539477820730357890179796791866217295790240223337365233999556271142155984551086335172662341943826369056024877246216939009395693054438892725135927254270997517769695680316735,0,1289295973262515014999752269086009368399056807537429738098180763028840417170394945747635377580104978224153796241945044190008442045940505163149074683635203936751643154163724710220574921218462319429083016718905288737772020039323788620032604344664447293411849683948432514237351151786914139182738,0,-104496162171242793819102370548528642990673201318837771265341712156661735590477923263565316007909698571659127373238995535988821472219364809894498251789358326858487408250662593092970647132661798771126754844212839428911472282678147774619,0,-2477469857868234661467571722383587302633661547724484551867991144914288356731450561248785284701100718785812937307446705542780721672973294036920445962327723780791661573372598742,0,878890315337095400211508988234580318327576481227766261187030192065114421905999217571988541580673105085558677041783600,0,-50950901826738454873977113852550329631472666379669078960822,0,1 # helix_v1 r=0
16409166210078831009603890783335356637371051164689083494836073838039775107046816745338716647917563310200566533700413272105024202647,0,-727968114773947209977343166717745011193232081622390595886580702749241417246604251299837867936604099675282214902059256734,0,67673971258032309667035632641872389083474702148978900555866490622347264359384665272005726604822535380510823624,0,-4165343945417345212065085450842478276044788540198045757242809701683830590550763179317373563255975534,0,167005829749068993313862946839114247060619855581833074819578838206915108064977862874981499,0,-4829306519930707835019328487218061294155340179523492631898442556059924970421914,0,100196623848533949188062263178749185814188692893067716129447946140975,0,-1448531939221243919872258041748296246626879184914392723050,0,14276793344658636365196377783219116859828787984,0,-93650292514657985506558176061049994,0,390954048166893659453757,0,-941431788270,0,1 # helix_v1 r=0
2041684178793063089898588602559560163996262491559505914718065039988926827693122395047917045864766183895634602703092093018987986560846800637494208226120517579069252375109195192814398251056016490090915746280613244664494082468951265493234423458682742865260386772999167505278963146544231181837159313518345588967436008098420904478484658303143801992372125257757195410018136125227942763997270298548482265831340475477771586285808305067809264909989535853548778870786297385443050853266841480982892905790586588320229089407085511176580298798934576813390686487689062717624356140543922922565852578941059206967785800309083454368960175745165766339582142710563036614606523901076655567684575598029,0,-52781476988776353962990417357124352921146755829191150794897003218737557646056689194638558907347839075121951029976706621135592385601690712942332067815233710206843092443218688417571439737049914699538993870599602996617942107271669298035725342983264026793640941628095000439538129634894362246001824932285310977015751827437195254280552662118540487803960701767973044005461181104604562724642028872486250944513701577447784298252392238633096369390515358118347837731125386305448780968067508396356542283757234477037521195755207668020252733436896106150453819126506505006113604799728327381336095036642605016936711649986941826629139516330,0,652299030962878062370930034792889264869464506997196627556045552139316956207474421485967764815877743698567641737675607599499469184728878701215917563398807593429744743926314453636693854732775365148606680864647399872217899923108623202792489804248345126931233061882243890854673368071275265294100686247663359191081481191630017014803838403934912447572719038486765290368371340383981292450682525563126601198958731090988202274837225436225811457112368812209403586433545840374314576600218714112223900924755385448046277894845885449231137200537430975385017737635586182548964718802,0,-5275170970351898362314872475247110982940907479497227284160965012666187048229487677055218487819307859691873832984225710474667679936105917849966759723017710286563592130795488630156586890687715730166974490971827935591556765390661281290391015101272642549643951503066444639150493309567315803497852072633481116444830802009323802261577877587168192916889334384946737320983179916399858976678123319574271228530463679179801063992582707518208276965997759152884431320063830201516833421236150884930496393163792980232656343742,0,31956728204130793969233717251763764558188237117412287545638504822192285105895146773215459070890477907785216011204972530576446012611781449869618418091227829445678378018702850753106895857078754351302623227301220140092821703338057128076518223710170861781353249249605267302485033550124859028455599269555372216846275800520350303724546097639260243915169569915953785397727031732787213029522910571904359568078855219506506962314402500847700111464473262916608904844,0,-152934192862920710055872926137245587576151122001925444563285536851166000227944327859136401413764313110985231451847144682829459043982721086111198343800171014135060283675389015246975421006508171543950646049290277780661381397263207239951210525251858808487091582629949891109898974900787684280851874751713821214280477680164688449274577526562437983808064294211271248158410076615131259164516921454321784620,0,577543325001418573122974272340697691551812995598950226527242462448886330698238182324027430273394505791090154733801495461677555787747118457788880886635598086769529929026352823973051536009255096497233345812394383290404865996425116230402877817627423794770547458951690611005204627593960737697842603763050996089804627716909418404171797327324046756,0,-1675321216846764934426658938162939223557746757434038179797949100305939896119609452979839985454701811112732207339164059358603558498165231730866921571216767866531878612451730888133583713218090592027202231610910542266773569123271660488013859952747902426060146758846561922357560730386168570,0,3606452552352378550341534676064540807264943913160855553689666262192418660762615717513511459397093644000423664302330578868501433622132480549454255657195322429486457624183324956792349550921498495029859939864149345128809699157139866,0,-5531370951830093467666026043413824347779468716173251341279127383706777567195851544778954246530035190551593181544704391033535997285016544234448016122283306472363702552319096,0,5697214429987989622860789455275423915109656489776985517952414675584627959396845166454251305527799095028928580656977,0,-3532980809674598528704386510646095914176895699482335432540,0,1 # helix_v1 r=0
37964281804805740122191710640367736668412608306399421858558612103775363331135692814647402773629021766607981315325960857151796078514773498914827951932345851006966084576030198681627295884545578846496230723780824679587802534649090260224,0,-28538973349737935750224914666880703690236432413984040231988342120389895872726532600366926881815729598541669244415311432847473165400705656949642448876098945899638557503423396607928263224118732769683380312897890322688,0,9468729340817271306388210444553287507452993785619146317048953423435305664058337451183357900363343046174781891749067315342755411038188023701012297021948061216004485836851669257456735682766850560512,0,-1782467176110935965822020103880433485288987715403606439109039408157913787133930847272472985114592451584636565151596143683645999694562538701662691017974584098865667792414834490240,0,202806841828313803709899569711693996632359999694309627216509913031920793422459252406282229127601016247962444193067641292744239410401644325257967703008829901376,0,-13547043462294484104042668248082452458240780458601080604119275897433404708381847927022697009673586580020007217866246910583043417486098451008,0,441722456396192545430881053429038737854245232637402293465439016437729921164635613041383947847892913508883546771373608112,0,-596215775701703989983468547824854503839785877189674466527644546435017368736773633312974105502231760,0,-216449242139448344894487974843024922344923897770816171503155214306771703336307008,0,-9090520082731856913010360225402718004494903778213155735660944,0,458451868350156180452976333050819548035552,0,1337294189574522467232,0,1 # helix_v1 r=0
664904663113685795575685451662382858836581374858039843420078084084779452276343074795519271443803008128740555300655136202904906086196499565598613245258802725353410251494377883915883175912536972464127371723705413025864154975058055134436538108425568177328697994655187260031007821691227141486673587372035987660100828791385694910564762970212495335509176078575492270481458687317231631020875328838460044350700291973565654924396202620470238093,0,17459220919530038763748027195572889819902257535417066719804345247569328088250191688111017408263840067584534984079077017849674867010812429430257990779756743691604037739663160850916359497141196293627324977617971611034030106833085504077035968404243145775996689076620892425234228507684010510450836402330599519159921764977355282157826331943534006895665968857381289465749962283104808713263743465616328796928,0,205521117849015410715646088524866759630310490629877905171874949125770011516790736226412480003351723585516584499749714065786932306100509377646255433123438486188280355142768149881621201914653343041926976527319070223298760538864986339137073591146146212141884329251023053191527689294896363543944259456151274974241341021315593564221094366254109222959484584370326952147590,0,1344998884034462052961596961670034949461037636801095313907351749282708507301053915764048106940578978324806330463621053882308564763149410353246685449614745255624042022080027401530222766895181439352208657292264521095867907301284848714940595531676023591382619650583510099893082884081750457643470263746288436659561978741791230533953812,0,5033771076463926146146587971833386379947909223809107362772811603660401441881158350405546351263967066900121317036627431082410106699771525701754747505758358872887628425436998067852128710887642605207556773170310062822627719436552542714623658699388563435085900751225946847379787856370898673887410527,0,9806278223879844588447711074274726974135647754682163638359472346936261448549852720267850464812173804652092131783293132733846824785469140723528419740268699536044111078583589928506306083676229142194049092607255834394879827033449531000673525502352143433798275448,0,7841189050583876737381912720573620607651512596374126058264652694294736843434975125610565812360677292964181937440386808183276644022869190287435563196732246236591609090997521830044053930320649926562974911828196789270097630236,0,3537550638398713650380871223411157940698785696583775035471635452170570239110504324087254976666227359321914259485006975669181330466609618027464068672700592420344925226775874190888577756848,0,9638431255979815681597477691213525163937797338530668332614024428512231449412122026320105853376835339449632442753299766850153445021717125081783801433747,0,2872461533728907887186901002768602780828606537864698748130616906794282292078762666511509461098349566582701819464104,0,859568871304971011438852528767953268411280456978359112715452905771111403881950,0,1830980425549591396821529365290440861212,0,1 # helix_v1 r=0
536656675897199408948144684980352532735278853296841664940083918985809926378718674267895624090405752586907054266690752529837862694854531329997390199084080192693491395951586262836114409793305225051941962708960581815155597657556151791155061,0,-161847027862359969239601616754890091781669858100489026474899421323665260392499377449941838446468854714049023344855344502078627722869866970422847757820695710969939164446172928914382461146009098520568238048312069546626800,0,21542858826734494517890208553283494417386225667237946915479926936862633398453104623605475382980625575612967495817831988607312228212511315792190021746440104917909830862803280632389450012200948983926538,0,-1649901887676674683663897311870977566071944529255492743225132366633060909226719443977622759722115744677262830244814029389979659317679601960559782982787772784775570923157596498948628,0,82185817411786606911493771497179112575853213174652150729912561189743188757593677043952215369567040882204938441384515965916858387637665802722774214428435933759296,0,-2935755840897016801908308225285815753077859827020605047746816314211946304811861962660054310899091741162767342791848473626237917238706072755654,0,79061695917053575885416056457621675852906416143721038284037059324062530473014274313085759175825178683701047619795702548639,0,-1396812060732871401247656765754039856956455393909756025912323858092662725522818171243653120083132249588,0,9918706335856027338048877715290988218007406135861286054577778962096474122017276384,0,34127577089941000797161948760892025566915912379765427411923064,0,7653089193375972085597105650971399077842,0,6381520259697062424,0,1 # helix_v1 r=0
1069092818475011458249838534987319270369200012808695435501069623644590437204114783933690492640768532238173405954624858062960437085577485294063585596958988313799398600963991936504822583317975268404940814019884534417341314693465762336686901010807787929757330228637616575817922505336153166487439818550632348793756853538440369555538907035962737786886125931815929639435440965994771808100253617742830306689239174027211054668745989927648984148787638799877872464085128907014205499387283291847907955925942859065724224265881843337695124430143843014514272710454533501523615074339173714365459964328991682195917509049955023960052091367469914634160570284986193269166594325562857631614278533329765366095922224158372246751181333644483,0,-24516541568867352676988995301467551216925217798829523737056939412551981495453504572829253498691924020997947129050226061805253425251854615575807754182964366886150465730229924072451876538684675212062175993546728387120954371135186084420966734722685837152290433215570688308057263588640508300301735771919093061310724484704608518123843679946661442078256192934481598194571362042049033652416719042720338777207135865328563388713477979102334426118491875946904183166198661937978055107664931453443393568020807046625802428154028454680783379066297831497424142516920701233231081607109728065277177701589832041888857270718727588555960430211963486425025576435495654943285622976,0,260103487867676211348924961782438231874189014050722277856950680828916899388186204389370528703115758498779589613805436432299777709925437144468015402405069902120906896334511240316021938128881819104603893334280662517355834483202146974940860159412921233182704089736008009199462538258450680257178034623962370534835344496646604773723377835558724663150552536934555908384696546446533364218324904055421438693452796397058669846665451430180986833743016562368443216376218173299937590283433640287516939314084865155436949437484663527118973654532533107770675747420730745364647571185630363643883432402739659085765986,0,-1684844494174953795801639835280408496625535208772446958149128123808422608703427873073801580667689363560192537716311665248394004782499189311202139145527758613848797403585752717546533997964646143918476067603402270316711111670622570593308114515774898044694950374239467032356722006930025938506372448567686607083925401046661956369699367450475162685019425060720507785305490596513998712507004461182520113554131195537824782774112806636282519899950552862141251538582632765736183832573555295304931512112791432203486020011935259719518409467248783759222,0,7408572880112359959344433537893239477309395612214775169197340336667759974303301993553160029427422959214023169319235420261689382724018964942002840259440549212054600995341031678784403695146906494631711882855610010145675964532508998916494453593868830433984337107171646231444336766307190069129417259516610443526342786063307146991784281087514362991728420687664768172020403050598542884411629291842506536223211124953482119762594370979323136013946252073067362686709515646655048582143324431,0,-23234589015178598190044404515881326827120897091338885437092045249177742378980550795165735622590844394480790490159033224336660731652335785021730387470880186665332471355873007184237916200397384527782953225708539300933136006546838215317030825466673044025849331740259820572328752473287995895261139172412342282522173200140528572992722485780376867447177946764453349617252257080531888020188173541513014158198081761646982292661948,0,53031299613171705467437531044136715092598148318604639284688626853663529083586066902037489200618028231794942259143618383226787694708144359530440914913821560320503570418266712062952079432095448526512902695161326071731451345503949888792161529689008648792125380875683808695544855108973498930816116293356880030609022032748676229645129113027170967223760303738746193519,0,-87981825081769115676363029488896884909316058920942147054578351037135974472381124348481600999329190280274876272172341210754512993702394438839175189144314720512611077197304966066021036642698037160448571064131256694426219936031972907484525220894771149725260206240355460611927160202295238507590663219209250,0,103711173860042749705757457742487031087963045959256730653125603745081855033351104138634478721155981783618338628342184047142333674347047122695434500812142386027729071465501500485765374489237825297408024217496287567248277863357301378131969788701,0,-82542712708706230808942223435669950896981355944712907158184836613708272389907377113214238750974401941807158411354845447256931586819485885560537065046326425622712073782372540459688430,0,40309760627508686204086168402787675914059057478468177647226244413641103935598384966945617400636829430057503926291503298641,0,-10148593521215618296339838510253740372505435012698097149353425,0,1 # helix_v1 r=0
268104108413595851251301149656761682842097470667928969165976315450491960545717969563614629082573441954778640572003518499885935566386153549231756086233620689038474040686479073634421155566651564108776944101181797378938883548845989789768698762654021979505317090784948109904928609726107447571305586074714179396141075287378458933998277577674295739380006754085013172921185719069628157721320341531858281358810997669530347,0,18630365192836018283749598035587042065848963245099142676465491901326516124474307408905615636361651315129528520946974426604861354145308721772504833424427808251120878203143207169490249196877122398433022720899354368417360996920270603138408838465953191060956916552886099331262871225126645881807366655232688562640226795593084780160781285222187695267553743350051894954439972049221402432,0,-1404750230987989093458723102471241784639669889318786879203906436901584134912395965278271674831372011054846061831206749285963329428996409637556777345039573738194014432660515582206360954455484996263010246602412788318554180561558375270199121354929155315594058339755846384271626401897456150745278686120125535826765298778814711005792093950873479377313,0,-142959700454988066411383621742652294327660024063040912659992146121550822328927866761146688223986473609739116046642859791561250634850169510030855095224441013453285662139334956510290638423688108493816204028858957814414349305036614926481262452120609225948626717141273633535005539460109700240465067916145501142119040,0,2371585113971384234451400414962764847017830399648197243474024746139501168375696008739253213337925362796050284870498866468665520202266671782692737399065332865659927742310319242770841545990468879495605836127340659294312290115510752140389510469926417990403938619940119202980108200,0,432225517276509304403415657276910040976468945946905670984947443781421052913452700097999022092649159669656401684884091675866944829268711311519945680099312169574839957289066164722254005592009323264271043977583057107667269075693945007622716256316,0,262280077463419380417974792649086713371353667187478182979473741294359468351769105774127263060335541390013281581881975927970299029850549988281236899949238013250239334427706066188983827241664693141608505462652,0,-669316909194540200604656879329656356330065288685920666200111351390674451162515464298619095153343623107571392836228150590287122086008103395173054622191928694510617877299490016,0,-3623897168708119505766732269915173880317340152965206812882267758818053269912166087489302267003754304562700618896514247936857527470994761013,0,498846944668542201941860599976841938997173792540344487382634683644028989525872073343249406764225035988682,0,1683741706300362471728928875910916562746492991818867948006224847258551,0,-131502807813394201778797926478173912,0,1 # helix_v1 r=0
9894133639003998392377655053833693348032685195478802870712319263736054899950924094934054407468977693631113268871541984987020295895953328473956960367334409556411780509745689879439836514797169102727556763578419761712233612246198212227632326250526865431492250647010846943731160144869885947388970216625121618702048766239261043652543090017354301977905036526231593832121908263703932634516751808793673633350311490839417636441651942920051760655340831976840964157245623773390268091602752613606088112563054095335667005070242608471243340291641377850248683539910784442987815649498208667890164095411765593109061325585641333241432166267661631620563411855794257842936010748688755341780650317969618642230738129230458030386753171622677437615674834279040012802363437265060217433775678753617593652524357281704050463839567377659470352922795643722286060324155881533,0,5082953713242153786678346764844034055379279382430567640182375079956000607083869101560305389374848288104919469269330447510632112621929512013953635968127741343951606280583869163999481723495529675436111481047238271330101521056600630786862965355042220762616901148280614794004208588553733956910822798762628892122079209418831207661145820337933842390766627168926659135224879729266008499560827445395376389179331803375751810187470639196294733140462733000186620715596043292768118130616412968797213820560481293734373124036242852145592971930687800048394180891477320495758040547076625947282778107831116928756198848834702382555206876927392419941512451704311031415581653268598915799760438347229608002611355810920662840654027621892721718814011791766000253991707427011554292552742196035820512,0,777114419633064396329706580794984700179070547641261179155942127868454745688586943582731025289397362683754826768030443197530948470986541434183053596424947897202304577003932472026496508274135384927591678596443056124298285410824295888348356898740839387899625707276976332227566537359343017325527804155956604919280696870540133270929649131973754926698368884489495565064573231661674600278655860724185761962221174679445232027067569917717386152349489014781072484937342982155721645251161763735347803190143940286031696680232074725297525987336810535299989611341025964734382835143287542419705259954547997408584754406854577480696583500058674500285337595285012306725463141603180774261565504703648953823030282821174520510,0,42402444711256689425647168090209289371150232955697000803146955140265520474529283924239116783969852944467583149227181673516523116706082862804125280147589215498437878533815487707279948705444571734175136623252551150345120808129240560596115298570202691628684061242714300917574675482759689712381384977485450823331404981099230083390773757877443211120136812024482477826391789932424758460882740727676072497975550462456389791118562278206844575954941550906165801515814966145317502837790210418401977787690180930318815148185068394402505532208903755221905906420119130220353453537021622054120024679215003927371834966503676071856796106652759619296816,0,3439926956871542843455840762498782480980768489934440481341763893214885695765978571622357019519702185080052766289289464824304307280950612435768641968501683039755257983729613934293202938862316336179528042081757050025927454871382229396884520719565513467010051453272666979731643803968025847112423974421896197452586677208683055605782941539766193670284300751053018052720414055203818282519940418801035090763638467092815757220438256943418731316266869375809027171174760179178991542056331225215806796096882889612222443840504535975246464557111866112371453213068328908531215320,0,143949477512829236510761018969839749734898481778904705805037771914977172817254410015722454445925453302233300473694998306755183700288425908973700054547323125157149918315107335050624397572852114601789135622409956310792636366495070400726545086732981585872053705748791948388071515779764251477911712524866764726604278997000268048006147579322443472584851036749160023007052789922978876919589899777390754003950260918511625910409327611860519148560411483014154182961512703829115764767132235178867631865420,0,5472617110704304831459221618454952507473701015260580879943732684134758844110253680568049759994060914065902001319558915529286406080725006564601594895317099896798307753840494435253065341360386587583368207441151857849170164556726062953556461637038761865604668088477656398428847258695657858391786954292339821270025981802788538936474307611846321639627801491387476639932250579802240380551111252328921114079274500512612259294031252,0,207916937199463155356290915300403878374453553027931810830204221851614437245737859248879552760909888552722053573379836962439639100699076784838517857490312946282053594793442385301897526136246294302146328117987305248987531996324787534362492467058785939148206214670350736546284394350669063333589267055367992099208843867392578156219646375502638437317700254820,0,4585680404021527620458677917346448430101386447638326555797900773627599236573291305343754777169657425592991145208813683572873030816322982513066022855675979085633070813264003645126538271028088740180101737753306688063987158258290775003533879212251777193358048393399118388403682788381077,0,139370896463609433339340561184271707383319444656275625516283447776693283692060990367117363147780721932519047257888825194978118563398450015620444086879582651314327759384731517833310751292405411055669576347836123712,0,3010121970999118704604302377632456943568687264744685120828316226883896053089273321923653433330732752543967079730755063928901747681777066062364,0,17931875220356908562191382332872788731013763323393031867420772565007804,0,1 # helix_v1 r=0
471905817318068196467951313600478958329666660940162433852777337936239040171100473019932244811311040386309188311624212574220268873763600499871414454388824912208982526392525594971210895456531290002402021072113072265810891024681724825305391238769977179859992747863994125310178544231267312122678556279307069528179165850148418637303611204180196498197100719173050784327697958633483215315979782194721798244656783072936635182554398190204603580502593714656370063166796951778361863030164826085293301183078797263962738753114655414399801667578076933274909933287660310493394954887973492638795188693313638560141713444906877600315165731687735334897929794933171197301610848935371,0,369738301883043631986484280723411896801190268031207872348297523462145295403891197090493047262218275615881918508640991880003793711276479640547035389391436892170631441810011972765071226763510187367851308036918506384585547448392312925587883633418757291759254094717354881957810915405538276785230810535679843612152431658866439917091735751019703280006632561743788995218710532744107681867746717299428955560207889440615454068743983373411352828682697922634459430326063695250405520282626471838450536176874146716754622642247369330537819183740176345843198843648960354376131099004660164707919928176479453783010698197612402,0,130768457618838763289111806689882323176217466331077956378034799773761381030755552901028886270140168345634951991999621291212727618311441621306378542038407286471132008352323127318835184580943748152511495231397891385139652961108658722114445804862011364802004102306169421888373647284571649823118125235282771265304622570699887825463574346347967866011489547074188134045230029344746481762151503387592046273315503347663139627978772967041822962304019071049826834285072069635732214326848978684813761816768814803005843075786376410019647623541364353942230227988834627,0,27611878127837310135974877054654085013088465855830123607065562855140699145118105658045622893501769270733622705059367757385459723452216357480648282876716848230025757907096929375468891525813187660046805069256757499645728002790639360892737544997447917553881788616463038244647267647530878151043968060230537888092806154023379076314719068732228466307141027905685620661265616793847389631644608035412629906149010939082909792134845701825388207030551339378427584313823954598342923834801279779672676457189266490,0,3876764835324866441190424106338536620353014574470763039396293863338673983981758214337293716819263593309785316432024732405680634030665536354980250364830800430336601164534955889359167690485501865244884417994142293314668360257717013379789103027188652505629730140364955755376909637575480824950635286876380280355546180071720928478209275055946568154657769382079164346274855255651968949902564683488141463527380960612451957316685926879872066473392602433,0,381197240648589287516803300781180093256462024616370458388476310681456833758128785592837002113781931472955457150955390415297577073700408908808120577290215833179567860396423839315487521119453670828116231808144856326610150094454360896531854239693013733868819428791466561238366276201429256024343709960697663522820444577039491919583562583835779452478989381934573402803751535761014915236062226852,0,26903096300477992244119238354707589601723592476909855183252243037980570166036489568037867590846143514849105613133574425293168601533547849078923022976767640426022423439198451153812372658680246417816248174422482671566167807885680699908997514897383714033931530575016081174420849973875285428184798720144071086006990503828574251446411006848,0,1372241951814505149451473354240681031305883326921549987406730842441752861084516000909074557127127163193398392892060229412224757773593218341242046872884411558316665140382316483898800752680477446688145263768920371977814653256692935095385697732636753342813823428163310132980219432726,0,50182207034640195799494942165751686731844759343040003769282483489156894966269238585210398096239033634373427328562605482720741710569171291908629730523366858921157017500517887521548563919238802958590384969151262070216645583862,0,1283115751415757608906633812648722063910523312386884040778965736258255164471140440591887835783472468756732323482277770139026752177481721400865376069851772641106077446298,0,21783008887455657893249110009909034413783545907978437278346498600135153535790240755203632292702271908628762472637,0,220257584811875795490295218099655095751625379087846499944,0,1 # helix_v1 r=0
823379851797312265069162414205741790595313363430301201448926799053344958631132241095698924052468986921206878903520704427814985546270580631608302195891130957843299105381753425944905078004875754983332179475198386544066240767558580386299341097429490645861785065061382593191630535470120329029479525901698387762701311087206888124125384254027890394348279486535078516301061485754190570975523420826349307770306750698832445334541151602384166756035136102074268342052173792858164334000490877283456986341649843959562142608648218700488576673328052984455825265196392806824364868211104660493193459527283134800239224918452278691501078101206888608605334579519905872619919896018452811660994122267210926054487409162593291389339498884096472655358688066041595864707455648316685888048071208822382792983726652260891489046530094826677862400,0,91663475333423604408918659179018933994682692368478475581077156380901007749822132526015293316850114019087047382626560888577912253993836409825196408563047384009622114557682322266929577685024218182516007621370799899794562456729119413786314066098046194382052924573554129063117834351287967816233286233715736895371084925014615468126996802535927475314977932048768722399272068320931636536877377971442947369607266073834052715022165574922310275025701378798580584520544785332898334390071932484874922953630367753574859723178515991796563783386614875063048696863795586758743022965658015777838448649924335396537637486047989946157532852076770464931886191108141714382470904957084708961402099084297295326491096959935108617204806464894253278890163386855730580889272320,0,4031919578816366390953934949434493221503701704567440994259936821131323971012247529344811420006336640304531065352319559653578548492937801947980364592738285432860334917951995630488230931114155005105666636417810205320174645856424037519802601618636775737863576331248238960393288824120660372666749270661774630120183348322770734989687673562899851606046317210092924083140728989063585454946779427969280524465503935334110797488849809826622346491429334753493653299004719852348087161345323469098964849291262112556294847023134250140573222377308396088132200136517641152930362788500741842522058184650192935438251400111421892636071985197611655039805530511640062290759926666579158540593980281716736,0,89290883057165216308251913027918206927868592485991061428400645929860313371692903742571454808752818575619759220793784454974227875262627779594511902464442856853537354918428622200552418364647273412682933443152492164388820377162965045466569816196377117197483870389196061098923626951435102911998561872787846978711077503479620563312529056733042269748660268631729773308055350946212831992775403798908705655477341900701400812249862980948872260274166365162722236676846314897069456039353273091480784368991971473016581588623581989785345827149296217195041743754819604927412846021887112012604899681072410109861501644272610312192,0,986633644387395844669151970777932706095475286921496273712116759701480013532855646143128465705476767282858276054088600004155202147854901688558989246118910076760035821227721636851380785401073988867064736635279395498072955386400987642937316134316342930062335363405863609401995004255052939600933966706269538069975968242109137495465585940225372500875827024055048478058652247931803004892799353352378552434776541375098428751382775007727114977291947376154541804223197028963357112574402386576640809926265108583309190757324145766971277222284129081164300288,0,2539942406504480487025130017697549288913359203908793715561714771934483431814844544153287432855849502688436571091339910087065710635903478064618141282574255823960977118814664176975857200622952175789216310007660277167895342912461418647419129366239592612990212744588145681329956657769728129571866842549871345669759591877080540388164736237031991406661529710803807013625429649854103070438568284091880271112556138065733977075191259551957931760014918051740872463314923872279772945973248,0,-48660537271832456031863117999023840299426113764575635082328345058917568116569741583713754499788536245578295760751885127150691035325480893120852161167982937217017249668344874131613570888425170340849004468700469943803937976673266636613524628681995581810142449712372533287841038465062158135629784824477341147428047062734194981023312355822638124469381872078519609105496905145291708507673768352682010594946853109760,0,-413756449306181316211430577302050962046154870159568016488140039752231433706376762176933348782537998414812514410130375562154099370789997339350834569101254431113045337200182524410563561528106090961178783104171924107563688406657029247021754973311739837446723561146644919174797087085946988494967213790936565196963499811350968168894335175324860416,0,466147173708212806736163447852207987895386124095991316467553244475029604024011077680635353679730179310942723571418475385945876558216169071276286546908201838221196742844728492323986116589936276261725104633427173162848942906580313314109130160058911596814923921717499512487936,0,18162826263833390324520132548923391951766599553444860397324795131430684215283631062287220010727304788971687162313649169509116653896734049622109881917028500023464136132929483230681591159479086560105960833024,0,100987277514145716158563424201153256659303935456816337012146322987707024972445180439418420772725592471681582557033436713071159179640569856,0,418761819701876103485877862186775136154156400499740629405448760459264,0,1 # helix_v1 r=0
2162566648378529084307597464288298907661218485870273987561030104452751956124002527053844953328847643952279481523426475777172582303694916171305223832494774616333758882027410452049452281451023734239586752204548679019633412780263169625141496351261181982986354955705019617055887643785109579112968595427377338119349057324843131801372133266894941515007164854296013813341271167604792452761780003117410245019108225133660305501709841723288094168945152141407649522163858541854052831955564286240766706789475947266629182972673429140183960753668156730781969592612691642078238115710452319301117044897544295566644345307976781180286241878451926340885902359092064707288083902878476756153297229840378544410294510378957173375213284263,0,-58567870453531244325258364011350621970448660858215579019532572631802968897088166196692197360194786510457037798865265460541525535467049825669638030544082138143385934041848782023093811815026628470572892765498767168751214504272843222733970945471307123071111342838360518099304386978401498618462076275588054059240266449078161816058165634645177675245261621074804630755804022018955165376270302323133900702123773701437257641687007606296263566724387452529668806947449314707076550694182842233076937705303169310236854019030988383211221077703733787093552145095947948313005798221783879136068284439073284072735246760943564358389432908023177405664857679936592736183634460,0,705121410320223916987510700666915340697602216532149717916033615304558317419562663762748365238097845632060260589819700591981230679912745941339915521212646606029032223441429395579245681428427197656543844459759045295608245291391274157745525495890729017632113724886218505692153084387952476785843766603153531282682601397954318237750857064161156233539985016444535399121205656014984285405740200584937162840324404049727468978626595982616793751685775030528568362259926034595487578072606256551251460238093338266593845759677993988214722694416125607235568646974907575095017918377825432544802801022499621831359,0,-3733264596789742563218163901533420236404241487693524538917789582445888962640166124898411679335239250889542930527518554841130570637798426701695890000823506556088147779521240458231148653659484450427110552391102580055251197863741321760744412619734684249721860261758301291121522796413350897492679584728334971096803292496158105593628297597131600953375621605619264802950434297468817472166212306525924525250488267846552433884092434814619968307246705534668517885438430888697592669214609207050756617495758478031154662111135184645937535444234271852,0,16304281380387232295463329408997419121890384148391529506492824940495045536375778262066189305837335246730917328613382388654354408761749015728366150696725771581837569815010487996823901529283624901397248204549123094881328378476853633565825887274367407236531640855133054671515976123790212929993473520409301052958705845635033136797549683719286466390187562693594598398133314376260526341425818466730382144185896526798050160497831855950693548295930250609943239724138947046338656514597250,0,-85367330245849452702118501784332782284117116900519276966615221004252669343573208137411510334698550012617041747007055435906037602046427468325033073167081627676841271642321931410443620786827323256167424282571805690950082115360612102887912548583933574927108955480713491778629024886443835241306016682627920623823709113290172380750184762997167142181928415338512955559149132442407353498525569048798755757632178093254858908320,0,291785209613381472075360565075071274391519771737559805135342569056892719323753989170762284748902294641376179362363092172446714588652135294185611777892567089916997346293617374077251572744110475620453732385293773110785217511990769652492875645209479397531777142361956046664911413335694804699645229561279616841487201564143329793870144634985772532734057624515500610,0,-361883015774551977902161617579674583284143577072924350807710223689679593888374767847309418145902724349777786559848953228632177426111909497402383414842145822245255864102204813104762575420925876591891536450253348510839657112646783111937557769240157916185035337532282346598466743550984398529751424008812,0,-447516389106105027626871427477037596242108373020073650106937095765861876273891567915099451598667611174150351671813574013777915346962826122000987862541496881410375813472280323560587496125401511590418062476484546115435628593375880855814265080,0,1504494831955239041840985690096466466861371873059439175119039387099975834299106061107105305039000091699771784043102126200939751632047281766680538430333868614895157160831788644559032,0,-597451133441467124395447095791344116670308031617025453601883795359406763727399202694266419406222808203278076962452909242,0,-1262957046555506291215687023811793583313837378633556628712986,0,1 # helix_v1 r=0
21106934278979006113556636567458927448325573212930324855371684676427192600514499162888716442695101719029214335667299370606693325157682055305650652859463135318794557112385058510371845853735138665481724136525783118514551664962914742619077463413203791279017307911873498085124502823066984408173350456127574826672589594992301074582184312089330244123626492391756315366450182102047734246641478384833789424345066925830158053668583976390493449371210001203916231964099983289562102647958914665066393126024060419179843471566483702094023,0,-8668088087676506312014108857621127736059562717877259682588039787766236013850870159386844278261192010214167477022266925416389275195933060096639187122463321363269305842353423833144714993926471956632497764203456600515556420469156763998228854391145027747951006272531220757907054342096922596116297396934215845016627720895721920156006061841309885948718964009829134225087803671052894603871246481449261423399618082100658977460373327495679839376717237688464280813543588728774169194539091012,0,1394613971317874657529454843356746784326814853723715908561408009052408428837936948362983918137189668227975889207863577856185500841901587976609103730947793886076689538004153128381180269092286053376706466809078927258774680647419979157130270686628930382789793857963365414068749383881313341922658723702597930518350767700957951674652701348038842298378226110310997483648404541140694646801944305569230095704400736611681005991295327760625393668244,0,-117874765143291828018828240407389476880238030818464327368218982803192191100883832776419316426334468336083126719786941064594653651207519651084752487985848422860244056102767583659796302816741222475354720622264588383531035437506699497973785751150622574217371005506517953847923326452750694684242030675321563315098774982821374442907821375277711876941947019057736036990011118029410300725979533922020524,0,6224619924729635742721741490669893454836961656693986242352517886363786150114025679096481019019858112009000197315191423685450313105650389305173218649190512763119755576037610986360329470046575546890349711889222975559924408910595981448039962677973931705151145260992205804220777351366023461150942796334084873340003693566984849112938354577075112709801179781,0,-225298137742686716341168466543118499169019327513482738233472005678805389424056214951588544833289277326584591758123107977754317625905218273487079847441475357947503909787512544444469683570111325700652778770222753224952019096623549735193218275119747701078393791482589792989985188822222456948217696474879788514030,0,5874100945854423191636671774525042380721908180131173578895256860241428722130854692831884865291129613385152872776318963561818120115325068378993731940037390965162045691336427723339353954431611444827330423929708555603877752863244143047495777501468376218924373857380599,0,-112847089491153970697144782804552376801787552101806072231114755788378108647653803348307975176816727171796831095259782624310102900374085742825998071472475558241822433905897856823968567465400824778792362198886146874148529560,0,1598635776390055213198113087317728297576427597086220512247296317337023568273764810360774459237145320335914872791658219458606056456409651365879181948036994282377320071369561824910,0,-16345085138702219885576645047845187330886447085014303711088487502589529608841584879575830894210458266457641470536596930645663893962108,0,114631094465222337900305574244972447525820622812864647160407181895889017986300668645222587,0,-495574218901651245917572207265544018305028810,0,1 # helix_v1 r=0
4044206378560292170153242528937544565135549480605243133940192411511786007975847440990307797187931569149489208374417389672464790763384446764940279664740235445714080316989526493861744896355065666823336592444229879594265519460284204208330230098875098248890221339293183371505246161094829767599010252063571626012635774903356632960181837022471330303409544101935595759035057483505673802142676819447527424256741227327229653595974025919904523998342675863402487167801709245664645332168763293973685517268493010718620962274395311894146225039021661231148254618794490501246093357938761635692265840728565981001111357,0,212694894509783520815152923449710014335427126254741207620583487668734970708827737882911484415136907472582297561598581299125575219544814890810600988624233400383165372805666722207283971848021112712576549436308858650667506293919797798920142896125152995662333070964640264641418997321307994174676318901410539547110520124589767173623677503973653829527777996702431376356381384271522717279387509674090501946372374156114942468061775933702357055612346709627088364065718837060771743820714812999240447500941730995175437050329753348528080891422908957787468207356180,0,7428433527297932970825732296226913165992525150999633036649451112602097422181649068674027696929011549283679558620479643341221539702102904653178345825524392025106274535523112436249013717502911173376980443714934837260179069808416150502227495508559648135427638123262428440657331607373840454414097775938719178703143682393751524150384868801659784466581065388968476200715777128658917899259332461793168761619006258874327371907669346284479342299184494710875157383729406852998447345440126083175497034497867090008,0,201074652296497370576692517284416226492329157557929690601066973818599704228115678554629127233975605682952576146419139515114194783950089168606542266493477542967385940490563808107276723997495472514569379113922694777077291359029458364498870303603706004687297784427971149217405104735600156940747388584132738746636969622744940125072183455991187137030992986271620228401966254736196964768753142713432404394910614851757246719340750447038309164417583648472582192,0,4052077618235862302601518649677206219754757222509451282279633015789468568320559484001704446296106066446159109005245564532485769968407240208770596671715388382058485906952514138993120412823678464216742382969961473654227964131579176417023328652157817242392239292973880348223890301858897844286402077961195777000985394279499600764694089835178983521702485298189378924461001972478770326176505248503502365153119,0,59676249179491967441347843533392233203078904391388641775925344091334993364371646058313705689681058211131826763470386561535163677942834202097135431627573587905218077912487237113782704462008860030659913702820931277281473113291849897875610456088679192016527835581831253344873219150963787789980328615782280516303428160464706071196786326881217862025054704700,0,647985769301154886572949196258693962431750945475485409131623375928556294910549995474436938743616701144901969293247132194284289138895771120643413244035506255809976846771269724437367327042252554904961972300944868419600197579839200959720550429230300648505583087111240750115929048295125063992631423728199876,0,5254707422333797039313609961616369993590831592966369497554387437008327898672906210804978111498251594369741635901472017589943627838521925389034093449932914848042110018508535675559492251647618242143529232743306789625749080398917851662254889791441809074178,0,31993361908069664361883873575659250279713999780578221938087340827880584613462660336601413673703831336724435294319346623402040586432894221696869926779905594286375865327355630608480917421488704831824916533,0,144644838289850280855729725874527180361619839274187337841205294814827395877240572999773807643532250966033695699207115773342935851124742989034746213995064,0,466574323746735237963991376238940523550005359886857095682387405055905607248731301215846042286054043103,0,972497843198575144519642578501048352388244286314972,0,1 # helix_v1 r=0
3124917643254106487320380639331400916285163062372188978136819712832760199096313385622140627306282265018110850846782396461334358670959574722930511888515072,0,-114988012305547074326332932349664855147838606904917402731917518473298584429137258839915953376483123270909142791722062579635496725479739227111424,0,1813566217471409982001421933251520721689087506369314924892879215712290617690900162919489615111000964522709370317831740166897840160768,0,-15963342840960564937134606468727987674110959478894834453677509217733145725907188150342581627828511290876172072442411352064,0,85523528525318753143208713217460595500275665760048036450929422073072822084325930706166646651891089134934032384,0,-284945483958356308979634402591790485714377154884219045418632797645616911517660887908808024595103744,0,576281125991361976026109068731230954191290932470139282678235294340814353626083822141440,0,-649412801194418707198896915767980785664950098877956368137823290765650952192,0,320279332360658441956878272966482035415142598946565442697691136,0,-12949707663645157696935730717580013338071559831552,0,146105297945671898188556948056571904,0,760991492440326144,0,1 # helix_v1 r=0
1502483172205397645494520907431286092679057002321494787513771493015583760399748768592507911565316786575576559892568126621572998248630314951423715401837906441256499059159852361653794216838792541131962383614515160988525082468740431491752196333666034742696259036784143410873131208180414254602374563473135631112595988134566694759396776819380689647113489062859477702649306512357453011321925753657576257303855884738832501076257930038898937249262461590533967761282546313632242614673366085405239902591130572401460057892445714009129544507325429963908007019079906085247954039059281542742509145927562650812122390794127247533841212846191070627681684224771309437736545544015528622675929585986074931987780329,0,-3712363832730514518738936545092164520191995528458132633711765856896623845458465654795355619680860379227166895014766204006688361867049467843644465367814648034467051445749452766954600006365857318808314243165652782237582153353339435557593613982481067685745270901265510765554411509378465346720045458476436351639149924557846717189089767670421275882288053207724222284158756889984896952470477054054052498500826070510259861700396182669441548379101428763176907336422148151165426220170345613047473853195515007453066467270828242952127876513183674679585369387105355562231470133100868526805279178863282960110192060473096469918101491829187635833119680,0,4004850809434704927726318762337357431282907635748959635949458345513257283271807509270231941643525780397202634287643727212988454367862270999507501606435864878877320344940038004464487351006166213070301972043937718455903963296048880408523647998735505023228920478187101655754310971440244870936096958868335928676952255863024881945928185694604774247707776524312222437256528629348096887262360626963714248672333954619541050521588581737314783646241367512739241734044080937553409413194817874587449103374101037775112200458786833655601900042947191544585013759985797555753795612296356408440725,0,-2476987616828669711030586329687647628446003193541249962478352124705141580583871335644258124450072610140496955353160613020638209134652911353283354394041145576641487609807702401653442610468695313557074420374419602318873950144153156683771633153208334383971932063628333223314395518495619178075870796638196832440786887997026356976514653044035261500785882626542690362288781675751551480254356378022123290540944148547303968192434975163683268448161033338338795068310192590677033483924463281052252196762455472610021444392935989921090,0,982732931105805685899155692814590051601638184258144868823152978234661023838272458702636872873241109745064031444076276100671811520668972639983951958968996255657806928849367038868879161099813000740022477083514867042066380862475016407043509104059034840077517863556518340342712830748333199091021500956652380259259760035681141935809369892922208683963994020060457571575835324606421936642911773231505450094260600977928652370140320347146738255664464796112733062984712434116,0,-265885583985601953475612942743647400704018926403297416568832236438966765716054637765901477184634898392469295595251890379337118203383300016287593953569879570384052444095839726918079852271215693844062468416668317526608399348302398437417789635647056301576611970700209974104257356422154293648466661942307858081398647165674128248852663876932360666953467209235266092655788475927355688077013037498799347861496173428,0,50850833634087247811428721172560903405236849484065553675345978214582726737277563854945442637837820844003216378955794886067646675625445538797264270538085933627118420876691539429967713211317721996899260826500643701249927669780643271566897152412681306007033970740165601339500553738014421655730265943397023126008721131146619590616259258187634208542262919,0,-7004684373465170921337674016646760517167088405329745842739244614663383903607195682733325593215003666590989190802658703648290328520013095346577453517443760820455369880784995346242353890075208201066910265049515603815912956007321319981184481760243417314013269090444776413689207631883129182820698,0,697172143238077600640047367152171964820006311315641273250834887838760138055381856319922007997677694855789056931765866780244109068757892887818507762384235535659445893850946356703905239428788376658186512400926533205962056443292098698761,0,-49386301845802295215424013095680475675771201147068240831132353589363211795312681910320038072643387119665667518494228493375993270022817213227398893577350254229456159282220084176,0,2385899799534742414225567712180914741215472674242249752797758405305999358260185984272631359637927881879732863007287860,0,-71186181869663418631523052630951393484764366503519197639958,0,1 # helix_v1 r=0
11453657484275309221883020024439224808551852866325271476015979616001534276547013945296143812172291978463697768172621943906798923268138812761229311292862070782148526114832801085813480150882316168628079975843627584484852491363616580666424966578979517001017009815761755216429017576811415167913970893237776161309347204411130718743083354408857238539163598789253333331543834632664474108467475654655987905369602719770353175020430494108572063343637597431057471439693316078192253411251798301297641881618024319074597668525312058950277583381923427707475896857157158418617550307699444170794062717337113532109833243989209727216727510502173658969551366959261183076145258676106538759729199471805754672026990422784321853702519080291581228009261020913874575368327753607523743951917,0,31929515288111762518734060911206043562498759286245287562121894214797722011073934960457340149951123869315839322562151414846658989547689644834909698125669875561465999250898316526719590092304991706908908121624067284997465504693245345616026792645850430162457265547042708596523502248223979964858665782689562930426459301553498926356441758931849434532324233632448372321143925619321544832733634383658094945283690238990203054311418070705861371180148462275573028169353834424858356312600079171184758086149020978576241737523037757039826996754023948950923412321324571569238308973126157150877648459898842372798191972308642642378453157572992049199014657682242096239266292804139195666921090906147699807345485075814866,0,41659043319086702727336129978152217704602162145539644150403594836058625041855932743713407983103980908763491717592977793864093662584376031840809162560576406079492463001916199808142535217186799623042834617620967326630778106024855277597155891510717077352711130160509411957794037486801027167796045864492270004887547898658300772898429778720304959135472688227498384212670036856353749973247313254909935811366793255398300404623885424717085577748728988482467619900735956786300655862101781297261205986279525503826408440375327146986024325149016110647576613110661865387004554463788594804792992674736801160371603308271792675352398686208026836056795985,0,33595901844125985051899296984839890122857465795951965967267479424701275614797200090771598216306695025340548268818278512250789465048872513793976431053328908382816865299922804755093735946960958564096364423171478461131627346809828515326876698708691797647957995230658949589542061817558725655828044917420231596449937775504729614248437419533099599635643861934140989922602714729641526324792934426100964826148573801346489723249690118810758716343750506415588848796598818889944653294028315379911711489166732862927586059536277728723831387888088977812412470201630375945981873330520754970,0,18636205849895741463081092643314549763817664933739078077216028082673531760636541767380656598443446860525314711723007722539987375286827878368183587009318388352838685287725397167644530812575844617713575177080817182122355648302168345473820105131384778440253472367550058283540604819082488375182972399577124758719153318417365259266110654403606697856219943924589353146422725654952455505045444895495057218530157034748248118601653882832157787384338691759148753559833555540304597689553824675870610481590015781783954149704,0,7487467179614797938178080608099708877224731048241010084248784861638249689407888245177029578129659381359316602464235711149543179389930924056259699203681269194503106869243957862754143764706228261018685581730180907907289806977753764506206215611474574132865782958512250270916609868516861575200870345618102501375998888008032343602541475327163280627018838934853517968265920811226846083839567376946337877138262460270770745192230375691887180460352599711742,0,2233529151155044023827320199485346629180247676105640880767713040083537612805744057905866157604097789285508153214683896947270863888984706891908341814202277198760282611643547057398207253040770049790494540579656295779064353480631994935636748992187939910893947639055967290967624596920234943351888516578994373572494269689562864336317171416788001154827303734585679022025932667696907552386350,0,498406040308742695986706767903888045070358218555609068064154828083156901176457635848493644145994871541612140055276793252723393897896917507105686499443500627806886272110060991284636247381009266547687284089550657461758354624551106866993589127367441413784747456896418805421000130354912853475050706230654463457634118667746220,0,82583951412633466634863432500011461551993832113140241045388143793987213962025756629444664827337259451759237049054547326318603780092674203778989808742777910910971541004276170654752645573234938121390513183662921540257610483875657304532027783772096982912099643,0,9912857461474634528992096499343908570228018267243728672304487672250687638679822213901842031051774570471822355445613317617213045971532285603486664571988838292359396230767671905470503924948692422,0,818705912305393919862287689508027312116874895171978243486460833060416680834384285689793070373865494809931349869674257233452120215,0,41812188365017432522177003780863091943481891064661988561930551734,0,1 # helix_v1 r=0
1658626770202381,0,1198391618674524,0,-3021213925050291,0,247323721845532,0,2259815310713727,0,-1851196573070946,0,472380144729689,0,-4103721922398,0,63047726142,0,-532430986,0,2546361,0,3333,0,1 # helix_v1 r=0
101170507195395297479702313871190683761206445949969306192748753609767632501929316049174202754296276698428747756528144388554144764262316628794938109226616696643088608097294624936484831189342297488882032839034675971885394647452602681575793378770215991366944934073272870014656353937627894008287995435547035240665475938433344530889718882778126347465700331812448295860026338221475040407201581872596491070831323423894797584394893672312553970049385894872634152019154289941298112101063848074666585044134341501828502047234394244931437665676454457873873034734431946959525096114419773495627046859500609982483391443603381780053645689685968329135252367129060580286026534523427045186899716223187837794465246473938582578350916958059853380869801476472466610388154141637148338864216479603245023780806685465110729729517507,0,146845568168098343972640687841807129305654846555520346011100725120184886972972354754785891899476143421989985568469309892185938099452572130612623128023610688012488203831124027812720925571919754785662731055453603380118918746958787798429491943378556932913853188087396190891930775068097760691895459466263538588001106814086366154027589212604254929593877876187569908063437922441307959620028247694401351613317160843792591389434933761889887961076119820176883155920851487178415932330543767636246805891915383818742926608632583884264549339098279949680722913765447935523725054124595871264166827802797545380898812657947244503725748693341461676818297036381507844075053425332722920720100559022696648873171713200422542066854500957998032996775803915607382,0,97730158118824314552128232071173651518099414914824862976374657306438107626450631033630642343122146267077438869401024998293605303694486241623097492654975066048097129881974330582850815708988362823297114838446351833505975552199327162740090541027855827868135480956017678706456880025376646993906724629826289943356919545037422942079911214605873661647547257405300673593255233301524593340240349046728034205272517171897142353441090699919839919426358155293566635335544435454848051174442261457829103363528534998580074938398165425873677156557053922233942994314467485787972104739730086557552467681415282957589420937879337557755311295473950775161074860253175963238734246143346136462561,0,39428112804456911845152819520885526207837765360843462765859994050251499689525687067524189546316466627559624223864705361836086531268599523494272462965015886332057822530376752993109128766694122805363288260793018973097323462217282731649827951139838971292118280856833047574538132227255996526486412027137384647149697751316369149629153436961972576824780648185973466248107475409521142369572992261017639041163778419578300073202819574008405086407036739768527393695257687011663896297056280072836992537849272562292188795756073104999916550748704314894031815204745604556261718783659988088704100884380241412884140042436,0,10738057360709141973098636434040872720367087470614959400637089194955209465828890073266768481992830351318608517680580938623952931108511081869997853501510561556837065340533671767858855790875232084033617489332998746918981562366254950402959547584972976692475360649735318185214730495151695011663432943491540141071739589895696247188822141654615822822550527304795671581100515009982522983801155140527395041777775739747458285681450601992844248695404675611011109942202975342917231594056768992949416910490384897758374826105442988681652553145009906221,0,2079647309347472046046640116354111734992134430747354461872195468026409295423984897414342457388821565230455294736960342017476761219546892915255590835990954406005583285897380529902465729717430241595003050022517665683733628380918707076032033353682472562166338953703494751570291812794560500294161149702915897712850834679284364355121516777643008480953979337881945341603916516974227771839818386614224381435027751259334767255043836070896142909231738532758024932145744038983847782,0,293678804828293048118637741638346051001725504398794565736139744049081030457403333122237362775055291004372433421010462158735113074042119716908775810006889846103676164117981885906328008007904902638232109846516113313698111856552613808682175440312897775043222354516536512511870615297919727554474067162455050752820182368883359685347812579731594148878788578956012888854772460383678765139284104114610580605966720,0,30468554252961511350452718596473675520576344085981383579452323303360719526402150605454945343036179246993727953375953312668246191939249709252795542274816344516765108827804763095317887971235852893035219895245579313288134142800331258225721446690828916220907310823833714759351794940016688902646262873858159478460190093131527265908376923350112,0,2304911743129241935224726783635669553644805525926452621845564169382314996916664098028804049593456759533587577374470553794913936481487367944350347930203408023493277143249090518789229642675034452474231857077700862860503273173776887660303457154535945128660419812257997619376,0,123994678750392217264945531546901140452676635660402448530681785113144938250364247980067055153959964746588709290411984696107936088246025435208770197809324543037308869291415030830243391181994369117105762394,0,4502779217437000671445534712877577815079321972263685694963475007290793212967094066319368986905414319727493647961714093458569009612919721,0,99110105388480072362537736794066639181481840094189282318093179356558,0,1 # helix_v1 r=0
1777505189491103808125557961560894176547534528360774482654061879922466391477877469376173151184844887228356226480131723701224483456322166880875025477141058878800953573434136786355846593885357643660319361498655186336638526711208736088368177608560920626913383334862945593926960753289910092201487186822306073468325179213098249745987626974578551308877970037397961147527668318531100991635899430300272211513002684029594200132632461135792525313675203989872521615402782942009295805778851354999108690746260760329469174115251482571485284509812175652360441899523724395991721584940086933564190300011886843395473489202156997591655614120331478981514892572519467099013941320307593204246691951201156701756524951110258853394227335572060000740519142900456622066370581057211934972627687789044859444355806793046352779709299784655935327,0,234398509774385446722683963989239953352364127488457836065914594331774394679920033473823350473307387995635110655746230393245265945413673925189248237712522208277518397257727957083137117969594618867803484896523957123395890746978880744114796433593981552996193823857153169111832403953868697456023515704802461009562134284809597635912954910768341810061863572940766306812688573222670466422643774385247632804424184157711050846871886618149139579555709936447136346555140067153216678227413199120225867041858958725531862992484039801972168193841667157554436438711246374240238014667781842036629411727372860030503891049769445548684686199692218059084739407574640395385886474786911352039832233867621572844662152209705026832005562519922702399473387792318404318769246,0,15922027314214842683074346857769986215407082955600718775610377166768208561651086308638311972981199477375386565377800694933527570991433476587675370396220618035815845391896453245385623189738589240234035489915534410675270461243035498952963984963319817005274794815170652759060754318512450640952597582959179638527301933372054218643801809460801018866234900733621260849615678080125368354050575761383223346681779316129361029931783826170652481965706528483670760763975784341742783518370154450358320627495627619822158588354947400259972447333891078205941847962610847086174342551183535886216155247986828030355938154619249481191752601816923373120121779278292515543649501617671178087424936032261,0,702302010494460401059073165278640122707392515550775839057421954404537028646058582240683525677246061112508833098058756249307809311233342086500792690812304109999008859760400113755822339251211748973567171060678816855545854532986134238779721861227219666070988356843055534343006580744524084462265516237524469213117871453843147343308587070919917887760353951808124955491514196999590143750692430643315321951171935421424625736514007090931603130393977420574799421021765750668333749974733168630275902512541621259060207585126167619474789281274181277722250440471947551829038010184254320187908654892845329658526655852806599362,0,22145154852672379588369641613762668367564000419439896194439517581820740217007430140661059772216242714764895980665043791032587487306526872561338344109869253601116986786361975711433062373472476953204699600703836391160943413602700748021171972897042363522729948057350110980652946335148572347609310220202232781249053378672670771531805163344692819892380535044082573892096268815550838919612571176168228803469552249378131498489940801987805049470276083043865347105568992925939470377576625248886438617963136171329397114724033254791830929522706379448011211,0,521493630995661142398745610423622052225816143823201950124505486852626570961114703358601663744692558213045091659275028815323162609527750308437839165359004497399167823476982692889948995658890070111945384473468422970756261827408994445292169591984171093928184326146595656428401675233356308151031564400113064331864820008113919500811864045070137009565707647024247013583714579809989450186199247982568901996712250011081675580861114644130728140692443006710374362104560286735685710209286,0,9403999225855598177267440399021582624706101044607117997676037650523753963700684065137797359986432332068289716293786733334963412352335373471992401550831813325383990966326223769428256269316661680003120238003878801393061651114817970249019895519858117958647655198901288359495923192515392617822855252666947724458030396221379680316565900880746683225853766560502994053739060918247949283346492063192861386750246687854,0,131131873595140335745119950118151843955795932914449577948973266139093841961462760093576525245563859785452467899567547704318806478946169978961909540475060652579390700614263090091189461411814401028380962329248314445160238627767692074269008333054100346060815354382307118501849593006958616918443697325409767338713184697195261447660672641546011344,0,1423012311096100692353081526070286490707909636652342391303796640331813693852559111953124220719438421324107783141836087644118113866879763087455766378488957653874571031154096147959810046996002617546678430642235568508636725916906256810217047908054553260735162153131995506112577,0,12003202616550438936159466684082195456497856792827629002445717530115304550696984918698913077694259221717058299908765552819123551769793972659206658899351233162742096705301713746267716038734332523189087509124,0,78150773556290384863536304405675669916803377288795011680567803227155685492185540859544400434979548534061434797908217261882406894630597048,0,364553754875264867135267290232181758102911817809860211558325786445948,0,1 # helix_v1 r=0
363938007961965688441881864058533320151558135202198490357360448852856590524794352947398370792201690236019067681680411255596745982205038021683134101542996912544977693267517779974121368515292415463405269147242296422570252659695290717534971044113971715297242118614419243426470594060685990789949766031404392182013657849986128301806059857718078201140881499000541110463516464522694833293234561828806232296709105083121454414379369386347579789,0,2874185136755778923161339926811446461181774664696510375928617893765837512203847518683397451978339914286008725825553811024072987355102827773561924721612114046426845572296424957576438243157896782221394004508229528968743689216640582546704268904538038684394609822576071691845702971747478009887564409766364643424294973046813691124904509201792634530449914721691681114706150220847488025348278205045149524898,0,10141112491781812557463275188968300796702266323329194279585965678241174308082613121226399062813729879553383557804226629446631487001009027625033409452817383502709474387081243528628900240264250296743296506244496603200683133933634810666796093570168974620001387829149245333275996684168458927501308198764994444515697676537431114261073326423348668231488336394259779553659,0,21269360240561225986027240985504118049287333383002365703642343233816758867683081777352255275021057911952893407445617065736679006633655855608518115479151322370050680665273353278722779339933455101356011721069712235799184698911110378425729514914856076731386748775258085308681195558738341792237700231206741717102088610552520722287082,0,29703328957622478489717734052331224471835697459500656168952807012713239133363530275982945142071063141904198359442687865848790678822045316289256648787698471117760484941269023691577211299238261752852281540157827722228990443848986731072046195424866132765518180400518940331608566897565271898012241,0,29221276483156284895674560727028898573974667405745310264951234236042409251854644365026385092462544530513707287354209688098790996075845248759547893858764053517514220765366701830858212459231756587653297425212283624427680302903668544178460986545816167597862854,0,20821458895149659405726209000571235862514661417032218633496102809307721794358795466841813287730624929707588565867133296924660585035289160224329633531604450454978885902721489255532162232458628137407009526934216869454803964,0,10841812638279950002009923288420113763836014336697439051878880660524400026932114985928139806504387674307995927333456101067581019776448731374589244364620412416318353560359644752877187880,0,4094237753480050499665436665388320487788568249069436378985650219375018660264416994146314863407044027352298442895427846369579815149840087914776861418,0,1091890951730848848719806407009874841011189737665291189814294527274787768016421958436531018201124962149547548220,0,194680727391531789447039282588905900167107324567370646493873480635480742029,0,20770728402306922751508090439943319338,0,1 # helix_v1 r=0
138574359907372278584166534236593724358814881363834571849125782908221227164864538011565395921368787885301253343493786625788432291572507475443494327986610681859148532424917571141148565472240809428391400884650243017107443046210598315860888456271779830017614880737718896596926699902163902130027578020804243677181900210960271556005814134303385219881943402291490623854111431579794197176640890062081351604739899743205623271109870408720930673054145439069501188399528434628452133076738230736609611294660094192952121310070502722067237833901178556267648311072010998074012187221910843152406895812840009675507377588795866934911944642500104490771683408241614555619571212111515525656697948430029570120472829671190912131500173,0,5658088666576882871321529691931818943079861859988034107075817087597792733671030724281574198177634673570684554911003227396737828622812788067479182440611107893330037705590269825759057356546713287390453288829074321596331355796178588112649619130919687369575388788611982450446312938769275221975942050169814712847779323834601892215924439468807116498172840714009425784139985575350028600825683657320959227880291802870061667253194269731958264779418743834199743454730214617462298571068132379721544135520376515918880771222205502303102255843483066254769398621862451928863671397672845194257018983508083730821695710130088897097730275838284005495306954196782884475196,0,78280354649984200619445770728263261854287333474672331459972061781331901024358026373162748768733350439357065317270383787929082471340732931809004077816194607530872271606902862347354944038385468813115185206600249604680564602968697943219646283667925499892956138921587431990188609119694730577578089844910433306268740497005364915883346370560248202430341289340730438774709670812053416698468702609083329085134909769003653939205377027866429985846628492615567169055635614044261153022432742479072422165453670559543675401219476713098718922918476352616764454672572081248646124754507796440234907315110627424,0,86308947240716268985132859069245289504462525495818582744503931980791164802772921095678129022816784504369155692221680918068514455378397395686530156074559424687886940873745941340019814156818055598093641579858708156023047793683899004627746754886754415386677396228601579752949593414341063053467404943723841740595506948454457524443846859252361227314269846898027458400249672006956008952394429827984815280133955330942602610116890666572795152579998526791726018611882973960097754020908034968994671390515103283620848436896816059113330873064628,0,-9431877540331816712152219510704670867224363633620173027756767458544274929690231729491265582062435543766209500387586989452714414368177215235299866729069741144904294788099726622954904445554205660259206987090611990836842649448509705637562031821102647627881523793633148844648939044048426690109185455332714066318953416113783611938402358399210620425308750633444954284977740939444024353359177978996510946164181573662647647181913455059750419511921544272305655700233725630179808768436,0,-102721398328120437593201862767513138515399029861648217087237945834349546381334088869212697994673916902550120322906172376281840892795484905039814917456870132030707456885241795577539329009747151169114412445826179109009615601355651570073072970465276311439248151430061847827418579013808250700821885954578793160547900445275642757471069121558972899794562739995679180819674181834503346549844304273814379124532403323977518536,0,-185604371919656653258581533137761040744305518107253561086183020263024137324492651010683016709948790212746657900156496382874590342302703311270133879047146645859120837322847148831165484814337630124629306613047058352427142259725664186666242069459660939096547993577628377487844191098118434838685512658288896303016314558087559896369991442635860776968137089905996,0,4952902887162546396556556589713513523280871382214397622944719073329074229714478598177939074122357499746154540339006763462138104466574478416971869252335051733627327454386607442910106200496525194095543000084106737135948866376307316970017841148426858702711915529567851486987040275765769937147091185254,0,52987699286908720479592723014290701197454914053401982252737535657669487103850692749750039170842245577900362175253684192225518134732031197995177977337444186416469989434276485136465000511898928466658455616674575547121230932162788068796596212,0,269680385027771330871992042534193124902404963698465103831924988154176154755737071187313218622219094420801050384726708630854592971340202513145781226300617456104730576895333145434372,0,799096569488591981700347335355615467361040470237944402044997561802531237421703870932839856123043903783467043357619460195,0,1340192081040919179462383558300768214919039450996320349415922,0,1 # helix_v1 r=0
2927489707549825981167465311172712205913756926660559008865807585508940212778774077968855836088566589565053773596251743539809778223138121435265010663542324747225982928374833980374801700239427337333631981178456142618049864358791850117761779940327569197262542811265926119519836502635322291108351472853013192574137527208710533456821269745878308071745565937957738816161894679493972717901843641759229373753927470731498994370330888371136172217726796692130002886130131165153722289335027798939539,0,-1031448187487665121722131927206187885797124112232272465152331937320318356466439252885241339402943647074460234676495408326519120889128407586996084866746758543780576437824195929870337499674206423049763045668612731833797271204277450152725442437979721280348564730363796986793287417570739706477108161569939361560224616534422333022090101234010181571107306824129079906185544618144293900932422676413473211456769425294597662203995893835546963678966510942660,0,175402342334297932318238828121365924071050344233465020492374860889556147486469719943536498939902647573775598605157068747326022181558078475093935236799531189705285401192192311664749935380826912561940975314326673558693934504340252623984505251303246562093994500380176262725453552290819079724200721980761837562835345491454536834595535549847374562354437820057950144501848290177737591401894254787528056869097821202,0,-18692210979931220831748134009268776163568976131864012620418047826380783318811509056639343457094475275530513851073086380247640176662281452797994655407350119393290556205008979203800149445745612364562055490160204324473176189912648170982085816753840690179170245047392743050458451675823334204985321082229823529930155976032868942312762763705153930703684576737758535173721576,0,1368281987670159412102752403689525936716143621842782400234742695038273776572965728111127699268449842340933411691346538362827927869169451703947693901929205281423577897241468480003341241146073902670424002251576763045533876144933267911544876042852968899480685942224011989481912810955600721129897626277955365363263805989839478522231,0,-70948374443583952727545944159796791035703919629356777050691626100766703706601141563623529075224518885976097537412611830034139070989038093117044567729260257212082630792693209364756555004104851312257846219457482789892017231270981186607005945635015451430627578109803625946657790498622909680,0,2609575630981330487958496925087497773737587471901494278338327582306116304735412133326952371327548675138911112123944125424115070453133398540783620226657885377085074660475987865836572066379522320240575721680735891412202011885937633844449997927401896,0,-67109113970658233196319807122433902008557528984793162646634810298461791866212964757522497671064253925111635969973053476158515075785732361845263031604092175609729164381100260738625658516372387324306496268648,0,1189125059465365276021265276857166844447889301709176124376158553873124612015447947188927992498368932938394875421502508142752407454575899058068831698917014780240828240,0,-14211905482434288150268979781158143401275961338710547051941078111034218800943663490956963203056936398255559434696840157611764,0,109675557166002586518159099788008464401124404597350705619412690030194186213661704556,0,-495451222133447692583130264110266731353388,0,1 # helix_v1 r=0
28571168881898151651387231857848852751698771916550476520905650121339803825379476718174717404984844796654785515864561824672476136824698687516160803397456766473585958657305231510233193297060278520360044861713766541185952831848334233904206820398470044508099254358252095036898756261570581187928947875353143296276854620572699421752990362402339502773638155725521228894619685133709395547520693161324187168004754739052297570593340319513132389388158879016506939682793691880959560247463016677123683061703302667790605323541864319245153066918026029,0,181525923103515691013361792477350595384689601723210183324637039870393484806931922575692190280896495634941483388361210493364175157750735757329297698098559242478886453260194516386887294319588265215787088875652375002074804540559170612938120884971737594761388564574720058873296736816963660000096298470893774586572503793631927228001018401997634186532073830769312762036319155604112180011732104564974825880170560076177961977623397036172895570859694943633654578438866913245460106657275903949569894188,0,490053801682758910186246114011478447918541660693516637908049015620660960862810334338316069983470694359085014667042630120605654767383056784933212592308198274933960925628879985178312737449266327200659956462824991757932211284530335116651965511964537820025146877452706171203128976191424901834451128631825016426060060437970979283031096119371306929073077787496068237109673172756946745454126131306975935543536246254986517160087258560323846502515317648368,0,-648592366524336576460729875137569572602644550444446383643654436429922136484888674462956005595648902122460833263119224090835693189340424311724820583991553509510912188542919908189141303676712353353267780986868049625248582219467896830587902898675413090993684380360996538344831917082696806100409479599942670512263050864517790673254433139655104563176539683086619707682818158458046041514828107963195288344856,0,-5824135581875074382469247858377305040429334330770993203921072543806397383568414552530853668404360834360284136791635736630632537926233352294280272797413286241519734910584344574032754147917329801039951337741151768836125760434276304857063865526050717370314097983531309294224391551275599832540218954001023875047525902612416695186544508722901054558236683655687309,0,-7979963306073991305316722471977970641135791356432903063904076350774794119292280732001525462579458716785706375675172442579471190851487894213597449760033661682173138094378907189192519349753541746687596870766313611974934018741558300234013858841368127559538432488076454861310062934827878812418467698724553914719513312,0,26087279466387262717783002203360974353358427740607548372174163416428026970915153049710350897395851699168326902266093343842740608906918167843970207492003346096232448893691728771214396915353589404327858799197628977493366835138652628867595263436026340510628333350471416606,0,122550705733933054493631373076255079184682980225176451923882325138689411680652551327124967076712057988600056262457630676744556728774997631443259404264548044267126116857103494575213424529425788792853307769544123957018689153556,0,332064320475804174562426194312073353832857373067505899748432003850297361921784758002552267985460220548617443046657528300043625454548211603699184136187554220321227852386368836259172,0,737028240937541610771448081618582372606154234323795132132415027914774623509282259067144017650742565898504628926653426783110248251131092,0,1383695621067918985571065005625841053507609976679515579197400241898065971259160602718401108,0,1596891680541001029329523004524144865904569248,0,1 # helix_v1 r=0
171136614598790355486820843621574524529095123507311366466985481080882078241782846507001272212161260567864825211927479975822639106968253441831890066233002490174244260222839621924249561423003865560723028174977871350354116023770435803728566988308632804335304298334161593608985380739319071094676625581487652066051528008221113743213779355965315175308742680062455034454759750774247011426681900947788654442959175453642810286375913992472164191698331623526175639549591747144047461855954930649141592098925309973483716846237,0,-410863834867907238365300628250020122909408335171788275521008469286814624843443152021848519981723569470887614332879506630706838371319611764336057670154618248403150074666659664598380202037631891973698247883783611796038435025789403561409631496091880700437442009695477480064236077618830511321835741130288171289681430583044897329442029934130295472164241875565147788973821734989706638838901423682884919324689546532321397139529771195760150804086880224374284788161259400994307342,0,450252898985935049826099274136249665208917625708606492052252148932417518183406632634121307066080446677615924378025079295965382819086408257255176295555578495547915489854414602346928886281821413739152652365025725372303438050213871172665861575642255178201525631445442759976403838635440611571544639756102731167993959442880480285796553200284044063846453772558827327049329605413225456298400851488884541389014411402392976394140320069466,0,-294170361425805989132629926513467248888910344411709368830913955402263403505657894418151673621935563845857091819710586438533578481707338156137195045261249083076019158006903132814420204922253449099296513566546521306901502067073444232862199321544209458689437107856539033068026067573501183621361419434989040265719021775119290439182581579920740214110759278290647312526567510369912132044607534,0,125434054496907077203987912288621045107532099218389469234460995426387153884056927382158325269623267506850323781780092605327084768711392009972936060775766503885188383149999593681520659614282919514707097171845486189997848929479179832534637004662363988054290787916641112743201437440903862486190367122809737488643129778954436474211521612252358845459,0,-35836432579503828972344763363752006447256003423573233737926315247213059013186933664787642673051186007010016563038544945972404892559015357165316377317132490788976828927086203605828516477893052411155572225389948170100463766285617147678114949597942916832356580121954189136008746978389742121169055804060028,0,6735318069222606054056883605093549677868136767316193867467382823358791589590261641375464918036378227725103375696931284601691008095279074184936187047330826977321186376091001215591523928226293175391097821910813698114075598985134780481363201128321738340146075192,0,-767873105192794139998448446919078385272945141137735998403278312627738219451450400017102960843911061128420262604370914742950935765232786496750573009353494138323934933142088583043774383236114465624498437669489035989996,0,40310301099820735319119897596884582925963963074679408275065755912843002141039962669221004289391472815639510584712013806578451815209280012266188900208261888540223441017212687,0,477087993450443161950103444788283254104515900503777625702019357953212671344786656995536027597197320111893408043622715667914742218,0,-41798580688380569447466155782431327012726917012850213010795786854401149005355134059298,0,-15476442719248942967883783974767055805901926,0,1 # helix_v1 r=0
3209465794058144472001976955467561609714421005578485130738880907387892420276908699582163598256258187709969780608496918194962657902540287189132591860711006643514727938383359245363580572576437361087626673743404939407343753188094190730489789251904593418395242526430148912668958019332207426523805943691573476010787425607350774348353651854577477333425035563954358410593929892906172273746539335803304374221870244496000212561920254061256160068291513275236829579007334624748804664307109142047566416250818264290551430131945721429497408438039280601366890381492167433283208845246079808717221864727955184861719531545925072920351759907473,0,3015908064119324927090689717852693914126446550106013896685236753764659461517956106592486374272704157290082656751533118296604998538257030612924627183446082666731508435083499568166773898894739217277964723036931043530226644525219016493248416916547950776036489928473303153856572968341871101796965606224762286819074454768507730344703084900115088691406241182148952961501733128264616145210338248433829481789285419029079749973224959446024415557232041076264398614502680023961884927222500003849885104354955935340769859346023542254378135977839176104788718637602556758785217848093491972,0,1331100791491878873945587404613726257714201208043004439186119448220132459787778817356441684364378100368161388732616089351905551318840280684247274687415429802351318786235928178092501597173550059843079929500533433966758103747430162132915395339636439737396593832807257772453869132800286840314390308880952861562687127807763018595798802845579095227060260106023503685959647709228149969117365404445826359441384642097253144943992291867905026101304634648209348989300988576102498889902094859766645970019557158550214366177795550782037,0,365171453653235185257911403952100044364080780876978606382416524211733262334825823196714234704774442301346153187202087543035644707545662052328398191615149546722238839353225850485104565226500766200615302292449934243103181216110759183465795632572368458920385227989970764475092259825869909941745399795421232925833023199549351112825703058107614056401938912305947612437620960991553495049105129749194397459385232724410302028165129618411321894933349305999128057704402495294478378,0,69417015102098457211678615234750763375711898416591897526573609017452049163214655230621847455869704925925006141811469405537865499910754139285211127775217179357379437052835018218471536725306639633144979346525972515681969141458523086812533534587912141250866244242513816616980040935090662049675597155628359798470475361336288566509464823282144229464695764351966095490105086286479775019102770821150192648707960476028921546179,0,9640296386737283368477525800369545160305813333256413462700475947935477854446922200385017791432359285668294721979272621492340232766322318819629801700407197000655961538345438457788408066856766129919309415267272579370272179375120269180676233210701494906083491058014602136516018143418996217153605030473496289054138575585109043760140135684600965195966397691839422281210102,0,1003487114724755044870078130941298934380939608628526550521934844916786217190993129755784629054986370020659889988043752536380802398069791929619058072074964597018367469442241279341730046194678882957687855625717200737051268788660738676466991672047001978818030588196718054036514902126778778523045766944730485022991295206,0,78920283205941242459252159381625407888920495212204640660349503064835443577768184392163989012904132493382544201326799425433578100063465862655661960073915636251066516993233830725309938629430102105146085055037755787276110414785974334227107649323793339041386192141096,0,4655654096522290390130806574990440089928373427004381105871022045201906202492461051721803263869973268533465088220057043393639398805267540658472472235901461853974305719566909604323867102637269378359254065261325596,0,200973822722978265138901337529194803525697249084448429385953468765661854066146118367886886969309723064403513949436954671993260910367291984085580349371849409450,0,6028689147353055171235188421998976280515670416861697198011556026779835542045965064110879288294512698959571,0,112915546428799879977770560111764763248360876836432472,0,1 # helix_v1 r=0
5350600076958501622303229166532439274541944005512637330134473486671091431847144864271396617414281554420985531521291723623138142171540989919170796989169949995606545652207775597802711171243769590570241919044220084931938879535010917596438421131872693021914680682516922294282340684501835169386644967592218441513283113011561420472689306807953198078850222953372076593332446240731787454357904737732354660072333923829712041690919578984484396800889615307773474640438271244041175710469189609249792189596198105118076900372489423706800800473125792795277208748899308875986097361691820803560210789173457685224785425646277774983692142441467703776719530669103643699332223179381512939676059315563344415002606558668278621164280737759464868347647955396778300931,0,-912447159128019780831319305104336174134990449575151214351195620224921173670945987273379032516852105955371427312796438125978679368702915179956947767321251979165540993953776842745329198603174245820568470707477485358772252827684012385839789610115560786249755967591987306865389777079274891079696046798500270207314192116320131921699008014816516804729305700453721732721718966475193519255753336885321897950368468447382735689255589038100196711695155753252803341289778324682345592782089052215140517146899313091620844703336127683887021819871427046790572691628839963848285678073243102652663054625365770643775186715186476352691106637858366385192853677669599121658219846410001125366042905014598,0,72632380675649029686178113525224456577111020673373334411579138165457811933831938041332562615675717799151414907345327275755810903766889168035383975404037499237250729616819595405821107585930916842061708270277255781512504304835084675725477364492232941758936864077930693318348763502958302487107015623515554882305240929146931318059920829820671552298170595459848617603154548125531478265018874619652739577156191586672514464535270529562301777641323240962508322832833292815802052930064724874552732959368772863620151567302772763861903636452118826515517273530342692177393998362629018534141694299226072915080614923080111506626617745,0,-3564628884477320973290311153197063315831104517576506975892157042650000677324869680442845385010378557410755653962251979016859618338939402359175271681602087776252419398412608894981182011358489115321320876964561819682493807821421163832419877246620698854749587139162476925496803232937141741131637678713260197583195524220077303184326151420449618790111075343565863485510429289433390403831869100030779374711738650774559432823928404253931863409835119945811015080120931205709052588327210708402266121424764173600650564772871968857555675786778246131787272392412024061264,0,119978572908092921834710577948383246620243457187719586290388915545160436958445253089629413636127251501773785360926819356080587815285095317597793248974664313324278127928790620601739480192053074256965147797475855561485471155892313143076873347694071856283829693881723093434675449509163257198772234011006601777717113722264838257347360056653609994766807101252687273098210776244716235236582581402662360460081588762136848934841369466253944704124976808854522379925499388373015111802538366460171193689927570,0,-2914451340723777143830752992156515889734797331895113328046657283500995276282784080677734494140634851827693420890886086737658527467182145253748883532695797452834500169210752772658191572466543766461491209275741388959003113125195937414178084829496461073140666732740470705714236454855276925342671970955856681370249633693618083022587813204542964248597780402756039967994161309025165180453926401909641731987110502682813531832696954192903450310,0,52351606063156935680961655429559741467155014182535954761573407190277752620043157155812747381016992941288099441650632069571815336603753068332732340502274200528625726245613858520588320862314793855909601512258321042668806045151456156300939894732914085180488160820962987996968894687001634526143846723901758268215321940719766652700166958107935015401982937193017133301958421429263,0,-700370352563185331901407851337655962922925153148423007209665975590960644539459423762162106370045739334126154127973662007614832247313347058011089480682535658275570695475163455090988217674525786101596454470309824184198338516438758186014921883478699024916439179282405740688383862777517283012311342028256937511548692,0,6924940453813303735010353728951204356324798052803688837902624555962582394311038651587502601301531674574365367195169321259108410347159614241733796113753494126296092019935031279415545492384688192897205156916794465454836954696577331544811421245666456287,0,-49351198111545632804321330028626728871469912567175311877625043855141014176132145008858119787342808442195451399667542678082625466948185118671198833776584102042952088854738896778387225741706,0,240595580316353905150959852076607006916192893377113908997309387287447415187913759906420820221155121872274883820946115507301356,0,-720145370735365783112233109762992718918820997282356015548068494,0,1 # helix_v1 r=0
45530769495478865966388238063407645995815955061374172012026954446653422139319955825828904566528701413864644973534120500857924657884854686871800292398831516187924752195341144588682062798984121927969095116797325160354630440200248161966311614892395263204773542021497031143128110998733797216653555543223439168460879989234162852498490418310290470540804557630796809349353993940986122669528779100477351220850321744767447625789234844715326207173148752588108959791551068398932966740377340952211246889639829813593648330764433032992219915957311937533273,0,318784360532945897844095227455900486724509120077357521376328289675249118364033384711919145838413273279656732291403649322228202940676182014361587048483657658286455117956829372980711245802509891521053850695733671872937684949596035847000708542645568941420774014442368400098419168865943876884413370248932098198561473334525986320987663347309157718842946037625071001073163712854168276282573196404729042886919356564844775870638226860095661648793676672442967600302319226655353490253987928850276994512935404,0,4165157781199001989429947780078763424407818818648013867490624470921783191218862496863862654837271271133044285338913683318542783783306609055271461317558823914963517714800054860001505257952796630583243983875048046529839791890070517284864897566324270059827397350692299111367352463424736944971786825498887473006611526954700294333057712434938841572041909948611202570757096646114892944927483287766603475807821271568921719536472362511067589893732111001623515784,0,13812989544764417061035942354703201976026141656058372818469123978381407163730642698927139688806458132435567641126059389214658142176602484707406598329038035601484059420585856240316548831934482486173334055096143184818628923752200968453135204385518607883280784200340385276650785419674438861654103475613586801354261858679698697410388986111749065414428202966334423836248023194953387203960794318767020700885731064974,0,43167672222074557785177375513571007841835971365755826774929884106636790284453432225444569447222648395812934466317795855297094975839395463063879968921820058738739459164255222552963877617858087427659716081216359654945323290076086569132542903972780850765334958769735785555264946133996170393453003770688631194830962275142641463311225404199183891671872651429084394588123,0,62843567962600155036613222176850150129509157259545521035365325219537290777277455466359689023846030003345132173365999269902419261627924997347174442636247280916011045739589428125758247912366676008431955564485277287149377236966110913227678439410541702451377170728384289739269578992409857458166825645315932069450003136570982,0,49941955678224148366782949933993371306286130387692584366917676218608407562429729123310073515406639334225483999060444576895591993235272724943468093562771004626565993583420895707394253834449358688091812639398155712394225772842048134012816053710537397209055384519185006394161107,0,25214534489235552044081621662533120935145707828323639778523688338472361313459916050081604888908731626028406066052979301412835904619860024096046103197759577266459972119885795572046601511730129033396376328590466137299002406409482270,0,8764371309292246427531898280092945932956188264849414845272263976739965314849856071257688680699261031072225742675935092984573154475438320591100291350624665172232045926475375254070593990,0,2093120115394712786706159951886302377532290391356664571198512293785192229714083167610244664164068691124436360414810451796402132396793337508,0,316868519439650835282610949209175843385979746132625210807377159858807026812346339239427058957,0,26508024904147135411146202885413397185670187754,0,1 # helix_v1 r=0
1536710019009272444037871177162333370250724979879333720419397445478165192818995522593295457036273723989642461655157259427629515909073049683787526258067712224456516149645349188706240446614479227002953785034865392162561067928768933500809665539752252453296182960826818613678333377595392912104683383258503821970451705056278212777656541712558274960351628124760146473937370438456370583541149009463801827240555106221406493356576358197777454147867558224570328759494576693055230921022164701134073463772849232042803673551568336139320408049736308519337587343965921228002516019452543725977349323166128843294822471377787844328598860927305748536112833163968999620454747754075622976967356873594226673503211732473427383437771808430187415057537522105620015010442882597422024846003519489983522544115568858330140700692060748142656916054923798504502787042696584131714802067588982323637454319951260666576254049059846922158083966064527020078929247241316189385954405423,0,-26310675323716434048619198963397671412940625342939630209656077704344416226155182227266728424455165991758045183329067243516177038513336657949463845283402975715591284126946089562976997162259305118503085596382183798952987259341862572075162178757483943291854949182822787493614788394433619653463374067871376333804006949546751507224761003560295586104646288132530370432648138376093115544986762729657319658104890192055781119857593284342441670183189361231864073526581838099690847879462372443460626092918249910829867131596132926072656064330440156995983519298532482195762287846335071048481368109202666385817164734246670408222484144331032711617675502400463871435435001671629930161668652218343726818048486039444912719469303962352006643319152589974651453549493087966419073862804840502889259098426006000440577970108743607541519805571086092822018768525585705686092865805005719293368,0,174047365981572379613989463100772199797316292449179386765426687274039770755084897977563623780776619639631729791898005874717725510060469155149008316443105400890201808059881793751874774614837833701798728485061014784883126411762098954806655853838503076909736232587864971577275950106125537903957886861299506779442315747942434226702703434741821805990614300678094864959129667921664976143407087135033925079023677910681386814325348613326476865224661991833171458495428746902468465651561414398513678214871497344830565435947265139241802876027493684755066490354686636243082880027885970340037435458769160324767168414042530582014420405768169233997884507954419740645827466460760458208323626934010029457567692953284247488179212620775839437357368400861255448314172959724948562224556708799634890459508425048,0,88552149634756443748206136670175003477950502950990000785186475012535149720755232788223185533723672793587453823495142105252835735411212908154085886345649982204141794789439087430777617553614026101112484979721859960639714988958074218997362833332202585428793573828718658891966892137636218370682535485792733347528229331659600055105434207164283012156904891990958640546857625887499281102835519835521086878767669053023827789601015062228586459547252119541581024138458519236876632007241153415314860970643498755081780906911719215947934797724431405939212987727234974288996793455287878914882468230987573875254517318557946330127121533097644536315708898138364839058827689622712759255881737762580748255991575102697540554266198,0,30447932255142627456030438835648643083641374760747697203686442892688661203413996145464329943250294532577069254337335825872210884382431765767223304787652564476044008597779674220164137796469860387770061474554609603235745084293104370106427866471229154854540197643413651311544106902535985853224991585178619438827739021905804686816386984815165225570612373734443538433503382488248501037734012002964239237805688899704832974958067446880996291863190279278757503380912198632165960636363003738464158415462633783216851769563726439454063039256592276389519604518699097122435183201422245463552243767653382083099984828819504441967660321270864934788,0,5410501277305704908033712982299963971062063005029827714044059525695824411678843070627523868822023626754266768467982189183710444758492974762209100131922397309791967773938598922277174294719070172502927346676897898013042264234524093558736247190533286902459189372452298643213232242443854746755257042862322404796715803402844450975581551782278593451422255252273782512183231607960587808696682679346995995166467536120565901229022337382690464020603130990469304546481063922813075364184791381821184055751913103400943029237984192782057450202120177785287659928106598,0,660411487888765925652166593633277676569448031153347068379700095381712967687991429435555325868214915516894900415723939602400075312201086226260572079830624519409710006902582841438343894644457526063562932348894746279961141489784605265127181420776311993256661860599145416072880822042086801939580020030442542370928601820543130306865442514552999699949644358306633972112421818708955779706544311370147689351763192159814597898911576024255331441306167049144551046451997112855919729303,0,26626925050727409411906890349359354763573259282593393298224127915135960272231555744703549606639859267529202152801331998986132106796533257624074258486258877533317695610216598742423711317960959985299043509091343909864370228041553120167459612106650901708085984434067091290378722975713750738124139961675869618424191907745130961473260473752601124527601082719667962611681799588824742179373240767895870,0,-58698345820326202292446864412295857343641892742428901578681874191347305385018144817580115004641592900951741758960034706696927643754976421246108106222889958323935300744547771310611615832002096939331539433968815867212759960075934688192828859726938768804508751811306454163322375271326723026950893831261184951173361898,0,-1956286121765955975076836517814611786841156893902050981777824246780313965019038082296993977245350460530482589487820378527785421592556677637138177499134875685833487022799939534991006629239062750098812803771040176945231286712207270193144,0,100641273571628911012081651708964303718294864464163349117288963984014404842156405893941032097363112945624153001932287439457886852131415824844087697474836172438,0,11972505028812508147349252121383246605570233493304270619031689757319778095444850,0,1 # helix_v1 r=0
468843453468676840485671694727579796216933945291006434748937617012060573808680134111235222514019897149377265635143796660824160632581518277300890456773583407719550108396838861477033360002895393125350610867021178077630944113124204440947307626173179183221743846937726834288219538168552151912456007411020586290349437178115177356449543136885645239546924168517640212709478697494365820673681728922942568576578235593403849979296924077999104657020463034191542622341879116887733495948332626968795328544768,0,-35312726647016676150300316466294253249065794440724614532863038337655455459601754570726667701137952548427893704636007587588120885212489552692543015429780329947470474358310301465893711139415828545924799792728794942846634151098291936107830239579022381892212359131540400982431692257114643756000973300778098670792016755558606209982338920398350957709283337571793327957488397196663087178401783049882564503409194897021474133447317862574623809051302138616819482624,0,1209479192762511217937308243615974448044583035543713503909837085687974945348339410242254454498255365481615098085886084041002207708913574618995678569897715729387021147421568427079426302706647420309338239949922273799563802041200454246355027292024584691777341764911732734598518327785947513329476342500847460533741268081690348601415148431257890263655089323682649360323059254472626732152795591068001968539767893533917184,0,-24893028604343033364271038605439893966318241580837104030643655080733984929714381083173669733072045580300624454061347673023845695433979291579350780500086861200846365624997839749528999545225154311594508390615956951055291470228769066508598019177230048465158069185753604603240320069162226521420729525396446778768961142412612846248902445308968835911834702112999177355182647279616,0,342717156074591359961411476654702601281224956199246082952084371089388338885230172327562257113088530313871021368781216837064607525126969997369642869526986118451363568200779428134082459799381176299825312079240560954922249894918214778505484547143265207007894544589894970999682995652556589637574539839519215994256685689190923555112484864,0,-3324024251724019229336425740863482749508212510865398131543696479668327377772494072414856206366514141435524666128783952961760391622366989871323089301259292918353018212239468336512592270184389307954319725550325787504056256733886518448340034896549512947142934879965172823838202189679986969935872,0,23286678968952144777604271524589504788693174462067213510681262367772904139819365695587766376997104616919281269902748589302915824116274204413739525985988456355947708517978353480529157003145384893469197098899211785785054647905267380471118374408590196736,0,-118745420217901652888474368290634096261010922208337207516108508432752963405968535970530661832670788520825776604041066405148345712928413822690587803262981853628315853683755553258217683916367887489176457959178240,0,437640535596614928092113387897334977212652356576304559018382191554141154803472763219925212629070353121834296623091637542706516680371306222823498022975044778074065338368,0,-1137824852599591164877765337539364226709968601348254612183409393521907386189528892713658671185641172015411839648742635663785984,0,1983210019915535298367176513043130623686930519663353921498313346676714623921796677632,0,-2083807941752424491175188287340166202261504,0,1 # helix_v1 r=0
42389930751902818953461761839210092771778440888127943997837052355507099977525480083070644892378576998702080575512000537855630423215215311418588443670019419899939120282961719705526045201580621701801518833699076817199988265132334470788046110495906635062671406881842975511139734699317919472707211417143362397091087854678681537075772318118532703545308420333237131332572640163149271525850596406874695892326249153002012216538828375979364732644114176079986804437423749757482800836803643039687540613982445971652415686951884504881188071383558516086406869743280911525389825054305684968087280340580772925,0,6083403564839254281507293661635641623288213720792266321436008302921778696094883588370263930479011558484878688915213167895659426344769015100765968512995799530367811436272624927559142204004609441228577616625533292197276313649725265928103043519741734163335898473024029300616363337001102344848664737964599692198418556704363946391613115081248760372669547098623702506802107147504552850630031031976840985731966890735715567383697976814863311763808611518529291622876891032783956257105496603904058528828638520971264978424364146881330070677943096785770670,0,230259158316507348487807705107191435476307672708898987188786883505606963948557243624376276877723347230682489870752652209278749689419316270807872234673462296598679929699419562419085885871107239409566679252387791583476947201240705117322168395215195451842536402574481610129779632958543182684916693733300820377176184713344505361995405134418934821267891843451609516227874744094486162565243051119723490187379530421835905039222088703886166420885334989861426044794509724339545117875679951064042913602076,0,-4339855076024576839362381293032041935710097608617965087373350140074718165622913583401802915759552313787882011162534587847634728324506744627995651033699214294023259044948976379409983904355529835662204235450994969703100654231759760528435388285285418364019844190908710823098242829597971230149585900934692224473891382002471331773600703836939972515077583379220741449394081680446069940391726939528468051418619298336736827965010522657637910789770386300,0,-518229833955375861698526734159448661862478369735662179499015417102844213355934210969703795946886754193318059294626032842822043033250287955696803534276842792632269986730736132585456754012833992621462703514767103628959565166722203231661722694122488431633782688989179154197347289792794656703410090962653056836383657657051276168651569504212452198863626941325841407541643592710509522819911364664471677,0,-29072049767853386928370703234718122429559412072370594735508281293510651626300067952815330237513224074297134995870341862079049505734418916824729708281820468863823548794530708974725418497282227691227992703192583787233697922647937122872092584221357530932729441087911878010538799354103472854914332931075355584975024952245329924264091866074298789007936,0,-1618015728774839631279097150918833618448924280583434018331624567400036711851446833149723600905235474617387475151596501713096991864197677009619456718619720471562696373759475887340038374327914950786963934988248521779632075576267453919157918962663526805178242831962826115955432280172578834285007472145,0,-26933135462689277570982835752304333654421681935942483874069404167306035398134141555441602125954148435412672817031831811313535915563209304620113932722481792837962252644926247098088812763065765884675773476860817771165374218173576649629811308111358958,0,1302092916523653094248174688844985371981497759004670668687138360940238979415822042679475638104998352662184380931603674419479973408350183038826669983353954423046337974214858773987793963392817211679220,0,67136826448891090051335457617102053692016184046289739643090305562040514241804333544282084113354375876466721776050606111434400288005331782103579424974,0,2549537702434280113619117222433390134382877579482858362691332881473106622584258741019644994404811955,0,81391972551382257637359728651885264959520047262514,0,1 # helix_v1 r=0
6335110041485821263315218592750636321506606607553115449150758125092118947212677907597014176010510024701281830984936912908745953248523106222588602903068768462590709761579747326286374577638062525287674834930242230356848149417759427823389428454265761266312318064126247324235682118500163832100189813275450669026237212361171084271461063745577769066625224768468926426547412656803669628136736234830567334802884763089691642570071588971343808247967815049481378741408912361637711613806391679330829499269532599799162670871732038834043267882061204392279131699479657338994255977240519861359887041236169834063464613793984942559027267583877653539761669853193332579545873514905361586260187596668916260723150073349108974014397843832138370986915139184386986217053109776080319823271843233418457686181106766176740186155826166864473,0,2467946647184556941350537672833579919422146747236165061628692983867062731019378346136743405226218578840630174439062170573879376709378846584636962740140486781630776135034557833006114074443240082213827194503820582345518283153571350118206586336889758980749070223138225684617950730019295992508190440953632580956517598032925331856474613459229831182361408796280245234095236933767254516600931933207177883795175337432942037388811514011676600552947372037819257980537932023590174677314422334037502054609930508975324838615457559663804428938587958775424870424176549397967166946260569275489604506119814651346716196009437774894757882006225417391715554018568645081685851432425089045053409537325161962523837571011211009050047881643712338713113940878284815213276,0,422136497200463883256691300310734047984138780487541960245119583275118430338268712790063371633580072221771683836350752182223794193028536448596010416961849306475071305171722555936458390687613334837772993224904304717869799263734600559597523766736156333933974747296550831787301149820412245119204104673448918222258249926141207472061370572933781473309103292399845766351135794929719951121052532940345017475157732797915152871529764267164162693161835381820401952302847466039094161840380910531549122142004549289452046045897114952671643675151503753724232594121589541404711102751188611675593163420963150363835389504718607682515074116026583796100908581484782993694178632785842547319815609008,0,41906343787141925906279337119709096875166444152846964513327822301017242177759473261502702701107654704054561906836016622680622374156159727498637667775201701594075465684695244206079545314316828248781406911936290558378801852876716995632975166561446168842176511295253110129774071035129681499904963071439565165436617987537263951689154659629955781160543835960401028348017122319281226194472622713985085101750361099480253167188443091440003261780382415863451460431333454273050167041180945904394140202499851426024132834325962923577334854699736651199937837388335139187714062873238636943289387532072260287925326872817869934,0,2699939533439703659384197026707334954027361477807121126224736888399356718060041610160163719200554060096520262616944397978002506631527463847148344184014720272579383610314103878154237993846223053078267523994468251850208786089380732934301152797056161109073964775121615166072092601748304346974821043962906947751608094549641716981560155051434797361758427678986385329459214789748464361780673161318504378029021169744891835102765390637042181121080929621753009465502671941841853419684839345255884596854349362315842964452116712498409574065535758924971838,0,119751345383093242181508305182312828009998900909036546862429527720418709027633970253472934382276082967905148770739605119839907892863594766050404980007066083165932978037279293535763171111722261847377465640219403087413876894076206028228478466743112988257758343178738937892040065666523388743121431006284729554064784723060862426204288476954181185507761810092519049263912782830414692421475803596846758349994058981220401605766571514849176822003458207525240352947790838342360413831406,0,3774970984351313300234724794898127370371582121333206077146560569779165474353480813741622197835333370011086563354815048018776007611547203211695778988040761606288145063842808764685064270685527194322229844786789843949655867228403246404915263458283843200374545616945135820681993450242797747521246956661708894712910546790769950298761055169929871551898927779038049035761784078083956198220841265351779721185989186540,0,85564624956358760909239353606019379441210315756452533988719997307298515563100062308815079705565761388679927615948258800064555089574567150982914098168290764067005819720296922503215408497898112780791720841041574370224328724170432368974301549496348864634219985520774588921190800152490454131045351449679062133151612972732666210275765049917029866,0,1385312088999405126721567214543372014852898202787211430606115817560631775521059184455031607363223017823485996933398606972344441854371421524377965867416317545555709829956293100452008797171697260470664236390333663856105581757134501558002873736399141155847149754178603179289182,0,15607524321867613777375464950915034065388323658362584478880164364694726248895569548200449840353620150278417898537217346418143628154323274233996362788879890235234003033391585251011904457271026421890466764576,0,115958652252761982526062465499376741489078118618069252064022917861803732347487339622551473277645300979970611096502496228918709074532167027,0,509417084948150143431485175551181122246259716679786142080502547234442,0,1 # helix_v1 r=0
118036389529,0,188438980132,0,160609942334,0,89378398640,0,32209131008,0,7419752862,0,1094133872,0,100695574,0,5645094,0,173954,0,3537,0,74,0,1 # helix_v1 r=0
92993078291748533616907317302744783508130634115185005250095298226805857651682535225959761648967468538782427972962014858290703662828668323278503362777240297512001999736220484217319303665033014267493252012832516351460975809988825844725679031982843802502590629230883559443679359767040365340345157548046656,0,-54078849422339924324209153977452131103910249073512983618292784516654455725858743961652203746982565970225747853763979159954986329432396679389697721838892481563963294049639435021240313973044324606918877897643330556000137441369444797361449571178216315984808529806095774684317476096,0,16416008017730174573413328458429105566379423799777006430439191236953790043092561250296387021485840793167727716678367575974413855486551777625059992033317099525032504969096460146966483796425725420468817853609094012824459942534131934740056559430501206413024,0,-2808464509630324104125550618349718978931584681262149657962650096099551833554163645987997118592100884497098827308224074664005076469489528307870113523793618567419273669231125950283211529164604978390104317145427778459310948974479040,0,275078990649383810482863517708859600355718193670225979866991340411980860591374595259666269929609237025274345687305429130247640164779343791654095821337681050402184636110450682328741546066598377219693416192,0,-19263844181010953119035849393855888947265511109612163633579289114284907560383263852153139487292195918717655052453299049411576037445666251670468503414729290807689209133406694563264,0,11577336419085744281262303655393440518670407547700270973008810755610456404908234730967519647307709080240025122774561246421190023737571805774461890458772264,0,-919015702017683133945747073162758452815403830034027845974420148026232006636080347310426925757201152574198782442137769530136126064,0,213668031080831068981788295889891282596192343860482849238094285885710835313071842623385607587066863182856,0,5016274806225420979015992497098939835702954058797682827435901580509114986795992,0,62532592900604534673491531915123913345140444884379238,0,401036569180568191482294540,0,1 # helix_v1 r=0
1320251482275015572625943234971507535264882771125035117914105967828155583774019635370971807805098500767945992716269454668021650735809651760607807660678622987704457786453212020412174077071655095449371506608284027347877943077483048223398481914175240720215341712037557241750412833224208021312401838342055944301106822355345270348222704349270675283044407703087558464072453038288749289089,0,130785126501286071717686167357090099662709016073762234372010510161351301398469673268658200649963590365026056257715687826683273829920582486786456850882400634435929136845072329436567341467158630322623701370624659707698085669696610156979570080058443338336911358650350874078260259929071748796411030816242691512301264358424314122450131223698623237415145430,0,5286318715576277912243689178319699565062048382892901350914686112921348327507374481292482150985262231107059950515401299626188891299773378287169868528289423293184911507082115326552877811376839798152871758668049374469479852305800904101150776896173975822740771164822356042357771408671769448490894252836571539316514162922681,0,155432271149212142416177158988488372488700649756473527162615514864310207924224036307808263930513079921176396297841347863317501513708363303903570734433277765423245301294522084254633485024554978347709265820073939851918820851129807294857894918910128757814779770129636506854752751149284247770,0,7152661702174751686637310207423790789709307173686822349130472060829664175159778125378083110894276811856036864878069725471598081385071651639084744277303309502104325479723627574440241053750621882769464555919798044169008556606462975507606776255845850366629159,0,349021463803121288977734492906262691146078724239786630176451783221773133824329105153628224124587438866336506264104803015037062098806762983164030129070317161316196274983661840347608186133298212588252677065067394015290258641386,0,11440335218800230162897996390585409466344677052475659225801518740073370131663272518459241589102147458076544839018287061285277608023717393184156399279973699943139156455538026303031655102928137438,0,242884190041050786976940656271594222539243850667842440693207579797308432623096438632618619741469945401159673648711312259916100399966695918625419830229123548338184,0,3412330008162040578470704525652621411509703381913474398192736339725771465774089013739266800433359923317000290474279333099290926721,0,31743885495124666705472117052313409330954465249480782125439487480612304135193389543831921035617084,0,188881868281229727619322865841659382652646005807857205322438487596,0,653023810050599668068444989533602,0,1 # helix_v1 r=0
97497455035083932412420207589946922022981055598900968756693872514640950631387471679395678106765814048985978101436636379001853130878097112287428331959679465527438433879258965816992203488304505609911865863317931454377367383731431228719379694025264427234596207452051341084384855096914195036380218777113012068662787745046057499319675395295892855719069412379705153150079253830359198595107459732037818372154143295083540968774887799498190060472032770066920909235794573218543365681256570581816758645906285191164662338893234091059829323717676984094428916835441642294400660361877959009987186809124057310201382115105894688941438873532718441850175217011582846988778680823790056875826566972930720883233057867151247693809205700138468176326837214364,0,-83633335750216825183705450336913972953204936661480513003820309086558751856314662181383718613880400259313412047862975818795562859209445578185731245964722871144482412298577601823478806501241479956167849081162863187093527832867175667205187566499679600042918966109521902323483023172332502273763395752470362844208029048794201253556309154190573988373594612578012239274323768927801419915690528423107722406604773559385508584297313737442334224022689139480131811499563094678915867201558471616790182005055899120705372380139033256386388704724430513113131981151915101217268466755407468679806604248741032820237733072446799268475878712987230580605522471370128421020108450538897182357271088,0,33790968836595618992236447666039470455679082805775133527626153962269869028104596415618655948769078774009574448456718358004001474268819460292196538630271894916640097029609262572346731620005735609503993188963481278458902546513201805846594729746323392997659740832215137182485952235855967865326657848507274739814492155030204806626656958834707921257269321170391344649188559026967189235342386180843961637772031962109156808362889742251154226614911249208313529688583412435541994449012803188752583638163271969056299194719440830951659678607264270516694268046524443466997561710017513569697039528155105472481005830696563318768,0,-8223920267920060759149918480015276061368162309727847461884156547442950850891023439897497674615191817838626145817333668811165690344147921158613355095314820947442609823948102655646970350609854725904880074773828177499280023155140119786728217314842178057475882010901307022997651445692607803298107282803545582435073969605566593801188920558233699948240797751777269554179025437094466427736987609846459261584649356901857966174764212081896543631787600262425966899577214267534040463764464198130696329489613396867902828462997389747056400566474440647188524874723216,0,1329737848946229127577412763629937187914377730442785119827848927749993775909233111846907177525487649250946455764572787434477477134506390289618368597734513167408007563854832656704296031784111456608247528553707893542764256443142649696992074382023144808002300666926247535167767664676204622000211928928876703110997942550397310599925756420366895536913486210011622714496191357937202185525338788695574015935636849321190846460593956779029875904482107365330394541051187293575447165815070340858235294420,0,-149866341416673529746980744307035920161564005721062033001599693181267432081030260783993095911753470196999886340589205742763204498752281787078552331735627561838048985441559094544500074611089473106338874747027324510369877887272304595751477132349398947060120630214230530804042127183513376271780549604198674517665927896134775966233739004653729818579015026261881589011925978575964303226035022767047336950657892510948688698040311800242956,0,12037611807077356065844320426826587655375510102887450375375264198620562350723744682282035671030231679964967899142361003402955462175350254091531187744689066764087792331726458549163404553177130492075372139722253389371247126559671206668292725930492641934489710164317661485153205061781356618780490001207810507328232143882993506637421791626597210614268439998110277534415538574,0,-692519522650647968170689985562063149609699016204017508646510548422726432378574465652783028544175295912778404588882081994084083673606249507546613534338142836902034590641223861747184879229490429298260008234025347293944090786075525013474614058263551310162265386566136744718651808473910293798185194823087166455248,0,28293614478057801478281218713818283068121434642148662075786835091613059957041563068789410974243219331812252459700881327376178302448883984884666858062090307999807085511354228121651641846743310384069870576963451341994801421283186131909611974164501024,0,-804065255996490968117469274112750216905846417555687950133155773497048455067585355387871500493058288860864148478800241830519834663131025799067731403667907502350368067584252319904757081116,0,15329593606610588383475117065889917256633332412541073673123520425603704179769935171515238104291646245048852549106019629391008,0,-179942954192629471588154573083257553216862036045076652414916496,0,1 # helix_v1 r=0
11980969530772283862199087983184950650930375576378141875035898516335348897034169396754361417497449352027811224671497870404121668706815997736949500815553292911944388330899596003092391675677668461521550193311406442089653664351460155862231812639601175676543730910091550719017758699684129987003918385325931411885464976521,0,12497940857732901355714038075584097910287826153709034750284763585406719420936001158232846415750361545505267427063024882523212677523586243290842854282065062094387245757218200183199964837146990447514432880454044438290695588147328537419729261522652778642169009022548983372152989860638684083042984,0,5816106399873387221116625675479960853510800254438997416509007949753099157468965535526512972569450814239768276793133354452356304294853656938656412960546073712863770386632559382403015153933040856641039820043228096501758784719619317420434083977544500030543023331760361765,0,1588795538571513391694901023854305472808271326223998760437010886386996551893142494523958616566415135133857071161555722365020565787518053139007243760486561969457199614084798762822629512843273427686712071632156374903198267503780582915495895533889,0,281888274783704120500603779248318740121391613451530722969059979422704129002905979822163255942771566159010364915210398684384543900646812616230939926407789071554519801992470743541869722343420534001758640158713132115035580,0,33910315003865808273494929790886870614715737949981546615507556163930415206341438856793572918384142710296913504979025532651061800985899180844224199162810104539502580612659241588502642171416659790,0,2798591106240371150053631096870128711934755318516394528218073528138655136552937138167989369245000158602699941704480002587834828420418969796733297298179512625571529228374,0,156355081554707185300583605571485799911950880744065146849606780627209869742358460448013862498489876406729463806344216942684048502884781036257258,0,5659141326769962107605200055062563898040895426727904181410010772361469729876363854537170438705338230437235221156657453,0,119992163610057986865606134491293106948669783548218659741413786591139799221773784918196439683,0,1136992354322123115561216617224036670812328884975545156138246069186,0,2020240410386543093988282109790607,0,1 # helix_v1 r=0
113418010248045049,0,285355558080946272,0,341467241325885612,0,255218987942441535,0,131776070481822525,0,49015174649269971,0,13257433926605066,0,2562547539542754,0,336778482994425,0,26989298066262,0,993783766641,0,1935426,0,1 # helix_v1 r=0
27731182464703022660738389265534573573891464435851722401034195387041856182321727700472998032243500618334407270917766457424393506501847310761784245055309549902276692544670902557786405562423503953508435199918282972774569178976455039060711407174677245536151448764145540426820336095624974138349668065001273919974660498897216693217364051045121090241000677007584391653997701697313578114131366018101244587277686008563975044788728110857833704617467877509055914045798619838931057234166816487075255370192923153742452300532080651968680535803909117845244222512369411624088810877328363142896258565750397041141830911584159129800252812341185924869085795252320112188240274269540011523095378792962330420578442474128872805471732718157501680764896654809391600083244170430933048656486353316678638588873878925617019031091684869905484638108678208157,0,-392562073009496594140498038074272801869193560562927801779001258349501682004193396842674318563203212051957839719176520486263976107287673508844668920726232261176791813368555317637429424994908246283192331430721454846176639105187072854824961971881667803554536448389321614508249563667777466943667571820581237826339707917010578773690630307683512749152116767299127156911888600141920776420279121697575382886985403138004531866407522734576817059400648265050669003422386908401731025057350859835001742938702973084348418067942478301344555352848528385191525195416860374849883439151923759446751885382289705615236656327115457356515160805085837731999896967002755002620875817452616668910569723141839908968420924715087569864132505612702848149517542624158065634309577707222302620,0,4133680557172308457972876820239475360755735999382045878757592665355897116879093453754552321592389456395587088330514620144883335756597207583103490434187989775114489310929181649633346058831942517087251783986058035769490549143634517115526409403479139950514330896370182313162204170632074059159195902709664223524787644373478371979133765762252740932325081329724115915470554294808620176473294495238199239165238946333483162504669598555217469311687929159296604855107846903057052763833032740622165998736775925187430119136312489979016850162622166882831090722091884056807474479368069504086890646683582936829759031483421758339631751709317346431510893688145181187417774771044343017916174315153895980939816,0,-18677858917800892245161313108019419052754970010137072353748509838821851352937231272035701003592143552168010266727166329831432923947113431985903531143097034657812816826976001865075633740711886662639180133392339085034517864166716889038379728940391698770136916030768973294173920981700254316296961348875664089941659649278808814800973566209114541634291957638309616049033205381656295656787593784167841598842380361053727368031770036241912075334070191692090166541135040708977910364336929966198565734369832546294318862729798725033002613503323396212452675793413468665156717641986088336385043557660280003008174993013189549877019940752,0,50040011909277411138992387037456164035350884239467859465351991082972079071837019065319450736462267043861766484447211631444535156298623403945684239698876823355609180658830448973523650163736109571682115991703151913390519666570943373485298679550359781162769443588741191929335147236807827239622993431903903796206924182895544775781836711599631335891773013853078565745406395538178727490169636193674576756378585737397214743018598884022661324481394961710802847988606578631210786445655574269417575648605361540943466074882364357964532895893473832524018719967750753,0,-92411280885851109270292415381986347366556280246561991740236783222160508998081715023082631338167394819861755946288209269451854058493573556667073421764719297198466939915588493062667624165526524437420443065727242444685050121628588700016061025961701552260948787080349107184171454020342164808173085724484526240564603065773948913375715860673725752175343198817829178585847100453648585461097123174433821343080722756138808386959356043474864205046409157811568435622157888107116918277362242938496,0,125890495706179499645108983538439158604330640145020252144664972868090127952318376162948507794929359986932359571263662194584929057156248644045128659706520366487183479086178892743064975151629044175610325670394414345093735769117398256891651891594539005482371129857486594651190802942798078328454682003012317558468224030151473449230207436873791605284303758281349812265933445638822158962471804911623457762108893044747202825,0,-130613789780036587721523250064365667446193096676766096796378728829998469095671513568888953633874543061039717693320427398501762629608010146942868467366880528301374287181019099853962880825759366660710753884045675366582982135298955894176926870664550325459118384210591646495121559472299269745884328694398776781951413262465734962016842623577628273644888,0,103842033910635722954758937804952827004614664688638786727362548809441727156607007488349832635026903664962003281175140246941725275625516351768274595393387907427609653679468195932030594050286762869063664038796158890480416231975147308138377522852585923328941438011766678660912425280,0,-62063410886350138433669850256662436127081307537263958766860812828532938789249902617001829615520637942421748996033101091557355034960982333582466171785576596449978487055541105612918511406679427161042534958466950,0,26542795692527349874191906144999990065250764317469345529236657737291563449563877473901382243541663796817802383881613591056855304206101138431,0,-7292089033084116345695817951286927385486409737132917292232341737886490,0,1 # helix_v1 r=0
1820093266437179615451324960160662605349476423857857828459529754030874730087491001392791954591408872478911106133550432988064017135224718111916833418156846679315657166043290745208808118092507291903159958022478500208848452279788811334690093972501576498467792816913632432562957501634723941077142152760413743951802038449298665861663016573114112691564987369774664759370128455510439927748713701697681959018195646402894427286353497603323034608438486982548247637496266913937171167149228491957322221345142587477738053302752408536412230467828672104291810582120398366132412637189751660383355032053942351144055838523932709877451653993456012068910417880676939823493297370079599654435062950831217067546840888480783623520839688430479495473732967549359060598265790409520137604566342911291770853614655421377023795121,0,5627316971493609450673591853801749284888235580235645714378749563305686501672449739863383932785077520829664574829637521988044626783460490092990417879966901044448271108100856059218933090347586562679882866088467641919837698539282564961986008018789290356613646305189302044000747896833709480062738658658626752146324800746629777865397931387929738029119076887050186071244572172276547833129021349715892948639349315807820825273059786972807959415618824339782470871801903296276349264713774533551083093768548077175482026980343215365706364773550046252244287896169330220430818961366269948424201198630774477696896520162517832803641032804037266904735404498414196566633542337266836019837472829570480555417451171154556092782360941427897821693786138756,0,8380103760693247747700552046280088942378326330846840657343064133837691722960731082338829785856307176193540066157743779039392821746998969061160008861071646757934113248199055130991475563591337694768260484715451008468404690197568578869175033654780301964387651077222459069693202816682929674593363643974218011517819032333825853544585223953241041691693354862573532124057524443878406808935073645016188499748886308685204929155738171233067547408361491562550942735708158311652937865223254640199655230036373824781841423915706338547320824472749101390086162229589197656044371316271311321357469419328463963030454512880749286514162186693106671401237211310215404340535325142581186018,0,7772189088329150943421313030690114829719684141651988954861645933444649603378429695762864857244918091705463506162204819253439788983426527051578189387673389822497010974880938025947523040842945831124658632074590635001505659190229394909832462722720083630863697455302657271007265182310959679922233620872533862879575172148959530306280107196300707387169723369810947215736780310121597347666215302201538315429159675460818952334984473344465990289253483022867478188746515060081978766819415552252115383395018951807282785447250820169206797526833278981463588773710247125900297865705029055482778517967016811396183232,0,5153787755933722388215403323274392010862537326914889662074654518569814570750201669689431564337178276432060448751932300086508065723740001359932005307477427048895083425188710062058947545047955225610712325228973303535337726009611732420699347906784288201530837322427678657434897360146049224711702833600431138281858975173603028370040053254247612167908485436793964863957414870336201610572001857059032092918265720995398341228960999995386883921847221475630541338173286945539239735004864825382512594100755624064366449133096396413689104611274919,0,2524077321317058448759843505215849717168756090320085889360960709503271268064378400095512450253999792439531795716451337041648172237144640756187012732909406833973590444050320704634548611183239071354053693532304819239864080537797457225593947433692188740056236893269907826198326353385094429532730922932229389754200564073825020930907113360552948108966900752069334869306042081849845644721015344090713228450410345711486804065347571127590205247842594018345704174011272088086232,0,933356792164878455003027054886110353611943375338675437154803856772874225286726217611591905839600986505285507106091053147323222930525198854697334192401699404757458290731083318040902849034016220128066451918276006800007834235918202475010487938441486262321308986922984130224449090289988782544106705649585824342064540211292484717602938468367844970345294450130367561091264583975590578580973122403879388561140,0,259110443906231323148291166545523312419094114962902215953443587365408328409003382595671425961194442660653673998954655730959532605666215960336617168428515103052692719342154203180823078530502578053579247740996070036095520008052583493810540522904576277511355603403709321011240210172237264434994077815980597027109164105183928026532027748112,0,52558188171078402633504318235265833504873195001705248892613570125103694720547746150390552824951436073566771501895642649157319612596106410941536763139913909494221489743099907343946543579341311175926669217190360069243488420739904972161754843114390991779260752339702700615,0,7485723333612031735016541605039138899555778706420557197915501652252194058704853739619276424497486926176572955837278662932670376765766250087815523384825977648137757666394738100454038710252820825643704132,0,706012751883399081088390319660487664758508477588597866409911144053005394517398534210284614110518348232450675111317562004330589683163466,0,39576248192395412745116151215074116213377859542721056963678511152528,0,1 # helix_v1 r=0
9093056454391011628063906619585087945900493979267733205660090095369529696328310185442516217534563250331793801701178173716184689080559,0,-168840749595824226564881149135744293203233404226959828462978654612571654202653609334009669903850352495168249195899951599916,0,-159657407622896346126764248740055356657854829327535366190306013110245539778592445847872659136144774830801747064,0,63266214437355257336595928878323805205085191614357169001022287986473482495914443133640572081977578418,0,-623920289246250787991856516145590127073412308755799560640530546321208578982991978020061234,0,-5218525033146040520652799617937424054191190490481604660703346565765763150747606,0,146576321382135989431948354401694988177893686135240767471563661959530,0,-550544705792116212250526939249015138367043445600175307776,0,-3591826389859701308699553624455274433986934086,0,20993542877268421331198089331864034,0,58101483228833062739979,0,-564859072962,0,1 # helix_v1 r=0
439892970201185124467290432873391096592296762647345854286458473795802876248978238499503673097972993845442526221626744888805115515017933087169326290820971783090319426953069107242168215895454910780773606005683402560583299158157998591992284612142772039217210831929582227520222068622844861739999087360221325267574508457674659040508207680618382733768209232983064304183828464221676167754795134264970618383584069919669285370613161270209748435954306764799353642025830974411117803577153732133680570904206437336506408064557,0,1050770986384108115715844317190373079500640727167463287584249444648134968467996881701147252278548556171122553685235067995536447808415820693034506955247049075645872335923097007426632520292085107096617975585466554174985313743840667912636560887455721213843590907381170301260085804389296972809995811365110263826959803540232270488658220170821062919754558396759997434769132623860959216785854442090478860334581958847096903662267734988958270264701337955745310944243235244870811054,0,1076142162207399905163718847962312238461524249379123031106802432414660654706772247510112415249767914272407290669599596529328267243011528373612322310935189259415936472151392003353123450510536815379447317612251113517172109715048923027802161266974284992845299309936113132347737762240001593335199151364069126542923056217267520470143051050389754566972295227593708289436271090643091502270995746506083241596827829356412985904102600945255,0,613915088969709115317199338522016348072264244382182853167418232296940086484692128742452101467961804012430961256389446713896566286510321650220298078892279205936511696253518094693008720950377402197435298189406273984527951649380678103946089049916239644577564434245434238369534168967884469716627246377944223970190005522132183229853831723906848843998718342076545146923190319398190145920229914,0,211725348691433556244014717291849633074811941587149998117774344152685382289830341278475905793280332705644676169683821140547532050566025607433929427568819285155401460522518054608921337798319945855045136439911131032934509673120275254106823642984223209675351299952841351476937842937854261322318674458882811135122630062161988817636320132333187059906,0,44808165430374398887651288644237710237793146687534801412774685047644476006148948754674479033754324275286785547937162308887794733321474908373796837658891569189864472434481192788280462964895682007531075923599123586885978865202031711069122057804399725308306889676162210805830688489195477876233640036095106,0,5764516385862763224829239566881819411776185710716224973844627166052711384621133263004536033510830766211719175964377117249570298683766243305405738607652704122365384055290260281628245476730413398686140225626534624917421638537960677336452697212670351001602157737,0,523275803794296549868082229034221214451373790722596909161805998095176820636307037128165209589190256073729548100529959869878875515091564296607168295243589878517065753284927887611458160758308271850655797611661996662626,0,69243563220752346288428220337505811839673963987357634707231121683659323322610085479954702527653575809248796759485924241986218505418773945539432404270032206253047975892166781,0,11682950878790534842414658116950180077864515816528424994196283430199583867919242253733440619032585764886899712158039844959245412454,0,1150253517909676068222886772986472344886727337176836496131655143687791940847021076968012,0,52208413110442607006458579177210547700987498,0,1 # helix_v1 r=0
16858340286810477491273332565564172753897168501218002675887053264351773354015829774604816753906321470242722067049644885880961393863898223488489181453250683085027888940628583223560301636036944477055322482638913053945663143677612459762744237686084501417751172299477961024967516667398604541200366943090479485555363076232833526452418275505822358731358941139249325256068591329801102206424536229486577523695576307518006298406181721843353913532221659058422184957782362294323086351734101345212958508122829193627398570770367928289237676563387318612396723362032087866923316464516841220034243112154054519553803556256521697329124864825163963274549925279623780970288393703756620522739145148322508122348736283245272046626264514406910911445861552580781090758915242046383139482068530940469211544622043774143296,0,2283470927810029486369151764926896522098167891782959995985411810341772261683520830610945671166276246354258934676422894129071605516215160971308220349590944969473602025490193179314951687325035380077340377410871393654728303488616808977766922055618273502638134659123865617477243464893686350237248694442246628623346431917132645470166486240771189122610234144417760039693244796166436467909641715111097925949163554553864071376736949522239916811227648278321047333772848408929284876930350291698077046287901269130318364437191694861957525743811156391637738624490625227478583432442183424548853699932149832140620493991935052145191133362935792077639344592599016956648798924659602182684143800420243577236937934313038486421357381405499101744064,0,-145337046777115997808812142510470342083016474870254405455934502646541403923938759464700696426776691579678013283694972350311133361366875248636960412455929340540281366996186988921476913738765184110579822931539675457363869314666443531842157065450295516365414559708546254399645468141083681359694409325494598970130280045539140350321977603122653464903385076156124898793477029750218546746080679859305543385934126067116332719953435956807867114676954239224408190780030132329718543012331380548804739986970953020632657149998221483665764337362000884176571643302147290383518551905788862607517560577385918196054901168145617530600004074473316859980560296519074327226521879038400,0,1084326555404486324311341249606233179143981050131574592156822234163679806962857039649752649974075505419477932076226143172100963419230895542930816182716596248994448801696248424237938841566506465905505086623883214753538909678706747006595831162164559324181353303334145346136595503027885436833375708940986018726893143910098845718721900706347169684781950508307735332764615198749044775078255465609054126670524443081968197883406977193155410061214354516693850430813280010229157160605520248002903420614244223731182557931180933491029818527743607347215272996290983283543028016434504959514336014136435001088,0,1158477298208959097346083212806387839526925314979311598885738938896556760791412630716580514767541964775447243441185177376450122635459198855423227590521495644676982587984466061445180242641967648772618308759828761584051671627913936887807761086656579208376386429977236044338076858931441100728998685280156476738861557618625059447217403381118635763261090285356861445276146818936488686231040446312806493866088209343359237771367892815342582598413046568992199852668266812225473532497267058880099973617113398430514364650237245706521452148864,0,-2943286892138492596662962139059634701280659325326739211679337372969398585328339581875251134439985328010774993751676308355907531896417379483271037191887555944841544315613417412984605793854797614447262469141264453455736960548751401358944068875529452911128669557797884596234427188543545368501753001019111825914774468747735320740346446114558721325337502678287477673469519557000312867657497787799067714454400473529533932606585350618903925809877494748130440661978085507440,0,3810806452477686239574841196091737034365296796356388944897479004902529693741834835357367222358486860409321318108826133007714751497310774933981612143245232723179553348799656064588088425440995836489076083704514671187456333539223036031980090693344252689303675303914219003429526354207530841172316162210161626548904639678082050978087781918841048389487305075262180803851391112983197403946338725388387628672,0,-3073484910584506836283997437580931969414819457298160653332757321210647803878964762147500780234872755163270908364642024466806403424967890791283986150851713226979393143188225625536647415345372950112647211271898751254459199682558098211651112159202300040890025858643702230794895685863547591297351485749415953237566680909279441073646270888,0,1635837138678642192272487501791008481670926414263200874125269250700524357136275589522423250219004608695838560214607134560760351987116224591805921960706528601921795362562047137074989364183204862875851157669981068915689752884709959037487866388829188553771505818915117520,0,-577765286627298590753151110382693787602716038008948896966927747403543564449094723613213873623651982479168457567618959159662628144277434087406383730131047669828370312525307229981805836204517931218258272,0,130726756513435521651775171301692286710665912271107038248962604915118427635152885409740493231058405631883621533339116574671791511062478,0,-17189175440952243509341275430635461408193155254316757142472767958262,0,1 # helix_v1 r=0
175351697752427871457016923104404219664012621464044469676735627086502651684051010739171707181077205780413311078551563237561541180313536715828758423265582697099516243456329911747324823586262727450663948443247970181815497375956261083,0,-298043413989402302663276554408328719647896011594706527812586788095039295858262711003480435938496609009341454893707535684312021514244008431357290277756575544767533742361006209851605081149513535815895589443754264926,0,210302816055447956357097701978332276682837715693764904370823410031518918010511384226277211588592704764147407461032415167187275650466414945120221086641839044284739668562030877907137842697806942009,0,-82328583284978151699811865901991998974680176340943670081318879128027351003641186662683689529201084855481323684162460645910537762310574124020491892151115447942141217415001609138,0,38352030832564737413987624072380344769022917384404615704254089256527339170675231225404651848804032680796847073454400750831036769561429985151700821119937717816,0,-6979364061413485867201262096716016239713276675385777162422789021655851279747949549325844989788333818169305477974549429487458809871486329380,0,2740054366869632131579225708574582078988856336233991356176950205547971611366788316696002834017228278016139307195026147066,0,-93034377944933008090778961674431434100476509402157271002005325666248541217093573650121451351201938974,0,56576180794980237933504630240030660149961213101624978111837805380238466558467891807,0,134106351736986993324787560517890578790597933135378571428561640,0,91409344500379073871187289044988346557175,0,-1233269267895891087456,0,1 # helix_v1 r=0
1407939136976075760165402675460146935152949981641508286158539035893078344902810294750205744459805117755625644565142805678224200584271385689809644161374719811436257170163169237536059111381245328117167443712312171384097029708004155025436764366188944631951442897051823376073024326483340599980782561168662617491619,0,-206456491758866728838080687477300953790091099127855750290962599667852010537915661039015022377882639559702578189821873076229119684507580833780416116339613584410947250648486005444980625714891698121765132378107656173897193927061860058609726079930948386085387580804677539561231921494773072,0,121085416580354345879139415216201896678330137508420371387997754517162181983121835736514593540770034708341439622545643597480878241812398166503060239647813248900856327508297473542707939966913094158463432400049311548536552718219500096812299160839045437927439480318,0,-21995098891328894591196284186466265029233513625098382858741033088775007333019480307874195316421510049445025411557699017031359754693631496995354374342063044456153233205991541290722793446330691660660405675500597969275000639041259020882663,0,3246367281150234175324182863639559338641120996059053202148501433784141603860412462419133941886926240251480320930850885702041562570838880755868821274943432106051001218986890346176378663915923913232999823641530375,0,-457055632361428846156272029327584088724554384461033820656364908091734760650691882733235761831230066961448949853435309114301886430267303185318521263153887204483659967965645525304297084150,0,46323021190109627148439609522030013403080594252815883656437209626913063650358335586038144103643806877451000562641278534263611003509318803765396291272472176147304,0,-2421656369294821188299668338090783811869874816151314999871336976307169012740720284122389292779388804299063909643487901663819493197214365,0,52754157514185704131569090463149413995175534193825050968175674551260188325812091143773144301354865866225504635,0,144612800912432080694934026771322791523654574440364535820526224300113298270004648761,0,38008972130359596718923851627227016361053991915752680375396,0,-265700936348677589035532420970,0,1 # helix_v1 r=0
29837109125990863938561076083278678323458378726975554522853082407641877682652369150304751701190575654415043345440846985561950246485792327680184920412361607518456369648747696728538485000855705121511360572656363176659523989259526989291629363726162662858809563218162221100170416329199116131818992751574165393433821405347027801044604978729886680651192148079514474196585353589092235859240217864581439409182709052968165165937800410338102814070821375316990269885763052601276350227604049275151079967156767918422900687126174314908903497601429323945675701124056821010838625865324645195007158180734807756274876740600236576115888617800323972587082605495794535038650788183510288769539864343065875562308959913485766340320291421828323495442830032376765820926468581962695267979808867086337686554233273597569924371256237829976626485033823061268886528591898160628249145120271794822810015231244718458185500116293,0,-1906814439993252536601972168810767736389257878139131652807860941637147190225955412100452215789844398184833125657391456083935415068058213060068111686387822504949226429492217790402944384062544530246836844021809618429292476289066195251239192696829140571311004478517359250592418212255155347833085491442166243716423152147673185610402598720264153352201594731800199771570989555828424945630353799620041207719816761966252102227540435010408612235429305441150186750661166915390819043181920645134714757944616903314247078401002706190811182448413301121027988954199933234362402733035025202438818536713198381905176104330883248208025825600330876529671492670117593771885308522475464534348039429331673997393421420118916374525894266640128070232134954111719822441119012724798039273759334563662776372107472246145710039577728918573721817686152,0,33598595677520318486121312402554371413777169071356751507144243559076731453793238586442210764595169900707881875976532172462565259045080146874067986027996140854614958892750013715645225598533849693471980475207286914970215641289570666239838949254848087693403755530456257418083567339139401042780458315197093542637313316411516892082783026710499144764926102068227851228686765754834422113716091560449773493978843178136153703984791854329888223285621348878628205780169173058521663599956714492864003356507731976495817010058391815117748652794111010163211981164645099068789749939961965553847384724158848017725624508446541551916074665525066442314866400294829439589860078380121744791369053428140474066745692808310692054388747620318451453752716168849737220138709,0,754012579431819268272793321164671397462133300249494500529292080864461328972195729565320158448568411548151494163559118138428577583096376274764089828354135652850463076431655048621827728281565871433137634641244979695075251150445580455927629932516460793001205203370822179084816794868929215949298908299633591525100528078179417344838005976918745081041201389128868391749510776000388562841098889017112178831774132681768184920387886522990548619670632952238660609606892630679704087683640059611628549635449779280437940698110597545779533894040779346683169014097645709197434759174523337049269482227434392220532597151642552941508431735119946049606105778724568525516427427265446434835394,0,8735418976779655405427123248426667204282228719825891055001361837997669887302865279375557405363467480658769205248276239523340325275481667798149133806244349180728982312953031001252406282122458651791004675476137880713689376606090335363418030929745937778074878313618176948035469923411445795622422008855492588503623328669201212984037606583825628803509792256092135721975634397788550878514777565104716368918899338738956483589124864143221596632261704712633492899984795674245615917640770254987477769869862934302734522263497534053658846154513638197748034357796383209219119971033895304986377938742742110532866,0,74706642476758277715655153054953493636700649672277295565088856931807365727508419368993836146087167745759068405058629760021800242326652640626815268321404817874737201749649064268387760286357788123529622387545351942864171108985914894623488687788875626145037437901432839245324055716841078786797221851210298445895964235475900935455808616747033798698311253583314756435462157095358201592876968340820236485584273443270389884231677118540652178614130503571414279764035567899592353416244934496096354715472119103000823290146658210807348,0,431849604373642304771424337207983859173329140707808878116986283720668958618212625446609859285966110467392685204660131851629735181078265362847563651099204592887868634790537222524785610019636958030787263288471920690638405818768333769631902130344972887704122948707883812669485452855825310552442802301633377974053748387654370193348248036037555434778476606482808029703403980870705991987669055981707716428154619636111471591784193608751823009706017902890025,0,1630049503323620181048017958131288676442055890257318123001559717855587041513545286716613167945931706047544407240735153948259122069373326079299855275800873838960606265322074696670843057318064162685859360505827253904084243556229843227001556027770251790281279847947035602877842205941078685263505583915759738806338059169693779800804386515008590884340545441022488869920154385616790,0,4028650812900011568417979479059603020238587861943158031317185526761992540271805692217484509927703842800639325491200855767692019307179687305395894816244600759512746648834588300445529832420337120247493488349231514633589227220999380735817426731624598073534429085806946239347179418821609103453745796481234,0,6489943118725174183013453035119806016579046846712858186832000499034609781267623342487688632032196702527389909794574241493260962935447462788367069883200300448024915012769340762436631040847392787326812506775519654915533953086364,0,6594206559079531436238435402632778926190403604781151991387983621412676513349746848222633542248814177534955167633608080707357549244306331468064941748629,0,3859325039235695733190291824108391944783117344800341149083774694978629156530,0,1 # helix_v1 r=0
822455412150369884960934350218568588090731029923600526417739413296264288485292961389212685461657991803211792067540388666588259478396083549095322695929404911609806202598034119178360926477128445459682471457838229085954680261457406504897452833221939106039242654694783806199056500194080123641155869435129607961378270639254248760020347504328335553462032239137633547712658223719420475666229954564418196094891114349771565045117503282886261154769368817555275863982851374859315355559100794942481663870334912849251988514205884739082970152220792654378201137836499687431644951501550813478794087505133393213562794619909872414675035618664317783029793686345805969279959143346235640429665301314035666900882803711756318128167577864109803854174511270608781722812854805348616679254220339930420998178643571593874539059638671480227575271786313013799995728789695001403946993,0,-53149023852426718390510400925025172104907780708251767799042272280863112203384601327263042084881615341806504953876994594655830079508129543552471960607979929543116778966152044030005839747760920908720183843718923813249688797498579467864090214328267158371506919645508052459366776111612720906653082411777991578191798185082957710188044060328206200957818680132827361812434476965660985473713422596669404988434799388848165887464515204358781634774900767638631234451969609552041676237818832698850115047729263224979298831317442306240476210040606566541355062157477440198550611683973441077491974036066578981630309055817328977937441402212895720162375455715459439889363616860648577016472172234990685438691904356608506551791985877337319231326297038271702975339437558893679233594423104535630942620058,0,1957952024618596861752090969644082041265929147518945423555223751563663896267543720877471366794754496392194443913730742273800421647807100141531900725705944013655825484623906992279041484282684166472370304215234934322659409106541408866696643781471233506655185400189793761582076359054756641032822263790319475651184233411080799828235343596073980801126971588346850865924968403452205392383230037701272700858687364730905753693559348222533127139968308944544462188376949847092912093782119863014937419502617211687291124795656944889524724494855830858756002709269609169481668309063577085928312617299566610502003732726156655845135145523893975976333735611482427738733608864785202626250825304625233478833640110954602195066910155,0,-47331208711261055292480750192516891487341389380611762142859800129716044883541510017099668820965610342358393259661023413164143182022616906921067638625928122583853150124181950554832821230008794615198037581473356367174344714167404593444806957024362913146764046627080904165795776417736507594305506694553323828662949031080842382366580896698605808089859469057371012803551785231476288614562904602494369740077122120912106682323385194404957260492729818640305006290544295090705602917562055324457762895984250874021739635141834507620446458426264699546239243331242391072359690718153250472640641427572778438422050376562801306352962013392641586188029636580,0,713570707867829649954847812115158565293083841726233751326672555770988754828244583611981755739578640459799386832545227329924461110464334061937197584297309535940778138416381704075441426884336865401543964271764433027906282193707287112390391894980146477617529698130581611816801383470693861740161560818430922800023998978965791326286897618583383799600635486451359570752443128756481017321469787328914941576050269299081391542260706714184474670860356169924590856177042544892442257144139170609581439235847481391453253406037964505327769123855624129258536418884263700356441246279382,0,-6327557908144452773606162819802040078542168640892500517059996332724529798376729261775321310688628018331938993811424879304156793030218700143223905998377835226433452669996438104829152610736835023191912647717184889898145272683469947775433321987362500686339483598999385475922659206039104640634279297518295570023171298197675059502171711026585306808747033148040279202831688952932687007940955001084016481753449874789607449854219740289631873279892495147134072214376563920104864076597324422193458041157785490,0,34757571103355920529304214978326853459356848402543188502535216446273952991240171775651874917446736435618273227264900606205670464435722652143968282462947146418721795438195423605252756209280168450643033192621330276814321529840575117738440034937798183880522737650867121092930993054947298693288892335092313935770734879686365865771327289443479353306065202942703461316035432243691866682806860679632320278791913989519736545075855282788,0,-195141653650184410427982563792173007470961054752087965871507326367759715255507781744011890829315034545448849577895574636027949611908099886309806548717082938404155795327488733399706514714516577078908500464446622820119843419108485298588842536635254878280357331746805965944969688453120864273822498462537122062323796979757736021210084039642234055447821969263594,0,1975504551809883966658706038903089242621668851034995389976500483880165213779173420079467965312158089781656018626459260258865712768680057771985248242812914879945819038294655324758908297926706983334634391000120249587849669172987140712952670994026379279574769343672641412173931353830341054,0,-15141305438715074051418337520430529675408597728642161699399975452462111115097345333335870791655391412485273111695657717310133428623080929841079647709594927779305028793758645204004188594993628681694928587916407933606,0,64388873842277460029726119493358106620957660561101069317112946036574104041587167190194798606028803573592717703193797747046048090369417233587332,0,-140391974798517178919278073842702978614784799081924778707697865552365636,0,1 # helix_v1 r=0
28190183671074481149137440088124581647236025594590745086126397746434221012051822583964305846211231783634349909964750479305046782262566897291672772287660032,0,72011663046662156015289065637199969738451321587294762799332751856889017904123722130559436154336930575756716896727973048929641834893355165679616,0,83921394065233532634040305383528930029834977713862028075932602007936009356546886310742890538285604435774920459249085626569306669056,0,58283086957745517899174635658337489288897763062436672307513693001936296470473043271123007991082207738847677899780128768,0,26234679825712423913672511974379373411537729872430467102525994546594290669791648542007464183851141663031296,0,7816612852504653196565019426226408077706936769141483264647490971482639754353430128493735182336,0,1525272116314182976372269805569116641552280025618202866026326685679009564442230784,0,188059707561905826625617845877947144871783861333057123624471672913920,0,13717966387864947887264317087347174806947539073376452608,0,536310429400058890910753897444613413666816,0,10641025274420622583740235776,0,116067196207104,0,1 # helix_v1 r=0
79527308145678647685380833527202109035185084114260612629909528139687644150840150836275964777807448984264926248437048472605028470104657888453664584581250649399245123119551703459667363337817180540073577486592907820141661099463608379563466722299807470957465585537574416258719292434653253814434028538544510320610818575152927091758474923163979783621552276059813071475339666112727667402039467149042651108104572869682876849620117348312002817624317112791806729320120523647904841307323477913835718460954217518843132606388629328017396706165896808000892845642995047468971648898773301918154074599387419896687881487963359763384785448896,0,-93195418800818816456222944213500643491135265554306904403234386462405737491343277192364014557481769687117750769583310709312963915733753438670352938878082195264142474487104191364006403783830247423312120386676560726130030650065326508207416890808644493261417433857730148351189344069693151298711702104232071463641760259075645960992649002140591112112455800423585948946788990227324885699502820432446805530766827065077849146996435732740742763550069075020589632955817165699743635484181575972980883344966258208447121854665605096209261317344464249045483663194536418042992125130120000,0,61856021818344791207234841400490304272302263393689384469933062134480066270643245743987801217001824711864233442797954993834283671363696309425186303535516015539728619630412844585390574982417921994579206661077203709884242900918809345471156289503675903027329057534583246223216539494947317581464697717906464959523902733637824224249240748254632675218817333579610866341409330847368378733208021087889632673282678315480266305782838444680352812835329586883334330962311274236391635773814512537023300555900560663348839922330303930816,0,-29581201261849753450842957728223410151973022444437781195285262682571001070040089597095098212123123164276866992427167381809443497120281145917164021936454771759307189542039256487933421472580378529728512092955443790860179336329969934673774152715969652870397852699332256594777190304427443698385188583273462832123141753182370356127563324482233574659495912205764857057372837235807329064781249218478187709004912704135053091059695272731320864108788975285957514846029149669225312,0,10970003900487051876021628506837920679839452031906365376911866539687047517452998395065024980715892210348415857377073636233702383949114440143636619593977958145527794263085524105320580183830541082453304876096392979270339828309868572053038548331184252488441186685614205855466932204598415935602619302996881048246292404573931045210312927907477404969135510673609560811774650053258906113692372510959371067226531475682656936592,0,-3248306071304054817812686016576600869704442108068795555146499302246659902916193646844431115620686249345440672191749816402150009113214017984866642162565707664671004808484912500995381456691158194967376218944171866384135819512811573197071155130795578594806221013683842216731821735411463777697683379664639272917423719499929821985402513872929815716871166159044739432794240,0,762336083985955061704260144250158250275927581445457243578369941244137092226583109163424617112697299231770108329872899388377517067583737796273874581474897170618019790499172441633183955933748346925536729044839167962257491925690128960634714234745554954423535946255352048550115340893049331769615266192408955738143285616,0,-139160110273476000840078121280165441673754016479392630897603053278048742961806446658888904311488119523699441072620903417667095072536869806411863824850677242091024811054398177894154726828485366690975495850541102524020298989026505188599212098257163849647225751852864,0,18852770941202631333324572430812797819858787914822670384855529741693463006298630741008932194795973453866097818830735869238841726962205801330644008028592852356876052388249513394858698029608375121782782486220494684,0,-1721182063744574383688657401180071660507668929534432868125887953357780960571886721652346155493884421766135760931573739798715257519596250882007234624118536878156,0,84476031258537803420798154307363506711530041317344719815140411380458953510438945548122153987603204570824640,0,-327847902771846687994396393504829713982277692157474,0,1 # helix_v1 r=0
23275517181260892425948287856210279441960550654210984155595266103697143139427890533910180578101297314105353189056260834694397389825398380265786572523989126678955871816078205173713984653827125010357347721687473992571331679297746961475651251509245936469003889939234398212569989992200694622129969325130774013447969502702212861022778798414724388231980335680761779436288351203020204643823315141478342237572778825759229002562420018496522794627155512618608463622852894726822841154959865234653228961346681372625987828914878881429550803196160194054392919451604823744392914858945323864387308157427838641089472565048447069793047529730297326057723289026631844945103467460584350565227648266036589758136281553009455623556155656423175823608248635160950368411045536107688361070792523129839733162688837075852628869,0,-125691901975327640049076955952986294966481024745340750885500812505937811043108925655189487816978778473388146944506633223942129693801374673947101695145143181712268943572585273024108932861314065124268372490197910251695399667290646695648106301587099801791379968395220604031070887302779094112585227778257200089171639483560360677769922207500583462751288509378969595357883603777818265733420924486199195051895356145640653536311291952916180560789731905169599204389587912428745922553585070760719545824641288233103552411463563926710211304644587015916618504059899969814436717161606490933481053856179276972787946085776243358090217352117041898070988334626701389444057019232353386232055850979396001461889387441594896192358632737778611615001628324,0,309537397855915188057562379450934368056629602278911110507770108849546162134870159228209575719754600236584106682105442389131788431584533108805076258998641094398003360814966812072449201451580562969890484397813719576784232570721444591573955430391695555334456006864571177168442363812133509040094883920839727092071860541397525203386430077123392143185130053039162003003373011280653690372897834816653419496664694418108034853303525322691917200199702419761859744777837524462832929949724881790838280842627450986248620391417144762516329210647350909255992365295251413472589053806606570624991458204647427124667383455360667782186967092194683931517559478561948752326231718539172111,0,-459046446523083005306739374525903286721461897927284015677022107814218863605346441734295596504022804568960040385663367822360665623682972746363753349797578294520658875599520712740153032709148330190442281617544419724801742276708067961084037825098003267052427372392254540100351629872126418280082092459718877798802841796832369584551720520382391434952872370496906381859144854202776918547912437690514166846915244572742983952090114930183706048603549894451982424228337658056225829137857550111944350087532149060179824922629732303062139889322381567098143577373101436794872585477430153410717565977478483076845632,0,456119136944143787217540586685268776326404732188491193663205073502944493607641498636415644272091872177790136341790316703052095448363057231027351502600827941088337289175364496945763846166586763645280169003975723866899879111380131872870736873951899682561601350302172028167143453393194833308092629646901140991147346782182572837466039444306787729846690575268908761044051928182917455702077259893657668404633957575531305116992987722134133724659222425479737256247515440759760427824151551769951884472095325325578396747542448527590670188295879,0,-319692258846648447462744555904983329239959972887099312699237877425382527549027383856980861127409307922482551711866191492565335703216987612624532337865645856775942853857845799978152191578481472335072969252993392675571412992958498384055865268392494462866938266811658571296963217187128574128936902456799356369856478269040387367389077468533800031133559988686574610874035900147521658367400029808579366946244791714581134947509325268280015995938199671961624241420747897369174,0,162025209507640921746301291954821424756203941349429773689456598106555301950280422110435411722318502045389727895404468708033822514608419815536474244290155727427542436508501252337782625868908867204545020535652313881725074914258145338499930592410818728613050113572580626801280710206765927151664652378410152135756666963825942431685410784729734397883816378352835440467793251374998651138685226048466213490174,0,-59828490686848013871265255023220082872664155298049740680128956535335528185418273988973206377204964095642998850808327507887379274975097187944583122083552781720844275557617616414823672068166260733734572750434586874227961609095460942884651332787956345397598047808647644306355753403204998662304710109275842744785251275862343439721118350568,0,15977815127444009439669994206727007150184162151554492157372926940346620635214523464860685129701322170048678179777635092175532786636696860254769783868222305746090239791548780226274398356760618414716871531180120470408695192443471850432362315924049480183597761641615186357,0,-3010730768331414704007904716612753521927060293210662455303609131379264164229364787347723734299972531671101326589664123191802058757523064758606786380437701422018958097900238298722613201426040803930873094,0,380129610284356207718614084739543864973865343530845714523515910305115935790367957196194327735554384326530329922886287251049238484278738,0,-28889158839885243962977282272586660989533753594858910010903121674680,0,1 # helix_v1 r=0
36522642001852053023875331408754192933455512658072293699471108024516261808089189942228117018104021964752433521222629856473573920513126524165838257755444178835360016383053610084675830255428299212168908817222983511452993678013042962663730616586540073091205265394932253537114147956157247642206592329615121712690424750429729156371310847459982566287050170900729189361948527636792945367346615669712941659338126423338032981001327037330645555149144885115603100837362672277881184888900601509629627114142780857810653176813840284583305119681746763870077915431863479187986346535880770969825856380199470530597738585482512519052926994978137216242625273473830817879608673421183202706290842110632453272781241755098618650022450552483614812949,0,-132852694229736450260227043333525719953768589041105151038854812004677029791300570900239114161458310563387067948173965691813650590813097843284102078962663227237569719698684523814124410264123087677385411745309151456097828658885778098778965749388678677918747511299477908242075325952817417729728706933559803189857611318157396287546017466647011053324090704478550985603784779314146834659778404541587344902009985163257897217212757922871712029106425811448104970856749171573077064608469809907760709397353905948078163846321327683152154048645279930499673244215799927995600221929446735292215007201972898606402418309533172885027087404787131540188077968973122451170634938303788492,0,222283899472507246051813011855829588568031829910841159983693988600947839232923855768782299331060159496617575332631312197043902349052274454492872943233676614853570126713427827644626575755438041576888176917552545734796677878577199678606472000349970273127481038183107048795085711031365218397240332939031292453758503032538548263219704781443535894698275254379531877593095536273654035550305629082279239766552220357098462852328653228318576330333559275265386479209850657335814883686065871066555433907350660293587740728745780686278916590800137310655603544417528723973686772347085115453091521464471160709440315884988,0,-232102994341015791409445329238472136250248628498167501185599368817468826548000722316182336336838675309744251449005243701522177609602422585938170747840398466037223806779327560728509679709845046222489019649950168483355361668798731261707421826080554880040426976539282456821675753854538790291506354071902840311870230713972141000192787648848708244679489601357181009772632013549040120157468740657654927899175760178133447588682735267048986304997234261224275135872154368188346732717608607452820538666909609439263585772984056692663964614646984285718122680,0,174644609515868315881965799729436404633173906100225822069579840070391366762860245344566857283125690560778953018508752389026126793337740160960502529554094750045057608605314761066186249129022645591626412187706004119028698672373415059063833859872681437187696084582873583633495088547437977185147336054322664261116889201340909173199910410649720587681535272765169163311010047642196431804790451514338290195597829757624077469938930284786063298958420730503024737548662811633136091247622889333132,0,-103059842085935424235168845165891824572872549789377035802773919539222010238084276492263021655479741879579317390213651548737974517064978720629194418974554213363466520699734214151690483337618773709747188441277397235379067545751614508876026066912208396159191535170941277250982840848611943755988066348685575871695081209795882125684913919403972131106581332839780216089216907553385475071066790043980890971614976447310631351104375532,0,49376567036526318511670178265792906260783489332185294410751276349015212143593269725617172070809758233327884723076659495724975886840767351884545104774308770813959387104929280508437106728978763194454033827610880493897736877992046579702463811476587348787740591914370052567077336537617281087888497153487754480102436512973630571455804866278543211889281894804283782843596,0,-19054043535394312859406879737815448703445473529356970037609182307844175191189116944814399722057479555056490325144806918105460333437017759562238254064992637619165329057872585055284009413624360066583810830428901975867047931210548608794617125971408311104990279593184369209190223294892779620467426137063482390,0,5745831223302250764479958598793650236489203401954041986439819314676254787600684529434159416473104205137968047149422147904314183298406894106399329208742649909388977381200306274852733534046220902862132751222076890108566589944523922036446515757244,0,-1300345664942062827000455461518022511321900603711338017826830585474178859865257951877533444631782858737622146933200101140902344879185988927328706427131721546588705494039819227931981770,0,208024152600514104897880222541469921330232955923291886229110480779938235297747852748331509888560876300925370746454437747101,0,-20985325715078850434078920671189145552946150718730607635789248,0,1 # helix_v1 r=0
33172922775129554806524751239086317033092144547250136686646591682006449220981529250701282651873844676548958041626654705039458438252797349861410495997381589757040178385615075463885789183257523572836855674024561497497808627116768728225409962410529797903865916217612145576593286393389408928769460584988890249064851289930431207428074619990556940253154705009995646383526283523949678539778423305130517683332226506120376720533227382906808643915734297281683801482989301180119954626627991912540430152190329533976697105047809257582899656351027007338029195663797929101544177147114947953312933469440189723497805309989731064866136663329590379648175207868472595434860489334146174372717335457632613,0,-450230496725500168620757197820245929453296250002905211432313697745397672922482126373557487748376876964619794537638006698442334648776654557005026800179606464731840634378790461688159421695567400683046621959618388561692038725027719481171501524115221793495281309699709598415636294889425662225814801805452355175735182117121878601593341689376328215072983613527085960251130155791315958881668860256968316008891694264033228438777548690904196576483432967468992758793533569074300179320368689754659211945880011814869172890154910487720219802713910490350412204271678619753817093568152415468179599257683387904361793301351744416044063211948480,0,2907051030614394318485270998548178535199895072453895478443594197482740056243447887201400239204868284175954121150268750862994319096574371325314151221750216440256062681558843759326447705597244428870590571111559594125923301027712110403563892631573025393167433276453067644536884352394966721362840836369895415409592214962318434452656870777695839473655680281819401581639341716583545838725825349460700994900911300666821129213830305437225803282748167232126671985840936352615469418236834817865221057428111341438231008114857968486739285489155600160088896134521902785874327476435307,0,-11803354722815306917447033584079478213375695696633156852147159330353606043594891478039103357575312666699862721651161020157333428090641663752214445879194290972637327312667525519286857580815717656268744638035597916272278469651959983766928929418914222909492360968272407848541266835755681268679575724244902721355373738730862799859662286029093646872058559205673507393120533970246895047784890331729826041321289744192535559383898117135277119460196996082891399035835461968844753773343792531019538701286425106044967128196620,0,33501203940672648023803290361527472874565484465542751085658835867220357904189280494149413000936380487754939657581452284200455519174054093570973992829085038966423254197404778444345012527903689010648052215221925251612230234415438788731661146971087783897707486019380340496422527242131223675325332023287063835356907501901688639338555576709522236318500820845782092697939665168348598597123862814875292681831215770236481602794751714529473920588625222563729884163126,0,-69806953278223223035960399101638046238162950664213157956062973786083597142191031578159337107900963755862193150898682656104076521071898701951994287162154620373449765838592257665703225544065944259391612079576269126612585235073968995876061841167987123410839223274255580437493976675596891499453198239755925504534246604037841694173472079407174780336727293248819130338720353295817224334576016776153114057664,0,109074181358587631853748872680087422885745038338795779529484415170139070356211560604501718386786912938647392376955537235896392710872695415801017515961504527219511954955970487620440434614509249157686014829373134933753911138366371625911342761014766725453294336905567550686260964173579124963946135671275886662230070395231529253264491955487896845999,0,-128235316216807595891109254932748687146369683082807629144324759630517690161598135566798025679979828658736111554885460035846759809072596304718105649162747933693304576486652008635416327265135155197025449905318978378835901328897033814868753502369155835767689534068045676312865723647834912228,0,112137768613258167312676045779516728070356739661770740947512892139046134812894666831597580908347952707356043246922673562007713001102117662625709485984770067508061316240705308760843070166389831736351470632494304555117863638058881100,0,-70885851220819846175892007655511671032311152939390727743914028525974594234070263677247582767601868585495328551720145205453422155137563178860024852650612460475506398628892420,0,30662341512071053324505111198889032213435604354185302971423861987000941599207418733138242355135654033839473443344163,0,-8133959273871641620399186335728339062989698879150640640956,0,1 # helix_v1 r=0
1284024876175242911528663291718969422379200576079568564256670323777438708990553445974527923689945978545115753591750114994922068085665544534805813976189779111321976979924103811075663934520956566263171992415479645340141273513148288872512565756179787436268258959952331312690772288197907279315310740848991303084708528397924164316564735984538762479216180567007686018511879152738628875162857984099432574438925187499495903899798687294469181455954289746298900761873406353024335062189860533816715668837529011,0,46378329206172549648342065259082124614692941955505674969603601623117218983581799637123980583825388158123075149365833577902340374068003802210428952134363800907628353968328769961154529080364330778471894264290263991210645177547399742374022458569198252949120874322023360465373930340065264622066455046866366157023981393591871771180172985062540186474555153240313155609158555085030084796096832609411905896552914559914578627414912193633318834203213979467316343705350,0,777801176991522860668064678533069492333445364872030398529558944709934709294114534480089386162124192622647479910254838880871863990582934165519617864984261050827997836193002723011734735829804008880191028793963248612681267435950247214500783690229379504121141104745683592791619526745653136073429584200326765160616367140855107652097215530538168810421915624728273171238284813510688086325207190684217019601646900157896158328,0,7972037292519615507564742931040647360152439931069268815123016352105024643460989025924952153433003770397494839220595529095037813148143816016036192558257731203082974938597835638822643479840938034048906614592236609041530034828124472979317134956694976351796675296497431134432078800316348350140365403008425345188691627407244906472695816258285211808089248691383781172104355913154104,0,55439134088194306158499869757329689732700162533657493748747622820956454267021283763298957571085616612641213782796523903715224728293537220722598448324154726577774831441527377614674651558583584499311415476966188760899378283818681679339907972364680856804950447779164205977007877628271734362260605690590237845769733111281665716736284529248,0,274944439042924163065777292174247859122315137044919260093737630703086524060737986506788468328618557008438832766242249316163906228120808141736283781480474826871260951665343856738228872650895939208929615278702935550201943574510391673762303540462906159640021756054866894962967268444550048430238786,0,995601815122439305656099963654676322708707023795801773965767251740903282400654987753143727913806095473856752864994306830404571508167125601869519275260233482760374982891594249173494547538234724504881013186935533378267043812196293791968326797839892076978,0,2650229408702416939110308250048957640337084992052284026242597561605479117657363543952543848048920892437077380967491501434680346373491027772243141143217799998679238287084620576693993650212691056766936227290247842,0,5146781883355644415134859376001764731698710280629925893846882328659343076459799445769950740078875258236419399599641811540153390282475625945041932989306396306149807871120,0,7116059704807993399799997197662404954931555508105970266516889643742859797926012592215879953913806950219327938495555183817743410,0,6658599740683182720419041909767944755355190927963040787928283632015667319597512714227,0,3794962779852841169056796342316371388927942,0,1 # helix_v1 r=0
2457017920931216867190989530440456079465707704408823203388244863450402639475188321190333716648494529561152467673278480666454151891850603444615809945744621024098742065399073040283213812071491851702339281628156327312702475562517973619799985771670372974252037368333285753584658842916853812814330239724379109411307720751954803271955239805838927105304812883352583585889056413570793296672935577528453731112030334233050059759674340759332852118156738529627279368880703336997917080781462036786089143864680640099800582352764819627707065513485254388390989697083329156713071828921099896052882119307382272543252259931844680826612321103114177705071862698363652791017435654468361454193410562854838064824764279021471294189991,0,697453421908818391600437444411918960081288428034735668714524754059897234145702798667715499605344446665666572991325052598534397277396712582372536075801145105356987052391024136062491319393622660313249865674228269397198230721101186757997612212111480987119880730124105544899164076680133245762048068773940536564573968816799934379221443742027289859870759963107927182339406879167633853066813460662884861267111733943757982239999923495826129407949781126792554231184820888399436001124178253395849057119636477055522995350886817495415160729755565010429897509925386817709404803282170788250450459017737476658189951650490963848494911600768800582448527733456034901130,0,84120067393960163328337873660278434865837178265482687999381497485935791657146435482383956385880119505511054195729591374914092617371065261393809794910411638969818240853495282266727201160445875470106656173784818239612619393186280189422030448130357524326976428264284410363257619783803484177697363296366113443356639056622608215054234024546214406358011017018870683473648684848886949738210058908087896789662535096455260406105098660082850373102925519078569722938122275463843564190678932110502343917893611256880670448455990136186972643924864664268756352061468073773759506197205111570248756477877113540,0,5615766205565383903936117794878243221063032784577958251259692451795756727310060411767901967417237294414118049325865308114657796165752339921437845995977079547911588600990299336160648675719162262314785636978501312731187910407798249670213713250649193283946944928911873598686112723789705325477865567108914833924643022598175318168005466972889029641603262668475150264445919382911215514232842501175696697698196428826529083123738474466295497361373874597849102614304766486748426702073612382420270645352021218286440597730891328386167577871174960,0,226828946558473537537805264521225253257846269075557847343478974285976285822016058655081627171677419991944772142387293697832601573202506052900613672446151483265737088524377757093873501556906896297330382557946070956926932013228730308647189741376654339605775025153335394828279021091938290440094917040388214834384926235284030070802946652638100899722828222628499144007755226899556171568018629869221717141506097332803803051699664958793237653050619617244476210828824439918885483780379,0,5703777463727437910139905732963774635151172035031017940347005611740754246807028880142087212696457341674801006195256650754835940165734562149345171985833830526644541860952564117715389990245496050859988714941141392004709086366799099979651022525840885337545423135704708593203739531418812758316982212927644186104797913372491282233991238117920922758479290385326635274889220614605358319415619703069410125647614923730713106738,0,88793847706389310593698560895759041146177376199937706931138502936913889978636402272949580878692063106875292949888419554991443436741357652802541334726078403432149107846417173206143761620037622231496128333923259074385510126189213623986771641788642330581508865740694613783505850229667650980194811652744020409879400694051788842616953826563939371723089044122408055,0,824303258205025282680343665280488317637145636908058322546406526635170991430140347868979279746792372736006833523407659054246321042900365955508897030123791830848656311732168913101226208268079012132467057790017325226213915923150349459550513000648019259842287171568350800933829614844198695457111047354060,0,4157660270950259219156160344637800764904927584496115042186755207705695550103899003222819563120812888652249284469483428887830085748213224283896023551353953036791134413932613469404302692376717494708340785559139098842915943554548515543040099185,0,8942591171002386873279895146242375088863729339977792973194600042124297902191989975056251143035792173620966187645408101161825584480909002793260522313633513413504454512761488532114674,0,9246300690599056471830935047060104011659828652092973123906385862040618890478713452594524227565762778863538200624572608636,0,3569320206934741571799299797083641000783643710144101440677124,0,1 # helix_v1 r=0
999396630069730747012270192189207535742042690734954723918239099505568919083076546596851720667394254575670606595357165993801617236232040324109218951135366585550020251929016885175507303543596277708177278617824187511648901586628278269384942097729268131245153610821206660060122706893285892451833747135512427573360465660284352503385508328423101111183531235973824238191456278322207228342941163353850921124170463607491227666780323212729781533624662660255056313994498618357793362351727191222571888791849759143811824847252785731966021118564158536860866265008786152242981372260754856405551647453178958144778689201548990124905603088444747908112486186342216497416163507464009097015044562108808884461979834604285177450719326068159353516514000166784802031627763212686074924976820630670851228603231461604346167821534093,0,-385677577921723862291552444476658422930958583618700288949717003841602245599937675698212546529698810199041672334483955990833509038660365486283401697673676774469663292659795387498071321074274101634617789794178599676976712605880298768154385071753538823212618471898756586098228990309648483677312564821938227353581505355982686816454583584378408238587451695952153050234653811173473170536713100004273268096832512331619393836289345133272820314615257956468299441984065515379670079209765817041011574485718062830848284205859853409363179458611188400302345036383485057315445048936830783868681928878522006282682851385433566220365837749418597337598745213742303032393913184563768201266873996321984417464825913166963601662623454241928274981728699232693334,0,111757998558363334382479135606486088366683992673421079314644988093704388614817602996785137158255782839780282369341566999321185220750172947513168667351627612133223451047592521797758606476846343835809249101915151065688141318728640654721586925428181254692653857849969324627226134474453676911512116685240285692993253622186146737348413392653569904891297231147651623012971665455038670405975850888612307063819000941724995619281685016919819179215097273990720833593619729967567619049592943625875834783917862960450709797644193558315527727761396077977061763400949060501034075478310317095127202301014622272011307461701531320879031386599139206415477136589098763826488761482432498277708,0,-17370746728024817881302412073367674959686611635048839026277899819522974772213053785083143147918778242488194398496438711084477101106286001084695777092680843913328206749701750329647841416945215754442498106233301744065340231036989801783028777357744141753164283004933435084280202184529217332808253407471138379654971311085811680704795202144898180756099902746368832946905307254944894952180942923026940071476952804026395277732912247395997869469246158104620849554120036725289097354097723331784516642121047310316326476848888572980346680296847204147615661198127515332042249708370012630930549482137164515160300978362,0,2397499523740473789993029195301725754303055884974308935847189041643744569811535890026998546787542591245369512546125697904965327939880955575920813534890940618555910801667093822823721631214491712753772507071723008320090922074109498116909153054340912990917638244914078102061850588388208430569906643044264933101074599008319481666628436260155940177625171219375528697905472160019095118265042288790480010842091347167445799574153155645854682440727610745321200463430143991505928883156734648027646061939111348725390767043211756870668436439793464099,0,-202536028277543117597080022882206572599409481301176350661695881527054027492935714771062728627513499080728982040956141588094866269512496852198177331263690937863301448210923380491081822416218025189942379443961877069511994690210659802531246635065337155480051022105516486959977538578391630892114359466915385106321039114901704514497243436182152656260464419798368734434995394917514878042097587908172181176507563187991604172805916028734892295920769208876497505724937453541082366,0,19897258769901108958161913793607732650870572434253323801310706332167259221519612023418908726110155676408428557830600761770968308850590308448004657610278128799569470441203381082544219257782966628921741732833536551517087531203336864903043983627319147626431073974578718034664547557375023296519499709061341541506231177353998488064008881928396524801638261713272538237366789651965795231922550167108041226915504,0,-1091427865102032577172869545318117694394349720173724139009280653425515762230418751080960358395973952741177356628029420490365226928123903454880589466733471404758556559871009950275000016590407140521177930625449438879984318159793591598964746781594490377607559105455124961370037772383752540082468191146872798451553845805891407724748342239260,0,146897804977844948244872448638223415982441743331194003288239560975695448755282543510285312369987333819992796843708425524238865989917619188404139473843739723129891897367774563288355213884522269849510068193918575631298483182317288844846654172768214027149537969753174931393,0,2169349320813178667582132295133337230851724420969573388108295492796916032853570595885668980272998653440587452529162883749598058108442374731609131865775456663720278877363027373510891683778626971190490520,0,755470792322018571053129364070127795795792925618673401445332289322076485402588068023135614480308347393827374596242118483577328196111045,0,14727997323428482968193855205755858914425249875680931523123724583398,0,1 # helix_v1 r=0
2081290727504125879387952399866780856174690359360698639545204882267650309577356679678199257212976658564867969517041697242635414318922758420857700825611068443445680278624117211198015412543302946119188321865548739535392798143372238150118961880351434752828433121355903205480916291445926310688649028444654523240506079422977598970564720092736928811764662250088571113085503986097152904962408990383202790188277635587658806161894620515042901949315927599118995584205986738603858729541697938575083720286861829886417322124782783682060702394473748910019514272846393063396212827690347458237004056607137718853432360790219710150920686758429503755201761885874076336886416122034742428866005137516672780276736047920679361096342309642904462886170515573843095152464498754338962639556874216272645152071837293,0,78074369144078852803662611310715129422568473671240365566607081370496826873014310601202872044881736639642718751711653756267452217179789127764055164379306001197210871211260220704161321816047009889549334572467316355786909453680956084491841462801772899420815946070250298958519473665550387487208069734354453043082850341100270510783445677721335776847154312570852307876547861237055385649712489436812227305538648235988673730056950858939698910909741790250546551090185169164644673109531187817159607016485333041572983428490379033656477384805464578460316625038449009760147025623314508715427731188231607404500276512947712528258285084311201108375403050182022233575995401587610836482404460468682471325534171595052611127135428997431144288,0,1318460923791846714196396375128097106785683099141060512941787677193970020576559868140629461531008184731311484864753073701566507179658509842295188361340226260070589551123087489565783135243964186490191665950752364265955772437448206150532040858512630773749978221622440310820515053051456332166309388172247863619682896105314497486700112331405573516163086077287441121423617704047453458328553505836330374931522301013662408766311273668635920486815310087893824268740906595698034166775604841778782105266923190980853621943412463642159543438854968251101989133741918991992634423630818032321486696912271853049292323004075277162135111911883208045681472538015655479602685956,0,13249226672196477792990037848751117881299284312606415764739707528369569150006745123480823954886691859675288411511843392880206820962580615450920046508913313067746695376429792215374986030883408981235803866440067690830871632939232675168422504974620596975956976148237031057233978267649139800126380406930557662984849922988916905448247840118192026150479872935819987475250090655720251830309670687816966368693328591202455000193584486514959796010920809037931313363152736957528122665953098709401423317162268975379287582325708975274802718210041383137160704402641219795790167644070095061210353784525207404,0,88267442797704610321376389124631280315236900966521615822741521347819208589445470071194529415118757953852307934016267194372519124312935971698598417946359554129844540071630771963477275826780402036714195022631971203059297602672236970860572033576228357202820772649158442822017096550575359695104159190654925705803720608253791855977653223122642919904893475709909687339590768247798576319947819559270239967090541947045514999268311280260626905324398248855493549274262481004836087714312377138849826897053892032481897154711550373220397608,0,411097487127653751225807214805677574828138981896859816307817386952605686634059690075656507748991811889717732369786192652977771020569963116288994180329422943007314281983086788622705699256451227610950408424439074475677832707195592354397730300167608679462755261534599893567637248446399410680523029845795590927618614854770380716106904773931634736786908785811691732016988516699626408622999816201624020300258562091249521906592439846223615964337576875693719483959379064,0,1374451247012128554746341458895069579448080517340153988012668023056876188038109837966808706258870072985924442202558538635923706920089725380868658738755018970624253325863079195932109023249106462681814538163710217106904585053445062268210426490127821074785784236516052789236362290526843536511668228828168405764745856037723496007719398560801283456682255000113967079907629238845477821665021900744808146,0,3328996081841025371139785905024336847658114175464956908605651630896061095401448491514862279626873635846911650987189247914665214074641486410361809545321419724937759896444810086893190521910430279175748037168283220980389287977774234447389084563918826994949075166454697364620509496121647861452740378076155843495703334534060269604785580,0,5807342690910124343492322265427223735401902911929374322255538560315926083813765247991677933402350324388392870110771456183712162919744795612051526344681521166589764528983256125337332483409915636618304035814320839762870423087901896202171437538815666124658967343142343,0,7147491433437651761870910844964078256710408947668220419453335394865755112330996123419500483713080706188210902878133933034854454150475701194794033663892331390161300184016435802519811020378057283371316,0,5997947081743502886551233679610060374713174290874125526597062601508477200251894738537051186188650285804876851291343903972621312349088,0,3273353302134901768862259610544537951014273633520573410987548991056,0,1 # helix_v1 r=0
174473040989395667478066141421738932004745273070799479673927423705471379246451475291266018210563581458088662497160959542327332017394876868741684125950866887502243858853367489955559261596510429672947063652484055570886104450203475618335535418784568641106404846696004592563639772908692478793355756004086391028941621162850846522414539201548211110103304059483099717525785994972858457238139121620666971473114831174545286398986781141562063047366334681217843429951091843048684986695298424381078879718861609111754675223882289230972752730456873942127119687736613003721379229759128730466013531882039592796921381771899522269882818551157247638866872719614474764514287563885457424127509223545595256833766783685568939648740417190564826827031457756464458305092176318614041144377862849113294120273544140974755562219417108753973754183416532479092710479781294594568270544024926164296571169973399863093624832,0,25930569214305233124772543863382366721385014772805485229554597168747499264454119841260199376016478917337068703939052745920709946470999585425519476863877110761764479661829542912217979746859011736655961235968398556287664130372453421213330781772293208407268562679271660261106928636476715020553418519063704449333094041137517631496624032140285240642715190899813506667936253753880320978236133717400540834949728324752558591223301778702835742204588805430600683824322426007725968829559374037535670966172155087193020812511619357545733186940993002463603667112790278206467724851348201961181578234775135090554963384952660562610792434595859060840310774116898234048682778215863046718324032377315127782321823220633335103089371461925972345760210845830489933718519510350770731059531974761540516715708556803063337360837098064685563904,0,1746123011540863459338664515321380691172168964698696069097123012860061885090057561962355176311952514372663772877068636866017076620559198436424581663721617750751610917781135250583663886579357461676702832344313530689068957587823442919708213073227702222879362162405507419131864891461696562132949438156927780474702057685089752778083425056094769993595548213638679152369819664863266152429121547813593453547594522941644501466553811378984880880041397173349601031377394923035836107523128696753709371734961275573942242980291816092895127846838913441839377383819741322669929968386593444101870947155964292280786592423319383071782949132677652987854514790160733891145434914588394292725936508454708461448336799974095639308880677654051247248942982408091729920,0,70409311187238533453010470285886688091679082597866978254779738468587001783203351330264500576584771831859040811311286353868323776589572095866808786155049315233015592376969649901592662036597540466383255738941714912845287297675211059121979417694492760741936481056535005523739627137631975826862568608418684926539236548639892428411785773013349553421804910584347559252065562217877749288580378507829374962194152945573864191574042379963483278033245294793627215022145976799151126403644208012823621612991755923179192748815506290670017666045448630036446618176783154156776104614488179023699499057203844788809376986582157888000943088269276403284898250443444145101254989307799666688,0,1892691735887916896862541899009560572127396850888836057406115871043042376311609550353737110955363203703588723781021092635237749206607067842189835889298082581655271165600401002702856057577687861052413890022804321965889794720325847436501872275842741589828434710299531195503492883299102425374560182335865583514278404117305114472582997087841618309912929558863614356378248739736116411333105288512573816634173836939275999239477950562372439651552614195105515091019182393904987008845652624110925689366273914230599315376727999451471885901146620300285773667623793574096467755769822689106599106293352366080,0,35720290821110244907320616394011482777664996583811315665853105007244045965249265362847226612660266514156101479003116570614530697093341571883226061840083275768379853327483211677211503816842954932293553779407879343966617983805310346314406710995930271636882795688950203935141025335236541301808697888472791714855498177848093064686506970828850136614683528395027062551050054156073086331716033406489307967194288965605781348920883464694148060597963256157510426385253471073113343761782728650905421443378112570822533098552376164352,0,485212853907018614441329732675836116721286159251479440193159465951625387530308424429753123716647992935714683657110757320906423173438881980815210234774947346223309730407062301036842083131172809819354797009724575395265684303185149500836258620831018446272115121945424677864965973302223125496670929758588288662926302725738427734174047592244860618430776768210926246644774111722644771466068987346217865613563355187679893258465537538516697574217745432576,0,4779426303600631578043104502951619951505768632902939753928058150803388881766111220434023784313992236601117996194689204550902688665234976732745535779780155703758581911841481111264140615150411365466225502766234918084068063386544904127690692300684289858771196559178012223747892795399611127629864438254821222802009198892795552163698514086746272610441108308056074409498627801088,0,33883584073986243276605655896011040753437744876852372381600036358295690892453248469405187071007292274336834803805772402751577585589271339377120783828222340724059470811956249317949327903948133000755348928301257654525798336130423911581221314566398596892620215274209245049995929808033147716954262339584,0,168641068402501099916406155239804003616647610953775308519463852298811227213637136042528850445781750241927793949689360223901071095485569451099492308775471511469239412713642848430783157877157571263182890593542304972186583040000,0,559489424292918149078115050565925347400881162323723948702349625599766666243400122274653983247491074887306755548150951217332459313454580368782372372480,0,1111353452732851431681152491427271661671586274625429435027672607300062806016,0,1 # helix_v1 r=0
506331613,0,-36666072,0,-74434392,0,5032756,0,4345134,0,-218502,0,-125020,0,5124,0,2754,0,-58,0,-69,0,0,0,1 # helix_v1 r=0
899103258768421269384103800567154047294420177683028479578262238675463448626903080759388867492718882973450988213552660641084629072326193781647151539030284947680780082349642254246228865326142886289400465990044615727,0,-25145957750650744879627615919844706588039999711940232562752318166255838569049756676735196701390368835947095653555915688456822115949348213816272306305210795308478885355180224246752677866936789758624,0,306925800933873050601798525179269656655803565322861892388192374404761755197584295831562675526469373242046857585923954121642721739718770846315539853439007197937965364352926665403945,0,-2113224241700722319224280807904266181277323336574015199919030391645838251694881047468835549430473550138993709639177820096117596522598526378466397582818120499846072,0,8804974974822363055246379777423880011812634848251310048664427582731965461901396763928178102584185024708755164730041851927595448506582472656596304,0,-21722566902184263964129738007333825051848408192580764551363114523359235026201827289457921677570386734474372369509674274084562956,0,27346651866875500746608432790011498989160552207760033758378186892455197354289080440033003062412908692284952919,0,-9113879346449044437777933243088492743756737712027246692938778444484260009319670951957404882,0,-2140496852219537404050047469045481123820613623637485570156339194223647770,0,-6880648781996303032475970803983516323089205569191530746,0,9741657002717453264641059096465893025,0,6681023634766389090,0,1 # helix_v1 r=0
2468373624137924108064672383236858779000235560007023342599889995832380784371255328705995925681643531618803265041619591613520886788791872171850666483634967791542456536925981435256088603093041243676711042944640104291942273502621432531116283046560808734010030786929995355538752129880235558953263997018168967407132624981721819086368488410830800957038407492555436786239394458704524596662107050855686851712371203613418934699695825903370541123555835932366354427507136793900915220008404339349299394864464677790506730060205652629830654950005822568881129416413403627542219,0,183751368957945203909683261307268835318015958234768197135935813310083740088818016438700655262637989941672914299811600965722421114304103067881063201395032648045262852826000390311476470479106749421523927343530137406740241461363175786208586809144061577271216288411985311311171840585420837820511331323275009910639952492815076140039405830324858812557512982430469293907539320081789088576388715304849253152960081797277890773980316871715428897594488199042835513233011205077371596038482894388000933347797003861906008282467318,0,-3599089876885024036686945526351874363905685531919043550199200943612840503396012842853934617513968442779375600038677743996071012925989232359883780212553809774755260036052580060718987659651474392281386299911164134559590470097830538693415953631205095684396533399797482735633530139341090612198112933454224589017423704169991650272051520552982137207580662186865868864586214791925226871010338910177612871766296892162239475889237261536331820571057091519934370446593246998700068,0,-116438080303005329671192451222261091911899264748725593856921549878459691030226393435719741039359794094027735829145899805522051770529234215671033959454339999356203521475942392147213276698229127063126389457883962076964800687785157423211357289099412348697820937886839944822066294888892714850690121707696243277008589438952570531785766275429646842285783516839371484860315537839590122449650245097698990251226522453455508067323124,0,13311125975051770750804315177468187013407597418479922031093990882600671926654852988936995831148632979538883477542522492649935405268869236689999474631863061489316644626632363219947815675855456443597341310583557496932859918121852705780495481678388979213401445284110369831759739199077891343675677376865952884640272670355503911253003169280448483507199130667736416486894824373135466,0,-20504884211264900840741654730913816269308032769031488277838319811504410710711953695630247520499662179268483593951613382873736606158189384058542434593864620476721164445553437271031978925582151913137153664881599940547755806654093468607511660908312989240809684807487156361266209014880331355201492437795590264671776928601113786141180,0,2631539129089425571184064279807843051553204393785850550406410717066380772422587580787679781771649415898273178583825621424601930222235040461263966875101824168827235944954452782709128601643154960540384527711508173765667740913148542352558833626334206312614475688208353585346836910902460,0,47974499587291842491104324358257220124918657612421639679103729036420459157291675118223594047964334133016991750768345593401201550609946130256924720951766058368125541950542660121998416340136405140655838284957565470414407365469956037635110,0,415609729506298881868059491275533545831896581397948937050278415658567196337284869365431931343614529626583572860715808516596007402652051818758454655998445372657239186108650420377976127324403,0,143166414634955020491817314631733701485019138301198599747243439117034469416372128583981834201775180552045658221741146770510146806818107827246,0,77488598867651860928939001114418848019492924033175796308259136938379324900854307906077015833304,0,223174505187499607474588930883826054508647645566,0,1 # helix_v1 r=0
735388884068579781310003826623364188005512757960823304085094349806801124132748542748682167217837269669353122353048571055715072331018190797906135413404355515279502170285436171617281098007012548866538209851648643641929991561848522727759728972886586738780300443180332695518391745969799796482214584941693932074924240776504971915023999497366255155454897,0,112640066377791768955802492982706682762366648640637711074978898818345090336396091329856577470019426410358022237689172172955174343634931069600277523074686227612996872308178726254689356790366170924972657149034335284521827718363329033707310966156303526612480985054052709273337632817072063375241877959242037307861329763474762,0,7522516078083937159879570090419961362135652591390113868452565099793452352539993509646132399926532636137999814471560844825680001181978128418450483789859591282519719068339557464624722223722396538592431747223592657430439330228867033169357986454611551460461665337142913554178506752281755734019732,0,286913822472647131570643646873089491666289890435749317077729780660458196278108178355176525367063058325111838180809928798627648505963001495983075771058136741866042899431783360324097027837181796692498129786101969953928185975340144147884150854209648707296290893466708,0,6877013475315701059647489962299364776964723895572384115110781812163222217597991468827914879990038127114369915775642368544885378063225165543640684840110892149137559542013861182219841204740638679099178679410889985894848878709405705208636,0,107432124121313848419084265821414356719971231527781650158660134836204113967192134988727966959130997708497530502287036255002488168543043004351346485799355980640379945292308014798514090946325270192133860620510,0,1100422924466335374855860145186323396002789032133735235051606131553445550067396293301771683506697752214019540342622821613620879729724038363653332047923973951874188696207520053697,0,7329288460409379868420697261363746987524407546920599062723363320217312581800861312969210441995186984935861607959003372385292105150701884534920077886,0,32163907558361411308758355311969631902715033469897128362144084975832547701727941067596702996977781164680311208811067956,0,105065696507204382583546812511933796694816230419959000161777189810232452510623141301078976,0,298089301225217086054480409165016647240057594942521367364006,0,588092849421986819672536841082,0,1 # helix_v1 r=0
574100249931898553717076886190416467623054872385016336929404690549246358563674932853272088346183084226339688829148671940456383150764965665162839444091299185357298077918171713530313646092760987369703266349483043579964647812035807244155142618105688466447550877708049927520829208055844227974365852283117364960131247406687520244346765618050044807297820657919935239642962866827572132186256754236662896206053178844059737846442518179978436826349926148124136448262190068032831969036868630314549707022935072459122208982401097715184112782696679885534909982889451320176812975633340036538946010674769998308911826538078171675089337647840597222364454126169840541961640229311283024360092414609002440461974864654087235951907286802855437669712149288696301029404249481605477,0,-5960863121477144494447977246745004139577729225641256491380957384251677262933007140123738240581064788062751964661890102087930780167235537994025025717834659544435774220334047703876212727454551448541177765103193672698922208281252883497096279071488932779620467387247962332720466915692104776141083998902989419198407229203432652205564176377259157075138245684078861546289771856642964576828427334224794216685829255529558243417855572736101505993274375215144765384222996247599790490915265876069668499805199642989598460550787270692817212045632870046537237074064496691240620346074588951315131352056933112628574233523399647853385111031502224593458272347483948975272714698747963991190733538321098878553536692,0,28425213462887186813360987737040067146557958972304026223555391262667414790494111713537827167290910461394397270366198465894665614957848144808961331482261288065824018862346767322900087649391757705355535355311216217057733127324285879618382617324669726338427879493123485684377978675872694086043348217797708505715148806954618526213706383254261676296903134729244630559971466329705360833163752061711013906968242307236728420916508805167885160429394324765169216566459514803089231875786915145746108554618961571471381378291029932025435991073728013579348134362821538063916803432328503931361974213541462523427626021839496590175822040427728189857,0,-83104185057835128762195244472652989814515929144805815425513163644320050041426654955606031003233468783414682909599156237837799623774643511619973442508836575534737229390877659013272128211216993803710237662283974864298617988965779429411232891236689834177093175204259751543247153032063899603649354993848839855989688055941530281725808233066231431483552231315057766395025368518406812328511813247204610911013908489319058871912515365656403281961836238265739084147664151916768875771043683766584309511069510754945545583237560508933268253642605391156522274135938197717236980273964,0,168424950460480802424994517648909926885696503620425804272086045962609851355370656440456883065905349900521154966723341128754967719619427029505330800080086098979497680943364854346660547199232834973835474521558149930382309525840464977133552260399894191341438435380108462966438657434044827601101237069387762471442988808482774985352671506124157586571535836777604607121505814310608350222913605209406561423562548055903052987350544523964880443985156263485960123890989446574029796735375317085535267512306463512189511,0,-254206780492908721035159896742265261539201115621531038538656549771025558494459056472746770441195028183347076662352158778893643488729429364805229685328467712474526697257615639680139741004722683261688565572292944882960285852088289926192498595402486273010568365147055139313331819402254541307946135444810562784280768350498009387841325821783110085456892726937016336783468123338040250714245910128756713968484396922658403443187898477762493122737812070,0,298441717160506242731115170165670227139833262393271324527693592110283652104897692653200374323781895323876751421169440803228046657668863902411329399248345224058458272225064925748527877297114935209137735087827490426914969016734476989481715043739124404749246360069395031812484168701347572354836637469760300315336735085549541168133568723671593322528132060159870756731068074300884417376,0,-276907821030302884942304117763695402723285990341273725963992669725068771302119810245239064171465188906694376457938949717355267782378798768494829785803509067106519857051198327307554396988300543700023354406831652671079045901072079333925559852373776200747059721549794935745780950324525848780296794814103859213852161583092,0,200159801086061146978699641861948643839102610196505867684057251573554221372855686792178321237448361777514504741103642153969466214528060578130672466851838013050025256270022197665592617129476635729760951862830224207419280079060985958493815105721796560182858,0,-107996340812433882362311179676510208100161447435705311796311993615937555502698405608063089259902242013780917178755326529983988674245513315542467883559508090040908901478385675905011278535560632,0,40501691021867082356023909783214242632383824142277788094131246269097208485162873627029660032724522406481343697709155851943211585,0,-9351438855359562926895416749847924270259554955354221834131986204,0,1 # helix_v1 r=0
9974962609339819765175046010491235317327267381025135197086947547920192490838375434799554509737254689720705030831426182332925715775759661534369067539871594804726902716825580665893425769148695564292171429651826208011210716084831667081424252058355816867926667779674605187017532013368555766489489774576189745663826178002453677536783797705856408455608567169150126539548739981736461075483171961193346686064698248121459617986899748270067549819181301810999824408216381100294197742859581554870450547984002187585602750511858451192061261158738894323923139497118936371816509167974896620123429597491256772347342643576242366064828991121151440460891229306906704802977819756610052563924972990362446300197455128119109384639658524052182600984613919073536319781270546116567704957174089682278483587277733505524701680173319867221648501077888711319663082398376001536,0,-3537107593435882902264567037781308742993747670124139957840281302202322469927283062713822242292588306516871926843087236137695295303349673455065246712717217078511936083626576928096245281404467170282450435943872599047852497295968898553428083066411598078239016031971080695671619243020828713807526736265937244952212011163371905602276103588825202317251983550696092576866515331112615243630078470726397424282466501707925256298137304078072384109410351406824081360157727940705243485575226965476378191295030392594946285186517782195135232087020589910163929194187949812719848142558503041616248191264775064600782751988527480025415395710125085477930415653382218476906137222233065476819741026230680720824530705698674937881663476735069961801352223552394804758306855143017212891646829904527360,0,660613829307533587606810872245045953507247680569021259494400654893966739539724540244470361353464323953498871501227309122309752669383474870775557746078101283799431338594811981382455920604239898744917248602066592515453109721591859549913952335044374593818740827402755535188850156369178706998121363133199250531689630897617922003700130817326343548638909370002497552105715708034583318012045098218207366267626370317345421561323696291456690960396049896716259977136409820895267664187285528632094869644981982043421537361685510414525123882459048812147549788430205966875071560495394394290790971499671162009556941194723835424488863259032006657925579559113099127953069757025837553242873922705364619121593436817787453440,0,-81949957246548550432346602232997447886082916075123085016126387160274825681142323118353107475768761002045841030410220256876312477745010914916551616204145771308972127265064270722827670250717471501267005050289339974450084732242388180280559629706669602836946085530521708180205190348872057514453923094074432068828914448431836478090192775609481030845703846145154825297604497574477745117856759512875640437303540931143053557319372253648405386094245884934352024030412370690995754710323089009660333307260024873564912875799846126028802634628916351968404626256771276940852959950502669495290692100886347238609017383959617239069934771679617626406912,0,7406720254682895166329995589322991446098569501448543756297311681025252182559513683277480152435920294835151653145653212915012826763592386768866568244495730853579024455617917606046012004704320474738156598405122892867956675649481444733986529788100461385324747249088252565155443388842996193980035708300997132497178083033166986555461125749863631678012318397006727594719260036814081661312985671563886778981310193265936816530865684894152070274755376509913322510192645384802127290649199155605666590795619239032559697246885308218360193292141623249955149233900075925458911232,0,-508679292398910345009544096875768586807414584819497631247360455531536190582072621025241616941399494651927413099093328496458549314581353094291393579312101248012695546939684933835061973108422846482755787243367955266142482506948577796853688898800016881723723544765144139522398718499306896058497008159851815472925874258538341148641513547981944492763729410107749337544440972041658345343608112611772316634169698435255430743038673563192656447875459847050526069534675809430396698753403037935119577907200,0,27087775696251814270740674853006823063276672265430314303374018737944712504883271527133821643456686853468500669168961058569623347169524567519773133790183564083458441059284259832525324375601151561800046896787544004816072315051930352719584559467955325647486683450191607336986803485739947434985286327344610050877904737554873418231986824244136608700032611643173792368997702678809943572770051795805051226534133911212719367555907584,0,-1123738953209840413523291795427874251274466728234045445120430011579150532032396438292448770012780756087385705095953793684229672299710086069379469424427782644908706428914720267306366089697987380445614480005188179309882429478266446310633241283214878063296833581054571647193557961637523574993883483593952205970988490415976550118722574276148164115598382465024,0,36041315778799914046020202101624489451002233326896226819834284196818910567710779569027970827799006118451303328380883208738063307825268122284274598966941129243337139651798039925701746344282802701505641486637845343119811383682359314361136111496495606035378222366158566563502452178419712,0,-872827777246391852361714951714150846463361652767402925671047521533263120372617617023477744961003736672114036171091688483065407871627773611141359878899630359969665648393187554282321875604699363014408862458764591104,0,15229721035080819231995956658196102062650688167085114428970230688317939897634037137113805877909556538856790602466829514710911929501028957814784,0,-173294565584938615958112021980115561021889251362344559430094017609596928,0,1 # helix_v1 r=0
74642044395499959961567392101313484913241400790358194417335458317612957683505891591899224312260603850231596060757402301527498314579180872483701796275575597794014595507217153189188677779643388030413856630164848683311409453495074221653573303898207227943050628828717091250667820886659368454488362971296569249763897968378556557818829715372090031211139258669559271111471854272158710977318017735280937662646437313789998156586411024652154236836660085254691407710448981280883365567258717776247751252959759851429536099950344342649557562935043759198904680718358708688869759009750813005609753353208008985940365219240563624265159513048646996614212613264025005096234976194142209456320032831762783220535880491560823552077574927319301053483,0,-316412275624781361098582339152911994348788887629817589394922225363568780483037545180523894833011651242858403659424755620086847410919878708941070177578524987883364102765080968645273541868453130609866540401882236461568994403994105876943200509241117438889059721575683934588943695681021236182357742271102694117820791216616201975388669199517032971952164813845005995319036852439299817968237017245520562017016020827989590109508452384853883018957632651655891604655282480809280261717155404875804635388345085758757770379254578010117246958478468807528830827922742277175607759054646922729575431790833903845799045792501175823484025176400346072715743834415681677200985996136526028,0,627498964351336310950547242126091398500482026470170447591732752216376663353880536550772109668827200527178375119157769282831038553730007906671320055263459140600320099325686228400024033470700300544127474952813081873966151462065144099214758591083565160648605934436930903702637969825583121047385206011759864324695815534044958955834742063428872924778047928027108389393001485567860875093668048722569216212220528879756499223169060376091458574395923480873680896468000096737418601692749778553657736262725759181501374571770821502378119449812148142190416735773369445009145106678154018201545099873395945213891744142365,0,-766367666507702478932095017048737992160914527285223609276884156141611890784028744339113622865474205106367452284444587408618680511074065095709404914677230563844675266449768914835117909129488397208587095391920144094518593492625919489103891855318446180437902646424628048261625768260330589919443651338262872096713464792914176121987455815863728539411383860893670877563086374722653510875537226311309122632222342817584718127601814863245648326384409509966682255651888024401607453140835068838509953131371938552329000762141224888663563793446916466645477888,0,639381762054527981599128790551197379502384602795723366049811777662495720835759052063080856419407837063739023685469246002286500789845295608612556208015239372030423429716757734691430723107865983284749834324744755970691427560467879801223454952054203060974814757047017079702719248797489178082520985884624182998606828104344139557857871351723828467746671744176572600925916606416013366312931430994882807409021466804611238191311505203516583588695641302875799573995517109448495917144783501526110,0,-382965408434963124801061464375406771600432861850103019749979347083069064765613505828145914347582031220861458458467339052040037092549362081344748853173854198878103465785368365908849138805486882849436369051131043824111002014083138110887865587090738751414799978508950588412805812874231893965916200253193983782489895653002673246161017155432050297059972397041219904548513324677530981211736631704825419802337973740781817313279321616,0,168896108850237534950568704006136046471826824776309190996218860075736860342567134124085183572155305628171623997687516099833750992300231506578649687673677385214549516663873899051693788900374386099049434605006784012165299421356093411091812467658001605625068634751509134767825252738776655039955335098068030556825034242942393839951720372109277623110246044286045935189556,0,-55472215897076056098260584558643400614498480260921356178058968604365370409415808607860421420770448315560758093462143996242672249390661575619344732712099419062425376279945515642170321569602836927877059764348265029765533403894280354664847468711622872271899487079546649386139360044685432042416358621180937130,0,13574384566710546502582282788459139936328325499729959588420758576672286930371178174392938446654793066103831616551307653614342586329443195978376246498069430744951389915463716368667906127653917784842756017058861754320511686037053011738148705055785,0,-2442023097974884503377031734260592610434853800054872205326637835993344046521211417921069379184780482932556577569313863462290999210414611016617733837737874293468049762946453675487870986,0,310545405717906517250394138596531782974822388449273560999791921391155811869278932580062529827133197305528043952474278252751,0,-25300115910693596555701419156554268301997030545996517309118474,0,1 # helix_v1 r=0
