759864343919402723480462224787869761102114977806458056774547438010544832542217182063656961645074059234482472875784138341119416539726995217516435844083485951547874318648989143780377678679483745044665168964485841795146001845978829521831181638392700049855098515727275916493273715389669739879874445195843529358396606196679183255171065643218725734787922154859717358500494187486147919397887053344745124336887704518733293564306555596111470392673790257293531515833027069392696800846718025296131209827514965838511076039224075420805817282855472178752677153617526726584447,0,138140737303307642028241688361733131416185197136767283463812325138464829560769262778410280593020050884671800402628027418373267222562728524705718575551686566441998693959183978444976254068863201114797469102274281305382939306970602569155036823386889030388448091211574327400144880685158413375160561033341902655937302588470453282253662065512469195530824769227931853052998719549130332253473209014902447864054271091959330823555547308476748335785837523669183083419427958286353792040021880509832088162896997229086911448497002,0,10772903943076165931682261759482267364973237225616846322833306414392860604443389892591817724239317686517486557057582791440928234420388236249485353479734044978645171304268211286857703810397084709770239240604308718648362908701352815431946914546130934309618119219027370179408501436292391160728027472741100636738646760050225149825378119216838376838805225893157124749333885975510583410750677265335538692771267640680102506902391084845119112304146604506189701681871530280863052,0,485594994315061485035580234843907439635266542396109758464829413207927953149390061449919503381278776426179048043614596157159321507700130322034721460071258032058000127583517897868396781846961443939152160528332995172519082353042287107098518776212648187939506415639568021059681690277772622496534706062195938806647142905361765796139184000345316221026760712253673825753256240037457289475410760666981950547504382247096236984330734,0,14671083549214871209112599714443422668375201554244902134536101805793404307333471393530403011299012560935860033367000249960609865931997506919749621599997921882754495086354437609529845553677544168466860302347282461856719533346523367559744515122942755946799635910851964730912714566904915357604170706285125870088652290270719018184554797474473162068836146376319859212035377223785422,0,330428876454420911184996494946984749231887239718935685448172317012418427302848331113960724643840885314385355783190256833270365389976047581258592146413487169430570885064203240253319226887245358462524827498264917099139149497323607312975734848763753484982481191205847633455680808696553164664350185918415760462654438029593487047989408,0,5921165322276202970591896301698978871901204151634440497431911452433042387969979035530882402091043398411391904115745170004908285708453745522391136326954102438703597975679435382163217363706594200069894265997163657218993635864066823686039942226880655764693559765021053570064237676809105,0,85317988795505558631904911357116136710146154786339702650252460543264453928359278858367023938818925104545709341216865759517030493415085078101642773945168584030055701863742935018721902082039242183147776375384691336891341565372731114740090,0,977692687670880842979939538823266843645609591711088622082852188293039527961648414223049084539157338010351190724524605297458317702965613257894660492603774791207515850360808585752929411864238,0,9053368964097437897634958404185056434240990330223704531825000950392543642259519348099812278208621735157564198320456245664402318402149313784404,0,68367132772631298130113277735741494033613448861290774763166540095422662104347495282411466447058,0,371465572728711579569162219950532170935729289818,0,1 # helix4 r=0
939893375318675070736773842773779817750557860222192520561231688031150910180112345289830382617416873757668993134049596510637665920205193850407017432640508457954645351264802557369603732109869313099327424673913204919399678040056910582097069077328427339911682132764107667035742549024125667814053228826394981386523914868296327877058300197948625961,0,-30657112372992450814556184359531063259258828855203892635336631192609283847510674592513653265589533139107889072659596046975714771821434248245170076776238861800473777547204136528121564822614709037499630778454004962159905374381008657624287449468144441932725795018063365052388276195711299340980011451968267928226905724,0,428409797550324388170968593764770953702020442248565909109508777953010907306555492522050955623342920449156134886584096214321973949799354740289918185945228208092010407588021609198015623055637329760829057221195242585849678519350731674199918363315299883861734289574201226477133780404081129,0,-28225789947868058746257605915147751143071155672314304599447611634938358062749200768116027386166547189534895712995178570930379910067018785154757811438915492354510466674538748261053863027552880714678001577003590244143193585271294190233558372383571622281289712,0,3818291139469474166447703972662470809490671624787839304692740188710461909593586101080866940508192874549197603062905822364373620327203373398546658298813727483648518895973916153319975666039882297243783102961144158178928005807433425,0,-263080087350611018380059737424746887364353338154214477880740917683823965920843617756218465929900272953414457909294093446378706895018477243285175143200940192829896449411667665030706904269262193893875472,0,17242922845960604192923737304969594207457650712392746045044143675365558006746526282567971833131256473731687774464099965400630575739746752263607201770968389220493878823998152,0,-810896810836362740171723726103652830906206417737191797307416457779515603405330045369011092368906229458109959252444015459200149439857217551921010,0,26024219860193647614297433771165356598297097067501487798891431857971938805105663379512968542237217244390887751072161,0,-698601783455429947037709781575185846452464994498784930146764260573392388177471411561898,0,14934377049171959011855978076250987527203295019822773132316,0,-190272531963474999120409556346,0,1 # helix4 r=0
764011766931190475126082778817719705621809896008371898143471608362111002679172557975167877533053312145306761071068361013048614086387928244899651899953323033815185525689772229134833611558371619284510648230105391061268975024488554908155763709463701522379298668594466959674383672059125797232377880986956890601696350642250699816897772629177355299991141244081232193101452552888272310292064689392068983699932299396753938113882050685848818969331764473667509458626600305128751608301805511330738387895111633540640885321517602478783529468563164046517154944662036757271788389,0,20488115304440994783748752262920619987892721401569225607524734451060555427437747112038916618775916767401415193637461954539128297498799911566835022672162635821645047388692060040855920654835005915578691529985026990621307440097271917325077392768946344659604682546788839082802697304520766140689813093811482558349366063238771955484542174824963137136772036957920427205614183854725106679134309158352754182388191061051803644945284278171712051320732530161428758559497161893749273697971951044729046534352312998080203272549566629,0,504141000191974781752515961332458689051051947935180704482854354920702234559079091283664967242621177935482648163986818214181317409736254259132884474345886159023617910866969176130772462234468761824405817224563558247058315865237713113943240486915362601941802074788933274775882587066114514797487625094451241755545395904728487062103301016333114892189677775834126771667538241691772394584508998385466247027058495773713456666536099930926477579468091696949797993678306826497710940,0,13246367101992090535179140829107590595509550708628848015406014354861060574301785558568299526441735925201111136471539981878674730692845697656318349631819079201754961961439808958082256924104553366828915597797467884027427981758398363278842379152197559908150409041293540421484385390850130694869419794938120232375302056214525588249055331485912719476772531359746530542069675100268126932626322059992294153160174101718295160869517699,0,289313740674436149661247069576622011291258688975505748562489798906046906559466024894792079459958083723328541079093608040283830731850969735228292771371872021131932664363013268551588664199788274375157994789180692839633806808935348338494618774276740744623801638366309906775368732504127024554186806686877623974816971859689087787120381817584950084190752270446651600356906897320692504,0,4591466350294348172283937111206956514655491767554778644929645518984905151803301791980968959304309188177129681682823406242277173389876066537713986263952206339030888027349095238260250038187321098025329074105512460192917740598884343357045765180764741280869751649819191168783376093630681395301429265664149556224100563965645771078379904,0,54233321964776274812950374100731685947251236160292263856992230275055613947937191953418917026410595761216865775898964205707136032590566723892445956270888555232822412464056552856605477663873440945835248049365264260006591350086692976786508865031549429075082858633491599322445401817447707,0,500490427639985092720133573098711668866026469889339388830057105655435705554929085374963344303022082059406158137114838300617009471158073650110067562335673372496091810192981844024773312963093331476789651221140496686125942162364047468563028,0,3838220208359389878762743278423534593261657807870708198149889886078703030796552112007918905837612966376622626722390775266554253775382663388483430994492348974944477440196570224644916888391593,0,25407226023739194453478311837088961237678222394040579337838770946214033713230210390578251273280511265303029981368890636148188420982431776907734,0,139339331059554715317012569909998372220760924042169305067699395342704124921610123655390511020079,0,535516941590908589169194055151954368688279817742,0,1 # helix4 r=0
4789830608054676449113167976491617495526182326576728129676932952909859380634470751081744933281189210967046622908755079475934122695589786161397974001666658879091535117571851651513834329965165786540564612053552693253694796111668585773667102460288158289754361342630498219265187750844624468805988469846189097034219427743593066918670973242624313096275169787342975406279789390127728845580194893111090267833464506825061987190497358696014821020017128078987566712070368869782629890386953160564851807144769938932875423306008242505156340614709814824597667825710806161747498105568432282236573128549932666731943803489726921235065251981414483321090727583058863400063407239573368351951746997407252414999938398592323088306386068300471264011252255242795634705174009101577121875014179102621984538234761087808879939323807806025806155866807044472903282419191270709780026489077712,0,-161340555454422579698836817549492497222770686167330223080810681348917756873900146020650805794307814439415308305549855175434858632800081070108911492388028247209091972823339636421598524762014085899418593471540332932562086183028746926461599607275051967697361388599321690660016776001039050530311226149625670953241471893736583987009476697285597501386847169024805203345450973451787011428139639286769280410595995239846301138784338162857833144379601994333617418759298069885593280577653042157390996351077218521500284870726156822187643895419006847596020039440024968913835821952177214569932565211909831382365101030897448205003517138745645864631003489565739239966875351834098614261579462145621569765446871478459777278274662272988135997022736662733717311670843388502327446335945388372384603419154932704,0,2807767322126084953039172777295011582415919607510925584596486058601260177143725694273624656869550546602523847067829526057817222269533956685640748374828436735767872301067823085916073563609477120490746607666072778240443580323716394852073347900247930631934349785299521703834502121839713978127945827795758147264827916703536457324543217442747469389208479228182561691538457512100965459228642517541322651998650774141973469679471120345767714712241371689934989719746313324564797812788368170038842601795705854474710571095385879492595585720648038288326959656664450360127187532873332926726178449190399392246171100681552760751096107261849620384980773508301716176438813807924839852729715893994859662313974187951583258335464996810812,0,-29594753012431810550829525977211443642014986688838664313892413122331682697300866708447605437047579448509558798603029130563221749985310687718372235753710500234502469915125612910517881887764727668686410420830796273235911774051220502483046485571485082447494339631109097029351576561469024431140372119148076208709302703247690898375298242805688166269753373123519471640124323844559519137956332511473024308202098662925491004419547463923342765863174788184460187407243689699045403172833698978623309236242250115517732783630929396051244962396896842309055442596095019980035289777725854848919153520970988209763641630051076951944860480072210426834148687438953172,0,202403765077824798858781246697077640892134007052450667856787941337928017941853902322426578119895684387737781772855725853025094570208150104169507989999563544046097210692468904094787289861427670566379763423208480804926206572201835516514537109800920434772160307173106837251570876927599539129161871569761632880679798428345289891525299019380335710656108791831618415558072194158859955648916109230243024736091442527463182416934746017782620878809263301272260401877373649648444890382862481208934277104184914686514800250507307806136448003928063187614504605520373376467059249093943698433,0,-941652205120547635371355434253323147795488989124749404937677846020344325392085988726231276268099365429516889024364871287616035413082127771198404586892423195899857659252234031102731422714969203266440091188244277903211548777926474571535648135364435932771609482706013820106788112397599189298713640832796707001524076304807257151325960518233642131321311618958124867916016062342846575307784932686056331752233024849079310142152851170570340985648160813291394410000579214412244329615467206264569612478735756674828,0,3070097140684691625892016497163663917910599771360055137706621423282372746720794294248607367253501095421819938956856062548282550424614161185766186211085717741388380519756425285957692507421546419183943008324328038603118395655536470901022411318153738490555085853032887468763871050531699551371310103476032928821124366790078978865116745448155299165632832777982399820131832696447272514805355302082000068829971107398898462144912571636524878,0,-7114107537311464376949653752327328515032650483868136586389893926075312780978509408961279442236612358100491660631754014248575646135137495705728930797345285427287192099796091160076057360968360568596250925201365454323300424914521452961439562467041569918411428848227927165090183429374002942014005354878271224737549808343309362076610929303588149263498619101363387316,0,11704353752712891133119103383398063932946038804625260202074206781308078519800584992396756126957252240301022828315848537880507729841337880989159991537594792711329499366409244844059325391864685155329326746689571632708345508519341320526002789174614561253237996765618279865961497035435201855275,0,-13419457374420621430237471150888557714922719182381848660560553161874289228632747087637018305865117970557674681976289366339792402572339043401421725013261691340415048894339852371340841293599526550861520969262502573191680,0,10247511563551229985018145945734986316465129159862512311761618780895735363653959321708065461434881460597465897541613401389261923417798868641836254,0,-4717221383882518735002667410705473959171069291861695248595026818352956944,0,1 # helix4 r=0
55433588208105181963122157188992372664661433404325994467817811742833345623290674163242637076247451161127295849908427980907148138018464258416878326241733413472902120375405140197950246465715082423400882918084369806993491239874720889323651164829216212830980502522091745069042663694950985247730294395519352394027772898712749243167849550912831685245439678480893463423683345160221857405943695873314503638141329448129046930207621135812130866724747350382710742340585222621854218969154357996252730859001634102747562445232560636247557963410032183373007833655035600461944694033839532607467258821984707100482207744,0,4059912252750834436531286357791322385893076049991814524739975128449840138003150168520874418183143494225019199802749555265977946580790935623437502029921916292007728643267621310600731770604072027560345491270416155612499315237705241755076395362855200535853116225720740720339259178775489789024997402212869431276675733442304361783668466986832202351107280184319705783037382983705414514565644675168333221311402749831490492771903218811151183057826097649666537528756158361370340265351453532386283634854538731435435927084273282091378207216432148621560432677617664,0,143389753273603811439404218668736444326267852192935913559158657860528103656195315916970750314801584785849707162657781260873749830804983131668312649462102317937543047898084402929901974383225293683168659668631518536052987286946459431312942636774788410060839944293690602748410196659535070353439526750965409505063170496816018398028457533403958030229787185476038743628594912067828966428876065655541239432030271676244621772255642701861464817128023871584047817171108300468042906973984349812802580339992404426752,0,3217178826046748061002546226006746331953692912591940573898378637282002402815909872644591891897892412379405448316325587840888086258634192588278478199582793901068782598919495584232254099735640944088085584727785480942592073631212346875160895956120797171519437685721742322141191812344589201634306959864376423988728876476495723773428002626729350756521557596487612542193273482078935536121474693963390940076196993773491214141511237650794033770181705099013783552,0,50680323562873401472984912687070759071500904038227198389406073062789360934275384977349742374869099346093457450820204405970079808049704720530372216150412105224685415397557351720721612410999034805063741529259509118880121610776272786148192888844681045180093231112133612046675808381930966860980301118687149293486970823749752224384379254109329891214873863086267933435549979606858353406918527265624753591812096,0,586070809965775573505729764695721797856427694089930664347642888323639062254323386962220457740719725535815580082564367590743792719496570963798130010027476816525987971718938723253866656545703553895207510018104241683394350206530239604578684178146534723043559937447885821402391962578021529597136990010943328067890699379929161863418688519465228653249966374912,0,5064625465779162739201118815384042243870946923340375951823961591932418035484892000000650854353457483278678451424071240226325805784102213124492319057934505220070701954545614213338264403842413983646589520424293355729284013547329630153713596995973468626687951624041471515612823176930452288210223017521840128,0,32698265201751011206538858115915080366954835675074468365361946196822136537863636923922859097263210849887785245742830836914283092518753981791891806100752429386684592292989767077737027103260882934209230077532934235370149374346447011464657223554037266251776,0,155286011607400995476859026496638238214185401630286893331396256116572291807568226904150588603237872952562457795091808432837760477738501390961626119742412875521286235595948291583516727108010504315557904384,0,525126327902017350798345514274734320423317438771038407508589879316491864177832556935322020627788351972917642510977061066815114972798055559709240454021120,0,1192721376253876939934948189937122046032271178750308870273427800703523158162774721840147350267656929280,0,1625088401430239803382355306745084462759011642507264,0,1 # helix4 r=0
9881239399764572412022600914662882022506225766907617275291062203134761684011533032988713555870727145813256011677454314706424647714288039261200618248295951909983299427344929676936735347147426623245257275371031864958180693905184675197090071845954546874130367964506487484080544423764511497763982378999256703136146009721175532543884372841206820902283071308227680938833609619726978615037916583917474472593975477337097043218591850640485305653936652010793257363024279451043832077725508423606233845762548052955442263609639196160483160794346930810182136546879353285617116714912263550348894882394344525040357936077064608480035170471825176425965523298797006030608779867310914655140044474820069853565564602121649449910429213294722865847018285389888060061082570281975330652936671100808161766989547518152742820380672,0,-17321506227470122369802085138139282938952366038269369819854317440888663413648909474213634857687452974221050349908052923441249937747747222079920918034667379019945101260613230980230561476018553767349803100106737275077899499689116365862100790388823341551728224471876831588642896557891721388479537437401618694086151127035796245397193004133675616238667641479265959826091168696008979222763706266675638042804441746856951357506524329425190961483306582598837163315180118041912247296814975183900258136395413286596197845205810352193982402568665155596800358608425923060437582737646078534640566061317818107676736544304785228546083010287733089776050798672009233441872356168905713519638121323308281883783806590302746023148340192149738320500892079489024,0,13945705287340394334728638629821631315275174165672589365413269450454835715763572992555379789021413152161819159255838910868400992152639985802094303562221580834723878197010428557140412485907715164193487022902721500594955436392311649996681047175056328310437008068851168274432169402693478441081958303148159097177174306082282672070818203930295555968833171172128174599957332813650355742168152422473548680433627264636888892171767379263453559482384568764983069747352813859450136027535028609514628371074821086771319991552968162138601581640648943890950362629333885354229095038493454368518806264931744518004699671200492326542324614392056112079246636275532847601470841062067271630848,0,-6817906882071412474277482187700997085008651014131278597409399148641144968332658461963508193863752659546582097165090884232587312809304126181737397313353221689389524993462136843738091524000216104772359440448233846622733480930747253306475356296658731775144097100727631234291772839439824926198167279847724212973723423463855023694851359178773600751556134336566663614843847146767675080997139756563930102816821311972935480991294100519733340217508412523390177862830026018723616264012036966620768143942181030486194411432277053594598920269425619261576073592654791693364674234461228852758801990220949104177425940480,0,2253667597231964357749465143185637788620529438347008953173701626424217784634606430972170638353612843932339534109033899768645074994054405928786194220150895917408397732272833662753677701857481256584171552312134920939491998864455450323329302246647717325170934257489098083047020339227004447618368704985993676727840157114610227189347231152094561080296665449344379832790577400662810849203345997028051027185512821867253765168310205341137222037545787126201154061361906825482710992440354658590299632925015320800899835320515304899974212146681610240,0,-530432019754799341059489251236404146073890344186428260877136090937451417727708356125742767076687539696631215737920746365368639817782409153797428009736647835907330043562481792825736929672782893445661777731886781362921532821790290502509367850893102583416489369493602771182495878964731463843477123055571798411661311407327766605465075668592365288364910634828268212560005109384820144819789646141120037835441480195614667826321521834348855117076818515486173641956467929056804864,0,91110437166680787666655747172907958103191453144053140708856677711228037181949570104940916157959613281161902221109135294049364844551809676733998664130322098875612290262157597454299686216294397314485782470000982810608685170603303059316662058209958493244158436042251413275043548253842466999553288564017827045921747937889309640200574797181862047788428684180839308708912966457059205290783402298640012412977152,0,-11502169936011077762850901867991581073937792682120098560442538196837255550258540944031141041254397445970715533812309426198479542892969563893909921260666763508120694501376792925037668743802636357582153092670457917222572902277519479956304769846968328851643676067138290296712975308785487962209662227802028552823331357997084424810524355592192,0,1058737303154957778892865507407008875946133200545825116220043595761149386047896299632787761794508368786419542629145781212314307939111002073861718497301362102900377181449192774097175785313375437311526490053705176634430210790540083313052067484355184018272956568192921108480,0,-69268888919852420628225266721208835832915777561399394134708544604581381606423763590916470164182910860000242237635778795806640159547763641466739918151475346536722983457914851395378515701838971005996892160,0,3056920485326044180672137403364288685398753751504339792136794115168356817590122609755751374257966471045127709533902165399811222256222208,0,-81695844635675838196620380832125092190192873181003817232577784184832,0,1 # helix4 r=0
673502576829105280855929250838560904688752711903609036037418125085192408572150066557032028865000259387682479781332180985245474327149177568650914167177861000270446592,0,-97813641898396353368133039044445585160838042920043074934219663824629866980243056732100789171817530244714950983021334483134712234019755887811675677523968,0,16830167343208516749701533144393250580097147852427351157956886971603145550354174859275100936717050794680134177158730050861623317788931129344,0,827670974806699756404153747141802878501496692663254099761157948023349110782210223595865526119993564387380325219895884271058944,0,35699466241410998908904625991808975181935593958472208246215916096386287876708639853931426488733133841069898727424,0,550811398222382148310021543070873469264358733131799069065084290740383048533787990220350143816794112,0,10290164099747373365900600194951074072180027418136157814093176962124354773317515739136,0,15673035987390730462075964271254949795839363263552096139228297287434240,0,1273396040866836508485433058286560425472699017940044873728,0,-2248756021797021835797711093212840225406976,0,70330468481900666867706494976,0,52776558133248,0,1 # helix4 r=0
35402868134511445588563043772507184268947242905887986599983892413144381802758283967133245787936051119574182565009266499381226424164655811513949430866847730163649463429965846326486984948099171307183117057640394963616636085051104812995482941893126666161675611735325402329971050253292754501387819197278850797132113477119786677127399946078364759589607809242703181331143722317572387087005949549621425327748307086574046311853808731664633260948795144399571707701251486984561819524464271813505286866938472024070457860259592258092460029535548436056136445985622731863357270176989,0,-1866351209837658560928944836298563380665977677293432190925972564867242205940702705507217439107946668669823255634581253744938255750704184803378753439740841571826284782275355767181634260983351328524992065533168312989288023654728364684304010083335548231837639831571037303379227784291368862726813373354179483887411571952906887732581037205597364809625197771687108484979699975484964407342893638365540175856377485910598614645203973626710516267943213993135842235127226862160090447908122778614217310953863679172721721271872058886930,0,45826299250808814453563486508623756525423209342223494040133587545330236883871137313446192854005658851580995933709927188948216726424583168010577127920582483584522278697934025368344227621138685749817769861651187361142740220998705483651896953218292796900347150650224588450817089715048244933054962033745786864192816268326744058166323278950969531174247873884190390330377953426891178099034240703506305129797860580033060099881099515051265843283525293489644250089075839046236611348825,0,-652924693197472749973078365538444585730991042837732836572107115414364304338772812772461413752475160949323631212446465103335256636484813785795317375764435279896128431894101774469562797090175936687352666443325202843881458982577590925263432500046068565668032039190941906552534014907420776411502832360886095255203339570283468274453730967862198471615437592087484113995330538697001278804456380563981438708892229532181080274856405870644,0,6095705756853678760496763595947590826702803564114224684144892127460553478392608295233912018275542700445306911657778425714380730246255066818125428055471292540224632783016947062770078154031969835881328447064446880643076322675732044578071718114115208426703180386441845904545008080297295982499590247786907865453529811923330669732466069908730473510177199641284199900230575293707366744926,0,-39786116153153482445395173663859063897776007944472005386188178526488719276156072085744909436353061727832366142367708306729296775690018559025111318231151245256760970127421134953032108369451285848398915250459362989383129502252675507322801706056347713704263425974829437514092938234778121186862704101462598415181999784426324494790574731088,0,187917438815566658235063353038805883784171466425354453163145816561763843174715554816001189617165936220479795872169808933137895069450787964059031522722900361091586551412522532551666991641065088929478899200329629376079861687290697182545660001700484731949007979983777771627655793557781769327,0,-651458903926496328832349627787520961713294309172390926621019196023147387363774233487358202662439058419255957837776354339005039748247976832811792072652111166560653549786030393832010016878827776518694683511502694213950738230881739348307619534,0,1653316434574158273316373120626306068877323626192668074118539812800243003222271055604224796984762516817499380333928616581935642723671764763354311011316915002216666698626009979584084417732587448,0,-3006648214316451512004660640693548130287766100541953605522058671679475762829553869383928659342122944966554168858275088901208992929222132188429564,0,3729264235931562159298689642528755041343181812775931500600219971645541151916092319721106300281333,0,-2836732569627532505897738426301319952397055637460,0,1 # helix4 r=0
707854402347190799710111922216606686927103305993937617813653478499022716209553954045380420041031784385343635018131324734865008668643655680486694138971620398716045981762630879591847635475868602240221070945761652353442905843602168229025140092931697272034101209028659288968661157478204619360812488038178999022672955067037079063851614868926859688355491214787758195849618357173566340754383582376678350786546415473844969945658865189768468620110205045873518222529843616741377121826073121512855992247649570658953748648089572422218996913659854679642648883450019038047083993918289151188811153635029862636080566447334123391821618277889,0,-264172397637069497102167869179327428316786837220557780345858724405663903217473731328150793137350170076753377066744391845459328374775180051460977873385575920286816788266797348768930535367864008414865181081082480656928854693477807397187391722325629490129709377159027951870506612559031635241022418799584906781581757141005648835344498304650173963425234098430399883253861549358806974245957750478352975824055396300549046449920757133051693964418683987616405510443203819310336543222793202391291395905761505702144475445025148825298723066837737431909080579313791650773718743940915864,0,150553731871882953265678957662366357493683595172970178743846846289124653170499098861753409041952160756858548462487830873112926349186978107270646091616252488456074959129797104609928159638492303804296434929922929048602393836527434819304418204903168205914723452867078213006384217849566496924131860021666282700308000783604822830004913419876129906830774445763497225042304061161297764865171459610385775535236288052560441714668334944197833483875176443769432952175160930276237466814793895611815423125717584479443400053447258745048,0,-100400956158769230215119464108562771991947428220952543724660561518804961695254571379845778130405738106172894583477695101416727217532247659018794883656404362456240720378398825309872465642213329840622899035556170363866623394127602334601267919388267988440213260694295520012566079877350920018384195551985857481181497098215840050676816271170663687963075089030709589904086998663097841029418353145860637311450239464671573691282287557642667466598898352014393408353091445698969140,0,36848435189876170510953155406093768525686847889919003240764098612825346880965825021042417642999198605337071039029614616096253568291056969337038385873272643948793189254515818286675851184363093949097235895442236870414059845263977790695267605802121816670079094236213389517875295987890357414973271894446847159046144480022146890245183435878637957983601522863979844380354684150534222308059851347149296149596106838470433530808,0,-7960421277551619780051766366875536817871965953643006704098822288283400794710510672018864582281765289555252772045208627489585810858015142379592179320933913043800569407729775181400266163918574651507204819804493270569033054778739713414165846005465794314397485363194151876854909016787606914063307568521792298862217703715228958099719025843950756042338206228711352019003706,0,1106479573754448339811028067780817407742819687910426938192000423098011860006540684301365747776442874664628345303836175938648039829120913092590356666358190285758520471673168037279508088234676914781006489051286029482967183204486113740768321439946547802877956716493828313909310255660490363542008265802788237010741452074,0,-103672338568449541659524851792566629572722195135492878627620300834250515576070589395872495939267495717687575682800328932886672450857258878077555439122803531040688644883912032465208790238391525919749444462142025819546226739102542600464298577233910446335089900262476,0,6650980839987644129844269374824976588570996422859473097761701390226123696078974798263070843559745913057667549102881784896940261403475971754634822345514316064709925081730582112932934758879757738638151749330499812,0,-289099941569890679516087085257191173247054797179037571734928949377111955937364275966468305818792857362469198965022892656653947078831766355985361907297121051316,0,8160736047175030419604216124787129180611766654536904217444489392171476171196652760111256031659386215350921,0,-135237985914681383533252285271542875961836699008124582,0,1 # helix4 r=0
29781637576517304785944778542163810666002410967116500409913742347160429128817030976321892778379616435177616464510118980607097474258087873436030953740295024421028369858851868211718975001855721893444981166103291543899354819743618637816959666458883599871810532013046757765479209118376902007162889010940065269539303554561781579994571198492767690476942526303958405350024043860350730044474569616070568785131654257481749572169606454257465822304491171435403838875955007728745662455509471102082784959554190376547902372832973680819192669524070003308134231800122766663335774110028029493248,0,458301506221612387203739903265745871142744893209107101305992503817397432599859027279713711471673129716233239443876450358349207067567170880501723011585868502663832999272209701769125141751066529458497441582374638236836756470224930330346456552769704742039694638955736434959704627119993531121839458457927761344692942689623216259521930945050404909010882721257925650764974060028203545346858629769780701109948108601049283400582875561156860799374535190664157428797676647457752001914628665126050171759799667279676566437726865697997324288000,0,1270786380094780366650392366606652515709885396656604948662547404325726877025698179096017868076286867427165356833339003774108534475393813852025137364054481659477049855138628945972702726287233898722357182645252499878041784701277850649059019700617044757200354850513153428150813867564749154855066173127424430014318486096978695496287460369512260049591536274364419241187987122990672505233009075395372401448506338222712814525822015748520919622808629333457695925625775487917046732932843044864,0,-410056855020671960544100168132274996229533770518923787735979660508524701659631215324922524390985819001325993090611339919743340731847712197306324561638913421124138633856892084360735648216752866337217022650068654311433693954546379707215051044225195257439676969593939153887022254019278243532367266238766760447653206106956354024636371892665442473289191407750518249034320963350637155267546679720176166576850840534825769372330715373295894528,0,30020907627780374914999771019153948345380418971716831281151835817390328203854318980669959000371286886623861122226672190766111670172120455169276567069753904500136568650019917683585861743363214887825841403010804361281028073191188374626022794515554686174623571624945410731802559007376842667852150000549941462904107742222061156026576128248493860776945797962925794201059672232661700275926466560,0,-30237223273317359458231260092154033669162669862656662395724311895055089473642660256516240145533523623389923432379205458560853665538761577944102942214459181912617919742810492252615783649800069905498059652616107430806512244154243202933652859709574705885447301639123243452397624358803909674474230617009617787393041073872624269184892301857521664,0,122835043497864361149472755981251835061539235599670663329387367889629839050288125457704306768411459357979440649964124803234176064181608506639806287188930145246751871654117183770721000778253854940537081249482349883621307158360489685060758338604797418911336886522144762475240269399991318340435968,0,14695588762869757738321024502775558899000005264261161570743021509564101109000137714572729725162135571803408119365571946621267605727081816119797371427019022266390261962184950855525662071129119944243184322791380074024660124102014541871336411627520,0,-4743684092482065763624631238508425949020147090113380359914413929420752934242759243118715756265574802046151133623196761865357769790090754453813793143854791690778347627114366306597431288668515991552,0,-1015211180660704012468033509644343994431242254911021441466693169737904629078299009059220742547887088053279545342404338095552474612088372387563700224,0,49220186816196149831813121404726349319615662611091362501261680761354368145080308461251969075380224,0,18385020540262116784528053521551417139884531384320,0,1 # helix4 r=0
48051795030425718305477276985381114755231860932756815699569298995312229767657670169376884960271519110937393753520428559479814808508826803623161840460505681302453747712,0,-6981175635580231134915347415061795723234663657133859147796379281751779213245483884267390275626669275653886213487189074281394136529203878403411825232183296,0,590877348252048543159580676508741991324645092007409150919033178188225448905318861550957592648507192133151209424827732704732642739155688751104,0,-38821393646395670827621119593853548046314558165747720438384492186488625445042585296673372659670592592778026192164097807135801344,0,995363628923036605350891458028466096093333829959993963074258870522050266066196933284753560594250638363155496960000,0,7182254923157518655691998216906434279389328414838069181875279676891067470508787490744542665491087360,0,159868547645536461499338715116569488081656331847728956388614587890332290080602278854656,0,-549741476999204655175877962076858921046704659282678457242643687773569024,0,2350422383339273171436349896553628718371595489913765625856,0,-1725061459105697540527577572375348947976192,0,35049177362267329033081454592,0,52776558133248,0,1 # helix4 r=0
399018849093946483719487254932718690008535922660568085116531252436057992480069041358313029361815487204695496217350396101260780482253329760997046756286678079543586930616063029709358097550377346512141131811711698432875255008988910011602277726566566954734462532500096926589281014573364258163658040965052710836259426192788234100608318363859575866863653223391558052171253780034680478347910754863190775413472486879899291934039088212797469422557726678729976503286069834071386891686737157345393366652931842008137115950146474560568022515347251,0,4131570183205892069229813725582153238135671043632308523952651863090883279973280520120014624149863605022264302772913828991467774925838339121105444419147243399251058359196742625827981402548238809480375970498104905243805252702204660998704293577373749640619694114743879313565323601869464425565011571348307972318219928485782069869389660398052936348076857043930878083985551645388614335174644241868896336420691066816694284438772595798817506047412424100288751478816044661744589802260984164443698623,0,23550816432844313272199162983037511005955513034247077299747211811276240140787936498293333497718510405652616092156240392261189009597978805569411077997794192064188121206147521852136601603815341851839640565258093085077552215181802078613795127431078546200644899325574719970919249683019343727937963908329999083631620096147238155265014218916682083321321675184587777142784390717457540596282837294233735270551971674014991938788065057477536824193755434871,0,168258484935852734040454218830617221758627571304593067896971191035620015756069021196435617895659348448868787503503050124756569150067681908975713432352556184765739305074830680042548269437015015605836557434350229474262717709421857535304050361129585940880718114239791141047916776567585434881163122021247175539545355415092136875867501436595588270715570364648489110745198875142105011780084764646724548604476,0,1227917792735766325813963996373995629646580239080170888021199172046406281370661144403563856918758639663287862819858798412515347902893353192169091256489569052673533616867689913992013558847481305201344437018621191670733313633027757811452285070688946981903328593586591831873483225042244076250831124342428836060465164623442548908706689608157393891620498317079826,0,4629476312093735639367511290028806834391896667271845724922088848741396260176531042416620120040285497949387043466258921518607648528855155422325499283499608515436001859826648185212422699120717882929437878587450276445451915925130539820772860453269554158345155325538831167268081194827727670276576595298921414103344723,0,9507165985277310583796639872199337160057909233087366110752371745102982259103567060226541827410976815383644490574933412939594521982946677334452527271433077293414260638314265188904050588374886779397798210177605806373183100565984958537442732871492326424158704355119703953,0,13426089405737153037446147045547806532415322072221026243655227832530182496079077462002551793621153621976074427937986515704818658025673170423499678632666221631227994532578673267003912971554710930920962476198636637654666437810,0,17227238754150534341610790349348277906183195459427085449199243179596216105505656559127900988014935403452508163698674941347098048444673693833244716126636625006041691006606104275120,0,25856366918728526085833464908364016997213270266424695487475450445068818840726225895909013835647889036026301002026287890893568287183467,0,100107420022256895172333770215873187202426740038734108157889657200770407781557633412790958,0,403417564491498269456162596512133625479739478,0,1 # helix4 r=0
13542496638803346009965998973048203640385881455475329883318195133693316960757971584346335126572493083033264717548521111684935925010300360282630936409604267902788281281214908546965016389673086795483529177562540284391521181977430381124378616419117174129595693149132780784862244134943052779938788364983585244438161451456617590324007001023755424095200699759984489406358071972672256348408522523112670064356491535434768091687650289084732003923604917154857376254163912413333606856798976,0,-24130982904371539912178574435046483608041441326425352000346621627618030605085604167407565858586355918856005065686693654451981054412405570742718637837274564753745964683670019217916135974391494509076952757780696096601036850314234715318184249933699544882890104853319609497436712809716171590957743309011393902596161836339447508752528174625881311052350719882675995252203419064427232423914789184142944862245072988278252950129516957713468421608576,0,19581154956241726223088012711861419883067595131948258110705865232473005845211180384065637032485056193827877520718753435191048934556788738010254331068363008466353313902569928383880381921261904797498385443634506789772433015471455203535686945363803188732048238310679578555693751246355600056774458927324199108584121414723189418268316644538572101324232305738414953656573529231007490175082641951233877086160,0,-9538793992946451690462859385442519869628599287798748932238359811857931939063825981732837000754928230248386708038287492578199371586888205419084653680759086851466283482577618657356904886347274286533628767144238371798479403704225422501017294640014984026271581597216489832980912612732144316255995756457319361076917373763087156679699152536492021121860096275335853024,0,3104414500994338285302378131511895815200311099219875933509976553154271359051487289994014370621420741415686134922991550027556582205506648093371500188642213124638257107671806863864582671933090898107302462275047560273901806501847731811879704740690804608283681798299261885763885354115883515082427867592403705379740826447150087,0,-711215280799837965257434508650441071581207089875132577313942746413149937699076785692180689566876609719699394230661364967010718485065955736850363540890912996464963132261652381899872351080645644603899748897979585050375030260369932348779327804415495231366131374816829512560142966538606,0,117626245150164335125270860275883699847574656203073048837009837483910635345557985406348676212961713857958315137250384713704231924150838582161840448764497157660537167194721517257304122675179016456401433575058411586634993491170243271950461652934,0,-14149748906379745920220914527293444327553360559814763783971377739719231388905021057046536746135807415036675730813433353867076059725920188972212346097372815714368103443094554515710742255873422559096770494,0,1230559635058382790768281527904848620368699166567531750053282456340467130975718111126943560416846347254495227761172496673313918748657299342842741845503713335914000,0,-75848601437722972962759175208187619312271609067848602861543256330172876599972457779283447789029601549684022270814143158234,0,3176690577793192315036376740151951497868259901060054887777448559412113534675518290,0,-81967142758444419456088605204716691205866,0,1 # helix4 r=0
54654083723564456557333284,0,134642956117869767955721752,0,147544714999375065336051864,0,93599200927055088410548068,0,37587330121385651563020060,0,9807072070672472186504556,0,1629945016079316741276186,0,158463897636814681057344,0,6926478512754290050254,0,219733362556360014,0,17339282567040,0,6376614,0,1 # helix4 r=0
25294090179557503076103315890265168127007033156497737009405968581829187450750930708020059766015061806729638130774690510530485906222987684276716471007994349089371284487955183269577979646781844030092602608355235811262236637042677611600512248525600709615583207372399217240206228310689267637962119899517805706867167792557854725289006580400238194337302004430403122865338327634726925484932050956266464689508691213143768719295668012857675388093748840277548769578417318645905288121031367493087,0,3238151193186474334110462190646134891269551772730413346102644631667759801625140704036372005508308592452798112893420467615756259993848083230039541400077673122054363813568535043739623588858534663180516816434968381655369580914593210126464760615828225207685799593564003386476911221595202552633057953309194242335745818551452413172245859763097429863170966138359303637901127634691459781495647359298216194965280174165633232724819470855620028965672907874,0,124020141863147161357330529226324304262352286766518654581539778257171400271034949884279504139264877752650424632065230756842762660309119315533970971053139255424340871375450137738910425210206658526038904296692140552193147444578048552034539695271860279983050681965324589885987005057436935769811725112069775214613114863327672067486023129390818496527315533886317241714844355911348918315339252472799077108233708,0,2651444571508521706815339911216951349207461212379970610725566162457358205382400442735497826276282024665586650425073196763003907575212894201672783052897742863508560228067075923125885874489499643711617072858131710890604423426529146968402807748058685363264030102004245397652666375237016502834742722604564332232803614033272659795367817462926436947733772520572301377407,0,675914705622589765465603457986515863763838442280323436222157699555158327260660092006062976843881588721205522292040534635425766678383589549810970462043402664708085743419055658414756081715484630665959279190644986735231487151636325199401377725262838172211743523841868201730937057566900320459184176888443325745295494027228136366,0,45978773177319509150797838408829060868458483986893853203508859616791422112696052207334522173601106078787512652493376414962159512155635846116779219416145213465464071080327435723163143004161508421553895826694677074047122784917613960130556912784830934408056866250279374633160791772092689,0,2691969912613761249846430282363068754962722582620789572208125260576499761855741264395693661212058281135203057758151434683106393261322891947967436447477287152048424944924524238699119418274746423494586725791098617951681554424820980218040632261467,0,188988334454391570161897232220815744149366230492456926275223543321284516498716432947798158006983126501542342356218198920402374898275527869075642771635131254982094677026368587313778690432976064928943707516,0,11195084114900333866173906162659754538796392397050117969381455341062264898014736422228267633408691692931499227207619852221990789317013342327166778479005136513145920,0,384998695193887291566676119196596876597818608231640803598707054247571542990529300171982811444316559578485379927379697384693,0,9391845454254833396388794995274283446351114966280987121687859673744363426372060390,0,125566305828859035962690600606719671219993,0,1 # helix4 r=0
11870708046650265955821946778134292372421244755551004474271978472789341734712351923123747744836706909673632035406056765266946385912103506843834668462743806823280158144828805979311365552698963493060262065895261404024407042312215263323138924103309207756072039640611449712464258852325885762869070182312125627840488009373818253792297387382489484366025004490800471600343026959467126432602861897505468067318338770921554127338979672053124341974125811077061715551937031276270718592732730654598320365653068365329380811797618357452903023005774890038880485685805915973231,0,3755450460830670232054424659215880237342305883512757748738200040773802282071145388295331648535332449109865435681433284557282450449380786216461148893140457516863197759767546380752347680252575082072479245610150367195783177797307392372691477391026846034372009858133074631248749147593312264576029732969836583548295738023656704957420323196442635196782697525395007135716283385368237740008889867535632823604899435739226658307263510134101161214464828677023314487432957882486978830588999667562234436893974913628479345869872,0,546134307977240449860384837097660149836154792218971112927849685584849325741463230045856972592182828660969054895224440252583414881252201912142833365495010114723099039385715537724478165127028313100661151708024698079404935240289510943406407517189649626607862666733841971797943646927721256167655728745073588647664353037947614691573794975188395088021763374336887835715021703279203767221853622998907190566962630033624015292406836880595186616792707170017966159512413193974835,0,48127052889193682771441115871649574763416288558578288950859607065693335780998939162311235380241693006201679685724105440425530704413425853322495283151946435106913011374040206246256221077998464751592292299737235924119504297321493405078354806899130787279343508741464139168562820705661789930270065171482830307968070830533836318743458299930318073182065861700131423337027838402565999053885310015417378260842826285677807699306172,0,2855053010980651312172907306397935611576339749508033028935170118950533669629853788046348263437326208867704057120126443901662239576167006878587023753662010944606571290080078592565271867741414642134555625573846598640809190476985767149565454007843801665900167041150659796893178275567325000348450588674838732866095880964784144572590704694166158341498897875114220467219095589924185,0,119854974707148936526987120539213660065808134772116813085256583565957041605372349969548987986203840551183415680132729402259628031111869041490757526080366392548617049399295154400735169450972623331702712254090425977902403215342448621286166712030307620871570730614399943957227231949720309822051009020217978717883050348497096636891256,0,3643817744915390667807265518721141566927543421609832027308741454954318346129924328193891714426192056149893503181043854709150620912873265061443624401617030629787553816459831618135216856102523046200023398571528650317724957197954778834876658855160221564113394983821582842394381379475753,0,80692893476227244228451547297591067920674455146782447284696893529130497024695972345302347671432943126830036080325474674383295544198783458215558528558369046780896714808042796623225227495414977606505464153150212181003332659971622551999290,0,1289916985649946295707165818958284265109947962152751713227753527273730756074617978535247061399204526281335085714119475308948122140151149914574667445458322422771134333061318878103104441632864,0,14500278236942035931461720236057883892704954718423031166987981331484708158577941428884496704405147408841100801414135839180545348770351167388174,0,108763770546382191643739772858513941251286958657579597862108141833308263152466340139693406654116,0,489145009408682532552636419038390488568901793804,0,1 # helix4 r=0
37097064647117069637366080168702298030696254955623937803685920054768631635376593152649355353553843552091970681310350097400129813013032171760551218765699968215335750473330086336556879210129161476143014688572845613770431364510482155542973300519254181935106349617770984095641642750603264532619989268252970439126362850278312969673842324310184615078164999215289777262087796694598441393064936679202024189001311270176748408692371533652028128711492326193986899977270101274047598121629,0,-137401468492296258496661490570561645509479122287636519476866535606282367000839178818129231992436071878831128392800142645007566749689365007850057904669756857255153028705464116744584903266001379139007365911386940697894666154108804292775942247632980805967145573200524411412427592912584258872326721633262250219563056523765908017508329756734625003900834813643824379607847045273080276899257726072651292458770575124944076422264314816621925056784,0,212837131836989848218503542286960172296976798523353121129630864949481863653970614488573736650499462436761450041206603676677017702720147581061073692132381250273374385354349552666649184708667851619883298727668956524866624372543758454235302209242508118521381817293354194040806784595238062970048144683008496334817303943752808316243368048347868385175679688305023965167521608098242071659022132234542816604,0,-182473231710908728515438142186317275204118822572856799900704322799395855335834040525717215413631473007219805449400718847789494420055609240069817411572534333892070518008049474461467695017640797486366743639379673114758993536373079084715467378945850688383173036291120966193087423833496066208591316254626613344555243257620488367279645871648656227624566568496928540,0,99069088089793181319803335366171556899027461475972400982652239171537135838264714243269183239389289711762295104825261796702641921283899092146934900888331470073965222011332770057010547419864084631060746841477751699903832355529880268556058137329314204893654728891943624938562740044420968704389423895815057067573578422754256,0,-36530653345144482458684710444222395560466994312847328138540579911770667268956708597863352610542269251486995180643838930469382680704370126678237910195831634491518853464886562634158420109714688010902339028606118351497313175355388358885743607811385301372437990547339938728597045456392,0,9495880822684503117635144144376564193051529984867444696230708647029545033232801093455043667606298067157788633553765777142398232699607873037112353905122909701871652464769782620557530765626746753671009168703108629598676531728955588002239642866,0,-1769844113298037571028828264993145122009539261697967820557980532683467176123314479495947809437096227543072945928291043898448034464565589338267837600837570357225312988745278477284079469353832480464326528,0,236805023083683832982434005671389701699292630278129048891997169296622647857683746898026776164510554879292177827714185165390069017888162451706620106527086337635724,0,-22368446402424688139518472338536971848777194864476845505225091992529399615949759309181332511258585557933257342757172453428,0,1426506047585326869138059161459347966160276851773722612930200713959700000983764960,0,-55475210594564022339986158700492556568560,0,1 # helix4 r=0
226041954627336665101118691939996680660357343144005768879569247036345657328467242898876696123205408361219946034142165075291182749801376138854042958167131214956928651648784647136977646980161720902764074839367571787926110431083852268627742906678402232640221002848766121289096833789176236189597318496741173096519723041655002626658423316239157291185576801937881038603773099933588694438211213642645377647027612497778464600334203625812024348387221989446451537071425090113898717944320936914670204986341591569378940554982147765308598864503839752708853357239656766485345785534804424593933886999077421254314528329512703308542182125994179752327204658853910495057266068595936461815175340536485685017314244378287234786749603042232007704774718599255879082851984681560424113995505558804742836257433197002868188180121749774508422078368019514813286171,0,816822709067210893879215176641664275729446883459394389318021422354545605990662233259236296006151735754807527137378256063705898091647823888530713678150588964732170604123567434480917656545211524827542054565338180877059264022142147460500429671232990626861570348771949100919559482355537449111825025366612155390906736274833533678660084790218064029506939953463293418445081166919413010295359004841389130946562544644159178736409535553819212308493366861235631865727120818622820821791115448645136851112714511332993262268890880042990301323817411517631539287502668763159688112348869111099772935980383160488694170493259752588328260744572794231694128687121416693864167830078509568350686688718175661940599156603778825834674947592963253288414680248333579952249656849211296608449452,0,1494553733426318575453147736556742178273729183535762262376644393679803942106348119220595894924049224003837064661235297598187827341154518199666885108503796377938110610247444210014202891608130398157387690883380196727226366629934281992795967700072928891148732253040883171767494268170759370273602788027766935598855525210263903239804716976107840946333141662684331173323267401359567067764280125616922236235890353692288453856449190493916527391794804250646913642441638729591839759378132452281746911426066635328656352293184473738415533082220114714595301193232419358831241777525317262034132525076060497308252830585184766806920781918055481076470564100926629436174462947017154060177981608704319373823209847339,0,1740824423111866501319078055005913137134651405697574602194429648345505468109388848137726844149230473635310565324876872704408332251618635945560115235541884017670612718802710508262148189630463271211875707739577057009090141542303987049385311985388053111345953562956427089008236856206795487685477693602828710952051582300157279297580530865097529728434971441462811972885322243862161046618490315037318517408776678941665126531396532111625908377743872416716304606584043093569454219141163217421259249069513473270366193633127510757069308039759596382221503316306224302509355471673003291169160093040118280926575042825268252775049706056667144,0,1407503226894058841574674931736155043829910138048095101195571625297873662410406707456867372297629551042536695536849526987268084287664658624697897940939277700026094203986402055768040696871162385139670163267026123469180180065839046424531877657409519088999481970436738551889515703405983159533873699464409397843189489856871404270678223287326948667255379292498648782528745923503174246130806238072379548231300162497163244238791181357002881871182601030326953021134043711252095329517137354223309093061989847833501634690646610101250368384041955844864321735100410148970,0,824218410622747098900856254632381567281762894465495286734085358987728336885349680974228843406835371641874784200747489999643109187702712333910914072438305033701130584191620083684605086343932033933320207436805439865708036870106709933822253441528639041837772426491953080656384480747253437645824099360017013432093403176872734180183431836974016727218342631373490730452178960897355195518959246568565676288970324953440102910860448436985162655404368746752097869610388976304490606253417716785789886,0,356012240816982740852411161141858404197258951189793820305692438404022506722456157292557732652159128857584645460544623257642007501481441634825183923315929603970181709014949564476356943444094392307931572163922048338537352369339639560119224247383777594128090517876817503055694795283456969073138559712203024010306616434041825356890827231850689009589693640211121053613206263367944422986501881475236784030265611519941921509636,0,113617517893198669655637244886745001959953214479050590268579686617557248592111195428729816547431678123199286115575942053189612756377800516814927844526506542488748798715472645712985867569797144567649482009660668995838105588854185241454961729886714395474527034855032772646028199235245825501872735900174949651001453309810142740457280538814930981200324060,0,26466060613788297505332800520836671134727060900584390097550262098060427461756066495748887862048839798706452841237084589304125745901178711029147540807680392668820151792884730208584155636809514762728286606620058466092853146806058190922188925415278082703948627509209685289259196033122,0,4374945965883771394207195423312259891326754577668962262194688093939310586284044631784714547554362877504722044196421884859264949959718665184870238442288110405902428487091851025258854531044208787734889608539260382,0,486374712171342455809199369321598967531196483745795940754713984431240899657779131487566605467543032798040418229671211914600613953838378632448,0,32636809285660489027795837527520856521495626515547659522462083935005232,0,1 # helix4 r=0
20921904142263559553777194724374941765068317573735217575139747637050098299507177939538195658315287231958409835214909085391579868778600895100725622001626731589417441910556546169891254526796265320963837507051537032850911733457661623,0,3731582220060537816105386028140060495313932833007366190072937567058160191639847229458326368225118164918435939668885784893740647537844244080758567414049168258537866045625803248549975344874430333856558798753946699,0,1108231962790741615849180230956583171442742129098184536253512490330715722048007763521196751378177394817965004131786982216992417678195836629437560153370793105413216508325904387080058248263683024,0,163186538346356022147762565734612223705898167787912256585598135561608239536359733270668984243349759986552246843929096755545618854120061860753526207858747039762899281994514860,0,21027610627763998432761105610830267571845492255118578578427117621936125193084516837566019691532650577467930664780011160031190573831255559974746027294787551,0,2137354113369258266588790228553017637756354638351026922783773205791656239337000220128251383588964684355734506449524077574804415886159001,0,195161173933595364768108102037526160199343496307908270025316560912376811976376095127296308384024736293918464616344640,0,13911213571060234093984992358769034616609449462384345093404918090676689433102815228909847279233397,0,892779081320808747580738744340368383329719612743612206766116719665106266875553,0,44482799010202535122380267634827290327932830998678101656866,0,1781089242562241546654918519943395245647,0,55911580884255266415,0,1 # helix4 r=0
8079185946471013656990570775741306642545923157763728454263216902333881663343132327007307649257924578250731042907345304173212173358604320066057725687118888951594130171562561240641099137467044852033387452260305037481013989287101040038714667503163266830841277372522687046291293167680861321946015831458473640156455933037171360585765793917384408780394040356860018588491859421755391080348801695877030340306928215130612108976033402932970402879061350815592379886696576465014042322676087165677913912004531129383160083076666950836527156469299865999223312586379209738290236016412180818055741515213582471918216294729019182376866394995972014542172317223424887990421976549186582451664517598363117859707779996212520556837821734931871364207211442670457700043471833574365015340840620307746186327810504968176188684128287054210113867059546686359629287289167,0,-2829375468802010239358684137021075315092035419876886761460257786002188152630322042821944330114718810329645008685449283406785524958619471640477037754122150197258768589804265017000724191618336758485138799670792672285645323761577007695170084827427993502732848420528510947166000055925715584612964601448618494199363490886830349869220428081473925178906191787172706076614062101763457932021938750099794893705763134185321525562200893550611672048838035050708519246621490606131890239664566122294537692528059082305918502040500473953397538920483762190277863509769019186681804565470904583819518017533830448005200387985625509395174820057736695778631032101952993585186567310035977681101913447467394605355751944742052191392469437146910820014933902811771097035286658041982223252597227774,0,1983905632494337159402389132075763096418930850836948169057567622787002021537988516670396154031070767583756173144999211240533347873396277824290779920291375073979498076331020793901165069319709808770563569516716718030739452646218609968034657961761663810242656284023135070201608976684528944154331222556575366662366834379535890615492402643624953376605068879640924074665674920220073959117796692772540069542038579576016642388180979541415446919904009061949401519314312378051076532822874324441993991234911077326949376418077697536201663723916489343794176843674157684566618770333741326833354326187691976546294900168439271572266539065627803337848229230363066800818852368051091757693935846512450778580975639810999,0,-605959526080511507551442353574716411877245796426247162781059736686010059285827000155903995202234007326082382706166729236872990326050441749454350574646441167080210462301089903847364598265175152268331494317271031502055465861933086762764493205111989960527232567890227108821622105530664292997969924423386372226051751153773155404489923805329182615915383579435639548389763681420791347566326673218060757597821504567374614179846590495053260295174238207607150918286447160805270309419063662287520690563956814504306511870254377443062171049783956089114377670654892062500552831703023740901983867862285344392183908231904118223868121561547664232,0,194494469058406135339129336506664440299380344052480867223154295952445756842124736392570014768954800148970172748886844762019073070567715985773750165171088030581389005101700891299793080656344446247370256520879901877888249808774674908369507813903065956951526112531337639179849177724407226670334793951176607187273194289256782842291567242393945929560214719510163514795871757234448602672208695156481331312763666385167174250321119387255935706311466298639820278726233396095875443568878465952895547858048698361873475750479732513232352186003939169523179460646513644913628,0,-45526347089842494631547436301619341578197869621213437364201356322532396901275714819145808928246376991802809169239930587226499519062220676220558286420966081136697145063777871928095662146649824725770066682908600821263368916283588270610127254635466622358556567473445188114845060327413434411451991361308293278847906905995944983016679267957922645431453459637179339574592775948877199590005069541067651810471292755627792849547852804752393781744226940656885993009687194248386111613493913168780200390,0,9093153766617180991714386377913759834558287447860036106226698850808143283980741473517619371011358470995294571642373279234095552279132198950677190547713724106322902550412251809848565030225192717899955882547644929092885362276131577310091847669556685436806616191547204123003633221170475190183339891157843974940824912821396200127253354837402830700693761912007737769083556488377961684946370663219468598832834675373794620581605,0,-1474890498378483425745935417139775782329652385753678680706195823224566988257732963710093738667561917914003084930342218674698211591850257254433119774424300971751089773473984742232420551442563044472628454590466131369148494916853406119494377677639573908195196760135408510884598311385868028118685154374803939630447756195709169579392492915410942535756141838,0,187630572161319855978570328312000309853918074836861807348311300962348896848194996693466275237615369601021460688441926647818909984048744087248481991510613815788216383471441206691470513515232628556718471913615804485857700131842951966123236985089295221571587271969617945869173235798563,0,-18743524487379896960913759516906586405074194500940671790424654216105668042175448637297347980294543928157171227142349895134460530032629510380190349132206389340598837041375443327697369415361960162434358128140267356,0,1330278216242538939782051442877898350314595224787592249595941506960042966632437922808888662069628402926247003167762311373739017462902891135958,0,-55714412050505913886337021322272537721881161611846570004393473011665818,0,1 # helix4 r=0
6648519393272514842059758897335076392131485197424698782009360086091860196717873219753566449224286035434678621582002874398541406284950973485555978444275241855465847937354068410382744271003472739611292859437047625830580688729576317370665171087299125599897308560502780119846897616701226903278495824782334269500700376193278104322781426449861093693705979245142541413849784664869158888385586258320763096313824641151284901855879313379004545975340188267042315786907329900254849459872380576540951838382689863733794117485272331176898232718294010123359233490544979031196616672673476211230643919,0,5243562523921148402498550014959015456084580135748936971118410772708174581543229815050647484405120198474202364967641668955508893327097729190874849819240127470905593829442712225360421920806219484249872875266101970753551091587352378643475017167509362967381686857979933632218193838887117183653787074737059313873013212836675246712295214887060989833984043805002683750346092703024773563832519717806357021397551379590096918502411864591729869647522672325741687959379206159418871566460965196742023148979512561500717553713220251939396297355063712,0,6085288115356882352130817321990688144133756587910401946194242011427463806811975900968288001534622404862136257708615256960553047312803895793028707058617651364761385125627463797373497138574932868101371768674577077903665744708782776540670173375622488572520948224289611171603816711567467005504335302602591154231751571707351606863834781918646573107894790186755260443481282248148175160123337369730358957061748219627514673515022988825666504635662513745348945220754108692203260509614042702632885,0,3432765116142582655095117566994470640835912212249926168802125539373108260192550900518253438353485602688385697144218113975489461700413580114888746484985234992035282672539597364277096360899424216827609182513256129968465925976910448270781914490448931384300919628825050816733694316688224008290974950696339004256530077581479230683671834817715531645078812681490783998880525210924816214444246192758147367085286196134319813367997069148679821143935,0,2091638083321725136615755074610058573260990314382102905769230412197830468484627486972950603070255683424441360845139101438952626242684377634610833525645843792762860688921122901225286911314350369605417583300611005014693795602010684332392323164419092848516921983425600891663797588629356721253844042749152901237240054872387365588839584177327935723626062890539848618966504563250574220862812950429,0,819813077149997090260701103030036705816196771977827215918301710928025699413870002085573475276844753171127834420329494932578707718709232575015008615149155480051247760938097219760789297510148044088870389856196961648502314368956223725708835342999613810034922209652740435587302707847780052474127829334899028954180742019912353310465351408021885070,0,295707125753838843155458775925757683077721396108371781747982757368547998214053716555956538595382001335207104115185861550564446656668582145586426814585805103762937603465735440824193300993486452097535036424114171426471546699369856674587182264614571388847384314895950514817117207665458598278845641,0,79692192722119036600544395162097641038337143940779319746001538112945173881745268347660462239344192706291242030196387659624477686121047629548736750416426591538031875208044111482677542017016765241722409783579344584184068078702964371352057157653713,0,17826162538907620373115348016489042970515901349305437576966621270944693255240360930797552853538961640693386001940342138963527673390048067797647399645270328001941164518338394681706200294700419580057,0,3066314347189893888566657691014666134061269874432501677470980432097366310369586380813777050275314796213288279199787504102387228711885094096358742243,0,378893797978498799198525033511795988393105279340823633558183396556240249046013676721789544846065928,0,28236677925478546699175703456821719288853493411294,0,1 # helix4 r=0
4897840023098455591437250334618167525032991729833923601683530887853683684610124271606846359035259145851398011881904654464692931294782181478655755703479483570977903757045193922768523122066383476912223512242653885197427292563510856808053441173671554968072474235537085390712708651471265983351058987279670438365135124502758583832583266505154778585641780558758416678469739791613245720547159390854857178214447879729856963469330787493960075205505434704148270239010010073092421897731,0,4454990834559030591360039076224124387820054895511603561431601221442686607355972427045558755117334467207601722008425586033494381484989386724388266915988998647926505302663225363990041315135736993504455643903960820080031062340770613364832314569484186556301043593637237229483408322802609021468909445386890671178975936089322479836836042912909744650457374224266600159839747836213772359672550795929872179625170143852027332124944424251492288478,0,12473073678038237872330686176236798352463266808111101654538770434237077073813470988645919874323141066969872306335240094930221924846526659983906606682330043291519844961809183418391399226228398083423529483002131855017402288788511772337428556191725691718867192002708841079319942309540613881980363455675725959892240553595004347030123926494152527176594442423024088796239548927346797480979281452533571406,0,11956681725511492038482428555373389158657360497920219233517238032041678636682769632635651250610662097994059368218080856846769914012030301793296387065472926426554012295762963152094082114497901928230737606093582310814904193814382474219093590810499727211061151085837392829547485897854042108142514115499802740182650452380782081607047625555343522113895981015609463,0,6386943363065471450052141724818099179245610957456863249469876324223901157874490954223718122789701909406197803679315431033495202575676376306904847866463825234650906308700075391198847567774778267538014824236154041180872499075871574121977514232117284494116974897351985567608131780822680697684322783979687210082117567728358,0,2646368771184269082661953217805278012270062750763362799418565748566127247743001353030474377332079902244886688552870859669500654081721855735923901865825018460985666995944318382921492565459302612724918375116721728231570203927573762315096864601183009315994324353967543383856803523924,0,926763707805270252676286689675485200519011238865141565807071474364639308803472578519393265311795378948750223517871711844719901738163839358226773530040759019409841240377386799928486359350019143168802993666876247601230123086788256771859250051,0,253608919304781586865641485085785556571628732263131673908983702634720653984030404355758002850866151268832154340991623704248049663094709478595694099581109630088332236297788424444662571853706278837528182,0,50685917596912482511740345930929540130646006665017825171783137686717216484007383272971139072377362216629666868932050245287611380511427599633678373805044225150882,0,7104647716989805176951290517578360044641825943614203781648025812492617587322214074877732941460634900439654970313356976716,0,665540823109317855388412436746481276482720082268564243284102596586151075640080377,0,37851712990546239913505728557901347170700,0,1 # helix4 r=0
83179945757001077267145786904285327556420721782120574462550943204490384723394999840801991900444070180589367110565760280053916725292973809667522390770131042976695282791953014457020050660143885609427182490335677449665500760934275590759180325621475807600929422915519473584197469684547861733932026337160425161410127966094489337851570248512052987503743815908560415782847310713998225739865861664272099316950155556915986584524610127788590470768592993827723364966392401752548784349574497508038794967506826882855716772549581671004378959828894745188563941598420535437458632728145255583400392711117198295962603808939868898603207049211218895646465700993341760979060314883313072862334006443567182878154822145938564144675538282606809116736766701097694189653763699064517182755314249910103628484697435730730987552768,0,216499166002165953526016392500064692764524515426286811728382439732327063396239862503739336188478847355043475602533187829855124161052619935982593643054751046741837614783877354798484078955031702275135298465660327658826435764000363016398263699846149746594024282025734166283163297861031374657783360736728008593069780893894298760495313082493057354161764242428875270111423243821953151700495072454885323119293736695832204230246209268415310377864509319472434080522506880637105153791468927728398317757974480570739607897016496177022135440117977333850850430909686657916392359050785838531777970404776656497560659387284945623557275060716461724895306597030316793188383088166642796249391734356133824081118758368441008050180038976269011938629658869760,0,258499183411022827429118022812636885931935518785755957083516461546602263083151812657292797692038272993799862310303765265118370188365689412439224609511127133698939149311473926715662705390052046547329045420439308856891761903721780106752645530022455767694776968381680179699974303429014663262103152081101306467667400890565527384764004878816469736947206920925554179738105042945894803038845704391426763591246042264186459478004494658747731110987583122524152432995181145888064800869677565980337659011937090526414949703758753670859130941301045913259659558969361414327124420185141523217994383228892714997230988575994276480148993545087779303470963859952763010809770908597557919744,0,187268952052711289414109833780141276486789972968285366983255717128673705353275722579219766438917807783252390300326734565682295063048261810770870866450152937882774520568883353530448210942132759770509179230680816918303801364115081276679314795482994184894248967711196046595336350351059923698013359658823303202529723286788122921973319113276592940236167535689792678071377330371039679532880772212539948699147577719253321057483275466737857628568543672574445508576849739902054142561373629868258602546082029619318505260293511421414562435256478782109412245398309259580434136405898412516154364834177071153539973120,0,91698673915418461272855035465726240271672046959732997498293170456171976150583445113366752048570876481466358680462410421052641284313899248518781329378417188921479176649165085068628667289814533673083306008779876469125808737323589761651895793111785196805651366051776189451713079848058457096439967060654675625635820689461028096826709864615828258186813242450275121339588831694558662571032136683868278697016925237125931718627065074576463237963651733191836668532440741150325452556136081310731954833749186417913604658278419693034675084940279808,0,31979966714592357624818121983524833320632104803328077223550464602466585042441225321168532066982122841477554184943693322594476853592215966440481717673121428439104192605732524600480596735418757133709179731604765941099159296702870385505680795334849316640898668899168294178275758525960047960736552451424335014053376619012867450947655311990290013416100537967652729387208199210893947382817457417567081717354927167609254244414725080769174078213472735859820961065351098002309120,0,8146777868063061492831059274871849245930550765189619584335954222374637521806208312776365138733625698017394617235213617775491399892651502089532067680530528007783504161956136686791684439337856527701024136533161717153267236630366635170779158864779524792417303053843695858593336471837793342177032206449443760263771858000939649497483291413139836907813606673281883188957163706445288749022840291087213664403456,0,1527719164652028406225119764616421705493952543558412038309424242747713016754993487136072503256987991198951918691280493155330983704075665010921544072522350605639967613924784620546123389472312393972083392761742835227349414841978513924232885169682874419308775884613093149515248198426342444044457026090452063515991912198305899985052175958016,0,209333638107983179537744948185562846363146898083058191303164783646370523020507208640908823261982254299834161970629485198417990481262983018175462117800230826337316827902155798168973760364464784792605747123261252139756032102192261843298847243753905049676013268859319484416,0,20442805311685669282899151722737780404462144606057985630507167146260913637277295959228876767454752237958262639140436303132357624260740986393461419781029932348755452174406366056130844771194341922445459456,0,1350707397119492175921080275426239517596274169489507743990274835466870010542723656429904482834431583687342973908088528141337159855505408,0,54218857879109586559651427825849153040309998411137555196357721980928,0,1 # helix4 r=0
1636813505479699021466414106774566991573656278367180305154966194096667995971232225596444646551503916558683692789137216997020853971325386949094661029620500718322728362267290572123290180863305998609479739708204236209003052934601277516229004371514913106241001807942909217848614015550449703930691219202145754449699274171383862557139501849111630444558904934082789593469374293127944100860431945247403036857754048130683235202224249634712510139820145030323504128,0,173932533217663895768937766735510242986325086452751618712089672024305534341507185328298769206618134870062226979804240786225336262229664366969445908159321533633035712382359509198011897380060657404562329959974703021099950010613947407728486767039704508237761116144309995550551605181464652243032781162690633046094483530482727769707854659092465681948155127583121416212240758115488886264562393138557148346777540760008739328,0,8022241099262639973644330071617825981593149897523519997339006426801042552262431407553776589948506990294906905793653360507585271914991065617147991164261311218159205664902512932702183656664045173079221949037295624937210675452881243927975201049493774003285058467814997384947612232455003862726123006722573774476933352206777340930074854020364459699973332754279245327908298021556365184,0,196757353250014676219257172021531874355907842919967205692023865582326337661454819665705576582225722030504977287341922559348255411604986064775595077091060739061084314325230790625437813793039585243376037523400761798619394283136438460463163614953682363439170074412850979371197037925248828324697004781774590365450673126797369661023453777905869952,0,2117514502026769347518929637856690554456675540277954383946454161370228713340370742205562501579755601191710599235441879573406018784813092820663533211526603359247767686091507155271629191850422134156754585354779766424723616088974291748436874617909184857082621514626488906224326306066928142882056326732077968,0,-17951023559823299775695941550609751206298701239497334950147950088472411550996826038100510348833731770266975901623335050317854505591563372459419489059107612176314249281790983290191627991064258129065773664383622072618787987832299724694323584498025047547533689392065968,0,-962039481992596209368609771870609871236513184454840072875111036829324261224511030555279635192162605391056419688249326788570274021244827328143590656591180296722782921071873452599607393069179691544448413054211554889304416741670468,0,-13601483415937802655523410632351102936238911864559974451043961741112527604716237589722777939379451048016973888370770047960358040446287948703508362392745794929614429616003896969457092987926376,0,-33112848971749545454790223614174268513598088807437847190069348079762701004162334965480246068869529103263423397524978622592963670261728919549564856172919,0,2151848394774170067074494341051750128972405669544355252435520902621476455956862988037314245852400162246087381502482,0,41305103372766204984234318556234945566229666998401945371747700720959236023922,0,327572156398769489866396837913074851450,0,1 # helix4 r=0
83130556089414082255114574076053023406188625091657190728054897856528551326399394704906300710176276568597083403722335114677519353581203018201855414996022555456818727640756592563574720701867264390307204788519712769053837781769933863566611689728830444255636731408732279465689426248025717295386852105255144426438475125178213273461216242668887140991108350160226905529983091695405000825,0,440140594158755576869666298691321430912733859532306986856594152543810691367579340819832637090046718798663528496974752353203738231877940890550387670489567789053187124085181814277111132172010100695425607362534793157400069611400593597362014087034839795034442395818455583543607190306604568056791912439198609043665051124652241414262753616045911953653600,0,260109766071410038861688978531493879031315954233220803970872427323126212351655401670651061529878330487156252527633802848234070905947365870475960842282084874076002311177412258089609673301756977768166117000931215246233014485270360531567606499744409368035090028268446747944935885585819937349919709920103169515418186997621,0,4035385044892818531718789818446362088728126298582006570953612661429025347010073053933094562214197427352263210460499169794308815477292441980195432291685128146277441456411175026398658580115075179784557542781389937043174451547207067326785951253834620279412955168192117832873584602648828514,0,120171917320226598985450748443789820289359790299520527823905600201749111019319913657731755748845792536359972835926515152534320149628360248165541064139135682083168871416888896776044969253177079549711613682687457657782755092552889592402023950440302119099629,0,4807371227410580475108584687400402428339442074219215257326190610737034027632415429021022138486472590945898168032908277727992919704924823171110168872810750689567690175887143576010281018447917164156907979256202457669877909300,0,223424173948848137572312371111404435544279311513397571774493488264822569453119131427307972797184372598102301380640995139326895724638212976304413509747275045699800692130913977842083445514450090,0,1753853598786514053819391411665159858538081401235784957411101627400913703979457471548432214033607959013213758899793634557356154618600498773265812312432055256818,0,18214593633898459272574098140532645048891460405987279157586687744001845902222646043537665854989910488377534037912777387391829201,0,985606794120708883534286613023288022683596106498457098913106346185730082393056591815333902165106,0,24146701390849414012921878343264421486232032254244001615242152038,0,224271612351949419779746572028266,0,1 # helix4 r=0
2193055763275888666567979361204056486852500560836781596128316042154270284819417016630754148190790114498384332083645450956969998230354018063085102283864321810122154102625396195916961428383405679838335649904978202114591646486679950606035547784791835590495501175264816038273092550336108968061835082917490180129231718176410618519871210754009367421459100499124002710802042150325956855572465965217762048624205739611085078064933898437540775528440361915794425563754852440957378815941988382415947629715393641126893063901368319928684957144030016449902221665498248876900362544127211277670770249679306414541318079796108983644470312245273343432294089476535373849077771179050768380436274179253989181351474610522931902666088737242741508298565377597823559957628505540388593894632436004961726431762819723021661760177739200924540308691839181352075264,0,17470950174462431148289168890610978864026731112317217273269543690000927923467696132769954335643180524282504973727479006040475357071604156639320270335856853596697250463245095762810824467123100648398308354248434339385382264358410319781010421738148892874898724601334470910318139572296333829920154333078932574278318791821675035133215009741460087659174150314508830188956301093967374130428570892363379877212734082852850231590024623279224912389385024547843061420361534251798808537679987963510039233725046725756088364309134163316962325282185772605184997942114554883181497309319009411785935727740287434514336300972954054559700311664241431660285289224662037774841770169081479130065123450473766362704322562474383836368395788647390760644374200992155121319656039162375451967488,0,61731217276807938292634792167521500567664686002402965439160213241242428970424796084812388769773287162277698791861523441766993078121385291391581525869130846811093295087309271551529163618939609591241806410003196911547540544841765673618112736157579800257611260341422570808715335242832775748067949024809127930145165994761760210013081656428240469993479272773704675834790790477222142683615003951217653678227691783720209005585850135463245883341213476205250453692353724081414926648144113538670968255097637890080918010041762643142612395822888658281063905766629661789500756538175449470433723182962811519717170522914566411235650896166503505574027994731720611166780675729284421312987640317220176187403272192,0,123704846941511381969074841794717846745022969693973476472456837148481103588387130804759811207922466809336131394646168027817009960713397284610274511580550923958969863167994557003882378601651359708359676755211619669203769780399723644630472084169364736024594574759410265871630893185933516140027400938201104022470628305432050302257958649862331906256788616415022596065651276246391491045850273740630283052565041775192861638653500906541032357608256697978545282074423723083428052257037116279705678206715816291312602954542597837063826395918686686917590086313059408746546899233339116850113120431715614478547332805039605228203628031901696,0,155977469232366979052412622348828528948007745328549906426524126707803804669716890657135343979825063698094800882061727216759454375783358146497508833056297791593490579384165322656068215902730035061577564637924365973328525437747627097684170599059588581553271849704283457850865311719617344954902914748080336347064706519391425503190727995924622592168776530016953975664254571839003220484369762562859387358088875378657418518739165777089584673206381010164085234582631069896974872754098437737617440173361042648098386705330896430171319366581786455555852148952371560448,0,131784961953693664963069501853543982031094412565558846651283943123820764159423888926339845737060590932853162714299511853398854145534111088711059322552330565827361755465982761078213249725131967457129414914847616016357340887602199253094366872688720810539428109694934243223153536912132366511936858592177480788022156911716076305636937186007955021183125874664285795954776088265732312322329252459070132434774791343917890144879089458973133302797219699219422083380545245224765349334923170564538368,0,77706371760424315308175123122519669829672126505802339643508929864555281176522509261791613414809144940300714458837399262038031249196869580216201413200688458740898127339460147585417530160568879059706532690194305885766638894718777400361849226684263828773066015805541224406739161553101133986389497718524453350686584964384942623926050579183746150211654155363245100544749528222506103110857383649571193361767774067543773282304,0,32654272931438383918499139824277691088669229638268606124740723437183964598202328805715066263705909683656644703841829580665308241367759713577457477408391922095170540724103929052920632656002352035512625793500037647732840066390433754464073444586586231359275731045964867747102806479392891152768640200322699568129990864491692832125379304433465262291812352,0,9808609136723637755387029684367177905774748085126990360550409811548150658456704034044327628358891777802680854824787512132582801612154710871599232829188749107191377644039798520796692873516907927172954702231554610720821099390370835782640326656222080476322931910710478016000468975616,0,2070506117598135940047435218407706959390093031866840285970283657571432859735905212164227984903053835392608320429129776481176488491447829660200118208504377885036686593958370834854658079045674049091661351362756608,0,293457264400832077253583910286737652859705738865450594199708069582626349586908054508210983860963375241329293814113622409886126700577056358400,0,25216513242813159687123073969864160787509312597812290459543065736511488,0,1 # helix4 r=0
24394328035941840616948328445707602136789234786418396676452452652528079182419988648033060997645472150680165684677173583612188287951686239356156239041324525156796364995813927192300905473746143293989759821419957847641260627125461316244075033444691372727459017088579611724980808737194763482815986960138663835066043153563440603800537560900480184394188860030750485432037365530920104711462359063767387603805272977009599414207611976029575417028907721576662727138684477205200549396312191700047618732701761411031043266625934821132599413976762493250295742403330164411479496102126467318211374794751117286138499726915748643543452174900992467826396382030323701,0,358767138908763458287122163536176692279938424582433380090114417657977552396500529412689140332352400881974215889391645753183621051341256104706731993002978243015624699810248960960037184841938261364589838725903692082700667513723941720492130343887661604407948030043677246077110018737389013296158655469362880958600050556156723818014142295742031934856809928249196470966854578982295122704337737380974058013421795606422197839554088891653737399160518880678198079270682517063091934133745856669865109693711062133566661894215720704848655564936734074617025658186981826699644190222091104328699594301546274343,0,2607955814063396659225989725931549873502479778773959067512161010708455138885297577311782542090406092955454464605775128497939735031860457625770894117923865978971406328463763018571484208449117268728338098007846003404823292505714807190692998575405315559044065526997847218743002909768144526345678298414700258521527179737727457166339591299136302090753247914368110491856092852407292503868062010897032545998185649950688805729942787424759630571873303792518151942401209449120061110909437002987230787356901566133683687362976958549594546544150613400181,0,12041237171496592654564641529395576271246823984839055469757260073971769348463000147143728704494259877193984523059469569154282302542117013011271325765623365856068033497324503749889554895252150436479389996090720120990276677032185752312569246556340778108969587777994776870845117066863612934707720598981860937485372452074191802353091487271468357618672195560539709487766771379146693616945090728707605576643914807864506131805005997976322163310172374181159959257254895317184646413427081551818881,0,38844398349712978978342804127029990435357080106797664473038351743743208014264732967168551967726904129736675199958060386863069468567526024814354641566808401360666813010575736487633221776789619519925251150038406344802321038833175297906810718906998582722593033988871402459453130122837099320741087440947078673080878209801623186768390503253048426766621028209430457823601262215306077833021147325527720950913175469331845772714964848173715003,0,91168124627980125189505983151822159182244453592416528600424836668795483040209789350837980941846303652420536900298445227946387153372558849581604598848521704243564474443025367091128874689012671428155828432862505705777651010495515830565364362093260972320937041803758252877479607249763641002717611956159506463694256451582458341422298367640336901801249602607227487581968045717586104538,0,157943622245277448518804175220253791635324397664303483078638475650221962471507907749324168583536877879478859906414759548232656539177846441408520036427263917630471319232978283733523324666312988811631078210112054646992059855741675119201778937527758263194273710886009755435025295309991328902987198144678917010493080469421823652075,0,200815214846802647781814905878447451867187673095569430293008059693150562797634731995152689201215122063226041031211848589823782577226494361715623556005939015091555916095641182009320187800344663117113160459621563249569292789797294045452703384223704703262495481053027004668342,0,183054558756539200752107924418956499201629047509354667798215321328334029959687739723833357238492743222853093968703718183151632736603228467247036033676953748254572184976124239965724679471854472298680278798432108856883123,0,114149345014735132206314256399905514701182111669185344385981979045907915292865641969797647114271574236652261958006351941164295379370315384153827834166511195210100146,0,45423388181158639932723861678893363848911374413372975027311060380890527583799360378777391300831558272542624032,0,10277631803333921211500496987425988153162141146526694641,0,1 # helix4 r=0
266208564180059812696794143300103783047687996322922101946250413926656941151326253276969016676443166469960729989875316596961943848605420815582136298370761317171455113161991687906495358892308917766238041673386187579732083699080428369922618476560730060347576944121525835095915980336563496767393179020113513073669577474846435751960679620074795561643600526821115999123905205123159936805212902507869763153639701418545067343122198634759225658884,0,2259828987166196815693032138591612022594539422335431409370627698319178694031893422707186765949868336248606375900821796624391911722766815377185189075666027760892061624748520375974242059342164787154315171702054928772947299411732543195517810275960152866584004841922359426118489599547963608565271075670124568537147368277774794913481943983748867049691378556347236680643779924567544126503719825694095543828808,0,11241898600198029705904382881369633038026319088533685726767072573311050105148023111598262523543388319502360601577457271812484087050444124390561910601241296925559179225556246713650590063052934005862779740971380358839254402905018539060144326944518636922663289225182553165956812902925596881558469964478178321531888734474760262996081900392019848631380247243017287143901946,0,29160255393373037636538089446613282240016762962882264043287962822962470800664841284592074512101993206741994525342812627422384253240204391746935649578538747571115422210584558687130073763040925825228925175804080018048128426832474829414047494822108035155795411759927363052975505547324642555720152081631248142503375804968899149353183314,0,43453858347974471400526388114942714564506756794222880724419774076214748390875592205388251768350451151324178952843313640332258944333312262824133981619759909700667045009079536039049210398142250630832702113884521732047114760900305918612401266800554207673965925174480561119028390892046914360849261693,0,33909411029962059159725180626538073959581515546139724994630199905179149096424172251947900471407819243150480619394228522260471891934810573212969947581184168523468234252689711926050115462589065981854852921734322474755434373006048201648169850931188732582558669046,0,7689425952937923074034316320093245842857763998457508469390979327031741168208338930686732462418847676875045337595181526634834119392568553716386777954372187246744421614690551174332562484309709175525151386183093198280185120924,0,-2285789869992192532326306259220693774615021574636534116351636155370474392613567941316439761216420429618347964524164219194047279416276245688580891876173211973953379029796629935271480987830,0,651930296051192919921672815672967707169525632238308900871007168387291892447268899547383391223776830771982008173196357765086932942949512328786639902798,0,-52881759981793871728795200089798085869463357834835068447494761745918521132885482872898207605798486724752610931270,0,2494659683433840196135072013427580344408304975615120818109279261383367501050,0,-72264339489517724089178013987523555716,0,1 # helix4 r=0
115335537272420413758634367555226270590406570539256141343268050371534486934621840522323603133236272867595482172789572225585757479573352080204540611310877138573718623803669215638757821860751074815652511040336372124083720623989490309686347256934466274974926385533908168491801980848026781551657423358739415094116850181494094219944081254849958304883412684830012959975795036413345845466182262526777859389468354493004044807704410131420292841670797191355658834717734520705781935190694392789269999198798013400041672369400693245268571520872168886133449661858292021552599908158371256352917437878189234032071800270381526873930723902980530541123793753300232315810837436595838119030833366319777635241212402394670292229687653566982556841346960696122656122961334894592,0,-620764844797280816310689055268396885373677366869648192760516093336278716885199888055365388642107713325170117072466625584774786640218184071250592866159754942153402258410925777849178855407969508063610104506930782287616541471167620843374354206473916641913326307725345893916260756617152017461744640151071637050587953489687991411374335065851558753987302535160603691474933964412143323220823331426043670760167409982082176433153804367050946649814360081981319632457340283933210287101782336194854031424099578260077150767104575936492681923208195576440641520407172130339469676923625409590299238704948182198895783314161595448488542409177286661143987975663713784113195698866073258308675179253393038245888,0,-263687795664682765194219883258676006810707281864919462956934160241438401106864882692430907213806810792115169326377229238693457849284612851091002572833151295610421929929193998308380475576926603593074985452039362246398178307965529868107195677107501414404061666648455624393418032604329044008138086021304602988374615636513597519435137327222904052647851221040986381906328503124238941745745582475786767136452415803680674103405711769952502208151360639932815661558069015426782419007911204297774717736511236766474725993256616838098383576682434380400394420349429048959642195573458338869539518837396594270416963280516769536962071105634304,0,6222188886782103693428877871052298270691452463445507659834318729556620131621618839251242276506427311827713023193066027341803563918488755998650154053217964923300666614565847452483841286898884610199729073466743586569466915022578551425633093661312134119977278776711142751384332117796731788022295963101417858050339440021134076366532980663600639076479510092347300537279975971843394751921338395984616608314328237473920178921240032396525044887353524952720471127020021703467815747343166490323371193689642570354925622931007325465271861386445693670967191086399476630818914304,0,80488202373849882148745883324480271709770133146039296451668573039402520991700596099041911094925826707493730023895581080585141558775361888128409424506534218623606059589524886231520969743637929465773550303963819466810152883080488158013898332753961959223609129744346161049366912678337140493892683655889303988244247722189928659987041320469619893706737871515683037846062939503171696887393598371690034957515679647417190762001288217594724564221423186686533681887240542823507381007705488792347803083446681600,0,-50539730426684819044256799583637778958681624627528900106555168501732310211922388606936752155534452587064174114021906041215888279838228907220878527826567094866392910347281784201324510960676459584321831575537925163440328625757917404691793261059118880810312235527234061586604940565199689461887406112287194802949157829987389129072646219090505286676413551679065991860109767019190688669384843780846375516619117181523397422006924608154512889217024,0,42140519031305627540032574957710950818169672769542960802686519457707262762257925195461670116925915415922632878018211664840926635807058416678589915899377836787942993661043033635030332452073522016091706713960372364674963637167506208897839597975669695749309461429248114992425364606326223327842340287581436437499233259174329160698934474545713214940038745370954563006789999241723904,0,189662710310958585976629498763493447142641053167049431668629708297911000937752374431329397541087072791565891677994922094435829831111766404286873646282856215303264891764044721462740355841832826278265748440757576024255924002483239481310059790998392882470542823656799363980469091927407452735896564874025679332237639680,0,-133433142680611914181916697867025855822546658564327932846340517578464785775904395302179868336390243846442156928833455635251403907826304606089157678774316130477245557080894053904956377019850470279065254528877713546029456974058638415415229217510229278720,0,-1188385769330807066922473852533920676446852919372666863248930574531515071134073213385276228750354546523516796941638254087492805081397445804539005726055841763475206117243554806761457465688064,0,2951100148195326315840934750130757194466758448610957050023498930179532903262094912317659395063061768209468756299275567439544320,0,-2797647890693742906228101538055792366552882962918050192047472640,0,1 # helix4 r=0
122106453963756494060956993366590807687846417197131264728010052065740379708450339141288129632996412857709251685085833840415787937306005993823254402076685715044674150403424674093139620059033934416057937778497246358374698341002855286085246389784940051641286389800007991792438581743528967554995135496782800353696651605152808531712617886139927602676622686735542260391167241867162795701869649494348127138553431741786853636548453593588318638782192320666030083304994348652747920641116185303168734803809026755900758442030284420311412527065846419135192239614209349348532820379635244298908439289554733615000598288,0,-148799769267965603407985459217561497648708704819874392333632774655144747667682465271535651401042618900615787406486439684176944467739981450016442717746900131081836588618500666265683529427983060272598059078858567436516147973427709880692885182748780146563981179776416561609916527842026874088280847156299350482638723366012427727918573649158901365169385935149458513255802528883553460766886050869692913824622400008808326590907499046486379686734131829845045051987082520692221336926674012161616623902830742982752772310033027118961385351776474393775911507667072,0,-33230804185250220703807244138306089901852133019715736586577236906120016751244814274712405307802763436059721006987275239990879667775367865895389056761527398649762002903591082464991341276808234255688015015068108697366084825804466523132686847799909738521204840564410594992555387732181815181588118118805036278408687278755002663264313109919861198570344551357315398308863673013861915630667399647699347432565357369902347854200799388418853725042868284568184901239185011492154536604586156673861050455885860671888,0,126364680539066902609682164123890505017107636021913083658365169400369035516237079516552852211240153604243526717758757516167013645171202977122557918392957499002946549244405932942959045810857606408203259876215315854943735132575303750462817354303424905438838237809336517903271922685438131956260314295303214373272262305575680812193674810335692506553470951782070727084591175748323764081792459776576963858713244814659264157165313508536421171861666038882693936,0,3067156141019714838003580355828618709072149730999963604323029922920583617612929047528274529121479778496058250512386389074060089149519876423821193541452257707844524968527877083550861903072714424668845272322921510298599237976935197569986641351424216267987736745389242357508830818825438317414969639073397915346772304053829757823504107830937506145925753897618416037640421267057720240722116673100701541158508,0,-17429180691485698283287178887129997886996220923150547248846865550282693644362388393530272751813246928419069424844020871193024577882381092800539134740535993438435281011482655604483367409694798686156967874715013052649913231482733800865983624869568849128086628556286256881282417471858253770354918386957095448488928985758626107338834082121618737712481762584,0,-60892751219275975262825624250064400193943839004372581105155878753399905152812077161687464364885150605666972697279942394824344457488557320784391214927810128001570811826058997093346090786596604780377636821949045402682246773391994493371449384212796401752589504708653677252534378951872638999325831827277276,0,-777131922942491806739233420102313964014707404187608726352998266377080758470020618877230787352940927823974223490231696153414197451648147073518013584917929514247433381450024557620271173534744927033539826387067878740939509144013225408181604422460588018976,0,23872857563400844539918082657274294619392357987962621643557370740144144231739625888828130157047175498469671277553561859087684237734049148108557947908356838412847617400383754640470569018018615438818832347,0,-183611765357760256227164209840271289468159919366688012016407970183088816316156493581281818890456382465881508790311458585432925891874577053149010178408004,0,683473816459906983574488997365619319188583303135520019859493497095192892823172614413505640056916920816,0,-1291441720488233787037577608282612929145085697346308,0,1 # helix4 r=0
550549729803814132200922902587715970794236988433320457371055332226877072426979023554446663476258796904919499935615111383635392985825497381319306370902890921771590214013913840364294784960397241276794077207052919854830930240456162886284059576006435740055450675023976050341948389642693360804320612595550509428232174792446972120324573754497104047864406064845765287279762043526351634995020460164697080302530273765550531184110142635499036868808009423138161628135279664355026143827186867778891890188747667379201809435434731960533579999287615767547270483773611603480342238860760096099503191125029542986500245698589698771881075263204596709309095802547203199126925652964449333078125300000250845585629,0,-2362504622913119386556780973406828177798333985652900730971893393269630620716297442499469391917416767872909765592392185118015413400269697456959234185614762308683485184622200757317475935091676187678173173674635034380452807021537466319644420656072213670645882373460111637855364151652695188066916766320615368652945520905746657011918175016218929428203624207175735018667383072602007393213350894974510064505814996212111084718906494903254892953786899518273127107345558846213703849526543762896679185028042396216861874933201399789006305028624161605303774743823743914179310442488724961470292024678302488214276095756208413704597887721663607928536,0,4565557946768197548379393464570808473194813441659084728980104674696660084745149426774256327906613304958688857727680752934257129927097591049512144413239037493663075376304708697759140678739715504248617526843231593269548855634745452687142849403078190831761685087393102628263911423184361088591726287547548869357675728587295606228821557697782101035884521824380816042830130033937393248757474957703780616208274785858416888806995705550309539952387617559665342137048735027840116939172241499232877560883781333011571038595163444071997662892153758815507653363760735475237801662966665474823,0,-5260799909027267265851203647642586613931420993820777138179308872787367457941902201584648411708573552943340819945672460405598440380500681791767174583324903169238136677799833742127779051448275879074606479526921158805035509517212305821010043372217566963382671082414696843299300285963034121537586513679556343430240724369378241845533723558696128977164773650332733564008474245060384297544463924401463046625540890254546290106949830641111854138662350264393308063712670801947450376619763604378281238835796456441704686654872052718,0,4031475085531711361332321711935016425608414890048214647229621017545688650967557942692550646307504946462888443801273351885599624400391620332663848622486334577400343806019693858341933794485529170608929752019012147869509565510375172105598457006877503992634394069063358860946731091012159706623948096444830504473220095200281245820467827654917877355823357467181651299474215371300006226647982527203273779307334809345231955089416892631174949701793515244024683087244233672,0,-2167554873688827677030845705238820615462017222464015802441211410559154420141285972114950792044260878714081964034662298227269890913798460786040479185748734135570597637545026119370056897786391196250311200645341556135022823886589629753853488321446613579162900322780374741677530295550505263997677924534130684617714969935084205408127807530820749578565203827623006434148484285368827326384192361555862294460046332,0,839494000634237902799761755332578528160571902495773220594396524211159702060752427605184477229103960632471302674664855229430111931296375378726837130024504727361791640598338877771726006124517317623228211770239456362791765123176176047372689099793685609614972653791370282992983586947640582977542171898028167295993746077877333123808137233424337092507978,0,-236263543827609845022041064289096492474612167073664151929026783374246046899807492624916225014909680050730909131913961342241183864247985153467916012808668904727771890185602201813463877478048666753417363603670836953895517414582734567869379602985426879998902141260953777956907049164014047180922,0,48006227365411466958592871659759122214084332401259074014501171486145456949089758209021651430064121768392649889203967531449741614521974180168593640414807233306265013393563431602825771783088518529692716129950703010464889300556954645640,0,-6874896850546988558870021402317839638760621870551385291524052045529985291235602724035487204992941356387659928193311816550680617291536094948900635774247691995069368381236604832,0,659286879708829946837348964234910362166561603374910046019889768269183209664113303937924643914228469591146247435948620,0,-38046358055703856230865263537073860371239432080069700371906,0,1 # helix4 r=0
460103362699220644691500364511289605486756917898305703985271439500680966959856253459904105321112584161414565449502220571827730396659765626301127586844833532444238024703716349379733920130495887425009437336085565149263807598759609863429180923982397867968446633036882036222599252370725002749230392703958851614271142181268006734030589876638408267252250504700368739209782473797550405805223058735168474261076736882958529224903,0,17651691571571943329962474319424167115940920493083619951983436402361311955599701220786283641771390856284981891178082795230244050509490873128387949925948831936154402891528876743630690483927976839428107772099508247468257258485691617839369199200476500410222100577051859806309583099392718229950277470905751875563160510717157031636127658719308575757288113939850846051156064997740303674365296,0,317292252340468158390952926771417633950889473826360680496640267871403716569390991551889762832732668485010979563932754310148432391022063662845635680841948119495169216112702499674124991423468351349866883096497515774995870843481359787391706622514111154997626945320054596251485737284052845685185676801236557570840258346486572003531969016637789556149700900,0,2872910742453938140475830742811475563183595248725951138213516649317522978163989641285046302050280392670740134242169889712182518268520974307533748383408230490263765828901877609792653354832925062472343189318305637543803977342527554648590136544758292969537077891108622665445287879217874190044736891644241220459778342330,0,-7482422575319094908359113274145480234176321382548629021496525352126045450627527540421657655336471878753313144972187402234870675600882706219950404454255153144554309027201464110875703368958700282229950095761677732288012913467416934509393855150001393376470113406305856821301387269749,0,-335659721521706104003197577615973281931130932524912723484228503609731188901017665344513705067168086025625413453692187347919959871379510176763816096966632861979705927647883041672833103312579536430363573431263263464838625631902677495175512373166816,0,1680722736916435387124318618199441202484588314036487312229809776100942541374516239282220741144754089132540618179261447470373783836985405566241434197999028376555344147133708169300028812202321368570628201104209878,0,92873388812130072994590600038396800831997446508744322858751752277895377416501448366541803071247444500821627615815309996708748877259877297188816166167168240170483138834621230586,0,955838369179723950045966404195974350752047153899675914333210924219983529200897397251624258088843483234236278424364264645267786595004426159002,0,5035829410746592622217607427722787309198273939632109858144665537834018682307864488922904635617640930431638,0,28830861218812340204260018379134091725859329429781078778607630878325950,0,232733422492863480163246878858316422,0,1 # helix4 r=0
3104024663066912137186472567756557770542820046206250101300722212124804616254383025703001260050528750957784768336480112010867478890892193537889673514122808952145421545501191328744981474689809333193818023071086219987824355204506013,0,-2737566582926827559293939272243775589093361989532041669449387145135457525437283424662991251920581892481309972617906107089766620111395982725016891181825895629211300488690063075166880327037495445764763494941165351,0,1057409992891988514102297292656256969024737209541947650078734931132279726989233119901741836711936929232469170412200204957406076686069186210018147181810943844660866802040732313389827635834424895,0,-239582860382534268735910558866718615010663418746656595172454185359796806653348566464441867615051102375946761186864061410124104590438963184644012434336721555458708121891165835,0,35939031250060998492113292372007616577627753950351665680801047490855457683937817727864194347039391079610953842222574986485111647657516941115858881405715030,0,-3831154333028151740650950221180841368585690191906153457231576993939129760112903325903992557588337164107242168839530401867393334318170887,0,311566407529806313788264162064771275571459094015707642549579936439007106671117206311013609142920610529090369691345018,0,-21343687779133198892171766953141310940191295890317526881840731000772801842250623474279100068160859,0,1352110000528878579906653988240930410571795612382664286474695726743104485128992,0,-76740710784880366058914185931994312857191732460316289849397,0,3306440102435966487464969631956047334835,0,-87064761425880066234,0,1 # helix4 r=0
6958563115432276238218223298984278363181689163070167270019193911947711521496982922778910869359448274058737256683511325946277640623379417028097914357085661275852187373230174987440434489715689333059813028679678126475220038924587424176788753379628573400538662434404052476029701529228724359808085495046236474368426135551046481000361192433440917747591751261803505325512781516440811694075056989865432139285177028087727228570945250311046521786265263446562831034903796959005322934287626888973294382357854044453138818668877342215770623266432533500281354901758941749087627569059343995465190599594618775233093415396903086619475956635469689354474907865696835940769797871245936085137201489074181,0,672717119994683574899978561653186112155661155254174743255143023908981686511234756030676101625911422366472246903757028071902154459651483747373454250335380120831464204628017183239717988692022666397075045863365020273535340399142563366998412687549866366017986199603103786829746198289728042881106093411801489644994775083595320419581128719315194870383423727434903157057499632340125480139002093324009488106416179401297968024752267843679233355715904916180098053160872322380415472065602146866328053609015145877346803432556327073667273170759597706955155980176832113781893950536830176873677274914283806226580584890809857700085420273592,0,-116464334337673436542378073889687609539460382349560948580580229049569014883663364289353993453136604260217685369663478580355220476462094600922260155117770207714778273454434719351186550902799968663126030207295928142619874485106382720965076301764164542254789138020050485706066313712431895231140436051860274869701555311646185115278126188929717365926780888150387952617006485658945637934907414756705575053051663877001602145061530007754195305810817990392726043454248959450845234976115235868911164244679849069293155868836180211445939033318696128103692650499067400288941373222886,0,-118584989704428807347421958511944554783475173848989312052509738685081399022058447539525373630073031725141547873235325197175700842465129975675473097018935506549046600420657799555992863923765926419366422740675921867738653888122220904936255120619661546421818928648904536334334863016069499057732088443936618094402774484092986863179799257176781355165133770433572881061855377504490196550627727235805306952639662160118121353608314064199083239215041262988151016725583518487244552423977944816910357846866014920532375880306,0,555211689145930590869411568187265802829255641413384504852848830195267255524830870176123519990861060446901381349396756442314499684205941102774497347733529579264690997545930273193190905720676483957973122428962614404258887911137772837155405542672987729720068550174715690049822896331099336603103672650832483300299480854919436929132960289590558654586506794481157003962660998351276020009939370048882136345888330280457576824893036457693014387014295071133333495521,0,1032797394329016368009405758373764786160010395478769248972929226362451503343770461708368966019909237356348404129351311272544348183886398949376687761682056889683113633797679359044741715484253857692176796342841759690483650417475902414876241589023487443652748164200209097749128572791666985464316129846997112867079764185661794970417389111110200784326749447586013515760972868241280645382255136357627615348,0,8527506309487035017618976975915927037544673076565697889333715370643352604939630221423266599892572882127151957539695712918412380626252793588881225365720185092940640037123198523692197149820359550367557297184560950079545204921736007297103296686949538626263313865651709609479556503951366737503738049955767766600180153993225713480622162456533507,0,-1230185148186839169306632022821561417216645219846479956398884303393519449089166545823255141970359013075137500326987055075819606013557885539354094682148761329844043719275607378314140358241878339919911969641385666846214415427129152114095465164170144660026263490282515032791659576780778234,0,-1792317974324500637393120399836674814972855926868937887132024281621764654852935154497686629269595981502631964089373494664142948443882242065613691317541917012535525840709796347586743270673005763764865544634962966024002231292953044,0,-933068901692408638338427647229504077592768013148793960641494040455186581502457946572788937838325307410319727555864540913403638850707482536221715817588654786747861883375226,0,1122423799599540583595654033540981138453197278244697475561474183915089450585908543470051130972828980303611867884905,0,914155461480858933720744245198974469732845206619795760502,0,1 # helix4 r=0
111160487797344752108884133370099335199811303649901394505903530640593169063817749257525839941524068842919874843126882944410323012167146026170028881972164476416875060651629540570708118876373023646843005395482293092639935831816809212503519441460100867801520038615180566836159654697808470406510821599757953015556909443801276370006219541250930556962429897051406166997099791827762379628170207835243609502189065105015109754396168727112700842631689639024111300414522336578289237659366696863945040965644863411105673224191151798257005622069189965409128664077822071274248411675631188025078321,0,-531014407021261869671546134920151771419564253034104710973633633783642524203070797548711369714334103806821545783553782325779424524629985236324164222905549289657902893063923648184993407104575159282441903491111786131621193493189070487880902932382177241684548127594284611064586124630317737109077090690210937514830267702504782902646739346010177997652307900497295760673235090320139983599157179668949360975627110755873872541605939718970471178545440365317087503701031675989293263383242628672800405825066058580533364732065214967446412995883827,0,1153104064029012098648864231125109702928128344933896827749074443841389317103591961470326603733607466830143076387801279782119138924587942468434231657069833375523147926734760198830410781430753128443347319357271975174267313146715467872999925755005917682789669057165227926218737739600737664878709131494623759852108711302128116159225888266788158388081550878045543690452064221769620783504731235501915996253680515316740842566902097891352478061261619024013992669612940806491628060752009459200237,0,-1504990654274383393930252671028208547036108227306600461388941136497553665596677630189204936977738725759395020071814401581403435379191508948911990177925484375279404754561219552828543292882573058396027575159326131034543800984473768234175502308022028284392029849558163871334392073624396904011216369544501996702262168360143083168853660416551400777177046827923608907123623771885036223359892936988128988294200392605146684435403235350119854696694,0,1314755409353262264471924041696563945899097460059710013243490550176723065524497229925806906763533560145004296345075210242679807709656205611725362961599879247509701622701701564118513881078145869511814891989957111023824745447765417769826826740145697885920485718279619826957315842079586964444067689193647002978445743494468381810023335844349350063694971545165993082708891141080246535483482063811,0,-809813835003267619598231102604490851314380300971944231993161650333147016373696644908994195090845573710053684910129657161129973618579831580001230150173701010702897251682069779604436672029813347871025048419530323741293462534294321110468922843825746276291166773300093058393582218939734321635471346713148283971099437485496551941655832736336360837,0,360570737315054286057490466171029866900508880921619361265424942088271776572325269639687051551713896231442732881752352298756745302059606343102906910902891775392246355561488846683255704449267016337123851112307458976911190048888593893002709708451634734367078597596653096228238829391299272162680136,0,-116919767591390548934690984330996377408106037727924429144748538438900602078730287711131254149494160614401312902773323873772800159052853795265618389920178325667556630846414672845132387503391239134314298013665286474124404335577965617531758198560049,0,27400021886687454978830395351414453504989617210774013251189993772776287685959925931651088590024949090834025375150383911755862764684542936798857927772523290162442684639049474822040951139697495461448,0,-4525364599012117102719830777947455529605048950038889065820768142211163036462631793050429572908797113458214908148304021048362699290747628723971600748,0,499967375015676529285701241436932527682035728395035307825673320221144092856210010131784193071499511,0,-33176258176723167067765806914216993593019698371909,0,1 # helix4 r=0
4790131524951734052905441905831120669184451622864725883496652520308218218432350175447678093741537999578821556968573227818859457835875638850154810071015003142113598819764334610207770330600413917806658111538645410650355111173277779033390109019234301568538207540247473156084265300982949079025725420079651035840022263585436496639724752803678214382681136566690058190571441821231208750307393747590485351574058075400602301218184876034854141706173434238429355145839868842045948104367830585330211344989589317273281884784009462615983216795425308986003394393181932099816482310745203659695597463016054534135000759759063004827450645562429213453751188725000999392814762990220723965394821038334763940040063542880419110981438424122986595961676466379473236505499856,0,240952876486279114623957532522551394770908752039390624190150733542213312988177879711131859699075587123379837301459835515868138007313716836614369403790557264431892942507279625579169952600125716883767105588957250452038656290600583461065059332733996934044661964627317089674162561855645156238562369519791653592186795230295118778901785907084996249603056447764306688241356143284827387379054156802986974566268329357188866797029111842667547198652757066212133850717315088564043076932899388802598022913131519603237389883573217334011658920112259955440818345529317532656745462963809099270479875639191991380749481485777958888728641128461181015905448858810239269447096822661442424480019145473189268000,0,5431471457654335575943378860093847132864147778541378745645950279427419301696171387770119403382630493469614233882086157663357043374510715955395519724114920695084819606357446479840579397611676862689331202188035046957564657264186371527527165752542671566696410441901054300700761545180183031432579759240826631202191658573586747856409530124960411982351257771417101074050063891264819609338788641779391491990008948727738142762542575711180682894503009440898623880848352380937716912635635314005330635751072266032326713732787092858939926820409110490919654392196318131514204527220327622199697322806509687443156268552768030958697289543256,0,74542868982180356754946634968309265638199904939719598305495697053855063684470344011732665711921208058151003487109321525547448397796866452972786544252566949158109570039730035817493350677149916734029221717051353449965740317159832961143999585587273987469626579064703724334394053597618222938700290543815626451921054640609333485536148947761250530946028831037949669676186448137871257488813632078256001525501437614238702162664689545487851914681992120368854536702825333354993697909852236715533619135645635748202004365291641654720216585365626905681103505995881196094556888,0,709115282326774311167774885484111245227497529721335178854563560926982939198460701172337699341348517785672609787412805790732456017580941206206990158898743786091520143886922624359685852216868947497986508357825838535686480475927082703044753708987287296746473445656116762597230189946757068271508639327949309785120363425567695934299877643523829045628274435331229322966858894231245081278104108554995181285501619039764479430003737756903159765594802181193637496321013593436871366902934154835197797221387723653,0,4981556969223736628440894199446544881694830879627951780066722138716305377813765034893376833023246977572224337092323378660278588944811156336172193320450984015482537353455511128020012236047100171044270873675809720560848941803122385657853864500601357044323924332539706591855101904070897251469150472234608925222871087845227044213028244981096330298210791002610113776023002162788401438944874110171013451520270990527570736893916492434388839011676,0,26717210041616564838142525688779381052264916582936687094432958068893263100825441748992047927679772802925899235694177404605752715750049334574136913781677490285304973631814692508723271838781563094930933658240404786150080937636054926907303853362900659804585634728288935549348543052317472765026027205030937893990759335740336401029410863534225860188769123442883735058284822079601856,0,110762553546084014190340861067360047676744361425816803982114059265964654329111835924784680908221868080571982104516057278630950601402089634733259866408344222185859118004818787897915160821665491831452413542759409091030421868997589115736186210350889185867054514774474764988365797270316668181529857698818133259653976124,0,353901825461065162523201224911217855439238381722413319403078139242228630788101483759553281491675410907939721816865481036873168935402838181383829934490483554769637336687350295954199565554487399491666482667162732338371721236221677118704949996626431031746,0,853540007682008161019272952665403698892491639822987795297613653077830500299514591022009866640313788534772983940064937809276734092195949026131070872563844892465779797392446683752406416562228,0,1486708667582994220344864985054713700151929051416927706957193583005019756483287179551557638573499717118360852674951701096499664,0,1697475349194060755629371038281786297076192897673335751962976060,0,1 # helix4 r=0
5921445073098265349251830477911279780350027609465341765868228249253939822111568954431804515233365780128196030411806799488858589888805556758762465637571291165008797146811673915603966357113688016201655063438256016068515634058541725886424773847603970043693902841905683113577377450770687619970436554352569972862067908350072044861524941649741698654564648020034322088008434401093021990055286227134535093339428001750933149104297130575686845184027797409872862418655059751428842383762999030462024485771915957510496967465943907154309511452517696106673276355062264954372810910502319444496500043630940750492848048563958745002317198365393312859046540441016810350857,0,-42605375305845567624512519120819978799243971372563923818542061859197203162625593038144631493261426519446935847948317679806584714981173698281018887049679254893484279542563719180015485248366581499673881457700585148511244574904354532449111439281456548004858932719993037755736031908881686872556004881866852591184278266701587156391811027498310233646494112126986689993901977743601243972002049831317804418282461016877201432003135997780664711769582150358811925363633965790981743793477825224934269964117031247934166719029575162749372824039169901293755307847019723999457109037626560065201454219908583581956117,0,164402944187184800770457788063902235616834254053823154660018493161501590249805921216093390100305600968750662909423332361705857673841710195419206270032672429003981549737681608115077750774357754005869309935879498466926016142086597164007079761682519224560461631846074243709040191464110408556819396910441133964599678229184513752226815926331798544439983991182232220943655450011796101737845568289045753401673548186526415866848324467688682943386794767760676626577161335576605945939613370693336753385469215091335456727965115341567021410163145657242135256,0,-324714540758994660713661410664921153500733720691545938596644122213429354962941459286775037933867697124200782143728343852706978608216211244333579794590442494792287116781637403593687742205605943218344688824028969361649276491170625172576057406010661945406281255551712116781420747124990483671615219057005016771691288304495476917276301589139532514313785545049163121976432237419164602305638320549967453880104737363634155539604821753541327298970112924955052246516852876776027565031384044662773079086,0,381346380605641546293843601705585614082952341528763367033074522738650199026016469788092863334023629504091772176651136612549479127791191717277396167016665864008059057488283255386170808490531906676798617644973601962126217799580719514890762121426489571274909088138490385908186272543060296034756212535114033046750892702968948197185147038299920460798498035621632902827155450527658402391003273680135520036439429513759732736294100241910926242994,0,-293602832015430433189201802580850810921336468732080169374464152777227119338569677288504548681675216794304553581310410982461896243764732299319083928921559674575097775663422584813996428584146260793793036837761362778935964938866938214151008388156980611899427448788123203532959796895259557172994475382996529084908533828320199851478572964818496237633916640847485005675159168381548145536442,0,156340870078063159457392595057404053474745589797345127251027680803067704175592650068970878090495938852856207344615165102816297309592182119153232226166334122665733984692415403715134241675906020132398916057206295618055075633579965728759626106120671685130456551417265106541824385689245795490333710242206419849467838572799298252644413,0,-59052621567442825275844439919220674891545776612840078188443790675167798523223656657832234596934077399655275557735635994590638881215199907013432040279404576860260892417468423437162312014608392566871873496320881402523914012222268430375875585813785993533101739050507792425526376,0,15887000438468278169941123667106018709367893402623687776339050636364689493358819970562949185224671747476860704651614995866399276731596412822868572955561621171582461430842608923086808187979751186336928993764031231820671281,0,-2993204190787059700599044283427256261945741981538128257702623361945889590040294281265022777654391548459434206406102428084884701179345173263118101111267932553091397552,0,377183769827084252261630057722882746821391671976451008793176861729690276904973276960164219381055019069555012927,0,-28685493737696059993855187915910028745481877884940283889,0,1 # helix4 r=0
11145796107073627837575390088817701907715743355650054538249892541290563667685471288124717417633446501014834517405292227003263990618246274058041456923587114731858162353981466826849693156024272546150814246213841150849162357533609515602813309264483164587062927566613099091800015865135030554244862646887498051388384273721710386091915078730929914474083585787059726026232850704891216751917874610609968815148955868933372375260919085861472345112842783842310013043852064783961045394525853380596278946749612548644613783379283694485128700760606337135208956930934344601765933572219839905210679733189293275476927426354594460612052689264703197364342038410118071118020352637391663429856829344978520386783148596939935183423816123576032824662215061988794221213417414050051958743341355859613919908266308118200881860863750541980795852642320384,0,87892690547607885237885433032552058957795813697137810735550210315289366206383035406538889669403229945743387684343588165789060507551719710961077309142259857479723549708055464173806045813165001375550510871807731758979319018093117863974620874578093040115372015640498882310099644855243332175328771590319120826824856157371978326313967978156970336984270918738794585812442378199845833253167909926421575701543087538990217120575027818283201364233401788150501133235632605387282215500310690249622658131986246825507639087453087331037135751546738114214659235842256414870484013910530119042673382477265070358783668851776757684081830804473672451170042078096486107581020116131888337798832914762229265841353332158771086045077804610993567855481023557668393091761850533543936,0,54814604624383828061223633784271516946057636097292342048619865667299857048135481080306909674064015208060924429727348622979575562289837109048987351036052775094467706698310073044053904246723872537220898864756322923061154125226733745235518524073484709655301915225747566636469075982810838152168779583765139703600073317859336821369382953262864870951046314270012137151807603356431071649678267703924224726881681512541827031880529899472481994742546030259326356988241277908414011669263238555444180698618496305605200777175370069027565039375648791939596071750183301875899742422255720685421172971140428241296895621542718877607879079555200730759151013660984264295106174790848439398034797877614608384,0,-2161412633913823146316577169708240596892798314533577384230289527157701063791453105102044115104791780208444732877238400409856176659958678892666741241140679470507905004235309385832310928120379645472785069258827145661319427741827812689431028861899720000487900677324976129962125143335826163278600209798015290547534910246414706779296989418395253251702638157745539987040153962344800004236852908296125503102870037892104600517332622709253926718816887359087721182656159260756700999595073879345708726123287969172287003442389108018939548506062475030347330708918088025733856808149965997263443655452190921433718356734435513610534912,0,-10887422938984541313250978218136440244889107167137727839939856531097941847295622270019747557135739437885504100330921682269554928642692101798085019925009309953693852219692527148495671644818211362154812522352634009066154581502180204885491483530482509684258361765660370261163957863149045492046388585697674829156208134284515783986370844094608303093085988878429886455853661299342070582421740289461496556191949810462250408884349072168076351185505444409191683626582653532632709092224608397890512306017287702911207495700499631416317290979672342866880905609216,0,-7685089302664634349760806265679735884401748583656871472947273009800779310037152715876179428191075508655720930607249038883977530260296812735046910561011712544540099074387199858328638060897123954803430961869386996195917699935209959913726373466813393189938819619399586138491003168374561397213996840246992996747549376595281136835144604118299247293299790630108508687759595584191105466615472980740497402193854330098162069345857244733298058780143624096974315066212660693041424942487306240,0,142308946532837595842969166776190603693517185320440335421973653964183892093190168717273742765482784052080106569846775840155133867683508790861220841654752221972819338672004465187898686417320815313702247844962434834696247796367744156473635857657884971904402481118373059346754701808865371766007931185321761921783576427546663121654947834758503770539074241883932191199505503819775680003314388679129100454612973693960192,0,788305906895656342255362081113232287577639181568572775591106957694082392246442083735496182094272369519832187276335944772242587471182013140520292401438738845052398372625663829610938363729625213975912529006433478464058135240841152849199782494399169814435137644165484677383478709810684029075247690264921547587324534187765380879053714655009814085632,0,2258366638181607538315143698552674094187485527263785489722177441008268471756671501176979638327433298289901503386601772538457656311309519359357130911564074241124302419326550948820220693482006201802890710475237605623321010372101499731196442828330305987030139991538151248411754496,0,4093090501216774159425454378986999998981588375042101223543279712187274476175972146505910481883324785887718847659473183409195957108765466950287286458149599698721591895635927801672526604551650779880884331872256,0,4750785153525470371198714000204837599563393498815472249492599016650554452551116157022816455936328033294801025131996760725502640704121208832,0,3249525492178346018529141122201234775551410064850842399044194684370944,0,1 # helix4 r=0
2271880271116123492103005858614202238796458241698850921902437022321426764218622193371250248406444633481780040303394892406849551471696939420786834294493479811522360660621144830952981519775001394127193848735491167284633666098496581872648111053065353352806441408702372114346149779318360809457563125003828347383412261012486798572652752372819358749767342971507247303528022726981584070018690268166934365531582262644472515562388183906066909626368,0,3242279668451514633366743650818881270179378730657006837077332841153223538267667971605284396484382926120054110402344692537562698380687174301531043159656522031746773567084658731938678886478329186424028281099371036219353496608836605565548892459340595957525928582399614965022562370293562018632135754789483215549770204654036232851125307440322086205512922850148546019422901910665469198021543808271857727045632,0,3371429039310542872876270610807212283029458712381857671956023189206744999315461900058639769135735049130096456432021252482067771575558995368149496293005684360337831003386009126619103249048937466103342930673218246330963896520075899576534023253717941789664886450289052552193986890995118442776056379619964285522100689328794294610809587856583279270485740899714666766270464,0,1644983506849412930088276855756105269938469287328027810203558138788678610647032916718319123243579821242023637763785574838613694938337624680067800737145219442845308363988135498813903579104338796787037069237081737057797350315373145442688901786623172883892974861738702537450341527764074031697900508910156529073935104147266021516902400,0,401907422966632731671734704993460412964693762659126368787984414699487575557222736883261995007904042805747764854801247327294244560788653398720729232377943465611836902097717240023906304837663346862113149997515215997935374572060953085597541461769524594964026443253943292886162980979788781931462656,0,-37625288559671754303022042859759201770188149902799344077914601755865494814396042900893961296885117780587859074215202238017686807840314458780052019710968450415948542394956868824845329697533785553167316900429479442215724105524043706151388514861411156281524224,0,-12332903694089517341165398599020810391795621573596657734169681319338844267038608845944689917097248267632411418335483566628889805850627707639148834154918759656691067722660576873428422048278779863321686804460274903332945920,0,2197731328506418283107046998038679691242816078214276474758406312941928314250906364272027315760402425036037195026307097643852515877075232009453345568403215504107839477040037683812892672,0,3069227194710897850050777344174167536452261516845198756347878597318776550110251066456562555728069896304494206209680050578304551213380935218270044160,0,176499701119835085989766388317819309694651500710541903591178572626982084438819187546976850048842609619489521664,0,-44897352378018408823156335489120437799221784804599295288548074788621385728,0,-10107320876043863205723618458915045376,0,1 # helix4 r=0
348371493561850314292416111818297032232356142122151496444821835836049689756355356907748488411620036280052823216223328072708642870355059513452021051574659379674014426991139881492380162881257835776610813769066160249914279824363767308821838317529531622593079393244761869891814963446122110236886121739830879261276146049612015048062463543482477016922045015469237921227699478462554763194025262846249704831560594897712039665242334773439531580105988948603015399066505323881481730343306793392536720524490724443649129795838849013320097933779694454333801155260720590119837918805534255193401918289053316057356851170926473205610556760818279509465036595409863128859150010115266702947903087069475337566134904775365911554031616,0,-21949066637764157050532274671994878998169513059467240606063170544498783470713906396110664726356372611364384404818161756926526822623763066285408287237265278095271237540407151886627069596515059948348603075602828906663893599982152212643293265404621198661177930202418158009003669808597884880595624129483823207155188747066858464914732899688348384494317532766948729066273543684132147890925159878932914123371967745489079160177653552918187820448516448894742959631905013051913744686148787089619629866033882224767762686697779137345625420581125797315314050140327895363055781292453269210995356410975135361092363670062736891703429161407191613298054431122134969352192,0,733803956705596959562515380639981460195559703201413536595696724229348642556395641837200022742586239353757532319580271161852753262910351972459675991173428739320920296219779000131888813680087976191592338398840014982335469971232507791544397670213899668569610232102622519771587828880149555464735609603798615903481365049717553432629350203729986108681724595290029750901624431705944921304404415011878698760399256234673949739845916003603835377494280389869841859515941513728936908511428027625950172339515635753837095609289542607924989467730336109365824479041372640514981673575952958048539437006556495872,0,-15081573219657612943069318534416524718846205931245058601075569645528269497159497060333133101656409552930099869563989634523881957300199975539962655354227009584094087827152333654386197195484133652361098287217316028732509053935113954984635669208372043723104841214968219951978553906381828841852181227726436831797184719204982000445865715722696194573586005187626994944323067451361580529473605923695354532959002772178284220662840038705723376843804251822069464295907857634784641564553864685794492440245162811181545115727989200017914976370950144,0,203292422147234208346848930655242171312914627473415751803031077151110782547809862804762328907039159008147720719640580654203372938845338275948645490779195974808291246404698690378296420683689288347094400108471340238965924636666458004978700781020986529305012432708296840999156285327492719484688683947741949116453212199524358702674896782009102908172342223585232217572059066829471129799815788077102937839429027444092607972251852562968198210681344496105166335065220106102280455979008,0,-1898861427030001028871553177752789859733977616531184576192653867394568162208743427525904488697129773534945663043132413584182155264258768917764131699146272801471446523224987015091758582433071518932268864807107901926655939441058282495927953664608430496774687401077653164896808714185881236361907196662664618070158396389776497230518747307436145505612610060540534750063365501822674538670198378474417900949243117459141033984,0,12855202594790557936544204945363413239810126407904124577145163797794428612905296004507338945414623459597641864838591778374486736569616555376365640961286055851700820703843005937478734949531707943997501456769233894666469427142344349912406923363245096550189485173281497891076606214307290290952021015998217964676767112171610561542667996997380966131451444827521024,0,-65105273737811854806336401001661155437824260975743854981843205772944338089503455501960501076010812605840349457948920167247871941805445443878910622114166228248848643959276274308966178482984757817768761674846863544122553062845474285005649725402260698522876582213396256123643124561084048039375678734336,0,249507966454536983612614764829549773570631722980354138804619841128020786141546463164048606334649775354300009913672839261364045632478793342994985848100925230443734345973388483547199592897268749196707643552728940476105001850665209409296138240,0,-710299177914122000413272115683151996331471919769240541284242582622406782617239822946365041378856838825511872192870049156761593427201987149202913274963718419876017552714909517611008,0,1416036239417047924726478342990184733744142946337990091503717900247913032217915260762005019828868332432778399599604793344,0,-1750054147756299664895980250627483061886889989992055037755392,0,1 # helix4 r=0
64037642599597498684582280730259308223107927130107666276472620355514641216528596341975671242954577489168963573874255051467355087856046726047002793928473549027717173815256931613501271618062817604017811021651833034711371009545360043379472526152715831378164182799788410317242334182466826622176169260869844184845533647117816221567807807710447000421538045593198305307105923628949992013347209812783075536117203346492327045101049134148957869549291907676969605309809067371687128198295339129637298421166354926708293753572408673504975776194146201945257719159695819278069887345479573326755701205491257705479046089082953418342151875970424594828487420408026326338431812722301415704226532826864382099850870107620318201,0,-12442948817990232534467707018893781696481370491489188090636549903694912996599422121945257714584685289668112707606077177406162502084293591321037270735048378375979229626993817708245638016951848337797922116359968983809273806928908503319738421263512603218199697594518680518454901585432948443367545874422307106600056563380447274555746911223230350997683193920126619356796049032055647261229071773566414116326162581984539296487343196590414548203757896829277391979905019569761838119029579481736605132724677508632960427578073701179812185472433984944193634735648352711905517097360543207635166517216912582663730126401174392512908086515064393291884489340138968,0,1320141885120700563078827031619273495721648266354424010795205426060202040486589614589835432077782709666049110507044270142159003923615934912931887536024246509159580753908353371110441656964524392828337512681699590659167947898408022227572064972137572721861067050178402874958122066822718299874445072167827494900018072758587242940293757395136714571056059993227822827672358612610657622198365110361815571245889838793340372595471543893789524841011923667152193229230603845623640675040754900152466110009603197654931747841001014504035193136563236294679407992751723793371431348444149164824687052114133,0,-91738891853525500362963540647579560709109904706001785034732183056110966774149086094018816884851027298861687506403166140288853878436529092447653019288849864438460716302911655783812723873315445988967205237243170194590914574351157523476265394069230475871661957210660627667256967282777690935859274537621283353455511524414762765665487701743168450580495757398730842322058658511585726985144683567765378514728534493073093348405893148537414140027293065569493027814396651043237044480351549444263581814777470340472958540541315816058848094140,0,4578949529894148837525546680074799586057061582109983470611355346116042351748301142787950972565163571389423837732621501630295501642084941840959927064571968776008303698749279044633886782184583773840301741688885757217119993118780391460648210405366734165945151932711895360483901526165348699336545383264290061062818382246155737982788552307685307804346839603319022698642295517163131646743242481434551106776407378602688200864406196579751280811519743646764463975065380954362196309,0,-171629813704846299414216444039182787327744470162808145749246823562360685031597776784108634502792045636609544054354065062104014490954895535790487162864994380742218395272983824789455894417522939296564927609542032055574595902492730991522944118563007064183891586187940187441153229500059793758780402410945932879225399969813788653624336283262670616281274646399137696712003221450065940572502222540136666781840225255285488,0,4868861743191045725033584385333427031082798807455144827342570428293874639769713153920476254376844657441507946092262241173682308820640875216286195201076245503952927809707854789539847275645415386108552655951221619653935621334909612357965073798161690557257985927303712470301933976169916131114471866968484488755198485965994330811898513804178613554997755876030,0,-102429743781272929819369988989171393049907926070578330338528356032636580157369247629505081821765534208770493585377389136539763891856430348366370927050796091482850773906832559377955229407452314572713625220253511657278085860425014378403965798673822996246640760381119690824629509697370868911736939814,0,1546109990290697788994611681088722074315816945293472547776023869347349624039562983603667575897299774377780257005160613463797916841807267820186428431267611546017439778797676018589631728322797980220416049175725853528240234554911652025633952,0,-16106320184470082363955577158447308722145188410659390993481682713518805734577078239640361129987825426060178027851515088346084031195957059852431724531373868151536473545129410934262,0,111305355105171812330822666886240531341348433714465359317134013096559970503047684816002604801356494976632993858336261805,0,-474371440052558393324699379694077892860427575010782884372538,0,1 # helix4 r=0
9127349465782487116677889439808898629246337553659137828031712610570762601168191089278647644347777668455880719285688811769255412136894355313099827099767799222902708980838432084820063481216349652943383148740217879330358982073280165483129786527650536155962069813023024755839172213108634933119926344678340823473501817531489254569673393908037869009393737034801864426308301913159059307170239779836097489119284227537679021146131523711735642710137404231883052320025261642836198657696647555460073219612004874094497276000727575388512120821151967703277178253783412726968677957609829743391576048148693925535905477327172847445452302969528929077418270602125089969607702963046750921508204758404168371527343884584918179323668353603414677493189308517017437125751281464164972123651688815250546089783041806694250957817078353453564423559421771,0,288825713772286254028604047317396774373455514632487326814808932791437483154344850976456985918749619903978353784973686129517152191288615389811330317838865961391833647849317748869574910836940242011346577293850612051528643361687946061220701069788510432244250447518005293586227775610273218368204000029369448437741692241432550623250838511731887764016907975761027975265464140351220766782315240170407813856806236355960112195280038326932377529724880499633682106509500388774988542291100899994884702100691111293070561705847350083751921618573334488852247068562172488691677206312131938377785337327235705705545132763240530809073668591995378766730234978033188667081062370481871787735690154564598908543739088828696060396974855317330017423603055725232859083718847758912647,0,4187902329758413986959278360999665627879748165025412929655990049183880257717943011690668252717867581439700877219029264889674655125836961215950897005475958513013068216952957045156046036415492037407564386004141122916549167864359438943702167742421785835749558831057123084254640718344624438969080562261163993451683650981454152904462240163028786953654638243998246619707851165018298159289207024837007558132776370959636058929279356139548717756856379393534760222287456572576205214290244001160455342900904695893604785952724084671189290878984808740546444351271953013683448232686421323642368311424043746949149608417382205700604927325111851197721572031005430294310731722298985383804879567816882551306,0,36790256921029670503743484967799040358472969174479191482201469315004607862256114180017567846595168418277341389725847468666407431427541933653740075126002848927986604947759814713769843434458942743228692008855028138905726907548080716109048882110225569267196536274059709756892974732001997024662005336287447008382196312191328362353557826138371741402632934803935298041001773103503436530761664220971364734401254006692002133317081114695834456395471722084985771872891452825103300441298227372827336589933684577760896100674880005644811696827013822965256453336900889928004842701185497184497636081380109374099211491305951902231666711,0,218073824071704998725229062047600511294483710450279781952347275508622292832231737425006700770939572113463169613101245233832996603738638912117947178377909340872572032043575632012048983736925728714539592014872769323063849213763037782667528988202742133602470202529706522072980860103572185172620406720520939742643676179281569798646039711444227434077068291715574199101560633559704940569186823622879004914969136389850425461078379962085183710762225064265039030140823390717462703539150295794355997604365651608448690783033398197994511166530268067279657213847276,0,918783968749384494165137027726729140888160929675259471713007223716053438623230825661287523165083925364614476911581673532223876790082703904595965247307903316095662181865089036602841897250797193238969527822986660495087654365901609221700475970690511009109608493227968286676529259968811578169777286599408163366098784686722967242040534223832161428048824223805372070652058955234137658205833845202243388580946794440875025985274951093777524361290318913069477457015194020402955570117322018108,0,2821128534283677939945218683736153291880325783395441900082208219563010932739712962045075218928454790655876241355305556511931339825618342061017232896172293725646173539473661293223662099290603330669215104444474924268030217770712595492775299113028222828774266933217755518963301301990807277563809410965262084500965253521070873498282256995733029839778371078908677594958201067409867123434748776891085490950764679695736638,0,6360378232538922090419782396552070908512098560042907030899315856783714153640698008410515914733973735340322756474869443746582460257047704667130090935974086377594130749613496448741365286020046772332300948950143355179721506386798561450065373866657403569393145997714741738447601065593890903004917162608894136541227012578136422691619687783212646115256,0,10449268744086870930243732390456431855504132039405675080724268306607157926024175201285452350013992474283425471772868561515359022674677870632890273103610508182606307455365713309686997060507728245438997572546733901056250231584235102005810130100850090316555319694215033210557708876,0,12198740792498525756261387800214653476757838514416882402710132653582152716708935684257408898423226898113657050180184652207595118838557870126401298381863434814443105012215573221013252637656710279587450075330715,0,9605280922461970258644846638190108172899035479967787388643554916023880758491106946659495645878047648467482043210803987735642006762194277924,0,4579920981370747246840480028892169605500032392179110302564209843857587,0,1 # helix4 r=0
232647661912101539918048665795801012975013078073163788708111983699125723986492138695624467575628576837249111573464572006635316061817952891960044963381666922257186907287853257592062644202289060159299724965921359893623674225170679760096894030489358402522835249596151430380322831816971285720049226434057234610330007628043253057097151375932127600448227256437491648458879165177072001813277116398233763655184247629589162506960777732222534404073986248363029647376535583914505783217019671839320105814345208944762813970050588938414192188085584002073547422401676858397248938252632986878420700216456159777487869264238601281071165212981223213646372950338168049868282616941653765348197,0,36905596785609464832737393627531301234053689804839856599106862173758190456254430993266273331583173422823536311900539168603342904391321222003539138952285966951608296648650833145514221955710473462949182512726406938481891561783528298710307818669461354719289744000550557870240115823003706972983484133035157389484331724752713123794073989480743539153552547017703858974542434557930856414318447118627905788101001058666909569698578598179481474250993185996488960704979986726342282905854150976334670796689213556655884096832112631730492350504605312444380698014263722006767401508407890657929569322370480890848736466029162469160202,0,33476461220332908372704956356092031267363569821535891980957582183470540688496498832760686756324232460407775589413489386352549342587288830147693891890790763312218108864034854694795317672791222111624476764485310205010394943364659363089467483717281025486310011773075125704842681224074608684156401010705540036419520143861573342429623766056570513785973770716562486840783256900262884067448970774291745777610037729836947000717524405473471065853208265820197486350848779130598519446548223594353412309908552814873241550901243615620279051411407464619261936066539428585996,0,-108442220341955082649264603917400565407541090259942809376812906915733770343528791367623559532599944928540036025789851362227090682561822768469486881628155111246733754708327225531589402820370443187574330054387319334250724750598120876099302562584088603145299450267622216318743390498602322055677863848642438769825895947158657464408444015157210994527808529002233371081931189038141419918397776174461711881344591132796124398933168955120167764364204737041873707764059842593333970912544757856625558412757082943755462,0,4457390049955327277373481682479357390064645576664938790667120935951213996641302048759575570518110451278550875834460349905118292622575127034809544247303373197942316676542382653257467758866488288636932296432300878261938010432382907524326826267773493582592513369295114591439304844466179367875890200304397542431360858794009205596891883396762698088736742502535600289571080055881961842433712175919683008143939290712794398280729163743955506437813381095707201,0,-92327609651452453434785295423283363309151757144573966646898196776788308689829710415039553903627855208763629117371702025524335921638115729243441203522602095826252634298781284598015599288885688207757500783888306633283574940868020028892343997691151781677742868468212483929981901045648157591158789532735675765918092823239422625258378719086818237497167758485646062218616693224181089122768070883016106,0,1203329623837643788368812443538272983682843844748621164614801015722529062187847896278303833209483198953680868375950088728762881492739277243264646134264132910139274065853217055349543631048148117131008584368292203844373242307977263364945218097360894176339041682796761942374636939887832567095245463820739817497821502189338119399659076751667080,0,-10646346289699744605669960098833000533222607136512594139198245977793345895624272042966540365299724604401018396121005242573221307226804752302551358357665395531414502033730616419312040979610085169739222977325050126731626333466695988307986921665719159302384084550806139460333144639522092,0,65548571392635613147179646805380375888624277874100263421803037899922971086902853961042702839280704282182644003720005846761100324955931748505908845336859023348865916329557490058891124369680232743867125498773062663417888242441052,0,-278740312106089870022479964944264141413347376379852300763252710594248797494645274214042406370618753321270727412854255062999137480658082451470848444856146602527057754489928,0,784650645131898100369999835931949610548612322366956386555447981536465201940585803543282199755486542480357805518098,0,-1318386835636104701035492834878777827976712187913849963138,0,1 # helix4 r=0
532505453226106718290943308915963508969526632305465871041375873757671457101904280608226237034877624120249364615999154174870684559432677020023212559729650616011786988764528808423964421045640263425252411794641250561319588892879500987952143229566183841204966000571978792424688080311948755092365801568492984577909736979932514279033164600408177746934535175460036860222232011356914475894308095159268427833512128204258006804478309051259903861681435952956886006209015200210738175369786981371617434251014749739740151580144077847015106789197949035026666072319852678364918154461973384334165705192310909581,0,209672033941729429716263709133520307835820211019285744633136854384766893318649055883565778426004308513264944627389013283211896625220616593847668941016635869313853719106938164925298720497911272978221065300173679249556526295026675991038276564149483486711281763108476754201174939198373815683787981945306052448996718938278768578288600047975900033893065785122149644635607004428242666781133938195864897916178466107586984460261778557160128315402583755113133744620873794408236223813979374053792860076068600536858017710434861333034718953821552838359913396,0,37521990127113388254174603109166766593255351344974412032317922964166486301386837298325280674855932131540130880840352048273090552674767043285752484620582774322656712885688134809506311528952598589718872318632649134182018572026931716492184947745401707558021189993298444453896119628221450056292979468471432432525748654091590989954571500272824955016789543873751531672522284767610436871791312582748287964160647921478440728581550777782656659099560841886808049695526485492850008186605830506085282408210993,0,4026811583654310163636694131981912165626132250626110492949525166484871249571514234710790660217886455063695318063514166889572804223366729899479239617000453193496937668168058018965346435600126063441878643987817652466947411522315022363068304288992425629193484567452937209516907306775840776492871880512650608770537783380884727455351425718283320192953567530634298383023884306674134886749417788819540628480123495329553273656768660784957579020601831510476,0,290374311287391142049328690017147989504368143934398417216788164325779734391872337952700811934571962949000716504834674477003764225140024908176503164542985796693970141706347615198340168038209865862551241948012293065411005498135930428279533998800090456558242149871884534171782765034945331851041140974471208685807830164662155442581873254451102783136209246228096704403663681647641424349574585769786329184,0,14911901887502954947104586380897799411458108046506439128157315541432865746916902670558222861925048612612774379417532824927573002537677342898290524093152556799059854191737511327347872125143277310153773311143809138851660926182622700247325629656832338646917519472372246831251029620352685555932941556308149718606643597610431837299267285773712634085549556,0,561899734835441550988019496199373513393835358996547131197867071987962688935367250749109175478027816064112451372806595507070697356704603323580001862925289095674396776963451734957536275350079829519909043219271495293290895451485377475939642879615904503743331746375912850724391851664352880936748729570562,0,15713792705320264037948740988071196404851960621900097911239029022141695065651384957013168465644498441959393308305401040858107413534232439697923776735288758486243878543920083341650506196341757533105444705336988609543518154893005538375495715079392776872,0,324963551545665388945591622912599342007994030730509993772064471685887059096141659105385221001687235770903111582836885792410873955601300767885645947730213091383764530649578224995027870051622458147191857,0,4865981918531480592045044169227257788628135007679013909869192392393879043166455535320982685248100054962555403748557539096417272089790694227241764402680,0,50328787770468876615717206163179154071264974978590283729301147603738819387515648786042648539022673097,0,324746880624690730224267440612594782789935220964706,0,1 # helix4 r=0
36313432162289702626937959277163747947812525193119101702491816110032538751946774512027737418495316753253529718639673834212970814927205393229344936945109227985711699045827975296179851751086824553484176479276481271722319890551466312032773537367532839785752508339067989988661440452048173411868471972183369,0,-31246099788418004390964290428598104289762703120602968584638834556026273029829692560382455244488615932302195557494327327132782916780938508052230732873807191104907623700003343303431001675887522949896071560046277800514607446977835920401052674636313670284718988869775163883149697800,0,12541579088605913334589334816130871460758222190310113448317591411134887310720304771310543789856054419715264357607213334643196221650128780149872256307359052009268226419454481650645312978064544977395323652966307935270532646272157324380363853397119167566056,0,-3056541732567990503376916859105504721794835443420296824351301115652255201730718602536354162710076259993364115180106142266304215936201186459322878778886120556652184299337877176894029882842469133170253213368142228065860461680824132,0,503276525998247626305638959778698034161516420605533686773043263802824938537768853507492955877329254856724419466026026132435469142976796224388497004611079170730633529933873937495594617488404280109852348484,0,-59111048617746793954839936728138699685132313110078382668647704099310992730771455174106574105722291658231961517187070840220134602016875189287201630646101714753075967333499848983376,0,5083756924277961164003714006046990483805318318165731548208162520588418546662657324677277528570883575898274319625885209330347899435321331106750454872139118,0,-322544533400415509049764288366801269315832378942052160702629330673564744506168951627812044087448844175686372423046523570982449208,0,14981832791181923557807169317139554374568204125879935082790881851506893142759888881322647277815787068168,0,-497287223704875711124647654779089354550770304961372261325403547466278225551524,0,11221981791176624665816115904726652585721961449746464,0,-155150676576965344833928656,0,1 # helix4 r=0
3704624722734770915560848700334084255102913928491945770965952909674081165318339186928770970712257248393353442405126806926221136373217940749830200196168070555879197251926562580033087780318667083838671805928351665420359857594667445438822179273339007765167640618360139510526601680902686505623401718164975505566507451270729738238242637608551671829400541742925136495672428682353475504572736355100980169617502853676460650190034960455576270539750236598579187539105610981337123007981364809160407577552951985709409273105548269945529065733077258895327988845762979547174013562877234496927553894825478014112308959817474841891049011582256811406121761531982026981760939894267851484596807021005392081081369742910101395631271226878697316055298466800931363383921608114214886799016994777147998082867638446978847816149266356340505981918368910064266659663773198477890319673340420994705693465828798649860096,0,-147995438308556331711947846013173767103941433601654010311553919793817086327965907100898978609352567855632708477955893045690554330400099939937617684469960485319179518424366179523206647047455367827726585004561442572719495754529463780446836901393692460863207354368748955906124844695686693044113513779349138574326147940176115101752254067947213185353926583309626930192331595357032971442965806504248158482827517128551602226166852357543491779271775772341771330029014131161920337678158963212829800145042419243082326132197656115907790021002444384384065401758731711300905880274917614929597664740581927211718169623452307395252805862934290342870164273195310138887818474714430239511721897275345300867519911293643777092295355692739649221086595209574745103358316824798805251017863028635210570315538064767323524732554250310123520,0,6194616031819993191323615541914880363757718574923527736608408585689256578594653070013006962383010017154851972233568360343692458003037710059957924849176083076006976093177867664085077726419122536154993408562390471617020559835774236781132122076666015826985648803051584784472318047217689878093028897867519123281962240772977605859815494784879735422555786763637708743507593349091565318958643774007646658355672465536209180353257888482752250843836695524722279860846304982949365509032502830052523188969217274364602636636347787450839239503414039261849179810533507498012630784311419632337355492697148523439469239082189418343708682846536708260071760125357945980740726428418126209923405094662843431398260328496548893737046058782069135564401918036934656,0,-125684313597000101412824059509736292848036027079746455544888669633535964002811777810579395483534297447213132590935293300880345919267381548947961747089553342446498850888422895895270173022833034054019431689173063770241844134719231670813070403583813511697794791792670630521047607080991692633032154775308227477486164041312369902890147203092857034641261753423241339426197679886099902062870073045263985979705845613807213390082381798470495682529339153438756038204132873434621551153591952036142957897752387424385373444384611776846954952332466610887451007499374397076309951114698497037512384885468209484630681311757828005788077577065000003642810194331804576040125022043373568,0,2674915603279013440068485897703994476662534746763565770452694457746560156385260315301409356504686953954709780813347984471214271112618389684976112486573562303923444568731190211699818361434911426652911639344933880499092871707762260832171226716218634014111410814804972196960513599090009035262330883249791050790490776374957597750952252832093430130289642264356109831155056634747838660648058151041237294033191189393539276383884699341853745792861149857431421834776098131393546642330241568095890562609756527468393197852402610030437282816354897610230527521246001415351535059170024404218650423474520064,0,-53352730853328732362054106550757448692945805073381625769047320468697177440996507248335661797636396601264029762441208622968401276277391233920887344437958359912263459239821767704657616851919782403633383242499026350980635333353598001092533834333568203936020836994264148047725206355505394134422675063286723166853627870809502111475499608789855585656983303757104382275019536057042022869407923628679568901213301715025303126311621144495532411636895683807831773587822714232828741701076965125370987881864985447427565397072674816,0,1613421196714398315263210227829833621816493962440841892409614895828498297861092623487639947239666867919941646427082598696457674338675744303364073411949197964650788209697383866708618898892231758355407956393863176435382683951081880413991894740084639419094986909581212895354967201540119806686103947962439052480675045289116716876756733207594474013212145601329061022500112399553234302235917711127996673715637149132583954206318256752963571018679451648,0,-42550491304998217785439831013694732523217515636106576571538894616335983615229788940289690122458972581060649705581352230739601545047461505362482190760103395458885055871490310089381476279579787488985712290787324381314249062362231223706736697314944625930428855515950546896264796620515932563697201289439139856062947355331688198453890945124847771314129970860581911532624936960,0,818598287736590575751193680236371900661399672464046446513363909148119201527955575999108517820171453373135046950683084540255558007552171279063407118913433212940867042240114587006331062092783569689352995493858534420812689578556108656766705759455518847868265187142910623892796785447838672802096873472,0,-10942552869304193785833056561416469152350663274900443341458585661078053418793376287360521590151356528447092097204197422955128096071612547140507987455081388482395694988705020905083369122648825600675236916619668514277550981120,0,93006321978764684201800625930842359088473973459813743429912909283109922916228641388140677529017038086667964427024221187811101485101393385254249562112,0,-453693892676247739343743446795558891974277847377155179604968325564772384768,0,1 # helix4 r=0
363310834449,0,-682222931793,0,555011272926,0,-250127707794,0,65703191001,0,-9493013958,0,575252533,0,4548717,0,-199965,0,-68909,0,1533,0,36,0,1 # helix4 r=0
924571836682467262728646874929895550946249173694348516654295204616041621369347554165503194018044733124119809103817031438554310815393085142452947916032896450556154440335551299573726945022603020441320645874655899045701090376159307366842255833106765544156974170745752860264344576850971748125552633542084333811038867132233785598013512446969960822376254494537397597433081397063274069052493216417960594794787156382142784801399297636369907997198548113018393846137974346173649113645084960442164133630362409811467789280737053190610164188952639742329633271642884718739121989261108831781143655930435005671605849169406658597644812452318338031645719854145109123391323162193483423336853803651051684204741,0,-1856292964941745893046765581616545248443193098776818192229055628954823188911164505870216123306133374887610053514172378907866630255444259078582525715134233264405343587422369781034601457596506258866455954439847928472834419333014270651771957934306040358591568416350656745301523355351675560624748944820267192758406677685664960026454690969235459191725355050282985458921113600918932335044696328733532951043909814569775938257977944386467967399703654453035074942612558830707704737053041055369992450446739896647060079640991652561260840724771288611150906835021761570465525876146332389123794427327060081052505234003836702937969175716376611077229,0,1639399073489641268612421398218020731148656372265907927390215783249303478974445552790402083951065802629133780788977826139028587625729257373825661751789070728304867159966971261097433682417934935861976907569656811058364876349632963646232922921856472963356635714007381667982384057994513481110934856800390097572117781534370164524133780544051907230693409708632532528836153345038058968471423103501174965975638989903369522995401730269047637071480222164925723368991068376585969197821905245962435156661518126136089477777501644150090183223481227932725471731215829290048365935545175977451,0,-703653675372370362637040491549317404380803706209752492355247285545018722870544580567016810716814833367696187103836250493244310733854394853239687957385969973753013578062499987573413419391861254525143560211314942296957317994045839860167419348901736897511372605344751203887959479452381475011447378577011718576266986631734683814316185160086310692276608649484938885165578602937654657504886983665820267263076420243290727662138954526745161044168887364480846709230145791708371720598643772907036622265448437237076805743488926977,0,291664367019916170912890244369072195377964869096967265967577943668966093025093971038664088224316691623706332787049740580766836808762753771389731710061335870385299943905225648930624865373007887439949029650200901808958018854781095818624897301030036056237568073868281424278696920611606731177164847124696712281469906272471091939247103080437162692587436818497820286565739926128501719165361648718082371138737731741830381777778335591232683097677778673366146765521526406,0,-192299339198384151696650161817325726935913855791638764136367149318309321338840375191456609488046590549365711402841584882703615049493216931181384793794728527007122498277063187549481508497626525153345915798821828095046314571144825403557949301658866303557352295961837944364725405608354522742829847366968333790170680155069662651424289246574555592224894562735692129446969637535002463699294835397350002170643651,0,112192832147689476184838133287666964301543389367711697138456792243884761584848642369599885426654014975608066872890110224874981524564697305660825981236011054570057955390077883498810123718760535274706552306608063176729144471463402900711758899828016015255391788372427121990157724045482335821022460454640485664945441424938506009596587729231835394893060,0,-46065121609805253182644005620233299632848020248007888719251490603871237339045527258841491073781302660922142224361649872479613806330936641361886031355996780499217261747912773044136881564701227931966304959424175830763934306050319731685158481181233326877512512325396696840799498526185795637881,0,13470093410910495354545808089763230760514452631356448662423071840199456903522349617599221512414808205666135049381264777183623426301568398139222387259320232641109367025197956280359738134329550092642094809953307414534676620920550150528,0,-2763118561783928116134529173475177841315746277170689686001815300890429840636994847494429741963807686217284427088488956928181505718842190423015035532798518073666454981929331731,0,372328359429270370197753876243932369989423705768843045941556399700982288964224663538674166949283585360143636070202233,0,-29177146526363384356802728745340910930867850367182986954548,0,1 # helix4 r=0
39442610172355541073523496182867479164496165264568940455071366328034906705936249384361421412269573519184733553029402644979051929398533539302542434298921733443302478717668244119468020723965758639134540252206803069192610997279607843247390564810728299512328235118495021540459966143397777305610281817991094268541076810760192,0,-368749269963726141779840657633024777337651046747810358244181778004661526030985993717294701655560403005853593182766665921761746298540630530777470538121096145454327549683749110912166376380419533040204221029613503359483818423618040425967298991329420088864445918633362738513512705988591682857205760,0,1336794534333327931391950124497154441482765917057836579187914462653882615061996088458750977421612311605132469417315693113831200242554101791264020165101571165549276171474588175420288173794960303315496966772840678381065807189698004232126682754877086913559961347096051712,0,-857954698680711441035163040896359083921801984160648188570944739086446395625151465350025361459947561514524455017836806962353834700995241749921093148375489199332941136057075666061012534194939963969111551445675581630748325515595693255156563968,0,-4605335867145884696686668685677622203410528564916893959054235680419126351187333236318634406841580300329020694590474731435982163241384995312609111055641150411993448868808084913908681337857682063592249569001701638144,0,4880131165091836782141462541460016340317683417611311465767161845480646722654519960588341915196698387057630805439942041961106129056868274004112033899776599379108932389063663228831615942656,0,-65241112522449370157798036960194037404076728319836537708922984331170933225567881625583292730826105322146618508579488745708820771087314630588585940824073598664704,0,144250556091876756123136083814274648060600429180285485475963977591422849556367519345349738455273178828352386024642194234545028456251392,0,511955253805147041938693762886633571982350423644153104063602258725551136434683238492797525218290775506288640,0,-595663455059063838307705039630942769974184118616221471559979676532707117150240768,0,-1064066728081686502239047594046747880422776870969278464,0,812398150781030805402550272,0,1 # helix4 r=0
1202797544674796215125674631894108449924386179769271327559762772672056440647355349627347725314374495063370269291667321400315597913254791374327173020603897048747286337145580245878993609184254944369305986162316079425782967246206314832417843211407229374992016035253249457075462458786416244518395872039905285282957575520846779060626485749951392968526947788671191409749064817354581939888724576138667308234429902635397145378597772192372488050223244460774719298273744702372496278533539735798497300777707938090226543493620768168635370024159973052801576824542441669566500107670931688403502167325535955300754947299677090200750435425320473445727430739036938468521039314296837956182666941121886014769854343988216580429252573104221004053513484771178535332,0,249510968441449227753695816735012475527595361226048265073220778637957411625095062078490474274523703942411396330112868768839125009003803565895652988038504003169897399068308830147525583850749858980684294197045438012166244011052680545053015837350527350667852302276900187417559504248882983327218864356364991480746073956383495295337823957477755084631302841059558670831705876352117547838961994494186825249546624197914179081888760308312746533120317374304147856342543614024488740445362666428492878112176797000721490536729787515679060774962765180139275892321872016925546436182817756047267191756714479211721969781088683219987303390492760096243271582202085607110091440422987869568907884628140,0,23787147289894291078239011940682636189195509622944032510683039839651803325256965778765732763240560444012520248195366486009234734129747776467583514762646821274374975342646855581753926667624563055221693070325906000087345203670018713353341761019956674895586408440017128092817230260957496589464662373694247612613512444471719595772618690145547659053074672165794648414974233662030363152610057359422258353738163125133583121262589056681093296099373202641213282479705579496705372457518097403171470263014498504203296723527468211274875358747185162471963371866416757728393927339910234933366896183803610212617922767443901455546715414,0,1377887618476039888179885359427225748544819887543519086896825775041420636711415035231712103788821477511854066847458830874700890285398400825323142950820148153123776878528551993641306256042602991319610698148887528605934300444539100179020075515356811375340834745667989685352443563318961779218110896186063111515220421243236546833537533353706691944435816592874246452131354593843694922498983584075497809771402845324092532409592288946630250733236272937934583262631420987884770716337024509503145633278690274846802525681354414498049988333125623782329571112775486758876,0,54004777266006430462834158057541061231163249305119931983525552362056081472261635235550197768670826297671368899875024221810138115706659756585384381283605278974074736883336968748293484151388759975147350932118973643922555150244065870574779722469878141624742141641294226464101708963219479130147819948244761734415505684234340684103428241304266179355767651133433821029698014341384679221803726270736445004946452469099687954521755113427561743284272845714480123964160799772087448772614970612200168669445773,0,1508631938057848900689917571642615814394743769904178298490400971134094846146314809600870709555794875020591634459805202132895070252173418283025053834189510825623027754227145613824814057735579120325008511855005391436042254476494062271126987266592039661265845664664641416006042502075435504342476146624232922922087267202561276011783728591901070478387121751542965762122172167525560056344439531613507363873647295213271149340333346145286883240,0,30797788682449289134046561557313461498325068723910413608017194346220357922327972411790264807500682663952357319217851161744421386669740464616239014209247859791626556920657529790948024998114402022178477444842817762373982123879013623903815882074442681834741579819899747388248109996535435761478806621298889477168586325187424027672021558614744678163483617445823619703869285909664,0,462906936392481795376495436957417287418465601587068854633836014591670417153337203559114710232084596928328307060647322125447047873918137837894266123979349296536500600231634797235529192615098145942629265808883571171505517285217627749026361468915372758085401660667003226786986222958884162272389449399464854716634532,0,5084035534831255813024385875824101026804555281365330711629521642253605328656130376186585674772564687131667688406807978265936557411382698599989939183690803235675065035679898091693964968058003865326695008056529512426242908250700411011686319768794253855,0,39789234313237229677499280634168603858916315729711941497386760272972514902464233115495532585568400099228263898954091496529601651852564889109336436490762856998882537976052371859959371569292,0,210634269099271929513324318434365898392077810229378162796239606539986493136278101014882133891259200301000874064682488080844640,0,677197759416270415696735826510448486576213887757160286859001392,0,1 # helix4 r=0
7573202108307651534291175731031048796127513857746448925070034464854406579758930490546307934177639462723200184848222638768633582552611,0,-824922873299157553838876698467690785777784557442370903571764270928650594488320247793617782207949696209244201873728341157748,0,40801242706793804846243707292102818895723921492658973039690376984851428642988400062616997346581091509297943570782,0,-1210891470894559952684900167195775766410967378442174252228874411348942087682263887863947925039760171170,0,24008988501872297103258775135288201422370625605390940582982522494497899557212886814603025812,0,-334777102947865868979624125094461191127885257462616216274532103969525849003506026,0,3357372307966625642387348265194197150412494698822093741629909244328158,0,-24268076185234379463257929089323532076801427997507927404202,0,124632733689013100045454817815081895533617064624,0,-443034488597061715845463636593570306,0,1050750552629913185484027,0,-1506290861232,0,1 # helix4 r=0
939541116449478509419461863523795350574519035461009906664794979616157156475909941466688097472148320993996271777662561556216985028912826350802295659242433035512076421930411511186910705163171348319853665027330277416729898973883254577677853382143731010973261358625824940228227300961731793919712323064111981485845392535394074873921554978781340412821366299971833917230078518334985800799233240498233940785163376375192540510421102863188498469,0,4500469881714429490623910703785717270617504304513723113879940805523862285855356792121279619572565532681024996213486667919665734688463726068171014259954051966672729202733304227036951734117024761305956185086624667924922457520370515771752745332199670075478499825858092055663115610142083374724897410995838650772595160977675972945406443962541120337795510800398569229998824430191610718202506199111063777120,0,10909565922274417583565040244907061134360469802257944136035361755513996030147589350895630415097475468784753975094367290534372752503172261721562703175571791932962495710150894088769621536418017150642064362146947507434427785877017464671727945605610618562144133586081143491257465445097738102129115292806932065040894633203537868502186734053234125758703207559172062233588,0,17444382158280731285303083530618771749603050203604750021484933496106290303702149092074639698157855481686953267743001908123998535372654894621039971801239359535249912144534621591419811433247097664707519766645994295994241807822677858786480827673638237313758170095950484302176003175318168971115907212996280989923746962057383102931650,0,20231942040665207043806266429970279627126198489902692849121632725961074640058362845483164025161115410205761238684386295434058169792438231100665435108540429346028592398971283769983559864752070234424806484651128281800738600016466147204916677656111653121732218188822791554139524179516732497334783,0,17785187541021430084906579085352511218127637253843456484462321280796194839977365999725756800738335217408570531090408931555973759644570773144557213069398146438687586149233435082572461696719424112707161439125861963431825875927767869248972318903672418735296998,0,12075401452404245291090201894985503671654191182555425304300601592033555643816160920008857799290083274447291918322969438002273786347314397392213870969308234682886149822589123147662216333142554793358933085156929284650036386,0,6331261710257522724885276131701850392083404366916893623767203368999191560316174256141810164452669329402147154430204387167795152490511646979497480691513791339842677546030516068829946948,0,2518223880627569610526786270084122711459871421738059605018562137391865835468051760506548930560325630785899179601150361994080117598036999908576303839,0,732547790181897227060677231688252594987157632643429124253737460959924615106794649486186524654751812455824460934,0,146341636151765443192610260215920008889544511686313963758317356284885619839,0,17861900568594619952384702995312227918,0,1 # helix4 r=0
4080625580785201201107777948585901981141385838506241723322643147043415551558251029939443153089921446371118352512830567198913357711585821319557745933450864875538338087826004001732309923197806132092061568041384343842523126342387532487963175179803312927225356581725925854037115184976632786910574433159539586552402092712001622557083661347421574649596535790513946849922065454655392693319265568462422615028989889621124086109813769054898869978373843891045762075845622756267784973833491225200754504144748905322797551838009461439870313263418797062387731083750939115092727585718413947844920549504512093294970599335950686665834496,0,13269971740743528970023687302419329692288086256241831491235678512291975037314703544909535486707214737545483645169075832357744273208958936854589161768461888665674480003569696425171741488914227146093782422880781497536555241940263996325560063573636037209223249715286545575968989056489301588373424583438083757378774864191324143140828884133660770407923488203681647284040759314618464170173706192337558579246519315619161220283110802843068309206076044618581757547550495909586281274748989016613890619238008109300499990845661564194732931594858521710894873651376958839291042070528,0,19744336829035992848282633789486622267764607433603148462256152437593059947114780899360323995562402177563241660606381867727187036723641560405655589361696460694005944904911783414877469707799913868225250309150002202388390370376755084865072782066756165044419835273164236968719414770572187916245923083671339903994348510436660480991961117215480145528896935764166978677304000777645179221163954979132172734803313814211706183784109164151590236357750127732842522840582250598203770943727946249877557903417497667614661483427790848,0,17825143049355922588582719609662808428650920218071902980607682283195785724614489992749192756573640099441680103728576305684239422622113404691784849664040943647396481551929026888037948739490647612683774770187558036315138078851474187788198911917831486863036172522288794309620438887556267349926773557967473828705085118182180184207773123480517952590336402835613362126289511430464194700863366781929206784587511290113592671456344298248971172894049801798678859670509479526400,0,10905983072350955257649690577846401675830112606989895821148041547876543322868901434198602582592758452929723579391823269855738620422422863872651312915602895731926311980530130462163036197781402499186256506234235579816402114344260722527659399180059324441429126717932059737225727525364761563741608060551911876448234511311134630302209987669788127296491670830200332088166459468963076980307262195141659014849124856433213440,0,4776492283398764750267064927410191483367338767541756119067939969962162843346256710562002094782329184845463879005444127776247194950505700036556166226112870654917750736735758249270975157383521684434077702496909506821090611436498351181859478055008727708239198367960260437021523355041181815865343401507501754571177876606067918727625026795304939200397091034983034781696,0,1539076296167998056139744046700858824857244620898130085584145406195578850053742889555177992758465879529781549196972326607660390174392856507306409715332646356930692656520915802213567928326944665599766941966074064586868628450070882487354034026439077885544417827036946097098957067949696596018502023070270578241830912,0,368373922830778200435547490009691042542962747448123557506791662677330596305945038636960001478420513956586006984594557166242060140495827153966707272808315024985863666146270556511926436124722561072120217870943127019653666679150177913865937926651286850092260130816,0,65124495318425336066053077885329378123123631092062441240520638328090606430734358018333207052240025589632350012969361038001342288492516886403023434529451933487424472080399443345399650478405670394868346516406272,0,8309337555848619193119146162702694046823129464889192134861584900275788210495696935985997688900587193827785895209704038922244898202171110910949172891273396224,0,727832332706155784012360294520814350835153803140121748071124155449423773647158691527099226038727698546688,0,39395744659497293805221752105994530359641359654060032,0,1 # helix4 r=0
736110922409954973428978867904490335393490705080954174172370229987371639688700504732208980060190414324050371410436742849286485513551543909507677747970173580943197011524065988203213637421352063615137865819322344071623358003212415823390916021675385758749582371888926122294646917827273407847068810039484810276853713821132629104933005195724423762446876023837807479110970957414403062531422783131748196594008225079816746730105861738635232911845042032944940407400174044410900428795464254776145118361466031279587026614922438107060533016645642739756272316579586040669399317490194799353240649421103298454192068546910924222719965297204745064687893418662701347509159113298374048723302552481649618236958505299483290791903719299914563377160047041550720775100924076535510247035119724902446399065637286927021578255274648820567089979582153820393108004908391372368500020120441744044784433103583228230382147050922375471527935204317,0,711269872524850368082503579345573581421730648609595328866273054857442086601655279869027459007184089401555567561194830317068276753688997896404486906426467111682136932738136105313230769506633063387030099485963330679618866743274410824681660195471129850418102141486485187501048279041773893266515221755694585593722460394644372273843303525662742959164581018009729142842638537296131003672352318058283890944734783182836837260350965447697930955018810286051051444675811069604395102271924949850174805844399804386897030098984097999930485718986293085940281184829034824204986943608696717579780784974009187277071755376124803832148429390692579192729514106169995439844140045333873909591991545955420773151812467220964143155424820812379679458827745903054370513827888006603797903412061541761511569345482272340064898747555000503369898041133687757460647479196,0,294786643034051657314916416308800329093872699368701583886129360991019682783511317134123252928881050826875429106649571708155075542922063908888323045202191659118824108981124218948653738859575608750761658134455020245051830300588950843822148546162316025392436856576450886457867162050762394078477639876881369855407140020092992535815108036518894408206800790276352178235819346846911456969081881360109854895476288043755445000119055137263602342872933790509796706704807982639402088279961820483404410086128436718117263300871583860463034571085185885298922057059388836669996857057435348387109489837258862800769782834749654411287049045022606462246677072923547865599751408377582744445446032323378710302579125515356960423041898245695317387128967483419335570677155100425733523383,0,67030566659996148694951127331075168523305207273986399822604295611295652802207678326293549975316966407941916762063497077996353870690451740664188842047428210287044134245464110851740868707576875669797895592817291715268105940897389625415273153065322327798887373236437563528056660351191168259597341442436011393335363321789420944573579826424264322745228266984455099093888207217639881711440673739131006863725111128510213502192266651871413532390621567489445324205698373972133891656881115568830974436846112557961865352917978075290790627854046834955145906115791389339495897193214527668489178750645782616640765386908278918321607149035957351109934650253197612809002576851459110348234326619101347832,0,8669141435735528294236779298501772023283014560638891391359215490763350220498731661856197501619001931968354945050464294015550492880196543417355875857193935849174430632686581741471963050364949154948264177937317760395929065160824233349579268720626002194401295138714183067603979233844127073061286389488408773885960476513944091544937174599367236687023376099700583993092723490403048632830507470625153425087881542735312635300981341433120253823166824790250090779742032343791808310080775711677177561554124051558374026729507244002223097293225154130628014432133028106460824111883001744033858421930838370038186999434786006,0,540012057367664501620752648564706744962607504385830371542122988089141740638663056069515915408651239808524217695049271235703918787075678723282763037939240334374995324285570035581362848603440453127621884456134316000136843221047506629567884391362800523109243018264419136631307731407701778858312192936163629854131930306119115468797530417259382923337864684464656279259024660363014408950103962909416143126258959105489877885957317126338060198821586179575495004907386300713845092539364156722466938227899582486973401835892491989003508011332656,0,-4360286556650206502997840025655262739090351563807115416732943109449059542935486080353809442592711504549757099549875085982116437605757684320965667883489396410384503507998956883331916735072685095337215617983704531722055857489995679011636681004928915436350940018837576626440389879918951213604563190887716248781470555944368145472344204624425441150132435697731181270902250758720003193673876471241279159288878807710683593360369285041581873780870518936231607510160,0,-2774500120937477799904229262301590119868793841047327407694142214005691882957301736285537850411086550090627020015103808699300604626615187691863769001772346891482191526329292199744444799226153291098517740138843256583573694127632060303132115863850685763853045656101255886028235564232965505912771931226120887496825548994920327128228522824421049571805913459654206435653797813037261071928,0,-114862181729148627161704915379659095815346260930782895100792079811505324885366222154858084427706879465185373691293866689767099572526860538085739196228718677996596919000339319245681815450250831394983504613782587836735129376981669602129369415361785461437685961678084730447183942728365906160545281161736735588,0,3786406794394525833690220217718403045883824670896484945546638767738283043275486820142673332220032885070593215591037230983514153841903337822903754488253381957896065995081947009901639208903444190082062629207384073637993350764067686,0,593661584000672111604562629068089715517023047054760378626815070124224481806520651858623894912608402128402810677545871048418720940987256511538031029094398,0,19109143058769309168810404554568704900111780058537399715149751195859341685542,0,1 # helix4 r=0
6815333507166312378117085594491991869650012868640400768395783676554496601836015857161940710845823767133495657196905751267506111269257978773202729424688935107456369674755893688068249958236992371498538687407772927287156684257805963284849533145632116441430554911853557651191099465479912824348010027610689536630303142837558638116444774673026864642844402217980713499112113779622060167155046961601776548762276529357942139538009652721215756389780301109470570934133657557598830315923233678378814099329764027268525102966112772390834274608200224793680076488892557407209740524675927433148891985157062212961433824403331342637421225220447392934455421814834014379664221552502570404855351466495022660952595118788761655819772746000752962087216733765486699728963038238171845057129904771515019616179138933181409153541145540966690623579082282329971,0,48625155901594666084712907100898707711359931402331770972574141604776975285226995223286688800886567421340366140354469439977028239428164699424604825548599730483128029444633274795337534693219004209686502956064393480034542220182684845891640463607292000315840408153822232287758234155682859393881286112862456989296666161337352009288578291378788872089132125646764453961332312258192180909580075952050257946207969438096432679455631341998693325463829060418173501290845061062467277978629025173526617120056428692424858673332621258017057180828853483260697910442482892592120087241747086772517751340095605222586119769456064073236693123169919231108197817400917572586119834139011604886496312287461082611101071058206966468722650945098246367173476635434337847557102924702206327794,0,169736964474882903746294319566490016027679066256809881098513085179531026274833510226758210435594598682169300973020892892530549483768428524960701590649410912592719884069053476318342967103815788718029863369388471560887955157124169870085334207425572223564646170757706911194338594163957133906491320043300953896752607794976918387863909569641035478429864230035911567929068128596659951622367055658629590246129199449717735441562064105862575768951310692264493831843149126688152648804887622092166646944747842712687539713796948519338188752886716534421562140273610710766835497151691332187608094500004861622930532799307352224582626956569777021533478325376705988626539689557963827708214878361482129269523524,0,383909596289075481781675260414337845620424504190736136837289031212425210990484334954257393676944524423973176534571556768811690884867118372002456215640717977347738199727426065521948190770194776792052168574844281663193044527434134875380683772069427745014547329039193566133901225753203102594354910853108095580799868503410869461494027550181947383138506575469995677522388188705613817542967673788082151693698959419135540114128982389368928900733686753590877932212696055661727102230957315466447929500845926746400798753694609679133524842904999008830709753750234073587185318571264603529998727713764023556487719706760782625767935461110,0,624974340185883103437193336071882139633287923852905143769573320478161118226438970488033826777392932073059252794687613845072487657163269174068423528784695117459154420299464276475168382656703682997292708038965533969381329949230472245673097442849325686460341369889065295410611715104231924868998494447650608012083746395540960683735826187705158577668644716169802436226393245594004350696186521035749574895295280024179480629381654438265455517486984756797428973153516705115774688236128750750389465151212964331938980284756951045941334955831680484798005191304755751,0,768323022899273042633622094334763410544030283924023790497589838732964844494159634152598332019723642929652382644944893049496429028723402989751828235660342810573015129040350493251746802711084866212124390265918868000343188590091741603506783680379444384089829353445164424462888244912906940261194406707163916799662676624339621738314613575169204424805233829249787986379619848445338391129785459884219069718739100842286667022792036977743421603070490709093556199973513674243773697470190537767556,0,729708122723438183917641043738602828525616966424735254685712543125545005812559951996132002312390030887765965248237147867251703097979414620486819672525374721780313934276488147101317621454657035809623719851808032353638903518566184646829094202724441876411961693469504430627971883514416466305039300396035087626971853406568416554228523272409397187493608686054741251533950166701092855217629659753138707110947627422549475986,0,539847261384183409749361289041276815729207731013190517438283895594221658159745943347419495140956882332895906579675479602520786178344523029414642612028772962373694163013892648679834779801227899412116471003262721607129742567488540863084311862832613564594562016046167384428448190133614316983332756190550689585010243604947060804158064704676560096753234,0,310012316115956829920733467114511646186240129811801250617536669249719843757722813407292503137015355495989735132458053173595571705186507831668770642359645598892489092425143015152846510831829835058518134942422377653929600513622600516466149962851774451347214854036092166165091104441,0,135711339786472794861791167959021959483810824905366581323721641774385048610573547301577441731758216682415800815739567647105078205498639265760148706387567763120985924721013582878546653335536376870312548385506780,0,43365697320912096033741476681870261806650456498207529499347760534755524305940464614547950739421453697022058783051567913728166392599351483973,0,9192525549843979775234949900143148154784059985363116166148120952861380,0,1 # helix4 r=0
8965551539567275597444332623974293006250471099714010343024857120014445897844277096933505156131625250287077853875255489162164401948135242484618348784968656643005224719096284233685651302426362048633201506122310153144817845345889647959820784341867107522785603842135552946899538730933412002962160977556324367086594985621433681522393665039920580684612655811862884301590260138418093579727379338519034278785598221397138394999432665552233841316488686488369748497196081888877195289301411852499411490352345672317487995052819841583565635891019298807156946858774042508105693702617853656433583909955259600132963654944498951537165438384938024318696885343231219205194770453561901548194442146333356813120027512094445758628,0,-2225239160331781951958044519410721610394935963821795861714534815157638042156692429905541411800223428114424671163667740844430513053094015582376926024444594623251038261186405636056853095150885513835958637402531225688297884158804895496518228775618512640254741780338341250436183004688895104632171249321505275162500680509663788988855364351550909168714805706703064994696558259786194707096855978584120261190927307559013268784911122624045979485236781198640393421818382662099756229951214829098139969171533393626934889983321354803399641779377081698258541646204369791975242409560244149027175394372348710542418131167762215720438855975150500813198627535529787088,0,245163861484734161679925107882070246419846421807859946598492676042264349938845297832196847585011453487074759021697156922360134142589542791733098182073879484279182215690436486703685710483109517586172753290274007191519450279784152895001966647618992517877399350976323934147538298670640151688735073524456932657507754512121827672828549577951999898470051995252408157273322692696618981541945498423130898755350344121352968028295582647378476225152222664188821684711743124371084962719820507965811563573524268497074023081673183761643631964381647468829731112064605104910779738205127436193521983532319272,0,-15784284523935172988278318849928397161692424474599912465219554425015512337686251625130031744019721234746347111874163426551034633690145811698600552106217823839234429043790378924957102789634028276069295578584962824093335032295106902783516895980793140545065147607323321639301236305515213532870977428350119131995307721948344926231149405134855214555062470047463034626890118085439374586717318812803271530524352230086929842925713912401350338240457297218320296745588341233553221384078372744580241384260425259071600036180944759828844299485256,0,657670270172751526786325523177739054542410405648695014274538978972027780088466179771665244328747217133051524444859613733726317918520390845793848219163434271541249611182053014966180436880748904320751495339269852527127544710034962770018740088594907272430978261758619893296631481114838402073295799037117549811792850210769703612228524531904552719397683306885016899758280910584687908815264771882738769456460283303221000881903963495417011391740310866969473120657894219331709922452,0,-18539771328075455219068890373314435444573587589216046352311663678544843933544086786394926551451427670299659101494343478318572254449464559126402072587997678134272364274106098114987666708028489315097094605055753559988511445201534355617570836997860844588540361937562051130773794029057408054333204895481795436680990014094618481559116755685299188232840509857079683871531829719583426787103693622971577255887157834156525144,0,358538842991717128566810533990144991288838248747820680140634939803664209464458257250269040138774977728336618939318836952025677540132391318584144949255651884183054189699854014870563422593659414617456125535498537711525766447161527159585370870268399147379009280972568828492893539617009191915544435149996858601541291959470638963684902411563666023793744201500898,0,-4707812597173296647866883308632333158959160947641102166524060633228353930821032986752521706655240183291636678762685438914862572395486968105372488774473061827233713623091322081637853363951546161732389219133430534432888869551230536592492007908849681397726276156225714869205435522581982437875665286452,0,40351314342476534595019071068424109228962316019141266617502054591460810378496689039736215382735738276153178013499471968115166667109294266293851220345160876923272728137322651358157631371997341827587482547257122788398603092494289414920134218,0,-206257025015066730876977161897503351675672073165937610267348620728056398608342916552651402785811149954870929118618291702620406938070810058856534884020220819239784997381279726118440,0,506133774286173491231532861502316671965386145800708215994304878641832932563725276073866757045767897081209951871804212578,0,-323147266118500992789027919582751325207264577380697896999960,0,1 # helix4 r=0
3181592133820750686337616303381248091900458155516973233662978420689261435290701576333698581658838762270777255501229141615566038877050115431557097369456838280303009767486305989079120131000538525349829345831427512253842446259859362452404569611642008734370343527793938487572654543540037109621283315622624449,0,-1869682625827733936000758370659664087102893457100283510982866561840266192141141693166464575538855584520526727308425704425065975899015431601938217991453189862110535616517958708808820113464369654351949102693383195741765293999005367101779207601067948971406135105093570883811973686850,0,462327394982813591056994249420075239515487392066889371326520308430580693207121467109005142239635780119395883265242804154832481244415684325796974705059740804375256889241693109699287412947219219821562264877595282743711553914473707796010066867554844669940691,0,-61061818969305101836089450463402153572776079810305768992979324539201197986726036836667077994863163739261442678034737434063504216142163892152466635214926676687522997859118486576603530181943772594042581391229137951971697300295385380,0,4510206615956296414684619595547021660218395577581707602419582735484227235530036294877691810442514626879869461347920559972535836316851589502875042406516618691582413793394259278249537686910632643600595117779,0,-174664056342321226870158130581778299477165070932024564753975133341957547898372576127048284089145918017634650355201735713010947665288517224703679127410424251995123316482650884236008,0,2685992641665965914573871118814576762802912496138009347084855980767320791022569251329447575046570327891829558724382276361848635770658503893325601578680762,0,-4722214710544200002391350749977966735224045293321666215435149159688698726550440462576466965628398063530017154980837282060819354,0,2106567258156016864766952627498779164806641299780516400083374522211179867666978661474160224043880649587,0,-131463575491283308006573411788216377329983859764679591981660291127868778346580,0,2816028824396409388183113370859472369653084297609514,0,-49988902409098004308489338,0,1 # helix4 r=0
287801545719279232092561035769491912011059188489664596415008899504672385377339766253524725150623129637164520722984231647002746744252008788423035401280870281108548528046510536270723795525965588536095276390906094181442379725424146909,0,-228867958461675632103558386022159876432909347819426798562806388072792000299313669245544960212274881493351185920577710218003018706052024606186837730815931994313143118168567955475566206207441975305182040251939355686,0,82611085057381984587164887224886036583425892293027005466345059566151602497059410047778692454616026395347170204178758218935042383528128400374646356566699152009800431054703778711372328328393254432,0,-17871096215780866645867981369892378664222515564682875773171858810699943913721190965668764367821195818921958657043965559278033831308368222869928357869503190304426646761719220468,0,2578125177490746569958801171449879598300150350561682154729149315504173359183079094966681385002551825757022916933935859658262079949935335924889303777330939379,0,-261190839212959504810638696994657114769759759997792347020984006849024079409713530732556684918466695313637093737719712604909142549280114888,0,19056909760583972369912586516529099424058067859673928109367061889420585957361412727757874577950479474815365741790004833,0,-1009510306050795905624687791348973477096275673135583929212345067327770938907149769925490108186391404,0,38570008678103641793377338877453133003192717914174134655500493975419304035059067,0,-1037732359909786523983440545152548394393850430504924653010984,0,18687605421257584270823661425909977334019,0,-202512771863339258538,0,1 # helix4 r=0
20386207256937039205271387528772324708719912378306846718252955710968844181470771689173263596187711717089452102515958516728780680733647708586456971299841656258539421741152149038332746236114088931949107559510884349789534710828777576310873550283301613347075495898099865172982856728086576397697512546986356603343702767521025091930164766955405017044093328604440370385518062212856832289869181344040201153484217306680017124464350521312601259668863390495821364141421016880972932037663235108006218657387212814704052771068306252623149684019595594220845136245951633101530833,0,3228296022755000476642104459363382490221243057607482006154926695287770082302149877113595461458411935720857009035381365825568607998005959715800329265614993192287806535412707255378174535727237125202099082023654238201290403476049373054705362872831037107403013425943182401094663889863689944676150466661038587170974380090962157110884287355667480371990367522480996942485768200484892020275747376732316767233695674523277429976398074050898620542727682914424708314532077258540014944390436132886511932610548442412769120601492394,0,217253486136740014279214151363160717747681715263784939469626346956690507075066515885006828156058781467448633708850757853974527156434130082561394209115522375989105812973302859948927226019703936027214755060187169106396154768214419296486573212896619855346791027992343638264146015317072434413082876812185885177965053428454580200124062657869165486862441710313854060079095079923208572232316785532626746675380371140843302931056499830132732409540046024865606579453783282400246506,0,8136910776950889418255675911927950335661053231936745404529500483725827546276908814822092869631504496631081489981313211310859834414634099254701319867511889222230608561680728641218068499964575701591529837609096518263946474486226126440260598859092853145894038749694496817547816763795252548598878110195282411383068247174793513444263077146599129565028626667009047920244964949558421897516565738809932029415772294550651185227926336,0,183563030101533836058065472529090469381828468808943087523050198541446444591274895079742267468012344202734976420199449615012849155095056377548830505488320252097454700400437406133408086359694965584043681084743521590024487030137483989263753457577257930959927678913594390327587812411838637504173297494000206498973515728694490960784044059390562045725038738546043955469874033243168423,0,2437850740968221549118959988165067476003287771856689677226513448722031836172347725342468944524461628025220528685216796540913340506726180931435472926523685872213498015763897715367549856284476161407301079074563961976346082530392050626263380925469888621354135827335479102369602002115063724937898164474868083219327368897878466666530418,0,15724244530327111893418686658123797420924521339261602901227781052737302331650009341517546995326913680150710839704174305888244037525721233062070460470574935864835088172463041913502543387698582619272507109345897273048721768285023451030622417398648457373892153986803309672919118520473513,0,-3779704598515823182589586314686804629338640083618014876584832162104591908090894414735938616321101745388683679148731064220553327764898447312321104727862871108418696050425169950956110291147060727444812722450983783114166048701029900078412,0,-366632588012340836916994423510143303992863212721004512683839063191713211876432212856747381598031803231124773533567377530771185094639133766002836638729698620885214242730935594113089423026766,0,5444229643678076262842018083038528619162871464887376509712791950515374578462856311692210898967366250707325630385561600086994339854677438421368,0,91662452396062971716046964723054306866171506055156459234992937689661317331618221062485662881113,0,484009444944390630196368806809208740868282256996,0,1 # helix4 r=0
91613545054400219670655486592902969760649707893173916381889333465915871239364394320986638258786675943364040961683237437326689508449031395030203078740276051337473323764147397467797564260791216915828789638436211893913914927493848331916772500541429165186266645239321604812805282231091979238980181556400135166199475231528721507776241486819218363833614432081643892275678708636603057583934284724818950647880697786590364895272218595373824133198628821280691828005218456604893332674448408739298564366808241298950975177561369334295488700284366708889366119115292549681290516036744420676524044199324476335879462056449645765230464071172228117424447267457804294474550377601844778691426334732821424625393139801369942129889983579586636204924645978315850809460203140624894659116411857291831,0,-41586677134661028545127216262412581610457027057125733295808732296826133567174625802777635402498324312156061784853756858444369994673544257489378344035141912961339920508462620789428160740775649506023655096947301502878281194694116230220811644982715570061603910096695125563301508703739643666978403222598285778575919170388938155266750349776058879549557851852796479687005867343407891829019238387887983209430572419072307381266519737470287240535532231040658648542591975204258188809354265466763386153747510013233556781593778627834557264905136553382002350749220112759624768114976839958262735662919670379980795590015138572344274481747148704185801501149707680373901701963832082593141645176156532202111391793117747510622871,0,8680464073883236465660753293222387781996185120823440519004917736993607737712010234338813838881832823074202481488182270561822684642389630453251730585322346137610542312057868446782825400642902218578362928430151014287354455133517849790368171302772384846487613654581822624147592517441735308489731086470062554665108671749316818676021756205997690460840766607421880825787809526373359515020802438203706474896742289768770607223567329431774744583300571900599529384985129382577150631409860583691154194691883013511090488239641930789838245778107750741440015877238422545159147198469617172944886898413693353930080945749475845802402993955470940687570506496504742,0,-1101792683915306922688252229564702886250061942251058262516577345655247826223695412575885213883535841615397605813487200598620493556968307887238652429940665847696352272330275742198512061435006313442047446796567747383598917121017543574776998524902154619626920852302096412623955024306335266757200548282897378768043407510041733971199868033432954141079030788799615410294656704255131244009249790826439865037750452265893496821646189832781285916758989774757620867171561867825164278074327548640082823041199433335896495886530847841442880487630476567383461604679593797965057743244530689823226171,0,94723504070234550791218878434565861726287219182608358047422379838233279750901588124622905064118252019555682942973375885436856481690064930723014941239425504507485182536995920525645194824718956058147912202454355701095698828025925007624632249115876871651903346712406447421912656062950717436289886978714941565548357647727373616163985348509985828682733540157957572899775351038489524791768884700334362171727221451522619431709716628268542786312384357978855719677423778956697751707694657463214646865485361503817588878550452923,0,-5811660427040093337531901097521352400583931669347032524825858935597126634747943238422690242115474114073247620127577331492611899368243119410065238895935809834672500886045914263644318215916806478816924347498668207641094146666498681001380705933047011538989840008963942065541893140056570519976411944774946490740474471350914266894496777307010937951899056239331689163584203318564935310998968085735032157191015286318457194773414863680769293990919745123472976553,0,260958302671789065102941765293630376413100389785122319755338733106899381102034872009616069860541250217448272138632743601784451522681378969332758368787002362635647941781839050223465034487494748998502001932312622571108346895782607835784493270147377857855923258651799371462972253730335378851018098050881095497005691110289471598677716070795401990861981085465069325339328250503261099072822922484,0,-8641886761914171793091319108394849355289999451241739429220566434128692053395560476199680742304659945318155103486865631727259300207504145249898697032474611873459346516731992446565976621930599767702996114414216016280888522240822918083996258882477126420671755640119319370433679802510944679129535651242992254424125529379505984394,0,209505409894309692627821185273269049175839787505147071964814046536518598370469464744766365995785918334213212933943617543185406011825318533503521987987428762731638118774214565361547058363017420708320417255888998649023119143356012614629650507521570808041424670204,0,-3626665444787708954314146383559078392826029515317386078895621879448573890615606638081243837716707503551055153272763274447676422203315732385745071439574185768427263278089216488066631699505256355865,0,42557929944071912667086036300870946267817732782858427693814506673191813345022842208718400149046690243246030252798973492889010250673,0,-304017231103385047610480898712982860461472519563153786110307480117,0,1 # helix4 r=0
20309402213127128250716092033525068176216551212982832361245437938213234673086110464056985663262859998061127995051938658762908288973046596880296577595822398343771026964735236554621702434399064388294447040556160761942120815643997270793605933738731846760685881487376751162724532342984857238382333482012351891284999369160101396699287263185804330505974835513377861482780439627755002830392416255951745043364227651298429389389014357423206123547769234779031109984753461362935623037774566549168161116658019379901655709384810870793939764985364491313661058898768384887395121644215907240437780361480327177161767468315485078683565618833254365788878943007339272129387267993561717677625636745967073485539124843538145307108829585118210992061764858551049158560488494045876354047557259451792134433863207735885488324890737648870779545129804774573912995255698366220447190673369181837593713984286083776512,0,5315243345118154805151580540874358960989854741522013592300850069410209520946713293633243265473734126539284314264581203934279497045008554471911578371318371079968537268207997875818005596821791722034010174811908561697783436125497080460164934633515923045960129600301500373878775810072740445839387537466319054842429410354983045432653798287882545587896513676306012677824077386743776024157149253846451783625026106861691647357991186226081928878356233018624019764471956733029277595209515323518572252705305359420053947908407434997350690966872211874241593825824186044768399481144149576617394779124648860811941763007588728894734964562994236234138904539582464668037074159494338298633945643105356586072204588108902392779066788123527132711609570146855928903221840343668865087933376425779619426344449141042836130754525180985344,0,811698116757992992964059630707772376847639497452604608129531539022267068271959530260375645337410674015984647988274587681997800349696527578650915561393444506979231250370560573341045636700631033630889918100686997690609355580370457265133689469778617387310455145940535978335971047553014306796972867454549964810491532998926502402318788641959712062030504061220463179551100157928464633120284907154708135913551489590150373568406486030718659727605000084427378819833346246083984601864239083202906788195829245656481712915809309006413184671619444599796638283140127632154452918333588394749061535758986076879788509732994729689333046732001271201410309352522778099642205892652323932936642540823467291305185893804619438419678748431308192191007740561195008,0,80683377743361600326127368396250331563484956458132162895505177457084854114342362352373080968248324215436225554252663145352415863792029128334646694380448764099702400734353346481304623106072190592325390736308726422334064366035883080020898201868080276887278448775465582325413953025835238981937011746215163304553629432220038400953971039107432265093531167494376024548845892988424622774084225702765303278592307642277805512553214240570632830209039566361460352648226927444233453570079274456037597564206691853169053434691765108404124371540537189973239514595794217117560149072975841260328596372413568099242475896888505710510377223631854686820958851061177462604586667359600640,0,4946604776046137063371317718872192423309023158160180307733736409973345886709732741088549537387838787109914769956992171491979426390426760557626477355230174833183069264890423619675065229363082543436334119469311510006816398083846740073054818445134155646490867761204655004784714638518526571225802807412671904018295561510199994416477099695171541058396003651974867103363227284691263609974528399000417941707097471516847844197613086274413152399751590212978811065054319756459312479433103657868032313954706937474386022979384851491359478782901002366848677658272880462889098670241393362275341695899926528,0,191333900158513170017900281204838954203696474845609624020452300080979895277516533668971191001955925691105646570882060672975612059296802314112786416684796254288816105799970808999262140941974006622920545136843977342420971467710553570512160267875006203500228295265875692654287552261195855428994910828737951341858375105395894579891429504614805820645685923440798738009054197030212723109026790239276140283500863673898003090703711054430618449959742782531345518856762406172173101545469919689027391688599605914304824052191068160,0,5180683707017613355440332834668859072465957338517427114145200955336081864818963613827789209523989434002929493746531495805571539973597458885827584913580545268073396330023335612919704181112895850759301607181603124718455793402866408210316294068786221512189791692775405591000885575211517077577051870670396103100409638853971754524408360211579876250863298279905493896534393593258337855607008072824080229649001751308939862867731875136803847716357537792,0,103588316831481792756013102300655809779829966851379855112069930342108995888154243793233650875777758191397675240889462895204722234097812216042187615612687138713808195977832068038635041317342923047444314802021881597343336488454260435203001165532749894915890969099904729532932132338088047818393059043454770845804031994309582268512193456610257877084863982228363205274417233920,0,1537142106391863183371731080738446527075374657454408578062742659220412841273636433430349945736482934550873532657642960100547192576522170484702280287098504343033360771422504619374502450965622233312275107408816969128499495172779520943929831891546362742014798161578949264754478089788004512242922946560,0,16391649220402150558030612931010274433439773907086758045732393008176361708954056232523816296480732251724797307258281212361398369717780448633454832401607631991919594489667009301198255502638229283680311145598449196706492841984,0,117996479111094094813955166160705984925616145095333746052328199472185467014531830462401227847881128218606914540381933178738065668949313104242767036416,0,510608613812045597285691098323356131356107628399545920973157306786614607872,0,1 # helix4 r=0
4493195354911023986141860017987680585450993326972192611419648756029257338976987987280457384299868113199229399186490972921805619790372827068317972512184720070795672919395239070288555762052617075427291770299599565594409144689552123802675664175712927991340768900760964425858769579068077799796674480567202891536711665267102488522822291789975291079341119082713354884091683573409338560965467003671287787506486778659951387014570942836340835418603095185291342968094854701967296090860065621907566120235028302048047911212388935569652467685823442367081992234733441344118955427358722006591822512088015167099534534071615594842960025964002605468773008068467980214419673412340157612910155821555045506478225529154214119966892227691432631123163005541585033370638696684480791019475923808924049788387157007821894906210865014435443929187768157510162148867935715069,0,-2871213113167142105311321268639365291880459801922393279997210663784151743089124639514555218799893903028750827437389998893101193764379005275204661927729872067606442473174674445208971386744123951173171107475138794176474081419095398184638248623619917335074273691254358371986630149635340637404399335040419281703604224386012463974391755929282232904592082564488825002589465334947409039456444525397883854485186522031106295162102110141021750378079796934113119690622833017889228500717305928516547752206187165975801885141893834937503944575239862274103742220809888497608133920380351589763973212403040557964012253205521180231013315036570689745308503352836168563178882856954965423271351086591303430454457053488842206607087694385180972612951844205968581170711805879835954874136342908241934,0,831993615234921709519835543636676208466901583827133660183023278739119468357938569016366829622112444157209278112842644221997977844477981804913263157665832349798109616422018158605306590078770890598021062349569770498276748600430959533464502949734079205391291013889394598569880271188514031490474142079730050943371406751797028480241406390300027811884878095796429293785978359563488538086649757754921350933437554693429442583979708942770350787805090062804479071625391648681003913013833879241676702126066840167870790158488681571929782812591705714983758114842628394671826885032968553950304692920831712977429385393221957894971702461187318035897998274318251831177898493250356013708117202748447143517454181905704843070,0,-144273082834579482925681479122154831176203139153410774026404006721459788803933058350756758473093061677094759566637052802111781496981276915614612936183861917257821279076017233848753649291301787707985368572273333076561075576149258806345259838473193035874148453684883124778649979703505041039072180750417212725580819304874186040933217674600207763386365337474409624375121985803641094267540356711037838152441023074309708839863833270990287530656519415046052589188599835312809288882048271922903076079591050033566189992944843736430180440580816030684703592052956148879593460190960909127899597708643473325486271337621159539893575084005756534353006,0,16654056823697920798236786756513073259547850053214563027845965678111557373550753271848720944643590091078809343998368807793901048268965950187388061013081656774543106335326408878038077398410046225432925557805518604234060208269490943412577355363731157879789115963007690217964357252714681842756642094742824784984096117717654482759494371643273793672562940348236977732879694035882163376315847981005961673966990577602531333747985692222213948299302239638955000066115344650475163303846184591658027063308268045514901243899257778803061672334341586097363239888451929500421539748,0,-1347508425858516314347011675539552301260218821481411019202092282384362789141992785108947326575252851326308830227772581351857400428158571200658438825521720826151762896744233759644809031382379293028051707299246876549592406918840604843965775217477892502775735864321710826507883521155042609996114723563768006110620305189660447679578434698702247830729032833472945886488153551125975809592127233905194153505576009493877030218008643727865867492297579722601982854896502046552121381195653529813159182743340,0,78368984270105837770425375076406031419918833487395693745377385296532745879531676154158447000525800048422120169527513506950852818094250628626053669023159489424673899333715193413725348193303939389484496335583501652990707844262209213058748407593934817118295380255063811629104889170271297823873673014557428870846241005352219376610657497106118656591187639323051760920065309193006257779358078325650122127667069182738991702136458736,0,-3302604367656185571715072170106068944786035185364657501821816183274062085157361926783728654327485637070337047417306034648457067671965020271871660714790766393807715500981019197946785754168287759831247664553726909944530796486890909488964314617122886991358724704759382723912514695340495074919172518495990706823093082070868551348751842510567648164117250580856,0,100163529747156795658217925065562344592322364165922560047341408580224640882440406926458569304569601493948587238485065830391385885628309466932852228159818429389304776764646707679719770887306148089823429707810033685184000480058632874605892496244524295775485812690141946434674834566948657,0,-2133887617727010057947112904109681216810533894567962933180910752463690523519556926584401214599633604884938314910986641322425642811552036399224748773350194627417260274287548403883520855090959607851590145478292471816,0,30335936296135240023223642966126597403370741317318326556906654855165753207817567172315035601291255566558036745633332600165046951182318860913900,0,-258577896947728337363272246997330280553987372386787039466035128613102398,0,1 # helix4 r=0
8662948513,0,-3642862695,0,14340078,0,162250777,0,11724435,0,-15827139,0,3469904,0,-579975,0,106515,0,-13543,0,798,0,-18,0,1 # helix4 r=0
3115917890588775978815974105519627419124480345940234167590507456390619242614764485382872786159169345821700657785044953556950178719982785216182510269316486032848684121076271031491206260354384313390334787183417142093974436338510905584251409621472406247944493076397699031718463368037850746662736022713473898464399311477415652736445946023925013395244033445280607254384674377994022659322466476689700447248271039629812736827189836175121045094192659920927103173577417935303694348582204154896320517521040079058746001665748114764191838225114855506474994652590330101043187139545578266121350836320323597307239869351279748679780999021219972294718121544830219007712215502460236902719760998135564318262693650395999242823611186568587672556137245258464288149545103967383853,0,-35079674050409489195989634366006958393230360379538892478004151080955509429985408730412165137150726014623093048575029183133755288233495949204250068054895993746636916748446572195151577148765249309065318630959674445575853499314026859043856498154591960495592715755406294927413376047632076992935505159121318573396421448011267100052082511502958343284894478638216695712222142500579479031685320819765803229312032868832547252293437933889717152950838709644993175709902895115357104048490832347913779100845546782101209903947058434038527547541758316585205540440917597507820811757525146356505344136742515522524432616261504313003345871098836734142593262120601236593680840333872256759554175600709646930521862814,0,179498046335811535425002420588975990168518070011579052516989645383941785113014078935844646603041235708913874528129467072329347474984499947757732435025464124488916708835877588781038833768965793492865465849516175588197796385693767991817010294057136427782354049926332593800990318744795485751237239043329649489188019867964077865871699343952132163267966469904009229196403183943067710252659534766160004693945987016585663608321909802669902077264682846166481208913249755614965344889828952823494334537338091776816930555524625601737078587794568853472269517426181817426963572552754096930867979018843365352985084894467947376030345678608931232863,0,-552561424068101204171008546492485774485429178296672612888716034072387981713039431450594411014431339805507767084636730433795490027911281205002303464577381478953489547454557868782161714373330409179137372227328043743602458959852621727373477571013216604238943095937414004632791375795665879351691532595729731387537094150822185457376789303373954232254568815755429585964486454253939689368780487039193765196191454994638224137035407796007759164161085123838444814063938854397969965593135628936973816177135501898055889634720296672323098799935475431617179311053596837278627563293330,0,1140824609376630543923684058956424483244288382667356410454861980967128334729055643876945952900230594601502528333290005166355358256295019659963272465602119300187499222953877897713266509305996097305248965299146028882764329354224308962451121990187842631103109170772581992957407660575892356758781341490076541445675065364115666963513566895936863097404095208636750525948885617306162960480920080681375605169040436648467100433827003379446370001111868787012692677975618994693331007469652764826977353521206452753654551,0,-1665631632575141821835833298987395082411278833732314077749317591527080328994754714138867930778819540917209767207523183049057033369010487722965710363682596779757711822287884608750216348261800296467003330479534383240303229416298209423631709967078946132760704533695551764175417329638627282006611970643990651051527047921516497020227600248167767990857431181583253172756013801985631842031481460261653632254465877859756929915553023495540675993182351298,0,1764728818565402696599237793284061499047786996577239416091083587639070299287582608786591489755120240048016982970095815820134982957266984069927616333052499521491993264447519384826620831520490007356440923498588018597597531374704100862070722092787186041770083418833490521671252403220200623818866855098562163341121348743786294531458580382530224016652821247423041757272139836802402060588,0,-1367992820848910528368684582656676689505850027362668127804597849655622295397544200980884479265076615736960910534314284912748375071478683921207755230153164831455888860857102569778087994820611858686067801784005274963808619884533187447740155217354554186757401257337657004792213758231635329281510027713292263073139794988162,0,770495235224379999061821799387408399825487893882452569846750747251050499094868574627883025678144022810603528281630922678663269879876622557851837015801052766461168681937752971556512894159698201838481909900391846082257547886256945188813133600539517175802075,0,-307658920986470934172021826812529066048471492339725949872210873026085794354440757888543596786999964649843688179668948585575665457303015498151041069758446845078006091518187378602493852399312756,0,82707496923382288084790463257745648488208638845731996536660897158430992578221657463021170886300233853188700841167741752651569542,0,-13445651119384798306233572419288577660264193753940793043324092124,0,1 # helix4 r=0
11315026416124115950621633954467240322587385808485282478266684256251503010848833436492278304110301422967742282497239354882188741940890698085781728190259934980615039408419782878107855606339529378346025759945659488525076465439329297030674120872197364304176306237826189802610363772839528397395453052517,0,13480793348765629765486361822220621799364766450277315208940303691603554592323309231386361358314057477603904668693295837561936069927998444511235053197900852837673592512723825223799389093059000563985825353208300541519198071824097282745804394423579871639775322125551521543594453,0,10853050318984553102576523823621915574389853860808795382683419230000473649296186213147968535743906024962555106869747321506140745944990363755807831973203276173876569297564034171931330783736544416108256887702516635167520265742014415467376138157192851067,0,6137359955721334702944465568497046314320605102459763908712969664922948603874368043541514988893461521092884716498528056774204957747479368372766697099130952401818232041369165841977984085734601240533005371802497044631838413061685,0,2358501303527190677361468906800358768381736291489223705469932262343320134795862482752373574268553587827656286388672638753943919492361830491581128223837513764268300323925668705318531696946810640399801005,0,616836135058591628502416124416856275878596436459836839182140654459514455293151297730310091989717661359810280175134957616251244019681540312265327123175432621565198479070407854138,0,111686671353946332151595103690550448340831082017090800864273802256568321050375512585324864775564408846243288203739722788650814629919747032407671332011375,0,14205980635561509549115201352892856747567826453768160660554448192949207177423818360755998476861829568725639678248103223572855359,0,1274171716021191014115635531354728835263984924626257123193249986116648399710571041555497130613639028109,0,79563721350118205885184167725582772971878984345652539279628381835251774884208,0,3324344334886718841525833910781924566497357305336956,0,84496068943120034304909246,0,1 # helix4 r=0
254314002205820741567666685247030456205610839111562284380530280973961047311810090430382841916984813146085745183437775864160664500227451631676405445665068454217747705666334311754534490403773995615780015845687415656272507882674550542946220714837167615764473159777251955731040628956973722666844716704918620399191131090645339164333738975833578847159938878003306021632897139455526475311550135552471790303170065759102418603831208571170448457840862455678254800476082636120041912110494799110172059573500462442282901893967700788131380469232685603304408561435085838679626826244129939435989933740859305045768955779032699852940894381942986467198548009260696080540655110184612553992156919361000316017106668105085955469864787488576780738160946094105283311428175087676062247673616,0,423522558935026535487100044854971348448167039529200162585465549665080460880186082533622052265987702131997296975841608415157944164692832470338139673439581821381770112345413170216145322463624211085240629946612184847544926360939254480110192293761421866032762631191767053352813264455623530637677412961279284125624420829335442909487917663018891795755973511759994118052336483683272049852551158433059369175003978890860401188544344942306049896898419029153933138616215916837398351330926309022359754547146326758182952813669264079502500316346827289170432890027306705643367733142550154751537876783725004417963254784063019005314081516130349601452076361847047808590292683931494695620827669567336874700811720509615632,0,347917484724747430912512350391177140482635386450000878602960716657914571112120661103078274895411360193014973549162229821715733173294715691536111922242118681634369049348199353740489229503160667428533667878059931671007698707428494925727025108570025845061928535778431318951739345326411413052321678699968252353457046860097003412892009566932574126450854907858522971618307687014839511104337082138436282683995086760993839951006787611758644922552485655287981499003619866812169276195102735646934795874176456901364167163621515290303826612321020467243035569170985770785200675367923669496489970831048855808821523173213803285041095049618992576946668296,0,185734354865566498802379083459330717472088894222592653754796280164447488970188220012288354427542760615202400436509047416572782203630896457281372633090999916516120820302650592291175380456272797742831128927042872621106321881544361620093534928340386106589988847642161613017275495897467468331395900294745242165573735611183441581044460815283951007097324158062787460335512646049923850255269667567144548127861000463957461220174491712905304696842457359624589177620160768189747968047493893372562243981396842346960299488308421453768229220087678846444365621119669247036719097182202614116,0,71391501520864187641112928939635953612970994154173976157829640766959775854778835557212649594428992688362572687728137654863014911570438067637529591106137369359163113551163326734312523752495384861160477396167113413378933068385730959315255087707411024231167542005079408159210754719705066580367819675827799408179544958034689659077633562699506341461986824109361543115431133308055563330788146124962944782098464715743792100928254849991145431920693040836874545292366992325864692698546400176776452706121500589501428759553,0,20743920977657453773099113867466677307624727407030776054499729153327200108827822459002966129232399934621324892870358754447842185367732562684198807528229325702513532814451872387239604154947689247320299008766438371284128622090773205816837763316937528259787615645449272694053690707725758236377850342458565264217904121737812446880799139283597649187289219736299494963845389986088036684993019051390585340792807861420070781406972038027256766043113118974318,0,4664132049522859341750470467502360542553992776632830704520252843542402297702678636092833869223601835866312022527275448753116866866732042161581965474119501087374100335265026648074638826585343642112730897821319022721830085891794749255309467238737923740385856111015840517517925241435716686975996273602749383582420109020345407817102254166561046488335001194184792489107127779420874626342922,0,817290631585401772376696399084621447964696054800639492100494619691496032283909743231555687417838488174617660578546519788456386323618773566910081998052781799353221217867527117939688720189469014466745467879451079252319212232458296142842276372762465657705826692587921572054058505080438943002252381548456572892405637897353748,0,110896952923520412849961466839715365527562129391198065571440152946746976045385952896250905472216554579561414096466700504065063747917318559369791739528422209772258887569167517067609295098439254766206521600836330978521404081956960848590990303932581101814219359,0,11395391214228966899193742224345910834974945500105329079967958517358716941473244657857127883111844030507857579641534883478374682412472514245814262008135406069293958162575022122456357337600974232,0,845851302613276821245095287228224285083039436927345143443065391811150189415003176073443648189685011499910619232999754403690279266,0,41081196017914798127177992857627445689137961174625495443795040566,0,1 # helix4 r=0
49279359346094026264166203099684922660329452703466362427937154904258132408186932882137680367553670392031033485873837257805647459666621955113526225626856149445318975773155189117937304272791540637602959333521917831475857763816546115305331035384429386991928158016158260948028260827821382775042741078587518855794991193873145771839305092360494070653,0,391069934838518360040725699335407182612539353897790159689757835558969270212980398136751230043610259212423300781972806963571294924646643470143189470676725253125521772142135634195166499679550414205609589030718306401631105817329202710914618313400018944626209239979495447514363749126727243373403742401030469732388156625,0,-26466692310778011790339883288688776422116873179946110101639326363849870795885512477448100725081084771521994173922897682542001171425857612274783606030876917738509909766662645746505782955239748972441933574467198545888473626202453749030517262178235904687874635063962598697401892302767354367,0,685085938396355937658326560767141879669227425629470654262647264557766852035574355750422014445814584939281782955261122649871244322477877363129202807576908901417960855370756210652603478194638049436732906604611423899730425898157864885189390814939962718798172339,0,28851995460950157271475520887106022010134771752080158172034005730240828863712457718516126969431106268681681949503370227591125036649140879287712738294311912176597513251859298096204629003231308734148469943775491313754997714563092847,0,-1782367321513673640581741200729197698340739486291035373596833746729564989430307498828471425874068252250735855082077986941962544672052913267293536952065883619108778148886834707366425779693950473462300243,0,54922325600437956922157150507601886912291342748637317227020104406399749511716499772802204365296071583244019019978342535875386010685129146344250686299010628413328405282120752,0,-1103096547850679900423742168030704455198878651486107881169594032768477843290655176119153598143600737607442319665535678022967528452905096633785342,0,17273245301849416813485363254017280375922992218661062260332198113693866320342564821772394465420600216261562015151742,0,-171666550692580185538197843281121361834124430011457603381107900069410435724786003897800,0,1709248979562217237452331033920607445289635532626312422020,0,-53915892456054865930806675708,0,1 # helix4 r=0
1407307480120494749184886045706473812119832014855285305199443349856089826426067733244050173920501050144851150503991338078039843882284276774139581545243261341125877440428249585117585633665667193364436299216754862362737581738621857413471866140411097630692442870793590381120397586752067323751328098602139106735697953802428166457823249937208873387760064237277064435511457935588637324235727562767805786265125103299400745231961009363138969640887232037752653348143424039270421641617504117672586694200357466961447351472518048234717887381389262891707996394191741520156386374226090966122496,0,-10154315360473092625713175863098721614048795522571562866663624544566019594715130883410059518757933103849650823448369626606373531798390106465481761118376700060943209934825678600426719314161479412947507405267669838797854457980471231002157900913420508630661996507748806817092753856475533706553726576618897033768128350831136546492563287567496494788083786616885413186693879344750467573362197457315527012089255621921576796015678360161338733055819147410682900622016821475059173744655865253878589665102962756784920430432483378846701350551552,0,33244870306259174066891568748303935928734980509415645988048876380450814037963049713600891234499403010443881104550495061948480187312016491978681993954878693854609480754940992964542543870728459431023297265377597236569873655463301239659979188086414176772952370376116144063687831407132634367393253495936474490363941682032914031328835530595504857951421349894934906806912663375155306805984405175766946158841558520008540253045396340872840867803691717655260374386058412924923403958681268649984,0,-65124765960358078007963185940331687017233909163335610995451884272878148660667222547605454753330477782413814167687039461684839805270337012597014140662529610618062103515380164481171042870423047690300161348224728028696069108564614370397279697875870614446436407713302459272482419455378586218300226765252426804020459540570867003844695628245054405952803099608411435213661035086612003522409177058801012509529039517881747413272188562660191633408,0,84881848036443814366061022074953672323451034105529132451680764379965746706942319577840390443044284396938985420158319362566399879029097474594356362982971200942365069507453688423741251436430530769521499079253948279162573683866769122336021430492145655348437115152164236043663792467041382767038815142536776164839518778391274748912329934369786381948685061763138999180515720001624129221871796224,0,-77489249647228817245865600570287841664499277116813505484568312483152232549616374255209291458275135743401532804120790670188375764790738159819693688432161867300862378387168576187289928528540505409684287963917581878965090122514105705459429857786569064682151220478585400452648238573776117851037954295487638010236805533033439643981149809898684416,0,50783396304547054589589457512847770649258301520041224045028722457451074058952251373192103003900291673335837240916133415738713836618204168142498175642584998012732470149690545998652491871117357482058517448666099313239807708686424136409968529762286362405055365401098099582877899926222888362835968,0,-24042976251029970715448525576822718826396472081600821088836582527875133439815562681261317602028094374051676789166112602080448384497448592517489904352013592542481893454138953095189689031143663352728017457243011828378852440668264454808445575495680,0,8131213818707426317663695472508168452673300543302578286571883319772705359134846119639682002133197646959123732313786599242144601618415988038859927990639296143337280161715047509686849550419664830464,0,-1901247509969832924576377799718055294175986861168317756927954725266403606801977180951562310091046118139330796290298562284480643293690378126230552576,0,288556866022022124618547052239016961225322211366274722708844769178041063123358571676174236103213056,0,-25339791922746870411262043702784104641924593352704,0,1 # helix4 r=0
1819705663620631089187794617205039394785603933731234891666621410960654920929436453666909224298416870679882788714402465150536574986819197126970721313628869959432024073035937692050048547773402609789002803508458759622653134019480811059332993084415962830953573469354921088613637929496613100082224847282222939370602560764267243448606867801667663880230091269867621978074321878676137212800625637415700784206774899753559616079073559787131084869573657013349090671617816438880443332704640292267614009364558935576543232,0,-36965708116201043901892973482192524465988943814828551776020879498428757499938997992407116014788942774482815928882452898536877933663599185636320624463572413271413392919756182276659772105091205161917679718906828680557900716980759621846660345943850177751486695393773924136942996052070121511771766815704581926985824439980739485200119118547622474939863637610822398623867573376799316419423006752210278353498920868423378227861690952289295328118050444388374794846722431385600,0,272277428024132634679073020190546047229321750520290716344711535993611243881923683345367234716725418996897483998345854600690814447876513481605200568866923813612487092254412268606712942608895012482469854621642201867818086758545651466568472079671293353313000274730842600783071351869542585852346888071903230079495720411415785429843898666780436879062998400329609918249091343929816665299816661997697398652389451545582008352905363456,0,-945757252055968076676255103236517693804983144894663312599404615703856997030742563452199027905668549106152932609131380857272920095954560629158611285561955530574961473393592622810246653839184688485121612779001487706654932779945443229723982909543178979783789159220537618108260315375476894162089868023384562375769897044384699051305077958453848374735471824706377311198834739809876556382208,0,1915416238510716863238028008014472548346359524222092820591675140986386523704344248775470312107171351659855183345779799907375439962751942979738634060264628448536323409395043067040730775377038734686403644849625669679381779111724682267887157546980475225375442948769162018704441632582297322820063863033453258204402379689365578451675897026622521344,0,-2404370249699236159353615494074466701452227993173908640062533330545834159523050754450469478455007647231674433525233474642324884846538864458069107210670126036506120791013287597711280353834313876565931658991414872861744832258309917555854481305150017142020674100407026079322945670754808001261774202470400,0,1839475808248373842009068883274116286534320281554167557475907247785197887167727406882393350460485995697313685617246917119999808116316291166419869803703383753948773078684770421408499614188181824554576905242757590527125247914063296125249668370969400061500325888,0,-808549957058362098507161916051363398339179335563858100888199524098393425214792017947749755723193364943805445382656890022054958037895255555127827528305320061023120784164809134511975649983128174667050918835621149540352,0,203932321047323877435729086797540542189377625781016482768929213403296399704246585987188778423767959464252338396875087565076948271537191975904728834394584095758736576273711104,0,-53200924869166395108440198182018219140409622596243144445822191889353130873933761087395939183284909460698095287311218510338484862976,0,16203984318058952299299923935907604071581057077258683013219723603184018751953605727617024,0,-221458936773558812937789773217945696344211456,0,1 # helix4 r=0
18534940830187290722654704557146637810889447216859266175902174550011515910289374967162068405228133072900466698377973878508139764377330285767535549695893672281440378402170258231604761555177789856447324135444584859316682189302289762151728843094871317297702833929993788048656123239673952956784003513937377893112119140977399451781939923547571209950607871936565282389025675849477614309571998883535011637308743277574474997786146009469112572864385290252395364085531377434051850535029082352834555562090148191275012073644749654839250601640689648201182283193404322717275347851731573770810070188032,0,28833934993154160645103182590625900199659791359090096375224544614499551910566141877148563973090058093817892337486734166860897786889065047701758836748529537722661029967269239404508071761525165940659586496538991996050307818207451734143685781672126627113033716737723492887272518846664459774851197141943833259308121649437012305232612231975956992445542294962511454847627071701106097697797068539523256378294002989008451935184435960226334974208089269446594275795775492199904490007684295816269082166119174130758231680682402366398791695616052408320,0,20670691327725797865790068361401344358246043135289269487490273629300721012061698086525114907347818422852963800388128192863409122872640438488121001244975674318129255679865174453737038647121760225639067612812578178490425151040651703889881109922299273325946956697233717889498639030857299375171155812474452414295110149566996800283550013669936529416451455407389852695896117794678085948346759767104492959490179112810315853554725910332444967472319581741538310979779677655484753199837317325161545856,0,9067186086826955391543256171789505016757451574248723467418822250293522248778676233581631196021239083079034108778282056826714523567677720170314641167356411477518797839895307314736335840854960533975556397295336637540840429289263926575399058904837008938744270413877780524591277361565963689057865511610942789520984784292712114323873754339067759588930539611176267456971009099868170397137306758430741161941937764689243375766498090990739036936818000,0,2718648576838495372241011332503475954624922459934429252877200310378196331894163752902394675538315736029606883488051063306862052865951317398626150845804047951535637343531552776390197787786428027912739815685106119986473636012109122931607829849754783151240479275823814091739390775000542982669673649014591033518319520596903398992484649439463167706814606905629981679187366849399310789421042710225685,0,588201473740121592191101604378669843097365856265316500119894021161361739881752546137139653654842593689915037268236475692003309610837492784591828731174303088208167054373213692492903264274411422654648223129623529869111281436112384008951018181284156199003303351027166475293314720848863627738614870594852034656130597190567122676194135554227463524788,0,94295701536139061747668573995457745495261065493952023978693872363568601851175406761000817236840624198802274488601328127337623383736790040213291377156458267510999044309708892158944064658525977856171767697713339840544000179094228905112469940726206233527708889380317308635185200779496548637732533270,0,11296549739335470972900357439010994045954044727766169344727928476616460066080206102171869777673357142180138744529065367356603314031367332265829598550103118067239206798466121075311267648524977797984667599968414731683121271047746480892262650376412732,0,1004364717558167975915122681731138423268110310047245889530540669929323588769446282697517305168809651055367507869842095449479324072368703390856994927401030094117407876959905671424523130569969594563631,0,64659978008010001643669851773905604694116478198536045328011028866630455765371898863375023645061151720167829550821353859776143972223616974703842634556,0,2862205875771536820541507615754172244550300418361095631122974493049106473843972188799022012603386818,0,78249622219704485032369886378236772455925228370144,0,1 # helix4 r=0
116137712312767727811808085648215302070574474352426653947436863075874382092831004125144172345967267852259240915743517059022734572138775680880557545793193110324609233558245224066745208840691232477777728745597947800254517679812972242275475781194895507589316132045034414486843925263215598929167581841655380626190592337131854506047534026285890027638363459270492934317890973900325207951316863106039470116445772998712195175277259123844559050525104587248654152845145758090100245850658512209698056425705465440039965613367055655425241548599134312527212733483229647423647317405184870764655421559373448232708649906566911486372712561226093314873264294169728250530932495564908593969268838853077868436361592649907,0,-79244588933954677702399006647059249992321050659496937803828860438719580363952535276259517229262515657150556782733410353825629757385354604970364332601474876950098350525417027326869182243071993544719615254571730710805930057287514684322620516101329695889317720446242783490734808511583046262234019394579139533298621197055798202669296504291114983710586990222750144779746925936377173884388762386581950016026891052103658702199263887747313075247383927893166722948327948090671432401375194347203821172702987308479397118584432782428297030069369786317584542011772810033662446448223239057497998133884174287895070218509146107497551045352017823296075569648,0,39670452295864886448537776462015651367299734699384639132180376608504867607340257945312458330192008357413082943948167599994622989984400254338445465888996530074871670188972784070592802862879815395204820871297164380519781598408673162055175906557601721531008498661335977274049449438115153546206852435071943853945390844209202420175123742543222136781529830832500382430945310336670975438120560475732428349024899634514680764644314037616044196372402347151549415464578091441107635868842025681376091817504498283107939885660874153645433603159279328825076315738067386687804622237181080570541177204,0,-9828563951255195610766999897063572956935500942707290572142015010398795997241060914189416357485715901266951190878015386824966112882513365602127353195525514036882956739859700478291191154201612330336362202953501618450899186655933555506906480138668703541503827370670415639738181406912387212698919789332581522577167616911522166959762198072377901728715397721644888814041812233697321997201686420155352636283704262127905319244939057163003081567794101204159058687738652744600087168554763529586758791623982912186198013592088531926457424,0,1502545994643547768353381081238351851409147215871927986306568158671829490914237872643558290137044751671154679386376614993761890172818213954853262265772722354854882197697785292472409777078363496320957191864947333638215874944961340327628916487908121282912878026569512066019247014867428893001389463505236656316836372704816636443905541964183443272880786622212813496943410478397558003341186178693004468407987826043757560832748764962858479754417537418298669040317367329312419,0,-158678987429845065707434137966932348872310493061377116491163295372875468381457842631633006318393763354481204502978350911269280656285641377496578314449058413861637528501896089455768086285192536205651532679009830717684152288834100960059548461609534397642173335849829080821380375402154608383966814224442182884169572548038012597226412229078360140222434278264921803530717095849229094719947135825024531576052053740752,0,12145819204884102061595897294360423625468665945538693469629335998443036828334313341003927333641595225838063525140332502616987739868535443769235762092573923666633006296366994003224413424932781574081332439127031616201482469274835682597446328261626340324865155123961561691243936048681672143517335771197213553822331043645376077875886072385376179874773637600,0,-682754391362186426907835489481240478378318456066007945818563913775763045218870847373922349855728164154882585892972774328872496300168584582728562542406102618288364300294341413370948273800116457555289707840763149016375797004049272596222479000739131639210732238309861862976189086002794626960283600,0,27964632358389411492075099623550634606208715852796668486378788170687029547675053733843876282713545973500661507865702104498993971579953463573733746487908018781697256406995577067157571717678354156530864875188900596903788549675375992993033,0,-812520645849448310161410827615524392376472119429511122840684280424852497024892324370247517962050302940487725742731783469260262265609269896755473035145011801786702465397647266048,0,15872351208957627074069447644445569893166786396961129398346230517337068074856783222649462544551210653332043486027675724,0,-186854523599295568994382239240318412874922962019840467901472,0,1 # helix4 r=0
46179064683620029811763397025550509142084232250410564351967237489902217491523261233850374545405491698552455425168781318354289521837101199217090097288501635855416330059896742615954051416341884133978032713473745195999990605881779147572061904137045833234361797373430528274457308165542432827626224793809732082872183195971968480758839252246466459004217734137008890103128700502383763787522947346325381597014144533140028750627648162282109204643617876414416582197462108900191365232786950297732552351271507084014850169276449442009154533,0,-8305223937642143408802399921022927667810385569937489365739466815500404886907231285619146374467025728206442092109362704993546815581590923835864799196317119968192156404509684343365817496762567413856939053448337532079010483923758802154688566068477782533717791403840403116419821482131097084257180407677855747641929982279637069812845190316110422569811332771938361248452204166185606296940394070016309658519766239001555474359728113288525973261940080963281977986424597089240489475745159157132,0,661013233784803405789942760747668727644717040117437419186363450296153977326146929242423382750792445612966116654082966057055560100227942384331912610199454627190777152784522574371371515980697720490093981258211336328832497325731778574227344383406834857155976793135016266774989229126057495750955355580652064330719460310592086148628091020209353200475189766312484409418421352781084732439923359828239369894373119642676611268296266894265886411774055,0,-30669819317097364527034497065141051550786399376354829436148816931054770121198606454075240463129775077302203318609062320290100776650112110527947125039574772736229771466733487194796199278955153297247857444061540540678414648932081821634972812067570052262372981665079183435879071358999953841170165627145487566071158906651624283366470834852997628299632012082668274263078365723803861714438055552932884586,0,921852216003977293527529030185990063272079010181718517602843486747216316198946067273118548683389675535670591826902458409482658254797534680522740156315572699477923324185236262666069696891607980259995744814486105198445494753213066012857900115625880483789757706107267164161697982136103000840704908437337788691799006322252798630905675318427591881859175004092,0,-18919005940439696136473804861652113420003743166830185120587528508887321618729666978347947807220605465459781456839385772988130757280303068317063031131670124957124694136564779602467593648840415601415324511398685277469189107576102281133902577759458450616879597956329225535476723737249189743717187470369005878029582,0,273090989791398880445556934938775692169153674561416546157665556637533355210219319481935930002786440602385621718739285744789557511746915530536859718578001421937854058238066572637849774074834946062182987267842163012661257715674937619214512367795314274680449559132935561,0,-2819968959816749026694871027175624257334653576986955670206464786278662586357832955337753791428814977418522690518553164278961158631794064133869898364807994106997232010655227383503085095128911864406163531041574131926428259094,0,20944622603180608315694463757994191832552462706417894639892467777416648428611158028989692208803573104249154644935257470759177843337942215777724532155872904667051706469372847556963,0,-110674262453607143948576796464861894495059387741473491936800525998777337049486663430198852679294287843802458396393345130746735946201438,0,400895038077178229458896825685525928556896283584179383396183581241479563535652116021350122,0,-908197418159777037396150949074565783083939882,0,1 # helix4 r=0
214413873851037462900796014607584764291372939254180129742092819449308563958396376363026734742800057457480710155087015105809128348476665528741153781487989948711167421115899907789722499475162322743788084556932180977382914051356050620759308119292250192613315914046944172043024050283701486654817649496213,0,314670570239318728341015571628982239058762991468337046781252348776232467177876715736601665005748754456577413397205707655573450461960137875780876068022541232788802246037983334336770070896240970821902718216082723181879649125600289589517903701201214568648613826571016031125299755,0,208609879964301853156637121808276693505005386418711870055638679195513199850931123323542136090795310432587199518897478936659675441772564180939156580850432969643836994274474149255231694881311855114124722200530112301183063318308230391872103413683832414022,0,82531248604802165321682237189633466638092394466169458210487530217858219433981066887910661352979104339714325448317153361143823005933391883771587385196988478409009802478366461799986593316594543394950908618867196876045008460070193,0,21700052473438694829339170884382843914338229662949640473553079259512632255845447475183930921446113525826087602414770857153638452977129149449837678554859492508344670866568544736110384832460678444815176143,0,3997287770248289176201745967239705681104875049591928197144753087019466414456176905864266678052563879170370335104358135526087730035862106559395241412929744660771433308085597479390,0,529547830692141626056475781027870655615212333173571376217768434272928866187857329525915898519915223621735393569593599033060215696066779264189663459789204,0,50905497472097458946357691701663750327061409859375641641864692244888983151565615690290209985557114480126324766154936799652304674,0,3529586082468798480567876171461342195546722495107389243488068363734706075454460118571389855002335558707,0,172413525199519039293796287029810276869148025442368458203151781443489361063999,0,5641078979894428237552313539406704133564180546907696,0,111179038083052676716985850,0,1 # helix4 r=0
484342732042304992112406959861937681725200243731734068946239034784391097827029968042820770578647922817002424381474815627105085235938404222534434212300064514200559134224767333131411105382983573825571423077248405360418094712738888942955223599202875431904913654218694226130249627060271935658214240283190847209961602677721604166372514465407208168482631242506435093960322732923105835029490755277197635759409794556955846630494236430053060086597389515429,0,-141549326002014942216175028110552765171199632410608878314495297236077627960107422251238691528598068538818274738153559351133428361771979110823760243642968497128269024511721655992856452615112860924000745691949733644947578055215190324327173250252459112447293306359945927926303519092568533610502131078520664474334357875717075539770708446219371891141246826506109397005120158100817584154985915782970259076823080034395,0,32362308229141123814162238156908351761071461704958469467943046306739652717943847169362692908181535898240500227116351595436487836294900681398078130981566171429802536464107317901996466163396154469616378028621219453002187508219299870829231486670552705011102261150798903038477801502256710807274069518712205339213343746071629248246305997258485909784826104074865332038428805439929,0,-3826583112000273575174212365127584634196217843083056144454514760374532026908770395959435284519123205517941859561459508042019454451545570268342233325042177674780264117665479654327586364976759708917438257761529088100692068037071026121839764365243532607213321068907566597278629833994142117436945531063546666319945888487338373365935092659289,0,383110193603791139577512692293658718071808708800716392371992366467069167044495568477300534090175927239257675093499422783494554541075358919242090436394200067347454377983529972335953383768216853613296134441710390281807729878962131180055153301886216356825031429290709966951819477755767351986782000504284,0,-21599865522625029242448950380031157241406173804242871422878640798201349739726216387636277028412744594817150509585540163901790892181434668043964325869284520645301934263199720420647255451977066348430296221497250329158205576051149678545013468300418313805760460964442,0,1516471210369497028301424296510640003939697394708535857751920389879531666202178813161598710348219671653764742292457830755241541222088915497247707886342388575153525360052193522847741462964572614073689406530029098764212468855608,0,-100121933862854520996465997557452930088460685636947481756234651618134010228811829832777260984391147733354418833017813938265821277791698572485576434669013543821841674141906449428669505955048,0,9136396293625373535113147041547542584604415368048468335879850501234595490700651286735335554199278188213670928388440433795541323975214462108933164158080,0,-521164210233064304516830514542869858717159090433744986316499849224887439057921774395310694467160574201749445489488,0,14656769666539199593130756555589251308281661056667947621997141032974868372225,0,-195607373392408066805934111782378982723,0,1 # helix4 r=0
13793655338996932771225385328721010141588661323772354343588400999287683767481579272703743652822882164616421224434179276201716178456569525031870186559177359737429021183380571846693679695497831985764976300171528934461825460014499862454565473062803646101093700710744296550441008517695982027191354465533386159207035545548014720171092367321539700723675084372042017831451127769969295578867089694190222648684038617650380941081141549941315942341191254914945200767062767498212543397119028812036670652807963304653775886681909267725101266040129215409708261638465339379166655167169389829977784966928190679255712486458074983741154615363388077,0,3683466741180011752129547554114105056646320643912053526949717968616416016134854567042772481136223599915426612371644980357479723169828252440280600233110591254631086725461015630316066270130577098710170327273663036283403853610294614051085005234875024809275341296318732378024588285047371520021315690481896715075251815480084398344743565044358351084323726372728580338401706897338133770588654753969527397230077530990776881183925246275908869030191236339271287377974548058703176445163995687461022605369243907133377591916760647580310441496980450829078773416904571868222817664849425877410,0,741216469347512172773679501334568854880876991221413247956785824913388195153211806840974600213102055695748344799340160107125522467544156952869979250540231343784653760367383282044348985413709156725534560394103546141880034441597935914352182789072422409621403290578615412827959806659697457166461126056819278058792088283297262368114386124099165728735841240813440280447186779997672536625085758199643530573183436380212497579788757894591593149611222699221680189769451524592637742985703410316059207997543652291634345573063848213618118,0,135663188780521661711042406496470913351647338160957769327543077010718723449773704339206028546220572181294427928082168716603717279478815977326237427891968163228810693202327872812049715441084721448883437382828177635530200886333578586038711855988019730349454092336835054937877908064137905418469569850397879232139569955885948139089755904775286603182502065492853997886082474906046795968570335423484862180469798406329417695201724209714550142209860662693464969685232044536749984894,0,17839183411604045394256901899546759213689260936852465979265610480155024946045333776964302970612729033017266447824230312702746242155010222448171787692123644649908031235909739559291971241158034419884226549367575725883536678362001243972243739555034327741672860279549841109884896540250152430331417676304629724468724163048899798192155184979818591179654978782138791594308084746545578211918657428391588643732477921295715435400055,0,1576363695524543803892352268480316338447405327193470000898887840970765455761684952318302302121710416577779579217770478441594736726602514862346546217597109766588090309965922142446638725469765875687378386207716178656176629232276095563879402702738387403076141570105899919632801314667771085199339949526516536851829374419227596111439704244500158504636049510432748687811602844,0,95284302161714379407039617129430502949043625999935302094337816724099565451891617299433127418451544046738753028705939214376131210591058612742649262346680312782803085774555778227597006394790463856772992769243929621550889377071587164599069672925175819751464824223923061832044145733735646687504929253355047210558610199892,0,4023571423717319891217551369875478622704223150665346180077059203188185849334789546202786653855744541048977974796458921128093458958210839784656300295812738298869906545093445545692047131215539232452624981917075006254129371134950010622198519669679478090457075325229860,0,119393562211084739298223386563817628311043437040670605082720642511876902854636881509573396724407154959537795377030084132386997965539689275992534389666559938247782935516379167886334635636549955415704588689745552571,0,2453044050705841248914001856973549305421461901660269591171304185310561388028556698244269999329325120515434097076940150323240935807957768921642357931507757160930,0,33370138991124139129562189459748218705578766451842260991046485648523959368159490729290258847971814050908486,0,271263575035313847180029723198020786694458624513338174,0,1 # helix4 r=0
14289441570373283400793681510444646839077850864717181419145329873708891882408743250875591831238480107100252020319072354488383130875153627158020129565977213363714043609991757406460985244797502104788705947396741342094847900493596795102628051241520239843503109419457159238455290961558881453913026822669097710552140034167617317100809319213843136440377597752030204640356843758857820801996065994303993294733336954957349214921442637164903915388240900966486169362905391260918238370397880259732696787673424194104292961455327627853880261415037418622886294099808621905530380264896635076696693208689441560181578271041792,0,-166509114247723300772131634298101845303006312479857160332524728927333088762326181004163513554513997550802450817188056112035788542316113787577085711502448313373836846089049444196628786571645399415293379128903337507144349712326323777594758417826977935389200424044293887786690974864149577908169565238765046479518711463581281099684743780760345301710124438345341082562757793234992455693438082027004038476216746381529185454126744822594984435261621635962951964599794475824107339532166800392598396823251880651059444087779151683238029747236381618724273657573912708864,0,871045325258740397244296420139856579804244997352967693908752813605730407281841088037486754924182943561943308198949193313194976241171246303660214479590181186767571709127631922427921530400560213077363823789333377748031675859296560715116933612701389633010397710836943185812973259883136488811552546438958305418701472960535383293232009110277518659225012719072071359900263214573512396120468750322118922202125374733842823787960032580470471194789584555007785775713701221960916034242539489087366795580872930198326368,0,-2968418005281213803854524319595823775702595407510563790174411740716326819686040798283178672934540018985069087870801363911846994232949970536252910532799732852329472714853365041031462744381709791001909253190857945311414006350778973968539156765901344404818065365186628795314055496692257545831556206121937015268490198190880812560752201584547700653107440210254940721715154878131450856665722311788499617214262566436401245961888254741709989710042098312134306687280,0,10776937012897836133109668068156010818141574357735610770987926026392570038513988086787639924114335796614916407936071558864878464240757188532559583720165015503147724913337746951450237743161177406254851407551730561537982468362696965700581376297556450002618878580875443329111021360316564255439181688935643447281590981596209358170001230419941205209379134593998380084817378273341742506133078489705972306745142857,0,-56687455887941508874106174919474205120798640814862336083536876417419058516781555837902322323757744861212401468690239112501963405724934510144523952964194501942783673847554694815488518170526521171702953938770643266252797897737333399734665009241872858036404990200358529846046969086645051782932561043679740289966594838074737211063383142730910644082702493477844,0,275369323871390022249231876138481527893652445781850015382168276307753517551991240379843154662373220437096802520533991404048578267724423127317123490194311135025873007689997748264349619729905068964864061521809247512550055525135445131987783835040187564645727917245107690515089730918452270359231947880166223068,0,-937609842968013924150269201667602023073195048421026850701714782121921734904421636986812315467723019955576265013303779737751619571328043903181837940461910147662394295570522993312121644533181671073489091546228059662653125136186276596718582604767265250505676,0,2169323504575562098871290034439793064818063824507973500811685534302428454980997157421917642317503160851012605232547457434977613862963029529161716815333809285855399734215240117373545427352371244251215268846,0,-3488020689920391504034429877170930025458960933550042113859672680055274551769203121701968606174506026203908046652253841612464737397109784324343600996118892,0,3917700484832665880800457587705380319642993827800474261702384228655091771523845471996650871297668409356,0,-2838817346530765335489259865655162666997466801493828,0,1 # helix4 r=0
3849341418519738797202545832210009365402340030878048120628895039136056760082506037325161237846859736648529963964674655763971527673543977687492722246968538803377087745142502492157662043293872243389884987847114380309997678905798287799687057913109984916347947308519996188533245524724968623465254254473974982472204466202230717810091690078884677206370119832942442133450859074859090232792207963487591252876046339422633736359292040561122379496991010117981842490880917510714183229593460144602564858275447132828789840160988870420128462822395834795549134635320870198380869231456072272266100164126236624882659248844002886912031038636259351906047079630172069939669057298754704862587580841984,0,-129095425601588887612878157121615370810022373391980148925709713897975357167399044783351278775759667813961866102065743109745109293551926988352214550074563241410623164357347562876113738118953865814160399404450233997082024978741553585732215250766149158656615244815180448483991345392272748573468124504290853312879414061387494100526913423909134148578813671662339412195863160689100697647774642555735647684607553686623286610814452882925140810068859538706898950398306568014216561400541566175784259510728625826408819014435578714422938465839635871146306339660418536704901808054257664278983192590589102243866092256731251433625985482752,0,1984565129322224476532805589509706387615493844180967709620340414084380720188586590180995851486607867097914203730962722154875472084348925196812286994168771800236800253091452755729924012570869610881569044324009582753341527141323510464779254861205148399419826751468277144358005725745976684384201506222029300384181747178747635999752433162705894048387396358835524147583311840127459139167853835421161520739194826768376209968500594114887748305396338092730725394966957857714809512597056542400319405551364988807439112074873064210320297113901526327147600777139164368626471927808,0,-18501410144513357124016533216156777400330272957141899995567699025277488525176951827685550430745412900812734971002803568925660525360705776341014269762912889117516676627199431137476281171429240243481710201748494337977680668782999089059491244950498182155073607798145257630167225326304699866106752817114469845719866578041604486709901620499043169612188082599571398836514847042365038087473444153696690612637073407547173936911113866449709365334753090533092429928451502844459258556289938297210032385072602577187542925312,0,116558964722615602601286067475369304057360096420370145473513146002901397878869338814921339985055477554962242584695007061679841914084210315559184443560591250582857691976916830545189556881201347960973529437950554030987711849439098843593124216680157545640517089608169757083078680698496388344666763940391475013785371369109193719598333914008647092451669416307369928395437258928159430318138102706303219744376281523661995004586961838468077053886730800825270009856,0,-523072553273364964218389911132320638935502953976742808667191777315386345747374032736023574039493512803331482393650761303150292131501542086056483921992134143139070052717544515066492625527369665007523594036637208461626047519384714070898235247919797257172043451391616887480800259915818744363913979330479703060845268257726304433584191641701988787617868536066373033304764984823513465089296462857604431872,0,1715530968659435228424702826458689380761387705973861924331040061545258756444312095770894086508183577718102794045861146355255224497553479068893848201124462188362895117647802375734619272110118894967061479212996975527241786564059586848717423545074644794099138324979322171695681775454545422049510021404061936214432143535151816029959250656859521024,0,-4145812003529047947455832296648040157531532842871690503735572645932048545773558759457213156222436799148156816524478322156259537567644515215911781228584373286779156163560947877532166712917579124879252974173534306547183164143078324030992561270981943388781579567120513166413266444508725248,0,7331817564033257978194033339825043755320943446795606563574763109261322985681907851043926790831056956901187106416977937115806190769962026429037540046804338153173102425065945631792413243108172472686009516187455364418109082645299200,0,-9260536019613611531933705614454597223537744278031916175509087142193181041403114382188418503257037158246061430270084063534315799426329763105681029329920651799036354971566080,0,7935933233619907825032720861268022029842503642070038190466557381301799628315715748156837852121145416783706309263360,0,-4146587426572867118032183720521657660811156403202935488512,0,1 # helix4 r=0
409247124236296649190318655303478565817563453767719529581915954908934091011267399315440632891785866596657757956609984727174576951879147574721956805525888305694072903572910433347855180852578893794832263492633878981738949200208261998305171813219698875020678996699525348507598779811655312328157438599122962185764389870121814114076306861814592520165546268072581574231329995660114810686101426502904157341617847215055048384577631554438188142382743093349271473172068408977967025065132811787074888891575439130236825851477274627842867348646324505806365862612834424083074315580847515017097566919047064482172002462824397689050827087645074370099893655492938170916947031222665862581049734282574988874802411563589994156310473289048963802610630560593,0,159217893118952490287657875413856988627536154440132807840664041276364886977775756418274346645215291168811744116042972587918950018546486988825238400471277786732906715580204869670362183516293233483042800309283950652663223472280185687816059630938921959859499475795165000393577260770074123400085902306351372970248246079778344619941632593601945601011680022435918173544976672351369081445690199545596609367875422813536902950105119193104734487730938105413911848020797182101400826077079470405583211882067822027837260609197370086708477240133979833880099999518346270291862294130574366013418796426205589658073224633777650891904262655299977049868970200114375248855651297444377852538277088,0,39894486650335923964172573757360373124600015565879625616142598334944162108856514240540373611707304379984276103332513819903011431611427132005705187012473588821631390983057953064499206452818352708759261082977346044673752544607996050410824460992777390595242860144992099092912022507161747400913912417103637225637489268227167131814559513765990709756232674413582575473740666209375302145265886674825426018152513439121600528038622609121736731661238509407935959762437387402017735659027007916084546034001477226762064746725682074371920851291315955213908453068444778552819479057985164371072461518407365174899386201869659944274,0,6754262795091741213951533507179025929283838249484081859643122309345438914685204372501551850797980471329733826590544374080719569159247761673192360352614652893565962128428212908109038668147025668811633016786104916273285936305792972534498513533339234268558157461431841058154394841167916007428764921300128234417973726467515302135177982076985700101178410079578916549237974748160785443200987975796789474882356906072067812088288271379196795778052793524939919308242870996629563612580937092498576325937296749737299894533218872305838308152500857919585948462916136,0,874976921557334943589299691324216405994717802178183882770919412963949195087538627159197342573663570468131390691783419012629563734436091475161323336812760334584765390150494048495361281238982301952618632162762222969378259361874050539444721403227280902481646428540956996522277262378671158155344661058411099130804287851014163690756589183123267212860261258707111864463351725394778901957870877295742860574748414959454682698281527319245904311957165091588960717340653437592909382138085775077803762958,0,86912191864941333455681834755624050208251927698217095822034206766406233538802273638051720651736853749686531833246252238892975630185422604142820091358532631281507357811531099617896503591456062185810576715346289126269236376821988220351065012627888643695358451428050066615572477386636324913494112114226410196609927303383431256123724763067287103014646800384849422911470914848297105714085516376154208293574594471878223325186175250749324,0,6793152981623886627585197014209272210045110882127414435608590167524749328192857491377746105616947485952704843089715554572675115351581769697736163947485626504710253726447952734008266786932925709655563104900294446273114913606991675535909086787963903651602345944277857410967713659183875991895130443423244346098636123643035999983542410554023390205079486078972967809046799266,0,410909185370864662081135530669738755844973998724225262600076522028410591132729230610624933337504140293475737310982654446501941068987704272706478643697997479942811958854922423591180925752288903719164855225649606097683755670703738075326377946289358112080250648609054935431053596396679546525204071604049315388258,0,18948849288982971986559317102990810606073696818861844023587092720018722053140325169567080427194865559638101925278677362580445608422925504789354962859809029714258745903545109155510015338046241056718760039585535221097669911328065717104266647423395886,0,635856444587868794296719253723488178268721049276408832083596334946416358097243484540016945305165049458272251306434886429241325512304358586641692724854732337941134811368803439673746815790,0,14150497182126760495837269065859358147221648171192609404954737918534531295997867139026827138614043942837153478375170719527453,0,181470717533184694699489529610092366878137687893780951269175412,0,1 # helix4 r=0
151265146072371829665107437975372498922296167866101033373821777516912405360595963126975866837163299212392978725512154698874375332333788429901273941326810048137160548017554271400093553726668916598151133874633181349634064308777435169537147253517413629593713209750060899321307018463994273270652957624579720524494673384381782045476976407246940529747113965653784242538093876916608685680042272827373793018786286698558366926039601452730683028635259826504510492998294298854022932099426342313970343881812570502012925412118124099575114250651857592326049617615345909615159744924274355911363811190824611085732484425280585736242654520898206217752501930840308858943032562934988602167908830252811628696279352048132482125064168363431378371885617091465246808650779162895097047786973034749028538017,0,12405718023280962712964400702346292293854712760782838304276549897183709630174143084779835847732666857777484340316313081184430852105489449405106870089121146272526197967364705611919696959074194382495703812478769314028603236133384905998616862394859700018605339199842714404051986602730253137922108211471457531570935937290097076836778013353710803224089678355139934309371678173377700940392041317062580596782446844810158844385909160659311229859028406541572476214316703851174509228323272446602995352099177393257654694632530781167668136099998044819023617928414137429541000118565604270282859454960907192122845277550765531172920839102768951061493572098553561611748965640434516112502089314422887804546079355883507322627217324582,0,657122951642900234790152504320207697524728397858859766828448777347474570217559214048522154458406349893057970177135392352386886605574815353969052941106379214340953251356364811977634392359486810324510643064083784686812868716468183308878423579867571328569554285765306025850971922847202460738371982879869156904523005827361966171669847103745567216486033450695378761437232476192950854472066528734969136307502425740783750714847538897735147732320872123357286345884624565008982356368272269656329014582069474251212833840275209943139700913913808758940603826502283194783545599689861444084967428808554422661304288439881765695935216125018424424618977405127185560968,0,23982166376493046158184201810128626969469677515228540739890423681816936154572546414030405873293297698855175139933676697139885166300353850694953111186174142723861274156972209138103644953635111972773041385779100945826610079337724445232389716145443053137868245584336849386521452812874494885720908422895806392438114539113630318927834194428951716619517545784352406196212986734251601427916742190761888241755608943125791101872215528282968872032088041639594967068296667633586023558134718152304665617866334482512987986721992431092932514007624871227414877534243101832214505223307398607327068317556,0,645956559203868170273673718568592652206688966505579674579347865174339365605652949523346434049253657496073693176731316334725658723945964053369258822949115211451924189825054853600438190660594171330659956163416466212672589270627323647287135754165119776915039063293111752108191606200757452497688418860386188620005545316159554175931260555466663330915531275653984046303631707736443041162184195947215274941749679592338228830009301437419286823730213890345230619148368751524325911932023926074446578536404183856862587648643754463103,0,13247611521492430786153977861401927747324727359748532574305132210744503499411058215214981586628891919135074943511715672353297288888537217490257202230760627961449099692379592084290214147762040690186385503408696729966981456450057742262742124312264168929866147277771990516101166378417791013488970192380192509090571151975236759054226788020421165203596258240402004513830090128826005387341541974183474985617888205414971392084307381578864377644554366262474368018560,0,204786257971356810205040315929378325951141314800925761370889615860106612743716646103777892048964730712991931543442388781776219740794174701217379656882211810472099022573070899544124216399848390325449816528755320663767529193698439527544460112539946089363166561361443295726676767756329055275159412615339631784129711233923472120761836661338385012968016038552070079082480337689063316559160062415650,0,2333806567466372643260548610395495695210306033628308267600627802403811256395201299228326369898337767988591510347524271978257656153500851314542599827338533689925848490471610454927212300155278334226640338002098711625518206233148886905199605801285177937090010992858582290020332025133407172039337210239700393420271521619603711723464,0,19162013377301257103915310022927732941095778794067425348539054628905070030051191789732396569655571265479384834704034851284201012370062045876436686241021283487787744196332661218031104857179372878179393559393253056751431053772560443450352377275757127422319791130144,0,110037750982284396394180164380987819514925095639118247621247965406049658241079929250955445613444521714637438064080140664290708349058155851361538597251317820541183884242790124623066633583776203017154,0,420004073589491997816963668610967249927075414039688452954696376709702230423400835034532584266640657491758125741326178636729582111712,0,960392511310417596271068595151764285777548988253642571706617864162,0,1 # helix4 r=0
11454491046210854449421414689018764293291270476149081989631772935237586335337405024948219246490684850449715201372585438718348756476076532388969553590030461379403346459831290040623351598308071697327150301509418986668281058857808571268366694535799765014019744183308257254715425991833942873372580286749317477385084250031686381400472055235735663071036493347463444203643444134540078087367416523806764805786110734254018637457708425071408658834716894448511545838641810906261491420632580348116895026403973124546294111907656916955832942621496304795836878123312963965155703264788128661823486797235862629732195073151757347512805270417076321173731592505952967703760570038010981000818150515505557519748140829421966866717343744,0,669858726008208715624869039960601583263060293932320456969896228131254375249721971090584212926292458266168167792036918238945869537016972069776104377424996833108203846019397211688914559344710724082368559185251766364659232947704757383945460658916469422235036170785683296132161358328377370092000523227724028849008663349376552643239080628917757012451455215384098505393838871788520121345143841709620036346374237829292047304175285374442467459603770050342344365984690524539351793487187486809643444046082997083174586100108002732765106430017789347140134115772590205571382320196635494130413939461654245529561010969867490242426157128184748634609109965969508966334464,0,17935691617844569143417015767856365482803381537267840825857784104031036422157176661563807830379162358866492287136244301312890091390888282428710919105503401475149318410769977410285290403890326614613627695532777920642290823244230795435231718831254357458982399517237090138537217007347938474531885727875225972626637010130466648253593667900200550332925972471665550498244729446580513103259206063680707341443810130559261480280567983196254711241075159048741794599239208969527714322834704621085044598421513072530035472548125049309248511518046987392409267555730972953808433329937195681146739249256771616768,0,289666249532569007655652738897944348732045743810174348320029089944478114196971724029307321468873738106213995009560977944234727465225755242132741616502754825388458391265469916665685090209570298985322751403041877504102820501739355395493159767042047232655962398747215344149246047079682337529211677077205046612610894760140792235278113333577724432503407782115993568556627986495090541026783344668539900119078778309939188529404399929169933721658580149493760103458217914797342713420969069518215159090640255791020756857977150542736165288944861184,0,3127423266723152229221773950317028145657776846378144260784760471378613522540483079671171528579586318620935345412696594252610801894148366842324231168793119079762603777025966153210317104530506772916630870451732320644669078071315364851294054626886076324184608467060557471989397532977612954551334412203391180634061853289498319215700531265203543212684784881526262280636790833767317401888643116469781360348419839774525860387764182509361403964761756592021071142483168630688649553379328,0,23640375235053239474448964549476171716892134760609940822511434252144537358032148586048003500731583643882356987388992529490424003753600426208366657810257710590829551100237530516962293297711836991843740942919306495030872840169118010876738574628863942495809014716077694560483750267598631947362279879859365933363275007848951887217868450072103832640659221050525639995141932174376270747739493813220196633228018174470016466944,0,127828328499317659834998008515183710772669221188133642034338662158073424853519895508282531006890093224692412565888989652720069342515428809433846441140335648248186410599903094189299433608198444704892424644437756761402733977208627314946209880349520396094468988963714217141519754853250478242627004762821182363749578667529856764057981784205801664184829513446719488,0,497806681455128115270998737247116929177175328250082487500017651902640555810323168465715118425185608058809092952130421835706485190736969753571541545143912276491325523420786874272910707810334021502039166791357812803243161084381609722378034935276943565905791620307973797293367193268978257599636762001408,0,1387652923293911884172206482987457799744057447505155765700921840867773582610816792967600603953754753514673698616728516676960743454220773519979699154916619327044820798602112572254559206042139570404126853015644481866254049849242742246300712960,0,2707847747926132763444080923822060193561404126969619685831051349080908622163159844451542325166414031642483191764568082044393479944110720387889168681781838140059736308887252042252288,0,3524985730261282540962737997738819597687637125965420562562496114915836470555322070294359634062836107200013368578438856704,0,2763565372315585319065660408155234816391234259997047723655168,0,1 # helix4 r=0
11356577001801599615360983528744954022575063687788632620195328086451236992772605832809651914444002413313667999209023544889237322463729410869276273364666349293625621305863992921465319990517904573349390860979676002490921507844157852036338460449419628695106419332504342178980616734378590211243719321226877175855505830839104275845251937680861812613851579123569617173928182292358527565273988348009537507903851347720763921569594472223905631128101394996124359671802971388173801377006767346720905341989973073685285685170784943293369262637312265706499127673988745102141002243160720925867604474152882991764732979525451776,0,203064989847251178149469644137237943420935894802222235534773536012459852270691194813272645228971643802749085197619019600475267280877088709405444763922377317407660064052047571768252544617148615129855272064702436748799143879140968225117836417586823386717661467056326116703037069863771958066901460314077808230708471237502707003342101439310437185182089252443536870659025630167947813757569920114392132590339554228722664742725693325850563336302380291468501677990317777568945738643471339884683861869116888489082772810427290842746127021503983358740840078007427187867648,0,1667343627780043679926652504728065023436733891055428788875880279500096036959611537502879137503276301221388959308455702697243073623302082115203156388100066738584870745900912138796667258158034463949292189102233845470663083524669840512244396715554287024529325866617297641487902010452747321512403380341114799131118804125977727929434927944615265310858576710621106682311030444576933906931423802212521658443858711564139790149376621470623868964399575060853805634491640836543338959779255443846631248460090806458904477696,0,8299282168666332411090168390835557932636873615799328437614462831856883130127116463134403546674166165426027260024351908929969227760140670241060192060610423913241805479535996648241080246111093226153003644726028262061395251098338221852843167698322675968590102553994229252626631170210757066016079258010071593512905905171947334642454010793118505490078534396151726180554682931869157882456964984582028952312434691818627706374774212896524787317005774390972857121243136,0,27839908562417638353038874577119897501368405600743803853941454885802967664082059381059624358295419787231682370894514653256850810961436164968085752172102588135321273607859919493872292500280087678112456090257881365286900077689350414226997518379607353838179066917737573417869902160809690673745974628421017727048707498420019159896382801833223344408066428112968825940458409843775309356567446952709616740219115012096,0,66171691518843756893135991580498238862360775755601187646239483440936212711519962112150623273517857265960589207715743331840316102915250701521641170315671830093772674053021947293822828376809049443009069639896396646064706606109832010963819555708101877865858962199218234403697612534105689622816592082049310073523791227758858324134386420287661937221206912758972416,0,114027894532797830802229235370586943042523168399842817816797608781234945762477165175736133762295181034093203425404823615443163911577438309540803255365543595299100613511786394589600801207758434473880091393350708590657886082462338991860645090537802009193480020763085067514031917930898674254187757340773010374656,0,143209271575179158270415457123121803020959560040778469412928348415634707036975759439091470589909963813489373245667119474069553462516172836127934898713960888289452329206530504010693260857886823353094614380795578379939959445422430759127487984065835800767496192,0,129789333402000391334511260951748710870541854776879409840655764266205001408599092377488179095227052450574409809448951478821968071888025765745773877008476072855295563283364026949077047175531451840468116045824,0,82583593463518338428618130064731311923898099511321972089130633558350404641687147199539630511093640337876445311000029625513468172060012755991060672522747904,0,34941999699160911500129767943849009336149944833831102085066261482072680932430224298892495148105194274816,0,8810891603845985825071517521262522012972364154798080,0,1 # helix4 r=0
3097627855714390608315271731178133008873839606147327753989186245080473421684200300217646847018600274519714211433076929691697139026428155234520650836618177673223321611347462797698884045492760151863504380189831586924521735128817611778463001707537994062351957823687005889702477703539291755282896354758350588816301784097519806554200551690478246842626864756821647248943279152552192792153041074966968216276466806813278976633983461390102345474055107151291889460231094038510399365121447071388474822411252991396730264184874850873411342133714187121406906479753925310421715873298076791850924249716843642101619966232507125447747602571510813288877895325224937808670903828125572494463474242627975443954079511685504213898643456353995670319658347749291793937068770177923396900815929877658598739971240145028659344129894980381652044319031296,0,112187160811585089413874546819531227316436683315057664762765413535782396728874345452975304504007015328396753740026812862643512556759597524907787544890770845192621529878558364631297448441346208052588323430571501805898152847307297074303529952803578388471318491033799140274368007220537338148655686392090409827392458664737171426036356728227706110754614521252630967195707204579554823189740815032955578082208863350832360778186739102905783265856181474980304172953979142256277961089964905440181478116259891953956561616389617870146176975491009084074769896150904200143758088616637286025971169998151177769719064142730189855886453364376528164836270093821201942164528082590683517082815657625419654058104239071403993155050029078381108448274544056626542561972386636234752,0,1813156621791885511786098201489436016934425771398594224522975708895017658807758268220603819115962689142432587513192520331435457521141623612516961980113224852859028992068556247839081683280222717487980224786499393594445713036514867634235579772475020314859877309994168506401084314081974145702846123126514752547757402522736234192686153402697900687070841136789841286954653899562426853836675696606107084307403014095440263768625771697390660794513327021144251793995505020047772327443813475338239252938835839307525635340820155229807844139282071020657261415844967121151233050059771956877046985212159933529427108427183010271614324854680971019257351149697716777379350388642687690010347214036252229632,0,17352336848836897946713906434007575634683299770664494100585520318190203138066342377635396389864478471887712834858543636409501592052631575414731092968582907509921913619903731841647479387955850502839218922619360423669635579027703076024275443531346910186062325776634025737132927897779035335863410568078958111399800912168420849151371922542301703728929348574019300796665338400000470384082903416483646147090842857027547452717583840194604587503557034861424743969607735347937501162771413382773609643522700911806438805499936673475107590936716999487033969091381975396066413224623425143942111594951831524107752352973276229463441408,0,110108892563324716601832748258419554640104521608241702718531566644038373518639543516033555255644113619670510860408666591507758354799994155112211887118614942367727567861528801621309100392465283039849321662546271097899347402020943025356919238960573781778877814520258388733716052122247928009600396067878194647665875085185249614802465508487227665358212283100002224091197059695671045373207292617309739706180859481788052336653771602240063647408228622062877538616270185975124921283237792534581273218109567464898452133714166027097211322013924774669969176657920,0,491279971879623531276064345825787780104801665922652034131291559792529838275327163578862596635969066623747144522508055000227012057079686193845031927775673779119065070365357007199098627939001209312180820934603911801306497692366331774743178809331643580063619964468352947454560968349192565709514075755097025753042352679665019131098598468605560516261866042693393822026875799376670004424124970318743948664703721420968274605444946501916544174713590913429724928191354922683717647128661590016,0,1591152945806700999855262894096823493281784881691005560603219879331311547118783675742138605491721388968785739382869356793967729826368212453158961640939377077688880299950380258746867421413281038126040400813743564360438598607983647299364064483491596647660537353695003538596899852937346501810969751389496404991817239156020548357137888024713999510840367122395178936473491056261234188294877957633470899142519628413009920,0,3792632315417265283043050845665634018248023915317106588326051025286852089560200863612185791141862429171988793248292350068449798639505688265896010802036435882332548556078359411933760599918612167920246011903969980760853442076684377841000668817575109885862258660424199624027061351049706951191171354823044558159753894545071210805703022431624688041984,0,6640634653859499676629002638875802867142593839818251105654680275179916814811152064607479682972004044895378886077260952856814659691256858066211605652713044925471844874434112231272239444051272902500457257947276935656766563170712342712840330905816472711181033196500711483413364736,0,8374820698082086672200673463106866191576896639140368486776459131199245892678144487584181286844545614163198051990321143560011903198418993724483130339578545278153721502174095272233102728441952946194912410337280,0,7261921778722161469111111608585865193840334222998026536721875612964915237937955395457237299998333862239345062286986417270861957497867993088,0,3912461082877972412714057653592324026381946559135150796594569717743616,0,1 # helix4 r=0
86094007274539961112138478601859932100305264746817701326735808315431412773610039736456593829525963242739793857642947195405590871367102376073604984304844301531898533914096502444722398543293264004202705403285880353166739873996553530285702851680813629521557165958320688320965708570972927127054750445547390721812823472243279234457306256504090469096017230286828844855311496370756453024889615868678453817932695850469614258887954064333153333478715389262158685773921173540823494921226210196081478360025,0,15495717550697343154054260920591838848487938371328237247045632558766773789953787747540182213172742309992991458486190776187255284843317666920176449847350769746040087649298244550314559477577399101606243489607176372908219698692983286571218556463586367437848512324747275583987740922739802851442603666202844985924229370302939758496295703768249888177238252684397987864557213148668715509939788034727458905645186928457667307149103840275184251085525875974506680,0,13841093742917858713745401068537585323496896704498239202664746286505487509753097674661661707423122392060719873153816384911723536553528770385905746133867813708450539346555265326026177242836877012475328553919573788015345345532601943211393800725033060829194588837222100172863440051090029304981540503364301532363848279835127349581461943921574223370259550517476393220869135123191347418969922234991893754510365271752314,0,87705789709282176598427328491147492000364557344302249647405725940096066304891861066846140859539716181823600283006679118322163248527879450371322128577645261420918811674374796826056290058173022267535330755619254610662515406093763515929442413243209591298341967287720968107710920674476650658671202437367700840810293905376321996225209315678511133398321392972821810826718365154,0,1143800306689097186858272149383789874649011240885127081075692507817344366590037119912944569501116306678444235391357027799118330443509451711547575365796438972969834312142981654577491576804145322693809116979364563673171135917412934922038505410725716284848635889919278629748391453596054019569514803879496662016052832030127423494079693,0,12454462455255534420293091768798878660033880879180999646487165383639384014365666530727011415047566379366154445055479023290189660234400319394697022141972991885289551826430134960378246590423376837531877914095654258918220338344521367637210701936642017336596673601821023965598928094469302190920,0,84910436345108600093573041367458858993318014421341069737704169722143628245487886224547349178340086044570606909093744201657462300958740844755270467872590153009158222605149943710658482456118864612512924653079042749239119925913813326440442633906872839,0,760186788594082371679790047152542924809903520308795652065573009269568432421269356440230614665456831459093985676686717690218862857972973419942827025888681240123867528230432348791320000952910235176799122042698,0,4659468467063002273628036053800723514583726039502681026793090987383470749744356885659952825063673619891302180505068762294371376259214622274573966284517125612344582280,0,28889679289779530945017773021632217206171518476915529159505088706840738222380735074716177735126991195926090437432423804292538,0,143245442056355842369306155461469780936160557183713278835247756084177699000469040433,0,426187508898381273698472332931778473078834,0,1 # helix4 r=0
2289882504710110736715398860850199877752081434712211729828936729679306661493108416287519099169824109442093381311367396163985513599288615749722875299716241670095552293262550056168225781685584600448305116378753773001005117124607457245678740263820588088752007799904022470137449365979435459696903842454677510074277011042114319372642460958699498036943193256123327122214044936953573088663312070945161091310624135392873853449556202528615260188533694654314020864707142114979854657601986312721664447576489997671096223742289619509745699777258009444754612781754766209802030750745198552618251705877380807413411920415728563019541447675864378703615721055523420531723487166909588660924865174412097648431096548227478900424116922269751966428708072789503200995229937114745584110929001463580465181727782637,0,70420465373151138724150153615799736676288352163678156225516355124936889413066704103112412399920504349419743161442422854451127760531161291389668624013419459157247676323437997751665213557893522823130005105608928594554582676596467002179139143864073826936122030857292852659729197849821040124169938123099261247891080587431439704664055567639650797466115684031043670317943852559963837538691624297351344249783229179324447415932148290952263987611398542060392467353127525388083707004008463173397382234719178117416605228504544130101247255528857715205997531743948315776949859003377858503136679655473246475159893609367876838383548809807022253851517309076488708512982475552089740176937015805382250170744151741544081273309952145882975780,0,1053635248127750829871731250679565742130708282385493031905192444008349691953189974587593975638028792599129575716631532204112755998105339076395078834067664420914423899615753107846322243122891604468825877920883043593424338547598796192303604467022539837792348277235138742677546117950969203417288906069515088716450969473769171556423387598925360220117330300047697740810178625321978174010080867708199642298754168410884082463184835873955590439918580513376618909207182165985119030648201142211006053543579370123347251679104106767132424299766594540990956832133682923671151001380938020496906065485338250247011944532419917878705784227782071432597773190846313746864469330,0,10023805050160926741236252440767072353891700398627914514612769000941772100900868060694506532661994873600496569399725651021200503020648549044325987423880530696707657709291545325552190542340498291279433138027492092717426530351353480471039068870049198079353312573482737825995801603631388972836332747346561285251353213529823886729825636881951128474580602449276121306131248855784015722843353713242680588175141739679991319062704907380100118097357961553748774083479134613346258337990591271804152258898472366129099855849214801205604246398438345561327926929304403334986481445435928088728955417950306828,0,66575185410786411530233801155091881969757255772603850936149387842612926024842468762711952186270810707014475757747461671745074291710548366511152842227329886558359853736227681560041900758996401910688128286878988632575307281336583986169532205252961209331043491067192572183578149716539474101494671104591866577013330949583938493844109518313815293462987603273383299571232781436160624588370420996233102732224885909055338973362696559325722347898450250210385175407413415675270767177350582119143651160391873176201712167934708057922852151,0,320930966819233170546265203746075385631294209898603021739858148267894328027361606769251920623115955856202408348488109267688931704171095600292715718447676030190009593607635594060007674972850739839544470317790233022629098700834299611743353032429724775175264653351167802830661188453844412488841396975650378412138929103344981749039363081634277572322131138016912029052498295792544392081546353518199027007513118890089736910766336051209783332668686318298512745454678488,0,1139943055670261517913097484745893599376072082683664303533827111616161074795447664605857006147700892818266761132899404060050058646544879993776222283793122038240571051088821930115505414082649081500567671767943828507235991378419353937688198037826348573070887431033816756469308387560865801953165393098745099491683033608662416387717272282630324657943694630669530769825675783667788886648477310877244444,0,2984735371568641430703571015776958897224475950138449872923034817629547267709968113807715634279929834971599183885313112866414089754357512881150046882909270149376442796336004126059670157720307245912521314030573927443923365315515220716996142616318577848395683405559175366670234715371948264770227874668122590686564327565225056588099784,0,5695934036666975178268838986350774791325260294095194345175623855224577544870519970394539169683804065901801957246563583232543419086068571071916059989835244474095111400540694412214011876561658613384177928199408437833947087349329346556112946480326378173670338427676283,0,7719329391260605894473062219736168568508658039967546448027884296859842119877574021682300894652263505446542267372416715383644686778495688411418040043433884565672131884104497584111958969545615256848836,0,7058623335857551597584007348096588149369665855901576857324643080468196052118155422325091199210564790393715931334508550576488499394290,0,3917006890176805006587423911748818251398218732262533896224306342252,0,1 # helix4 r=0
19059707004404336721039813351643434977652095140690632804914333341249731864150592823993374126189675489599409682206507589078593645261722500667781107523842351622231506025584021923191327223091862690248036378441162553838898147793423359995729255826472750140325584765118180955595839406073132561000439561229081539648217419814639148223007933623095755514592896518349092078220197925259657237857696525785112640175277733737577804296980362829344739320584301392743891620613534710430738415372317268378909,0,5339427823700348841092832981102078317419146906819828995406205310865630522650267436547806870289215321875126669458744318342107014273879212161935039069906907308090934102628753520701449817507717083152945891309120632633520216443104058867768217056028685394884419277083443524869026914712616855674108324342499145169932130297304605272734763534995203038991366086641477131012736313070526387657966051169005312566184985745930362242801396719282201030373066882382,0,697359469387886667799033959695265336034975147310836381052750303667029078572669465031946581934160827210216005550590376173106406868422907468596739732696597182687714529225325754208378240676715834156696840522085788897580206868455401625746113402624481830726436667794285174444670933709566555341317357149249941978793728400794549518943517614163680531025781414585883932098017868223375807082073713990990419762799547245,0,56003889964478157865121326063689693672959032586528920478170824914828443810641758247329449429829178819508836092561448155351988492553375897164462628785480183081617000400945472477550162592943660423899609775498907291517159076440276843417081175898571999322971502164325821680619851199479213208022337701005983519446490917188747682189833329342803563861128777760562561275473170,0,3072425693944035272483843627756456987834517114788834506216837187842858754356747624375428714982828722587508434304497862029948328303670304457007312700534182236764977115795991686470933470355388603191909845031685054826124433575155263492114055681582405422848311637038714345038674848595297851531878842365585820312350506788266939397086,0,121043179386146140227155637694827714269308835171362705620747202750212176606344893721943037710631729951583040592370984490665784206870860835167658388921407486033334408321247293700908792031729805695554330572923084580990695569430937820059469634057353126620394574523438030802245046827526191902,0,3505456678812111221268221707181706403815849423560304441860589412055531148039219184662439936255261462711177965100543156542120323354836265041680715860475562681276742574085730076300020760366102408214362605204338830747947061146263656763190687224511917,0,75099188479522847634741698262680003619389404414879469034977128000017386440693671053333695719789456334538850638314723986649361287495741942609272006863995565137643367353758449328533890718917997663450153641262,0,1180205984891263697427422602745680377675951668404828363939624708581295723451552241027282299278419273817734440803757620243455347935096638148876632560890396927988405214,0,13260296375185856275925212591680064062094154117470862985427760798634714909930681467817543710009979865726924795791929431871498,0,101055054186483086708200721346784852430447466604340774064690715402783780070578861581,0,468737808446863441331390041750314894741822,0,1 # helix4 r=0
9102254197,0,-3752363463,0,125865738,0,-39933424,0,104147514,0,16289511,0,3472367,0,217470,0,6252,0,-2183,0,-42,0,3,0,1 # helix4 r=0
19534065387831704997186153835798982662536557308043063747703719970054448697324770834227097266763602544156099835687654073837928393546677985845762973036483597995035748233463812284147834326791052074691032905009801872967886474606250266401407008965014586860664987181711833488077684639102998056335581448891572552189433810499465822310628072811042530337957687120423359452598996404743161228088096791177748650064145626078998420773776089101454680782596930614820016002324219512783196493191496575651738423166922529199484110277042204342053,0,945489096499454319710123268262795152525988796258213335243991710752271578305954286619712486517511117692324854711701515425636072586687485617989571211571423613215086208227726629179391812889908656840532030401343783071803616246600845480632636666541035093429274291168265600168203005285059777089807483664931927261320833858799632895558171337751767849856192128373526350051040311002032467497607318558916833956081190862752878107866837114832849413729786996944770722653395921705882745054898008,0,-14077603179817016358781770079148868224410899682286312004910830041653998214589119839592348982861791136359262712257660956699134032696118182632612013393230185308111150765285277390300003798726432197181400433809222794851087446114920068017022844266828541329811809661708897674224035145411469383909295085559210993811318909396504182530371064405795971161025443858877560963655679382063901407646051721524093563710444253508119537818667377476904338658,0,-2185774333148023539574082881332852362375659535906679002139882740984004754860555005220735635241598942675707431656339192196581225850387096086874978578261722766769434438060690696930432215007049872256005281184540199156158165069667796411372048165883087378918955268520939334229316073645599266569845134359088629103194589068865821962148601055532481727402999230765011522426441908862778251893417676768208,0,-67535277961309575074560488429977204585102418536566877684867156817811424926801336072060392270299048787271082119112010753543787945339413683787905332024725074965662811188081704520567655252179340903694423497301657200852853157859294379988137999523234839924243788056458943529320486754331901617438676654981184788490844047086422078672048683138082237844451113,0,-566505219722154778641945799782439655114176062871621038269098150629277934685186979700513752513322627469389886412553373723192457700673697820573426331998936798070543041789904616827101303662863908769242856567278811851481610873087715098470349519448723908407529725014865002714882311465880880011472553038120043248,0,35412480094710022456098480152058139600562259468266533255158014976138183171484740469722900240305018482983792744440849159268151430462643677596612302386075206090553103126627629340634575683600880643706844639558368297983397401576768658580124554247825116550564212999252,0,1956736761774036366393009199431861796313674567992595760097917077429035701108578007666220157306170885345181509968368188917128180057231966646489570336786593931768564371773029060841574538685158391290500130038504457723990592,0,61681845091029633021853346170593463264485709590503497070310596478221157220339192929448293713963172732228696505485899403500115112862575552608602507276671589171535312127430574243,0,1356988546417425183528937346543811180548947149671102225776050539086265295880847992502518137637997267962689415423870885140580512511704,0,20827113026436763519202117155533681911278720536077997202077112278118248675327919076610030,0,207376661874673640191211737343774828756840016,0,1 # helix4 r=0
1655489360029402725763118223664434309830830751481094669405321696270177710763397849308395857616605305323263735811988209867255601818698351632652926861110657542646358991905147879678970703648936415039753370993350756867214563867248775467351422739202756814151307459326703999188455091478535613260746996087448855533685709046769949604802747438738850058939305451869182776955980177189972370562540869930654812200566124968559983347750931542061330547636653836149369271973970019108435901800501524184312095214157450387044797988063012169137041721523892995802678496453828828076775463741620762341460528334484233484754426119974089713315386411623069245787301442827593226356375609563200105644809903521045297444941058948802449,0,279078991574069587268573461592028658968688506213586223766309647260192686005875642611527918505861335915458490085947012229495579671448787367546759407148630042883214469429669329812773791398131795672364514097792977954711029408324454099343371316150993633152711177112761874801760939641189650902825007283001689371103597166817053930683212876727333414510908828981799601695646016107005060964486068856163533040471249696873575221774040639702726709745207286051366094794766402043003302032502862751543435437932637606754205467456345872203704000981826774168431614696367287942913764320213545763423736118647624781029914799930554625553028629124917337297595612143404,0,27988285324307289862966250887479066378348031927813324240220516952903231262268861820167707171982033092962507496757449970138943162874904978167301196695556598493392192238252415334693783447561283495186794836910305531712368971690858823066239176333282344100427968598573018724019595376719800915548671035605693734156225528229042910812828387336796055222020091232573623649817436753536031709231181686024079888507980905368765257315185601965849260421634806566649579446932383282290006171928026319161893652605547668628682014031581349382111002983207782577487368051082775842437412538122783023312695776055,0,1957922618576352336546152393337814673975772323720707356783197131354779536902444864723632027188812620418886923227405138970330146691502702150769667057015148393714265268900446757418807352028202611574833891357006885460247993637217475480923147383320303104570841118829639441521828292562202268515174437590311856421136222215118627213976906226938768094822178363770748982232405310824852466449867165930779535213577063937664610552116438115368878938948295300047763475273348632452939040535461576233029623157159933375358235508300487511562397822,0,105873029042975979244932894204496349911118512278568209479138900616397133011029062771213934494315096151078416974912946450289680918991212230703489513118248634869918966269634866295652202057201331764348345474773916998658888519135615349693017750929431012419811308239765285871741585902435152638659622467520991114193577546195936741039568711335101326923428143657768260344976224748120968298234210847310701644348071860013598613015067420540359850127534784125310640795826195968415578,0,4543117103378315398269916412239107228449529964217822511743304228023601604632963374459078032916753162896783104647100324979814642775073353979485606795829187399507893250887947095211283558114027429019477634555306496626337616902910803184912535701494050281942260583203492433980940435051834653419382129803646590279240678055913182597272828940938319748957379353891799900632007158438026329380035308152652728319396176334834,0,158012941788379793276113935170280599158416750312259758906205468959100623650345204863252821515257149945106480213795982824077285884140363006122380161829601234444789561003187779000651880781063240239688898897674504226124156312646277882755163996435346005871284913954879915599978772039355839674638519277086109208777044889432519037841393807129191299828363242915,0,4432258558795100160653155413751165152407135239823109714079105454523813628999033676423843715588734204016557413244484167718457821635384612177515776538683655369304484522740870718636307565750550105803922371251742624723125852802964206321912218436722826785800115813762735857584090293239846020815832166,0,99647539663665885986791938731770471947273470086480671654425738950430876943619208903819246514697850500202819916299410943332657681837432030952922881097930135995867277076112568932373292589953494123080467096108954791559697300766183215032395,0,1742259544721107242435728677924560378725226968934068304864852152683441881394783579442724674798259191434257103311864334202416502788764276283569108424389558887654882133687557188090,0,22820805575020557994284675347798331291274376196051423374819069713628951695156704937683507159554019932960106858484447428,0,201671339063841759854275053174771247876780424737913601519936,0,1 # helix4 r=0
12231790811988503775078525496432092840147068837449320403537847649266715122776284961156625929006297158618598825129257854503917769678541499487166690135792782874207372443648,0,1147412449484382625014743681294724152773178049270790780793001140067564189556377891118657928998116358078773251531810682207487165004061921518856650507849564160,0,50651353062162509236016514248764456735445051587196620042029950382855285462923480912192325883152378091366797022427571967482207991394815967232000,0,1345321239211004876069978321885044843591024177507291666810657214057156061346934233765845860879949194161978445525156356017772036096,0,23834564377877392318594449841390549711644127617242596522349297697541382812545474942391573517828047304145923098017792,0,277734793150946042816970815583226604550728493638803104492757009106989034237908832176696127547972255744,0,2027832911626570502978715123741031512543878232319855077765914176307645297463297533018112,0,9722104989848941023579566474957691607427418725332015814856643688508948480,0,47586525487914246493870625325567452201684124344309426159616,0,195921826284316832069831222411433444848435200,0,601754915971377818001746165760,0,1002754604531712,0,1 # helix4 r=0
15125688057844362861669795644280627805207018943756364086440642471844798593890474191893609222446938443465134754912790998117716825308029098959614910555797882736481024064898459197272098111609775908894616739422486388418918724841369803372678451926172792904364210079697356688888819765901982519643506601652154510199827192498779890895433814431755380338939830916461544480809489326833300946340574071840591105258520931868395911639407466121847754965877775111487891126373557994369178900256009170498249279819852012371179961938753429904574548287924434403733269195362406313550941297541190257805320817642927783543517707584991772936573530273144188895631788456791168042394275082753436218450741085774094231001254058072504743383333643003268311345194658916770204205688062661717335127332862003954594439441670180701892451004721189931649687540884217447293663906580514555319815707992589646231909,0,74844219566512388956084133033151676620656486090402713700764069836735558552752063925610261127671228600527884852587010798887838783377342501332510031805264004714586926522534737903302027186695656120404557514107272013616480361239397464070975797367331787921498654694239928462881501441953923100375039440609536512444173948451326863608597209239352412868261881094240495379700626348964727397386704399474049617477774176875405577062755798706265087279066937204354924842755920795935610858051390727595387843453390458612735011880860194225844106984483286242567320420285348052551622302332627677785048754319912879043683807037693305140274253704120750941167065963598050761060035043539040859456152327807006096752662682952566207183603243335665727564822077473848477636166261943197073667264839411227059379427893939260592402,0,181869830569065308003335251315027796069932693626660455705556787336367147499208727635740736183324548289925788415888382500013385538423290050021295075242375637663248271450494603123477209707205510330627917627663256507900826669980668656533207378900589756882695917676804402166766249549059722192898035057546422782539080770806832759696557152677323729125035890152612863749395745279466983707972768757905521545920823368576447006528943329144436251130707477446800955143928638820108292533580681175395064868456491802163805961382828123813112974125867287535289861709400389795966588651754483241819606090646453405223410917026613910636426384190521222381834906204784976506482583392420272603531549138079101303863053642918158369851330880609632107716,0,269584801934249468053721539169655070388992289006115156128555615298252984852546515619325971688869182309972090863134415561787836280424265409445112703626754503538555438846992986551949401623157656707082690284123528288341104137683594205241336190725141793132298217241819714068200824941949066759134767634786140521626675788963949703541665555983767175935098985469802396905806583901716811077824492406738937449341740289124298354697157997960653534968754684337720047938695608634305770542764479234476693571961981272692096078122996024820776948444526413075492160816192127690238865841132194139521772281987139111609076684374098791621616464339174383019682410982039897682396,0,269968564656666516227759675622945487244512211257228572433389976450786606107810715656978435315910491319809055189011218133768052563421800855532428863732043839621497751214284956260972600393798685911359114751769901335213430752631994226013785487426470978607893370488364413681335046105000156256511950881198476016895944745677919193425690869417818580467573553009445555124681261742155562813541593812831052560130637885004152656535640969030757117047147391393465602357580826360149791132877258542461944782599463377643166813818389066692181046814896918017335547704744957892319944988769883724538314,0,198279113775697069703022996415301373403157714270155758703562517232092544027375282448434785511842894560872929625572566115605040196610557641161501365905115947267015493876209589284233502958183657818191385630411906288844863814108794004773755234932371024030048264498070905801422742949091949650105791395657576159848742470911081007091848956742740679352621734473085871783483838726275089171453720264179313539775244991613525058476113622648003089063618086615499835217559923524759987675982333011996632951194693338811117216,0,109230615508193022816312391901129137634991053436695111994349290027496514733109941508413263828085835075758890036441543579080643174538948564469499918286399351063553392400020870216149983160439705616162213849048010374791869706898850406900887145296377875557739824364458424065788399121621696540017788761931466458850653984374192297038806950387208873674171325244487089099903200726603184135677714150958370476389428736336025963214482143171886352478,0,44201876713196747054802146042827354334315146072656303699981063149684207547914543641081856093707927615667989044804077551316522242219216102569022460576194399043945327200507122417646858092239397506879192967522864311807370797447616337500189294520515441673134387679403901230369089308769479278923904808301566375715544421205000468102143221520690322382514206161725409640880,0,13263814594956452165593391478217598314805790561465687647912551711752967863311060270413231234395627294287194417435017189034174714064544539086598463980109438896732723881587289173289531525667448402155754748977661341117871149247380644916052707270438752086846659073014017528031187412191777299310878,0,2807417226579995920762781151076321590065791961992904807592362119148643304816538975986688390169933612060722670239964209693004369549465871650929656556164718087199337819956061030388094764908265239783150777463243156562815604,0,383656611004389404027602439295237732077547999074214183648728476633696529708899695266510951958840985307233552371121847126914194752031955993416695937,0,29861056271109141892404428101100530110262612666267454125599878385259583706,0,1 # helix4 r=0
385603234457144380891461453958312191208681158689494855111498174162450900845642062874805256777036426142982737647631208712106559634569916587536633518250176882989877659278632913001702816779915050553104256263652785012822580821293751080058094020898452361964941057414555598668303841497841397532375307540987467929673504083271562539858416142346531074736049049533903598785400390625,0,-642480991221259250353300206836541334914005007721481269096183403921197054016510370272382096794074778544032265217127277857151463091675977877966029040497895680480745607912908657271492212263331008318762267617262803966253946121411476693786220539087498122035678023803837186508557487974035972024464012577072563603408639210101682692766189575195312500,0,383647816266813661118712275472515873985828217016340589434994841807519360016544182702379678451897161882075610823860209672800471039559731964110062823035038597468047406453296058212358817572943263538388610691826774821541038326293871315856051539173065109470732378320315908806249771689778071959153749048709869384765625,0,-108067616670644632187319166812727795039739551856025566315811854531898009128500114309545934695904984173341891490508719776482036446765149751620961296035239459074300624646984300814234671708362618099149963844448863407808618168802004301436110516795863212280437437584623694419860839843750,0,19030169284238816164915203035691456494762583506866366768105065927768406624861828284629095102350854068918102571538661292206659264874477175853468257667165853350014015727488497832314291997315267555769631072055221229777366431790142087265849113464355468750,0,-2350605500803854562857420502284942753352633010705899113720475900305735158821813062358773190848141244587042678914801572207693971803629028019322842946473286000347693849668549432967157297724725140142254531383514404296875000,0,213468536492880299760263625607294079846851471003690505876779689951551964227502003725925338957584827165220734923799368276379462093792989634864569990779781250012092641554772853851318359375000,0,-14551739909238523741921781451749821712787700310156635642112577986489006956938237728221236540726664040045779836146395275209286523931950796395540237426757812500,0,765180423428290395363578712077112915166263663304603643042454998613221987147447566805780194698627383331768214702606201171875000,0,-32313605902226380521412632927643667311259636124818337213349117575944546842947602272033691406250,0,1190172280759672809435228968411024652596097439527511596679687500,0,-40927261579781770706176757812500,0,1 # helix4 r=0
379998719259519435232422493571371514444867569726277327182046805519220939897851005336489788035835552600995830979848761265516209214973233322750948124679862833849822281304852834178720166277225625950714256227122974289298220932351920235002710715770400091627691048048512374881992347287907264431959013764536612056076202939223276758636364626863768143232504127739287280243694085504272971250097109313166260941705369722019040373760717379205895077201370842073161185666167736939387573264527706909482379294823061196294491541426389299294841638327039379503465477457422160027318801807128221996179208478712854464872897759118340766623936576021099485534494105863350686585873742334965620480137752196275560042866511751705318848682579073182878209403966013968,0,-223659823608193715257553125810170718593982928430566735271855843312514248916112110566464380592451826177919296876452607098162233520229409313842103882656064934500564725847574517835626241277723222618074751144416522938954502411713746021094431913917643461991119488603642356473120314807654089221681406298408987772717172313773144459016533569128996235821275302747081300702407547909525716523706204181836893886953126578171467731404057634963429771846306819943273181565340864651852149341320329525062168542630099140371433791638785326482082506701192134613126865769592515096961267419847146689181616068788748768414676074608010977062256503036780736617259950950013642858512148194814706846535168,0,59449381923277397348934531464627966531151118341250064501530065335311686216051894360712251646312145164033335986065459937689729836569080479923357980159690728077790464817969543853718577056585751387296814016751530564607848215949243743615351984037021039648742371632590818983548946496421978671216647761755020505062520143737165783941582716166462422976776277542907458391210736151513558889064177756867563778210145410481813204408899047899396309634010862687423298968530539595945815288434836940705822565173270219549003252556375578315463414602955207965303171729704614260117990653957118697975684189482374643135104941886950551384,0,-9551261221537471952557954195500387567695462038049630282632253133664951907725808430104687101548198987762351784509314092613529955257132550679105523038703517354762032596739569095109537877731419034567240563661233377222571757583212597286734789646453361110814748727562297766826992435431553414311663283771442727078673397461567156086858848437275848450885436373641333333011895059546862627165221284129073625578876633855014214762959645752622902167611598394577012371175630404025404734881766277011972207084544903387902051182698642238516147674539212735571249537614928,0,1057656199763078897015917024754243526043144743459012090352022562204460282200178123107332789796261579977449240145457972730817159479165637384368112834315214678917853807898612767617375025800330240469108392218407677092140624533693408347465398418847595704986896567696903285327628036029525791306450203187432273189707406895095740688268565322986455825101589762702232864309883191352313888160711247028723414468497148370808732648561840381526504509110003184906949055084229110274756325305246610884124655569,0,-88307789896920342977650684123300889894428046232747973239175470210935501764289975461290090203650578818220897605541331458688679977106386499904533534143981382053316724260133148557180882114759482033289113525858309371223013692069552636790841762941144823090640233649773863888388673088957103223449840150632208294848162130596967137132333677411602251839940726500948157368848822362708675576333830090901931139015533303508651887643785066618908,0,5945602155602103224521510240612127048019761413434278368259880856962447644685165016948015226510179606377722128662361033236649481965819246177461263819715686904136002625401601910937358666595686392956778546086318041138505466418791794345560385831735140092844689554026087280304164181155278628837913196719929132069203445844714061698412660839082771205878237726581459402459162438,0,-331643606706311003091508550647364820746750863130832365303762068166391798920933122088595761406739596265263525557320104206815740972555265441304294231297992353415647841561849578721725007993607026312830798752137361070703221509069520649771211074973252342757608923211148303685855902077053661531713144010460015373476,0,14894088091352264564032361771106605028253827633430981357203863842242733354458937909187651075951653618298457072011897240101684059251237056501093752325151831385706814897214721561417910350830362167655559796428690326892324240514676556735892019927067447,0,-502466814304155397535684378945925575265456030570263850385488404489280360681674016704770047590746164968935850112444684869134447969240773107555040107792845331115495560220226639639229447340,0,11614369181108229826129379947230012757537818391163797701074962177912109700803229059093711390054421917216158617165999047832462,0,-161050686835392968051453381400905067648162037747879794617018712,0,1 # helix4 r=0
728942122836980770610378412021835250841511386815271266103592361646091852005157039232838293947722935919777638694910432862444034380378748879001401690668938566669253019542881924567904599596677480606582553925446947764831285176481138489165406207430960277973653354456058522644422730389406145987933863170926029123061889734081820021854960913069339852895811392172128451105182584289386111118433060974707227941923948037192880901554581879390913736728925092924208852034153791509037313486696928898166340029425179895194779153827275675946862968452393944442946434598229378128560091177747330484638659993677178972251657374030210997000351719363839563226217874025498286336751972593513907834255362432709721085049186124413450358607419884774160404337152163094040913739669831776818495797409,0,-1130768500806164277004981471171547065797511438341295449636461959063537569665790155657616154473557055881518646978884840955910956985667037105096162173854041450527347258065232713929794848411889297962568283423323945765089180370507738066334885703864161747882441481444933541026510069730402983093845218082628428439536162638899805875881277916830613359359983660488833678987070577798351748128760013158789523141196923579596222601619796596212837468672140377980562404999778024709415767325278882791583997415342909460316736773790734225761558672700263769548645447937713804364537892290245368329734019686573127212599650140412028854418968067224320122471570647794836493178666461637005592066022939595098192675870300038145618,0,1187709361187899241583922047535435506696629473540877148749937339274485881489235974240297534086286986293677312325867796932373853737092524743935439559326002922685695907259232224215622457765878145567335456250892337678404458438630401830693748223853125604886285755333118757256788370371134159180336733681473013498018510976084423554003980338762462317589556013594584604245908817273260106740840109339427496173981190873252742405712111287303418029673932280611793127102780932366580679826084047999639372684711259685964981551956091657337286790430863957775981673620610674187802999445138606971060192511362980567171424169249171580344873369941396457878224134,0,478592398434372638863319065319611431945473362806743521765272106816977725535138904523726900322974513398860547155254861516045451103083120316065121193849819292683199289040695494805198721605932075462555957615929276826187940850282771138422862865630659101239778280853380859013234361354744554183505834378255634327439890958986534265825999036397170224762740014552441046198633563940843208878268528860382764064747361213408237440513016314684863551183165642645911023257251817310489499569167785212562508149205018556441121462111425826569961984580291299202939836291212339198754752611982544650,0,226352831716027239822720272350148250740733591369397588781903160497914595732290521071350038033288374985271242517225383673507791709039066375427241651535042499180627497341465458814608578997558175449607274210467577039022304809777209201422024114588029990434195149981083412817105324312767819969824294819198044484303339114512080764512734536798013150730006365314249236436348879967353432147132764161429126950512695755412959235130641962187945977804151003627404664093227610963633379011264384316989818716396335492303021398799,0,68324921909667972447930402387822407734186500065646163973617667417457719291705419898587412410138862821917249614307974853311297522504014640332515191908191339398945643930722487949624230805593243424235917299399095630857806305749450857706264862896405672319332815293971585150172823519806446752290705705801099203481473556856317610062208623627898208195412977761047219548143020551475719035416328615493946525256279485655097939459754865601755892062734743123020,0,15341001498482829786931594133466228637258461621930484217260402931190270160776931428450574740129884136471479522672211410081071627677260276196098156510165892653162566721399135012045343407328321670082684089082948342136689537528068445475477429094911796091940333467260898135847065814393961952537100295999359032662958148214624037404667788432381186578307482991181721387522543001131778794402516,0,2581321368234196812732693264925750053075057454143107654077094619480292924551175928214155048422655809606228033549471039201882295504145551900679060426077573697885179119208680135877497768729474360011980650171449859787751818790341789349260226859697425347778866089303871169535360766804204000354241331348763033756476757854916612,0,313710490408898202178147656809253024661801388260870327835547938604925040255493462338021703491761454383454880563776731012891915271369680960341050186438865243931510292259729447170682815915279312965446072941852067087495722610651360476187377106905415324839809423,0,27065871492729765399040366091363337511730646756207302904451494102995747580663808226402497793405763563199148645118159049194224111350039222134793621523186780555330223129434582264237554722221544646,0,1585783680806640569641895001673723767719868960884238249305423229846413237753730947687267098347613080554838717442468667170162269222,0,57378254095288354594863381949942795643093705609937406966292746290,0,1 # helix4 r=0
17535052843613009479951787981495207469805758462477856102563223601003383498188617604821248427917483621049839847219474832029937943297840303054531370424913250629061473443222927412980978103148313754157580593410227128343407113643696141972509350671392698720013588323278972798426617873894091603331299302885396578883095086715947250050074377794428390548929195318635369466428785250778849828839111145567551107052046436138433121249278836568291847742178495712002600370224167362339778488046062119021012366507006152797021328755168289628942069597740780248666031344650974327882173355492920113130685401827917804701432261924473722071469368539478145010328138294554725188251685598445928968242695561913956566648524235327857236123220827241764314220725279033,0,268573610130884280032741668291220641741767948421284326352146548482824919591324379974635344522401069084207326857498026661721911677453938348584923790336878038787175232391310205300355225585351439023840502670371255263407472564949384940935541381293233503283440966776051794600643281830937337008377999213260173440358140057026365889218357666945127020990971654637592038883688080193812025346298582798870600372762974226155330619790825996253273702568499687054313482522186303193175463452952248571205991459672394168853871239402402242538960596992443988176450261597884085299963286050901811996900129937501349921032460426927653840839496225354448427879511784759196039006879133594493036147240,0,1144003470076756509388452748298819329476116351841716117703960349598000155054318936145078430309955132103440231525679967608765992548793976944239411670930862598025815520388522232429840495788129790156044648492509121339382410379139454301909589471681801849377239138085463433993936075743026791433376461296790684906309203864335047786962088908412315047568637737931308040530709689521870623123195205388234181085494740543805767116006291783753763043770060964525619646044359594371260950900704319525010742652577888071617450707451678258214611051959724878317879274895155777730907618868292087565767355795069770968171277117171588564,0,-278883852186028200665070033154817848773490279524364396593464478254011447090210022991230559852618489226062267616831130016328845549607092590739777977139505273980180375142615094416233173424171707290786946772081877954709626215143343199764026254491410728564950169292561988216344552545092037490196300160048609112632863585079496784684574721079049546519496664339094756437150725202359159349692506901038181347025519729149772637980296447411167436743970837400572618257395405452621714297391666714009493633729766997951930187907562001045090101988123125837965881893882,0,-6546937972347451365224872619099028254886971869853412046127982838762541664626994224923734254666534033293051675751889453949260389599626885174508981229519584952999962757775063098984174710148211920598331156055369902824163499495470465771579987804064927640172716526896490558731579283269449562923682580565150157960995770338918188345554175186130617308636361062448547008033200032841713115779533653800003326417671855764724838717722682084480087746698601683093176297691176412534597362768358274763366268,0,-966833939548916552729034386560552583844199664182601147783424304329841773475010128763631762961484613810452468069240175488064824651272880085983045132449480460865097102663317488048898644834248312882809399516881306927572707796004334100279500510966584096670814699951602270418338521716388868417848882918161382149303637042165121399997029991050348041864762467691519385503173119121434373249238480574966769731817850277718066596564270622284,0,158509955150975684342143863111048871668263282660246858665125724991199227763074927540748611048510423555716599591003399515216859166058870326189242575512440603912624957728723478973724393144385780635291676058556304990886588463962198209909501422074552384381793296933427146220368400309595986835554174100381982799341875576067369025048065653472973558873931466982016354198561710,0,23371545253724698274375813596709726133596631750184714305121789743276088845096482482100113037019618670590277813134511093102592438298163172762652623912565374263706593437661452535652622769874672429915086366285894933815856792491741259618849080823617469033535019986228883074618735800125880149651791715066755361840,0,2128559272562558714383734059246571554272007241678779896760990236513837098840298872373212459932891462974555587591593609666291205428353828911907951379298106877742851615088375159615337413954747032635967846399563764235613600562308833495273712874084852,0,124744957446320503864399938994467864304631862004441053551059923899516459938879002245479152512306005198719307880296138241216282000978442838842530789714380615079831017138578786433774322222,0,4763050593590997805372801125308843290349118979975979494068989352813727750628145063610382392117940826966874954625862231981924,0,102438490243324187507269658091337338242386895087404329849698076,0,1 # helix4 r=0
418435178050235819558483097559079386870953766104804590690492799249326548289453237146212553581918017014621150850249046858848869130748491431647646493761342018950271194944241014201148510933186788131765972412431659384574239579948982459692842118404752808856622081628443953943947027355093836008568876439149083868781617133148492758242263709955486069241079914608330118191640351066860774425196226749619100086146723643475352216609279140998789521936168067248372277418129602896882399654262253473798964695033792647648819195674676902251820772905840460610941679063258072877187087017033746573162210237762611884721962254851917341292899993685589147237141836032387666845999082907716528532841404244868052189105035020843154600131494117507280223999978136712444908511365434762536246030580848483,0,-187172071480807313411477715805385944300870889608757734972539746327650195385949881099028871521881955752396091786897930037187035611142259680214006564256881675925756952666603232672195993399775270213381046781319786688210416673137966285555883651061708051895701452253715633649082439126596177057685417392201145198070146757834252268704913435678750223675160655262891607693469661720057323370281500462011380410454939724056449433123640690116516845099247937319084298425732537856162417141828576017189104838191903971807279119700479882941027532464528990809463146718716595796012194451687006384124706318811061810349203220172927298667750980701271826436559201324925181247545558714697543944968890477220838299443125462351162644300,0,65263780644720761853712349062490408796186990387737929113668520527578089409406430755047567056112945469230925022588346011695760714761711894406065361573173827331142155784763477592737309157331154075211526921812726751826348255258222715758962812863959209399118969564792472145082635294109064305799447944887689787883086924239346179107941211076169720599410017211272988555747037311610869854039790599824941138367829759335528922684311054409206607902119985631012188302604513704439793043797591392783074530087720932111635091810222444579499178405520268375404644606413925014831823212064219022442585047405550951898210083920854567097076295884379697539462994832568,0,-15512018020398180266768564428798125042866419129175903425814224123998135326351522258835146031824817115249395198288830672950052265714600755285757201363811984944543146040557800150848361372431329400480005667406481955686909962844561691905579585862281779343381700631840477640946530760959968716198240650854623488686500184133560759412905452900032970586655647920720496163192836446797836890885320659033992030090434922238433388222896542344808312011398754101148159648272781966339990163630945752638037659028049838018958348686332613261895351561425353432995314197969457643132666240140525295265952,0,2385564242716396694689569478517200179203414749037110504926579082008596150486132404877549523587808136605578464253235987478787293000601035666634152425647532036626034402920594521188043814750478906821792462241547414526694700543023484862899805651810789885495164497191433135957647447720943597742048151608048052183795913576036413405191722885925927865474948003229817527864824865027869686156891466356615156347186319322369565508667040239652296676757798982518754442908529518756086975019006399055853826414105713779130720104225507,0,-247355865028644736278451480196985776758922759237022523329415757496400120041931050025965283867409003230031576518229957361215837048362962232377101927651207571253049425812806000022515996791045405933544687188953257559869767654405621414769584901052681964086300456677076833877426221941461643334095059386361255157307659495893965440246692266832967412413135046127101637127303974450861067897662392101604364337670759191427782471130273094420157620314813550352535208,0,18008271289896757802362586134683860951655637311855312600501973122662336304767967603373965236989726715678724943742961578779522331226969458800731864029916132740209323470441937813249046898439439888483575826934487555581030036124994813369744706105915732971752962673872628521846944044135777982615175683947740628741682519875096862924877221070291158825566346467740157055548914763155533145041943400,0,-942254002859380167799378381500514464255387741225053140327265156076936318622434159219927816411156920172184229178921746433936261732102999619056806088921973472090246327464552115015706632296570882499854412618469568551905924118732192648262746228096971214981535664041298898109053046030292083719007625487316958270001623562989568720,0,35609682081852472639559292866457809576664292765822890249527759687247907124680445759258015074712672867450549109936552878819721209550758707225843511132921245979223512594654361013561791317773351171039626228318451992402450103874443877654759766421627554730029904569,0,-956566349471316149087883324368063726799827329395030292500696370793025525331847436915709014683919309323211550470507776437157809760014300627446658773449727971700789140168552180934433377486077491820,0,17435838699957665422545627648207914676427201125093741672695564218549862536928948512011549755151411906749443785078566347257600944352,0,-194164625884068935833686004991819033379243235292307498199544446512,0,1 # helix4 r=0
21279422358402384514392940162016929959594102259510168069387703865927438169404704914155823620922319814281055096454727963233667924569718739618250914463599166561640211842499010704729536463928326968389593303653317761592792333071793112089324289915324674592628422967948232104868708910748212236714615977810081530298721343987213605238867534163247242863964965216123884778895633924478631142124092589089994994768823560372539131598616850991200935122721109337176156290302057235548410031292695771721934264741575290408880251838206500177943260166541418795899895958425606749574993842521665419040639810808253078523790924235209628358586956797977601793086014555900554465251770405052671203852412255177662135915825353213340376235735549543680875553495101336174409167429498069645491274958322308728474192169587724130023011379,0,-9039551963439642905567647086952057373780576928476083662249467107201085258706813669970071678045582020492201884432685674786993741286805122900335042446200936984267716181666438713791323253038152390478601390592843256745540998698922345598478264395425431639930671732518010694050255010092023563815518274733466519878849824824664457920831594258414408317763547261284722600227817911996183569344168942997787816670777120151897471087409672821733753085718941764765501999302535453879066865886225132946466688919552693110673789900785603349961777617519189418604401865401618533161549495558156037151184272446406454493150175752940397758719707329172375137569826818194477908860607625011592272568829603943789111417934145843368641094626000849757441353775495135,0,-10685785029560485749989469312203861026774584389913593935506061876183620892757377928870787661844220202904491906709590741648190461326530280439996705945537349785920682899097686652803968401816784328149448572987477574612929738860109637155558681354995607835009499447965574924150537829459265497245143228049260875512590634523977694545072979229135396457255318879348375099527948698661561197244847977206463506814858090929909345154396646441012249618761594825295939465818455443297760412368878519668391104942041228589613870161095875868265411759670123202831660177065928514746584282389303163551480361782381414260557004777882620202474001387318548049455993272774810801876379225410471758,0,1714425369987322236212844157467845290526926122943545397645310374223747590295459256664486992021567128809927296048784568593865351981468348215499522673604966692020967568028269752845825460453577814264817201531493291244007193068388032074671983402322054023448093680768032340380585763099839805096316628810564022097891729052303363762935976494396693830095579399176528636657008226033591681855251430506556994326070851973648593897472365290167074460060082474197380466491773887704151446622367520143531584260591882633500032866651384116256931327977968040003132786670363492661566462453167555023740243441735328008274569,0,8134368099539699977625985175947689924409822473168628888298292213556170180121163029798512137006762564548969618863843542424647503239842037592794867562088951336189826519447345645283836051181108609261125264424424684044165050607037666608229490090875456840471369321438744732512255190207432872657580730028156903976923740052470733469485221341133738060539762023562059860389036945922849812684936493848035742155425359385977163181795863626280640954737311565590264280221007257876585260532057764945808628449537289283719907993468206492523587501403315,0,6235073070171755792657496362734882959267721068989103237109523836666139739377626613489915901516765304834725914893896725941603816075806651500488238625884319522764266913965647041581425338075045992046665259982340450001687033859993429703657513621291507802342900305875690291203358849024012382918953710702500209082040391970883398927224360412683364942520725806848403800485509095561540263877643828799355323535739859246367859401487221492680736444778843067218684323299006975639794,0,2621547964648670476197275032412733619709636571862291643372994379974500865784649992350273483118001170299114045359984490847502578960891099146472524028025968950388002341265037813483299313855494536704138984609349031784834763381058583845571209788895684030943409501015421250273521179991347061961045440115837072887380727908380633901247976490994324539472522071578480453720495967195175218786783877732102378360834,0,700225395747860712532789715190640767117120636718744873983751252010801335592011548899710725860218330557005713169995648062357855241096488900095243443314258438948618010219834513780144883231315535798596905635710819373529573512864440221117607624121762537217452167890582544597261404999248177944700132072944564732470456972048693119653717169414,0,124075629096308352434273169801516898300311878421437560947565253635904996072176886819795313248189183898085757801176949774745310116132879186806487248342639681168649630634464377916338374683298182585776562660900059063413518792364617014523327015792689697855885725171126167815,0,14629495162117625975065584534434398877636750233651164807783048028879180949882650125072998129487952323241889995789275753028673829507953093922820002176246059099097647634872266429880274564620462280564093330,0,1111322290958041254108605999805159092815018050487670367863704252856584736392768881985544440104455380757860042108947362905689383793674670,0,49618066668817574461052939572326859730618346344487947329737782876595,0,1 # helix4 r=0
266924458567271368092900345959649109378362176572530582802791971483914499278611345579841405320750371665131547251743816345152911034222388490096812357632197476077920453765724990015897196747926988555181949980343252443056522313846340028598604650685114213355739805921090931111125005099698793848327684139201452231274083566076876143335896558743283004054059800569042622590080145917216375824677837846996169008613785858094316871850485058670043067219467333851569053929826253382415188910310960444297702829218543904687888065500053317523056918301013232751860431823106185690561740421468214255813196618029305020809055472267566679661135222725737290779969,0,-34296842582754386044284764901990520424324854977043788830714475492784122351029125769014104742025279165226230087758502011280126196897742062665913467928858208671837104438025508127312345461126510541002410112539022761800797011279658184452142410747089426397725612747657125129469031707779070246909335460826587009472482185444845657197137127306615181295115146691318495108651582422969504285320900302472777182268467799223158257097335979534432947930458957387156961128497670326032060189411964569216910236782162468941471420708580784291889355213195131179373771852708819994348907593372502011370032952,0,2032414088363608840841989860984629302941380263784331132551633627268428351956243440741867362006637774317903273152989523050270966283767399448695639201752018819678870255148493076387442114244326940230237386051444063408393962177397180958249332782329954026831984340448630664239579717790936108104237547414096312358720558711786792310158486024156757879385275313383853070230072192805693426549503367970293639939393029909796845197414859420689868760535844829867962868378853521013508344599849237648748186887998396798809856645899859653005306071724,0,-73500954728987943076648302815644131215425092617277950129960226164997241749032913577767925688992127648793615616654666177851156726953004749060476478369727573981382177310353208425023046753379902385520252558630670002692508497388998562953333193192354072697328399408382815076127246599948740645420517756213483869809432868152423353932355341928432269808330252498911743402120285817299143286132440401220592212048016472432954273219047196552034910215170139105811243300398660430774647041925067,0,1807656735224405865653443568279129701809616755184610268948390791690832334636016069057328774554987437995687633482051734055788775284338260350012484121329889310402281363123050089009441966249388801079757351671548214475624473690414861302947473250887838758514776322808027406949710061717653413213614889380330182991905045845084846163676785703210535401183279986552692100147305313149574629205161068665751320121194948334775860871670185718,0,-31862645053426934008809349504772666016510360280824863707239568723922432507687985303100711708870145290064511788124436879270874218721027381199511700322114725155486982604395347152493102437751910277309688316122075470365039102030848087602868730644446827376841388344150405337301023309393184748498056856721548665789635804974487492505696091752438987211605566939879239697075385223812,0,412847000184025821452581461155378105630819800423529281027272485578114208536152875524314667872741839228508078263935608706253302493541818544235705719638806114098683797203036407270345445581352948601979973409247809534727684761161475126869119082896619366806957862176947350515026046906273536899524553328492864840954640082474335,0,-3962619129236269522390565774574726483372247709360780234109897446723729587951783204868754583385758756806257105690856598619836900787390766059444126772637322064271130646915308681209684828522671423109312160439577299252105804959655559801523480942427808443626626185125427510,0,27965305022818116745527762257244104360809959145902111035963881420050803319962513303102499401083484933418612837889386894365215075028897011664559026859921666825295888765393876625699742769512348852140348852710002400614,0,-141527417707914938638902029107835317311368219308192437871314381341890747458173521134742051897369180784104732247491234564644300437211428195792641240933422265402691,0,487583636272981274084886722286495000505326819139479015498538794822001383656650639072861042430923743015782772,0,-1026873231737840713797759220822431427950301352240870832,0,1 # helix4 r=0
7666672686844242829969293767309836977018134796560268940898804280138977622675414781166849446463940285933058815301305581379614737809607675749842058741927974544168925643026818236913728368325828819593821551674474565218303061078884651366591517895776836096310840229376111195851459050481205744689892735940304824097106254355457020401012505756817691087905968737431499926770028657702823666089527572243326963524611074094495858216239800039825951419774666223406806345239974760357162131312397290692159073601,0,-261262067507748390196354120164366830316106359073081511866896627592755256797408047384152025649716966869486070014636815894977160449655856853641242161646193463347085277870525702463570153771879629372772849740377230349962120356234585127686086590634123510433617990104575706818005962143360064419700981527839219298337916606773713394139221105473467328610972686022370520027598939770285076744744618216417603803525946840382700651002275504937844321415290191675668230,0,16709747608420846604242826192024487422349176645603889587020897939103556850755012913411617619326117334175856929046907991622867358870712241893919089092288300181111010078690974780434753993610863764813629155639994736986082853257656610874049785690831536377282968592499098263861641487475974162384334094276069266736667694775545916302861916167724466167266596135088478369844417206166824995300882337532745562167736422758956,0,541803439545421648009805174596836299040279089880201177656684565586998197627142043383010144485383527846225586753244462000430275155386122636691288840457119830793267952410584050489709064448434496301481779071195648453933893652572478661911037816930999111853127179523040884112370829074341831158461089555745568056800355955666278315842089152366749247723269116484949116832782367224,0,12318661435614040505355528685180842047778571213978177642149343550579693743281562039459035949178280542993772392710088441838660359499499729069832814793480353412306215599078462266452613900993548970619694608717972901620615452430939673536637767853564955476192490125697082509059684426331635350118585077997237688096603336500132416366023875,0,161852182743061863134355782949614977852932782817474221641390816885415821305193166021480610116670818087562587867419583639564853125624123014311369016633976347297561799460326628583286349487005177290796585910933471447844389106896849763219837491124790831856945273828795833877531235533878326997678,0,1758724331249577639998741845036582637266897089191136160346044405087460202070076511795027453593481351081379673085192098925194549741353916073744170051011573851514838369418355815399506056474456066268477104915797513091354884391469952990188122812667108611,0,13912493331237281872873354607273727895362492888791210854962807879207466559022362064663170642737675811229358876070966521860720683858115322042269538564349203225124721273992183096975737672321747197612023033781282,0,75324689106345085586865534095588860253095720743307412164856583152568420715625795989526840933319100193899438499698783825990554174592639019361493205764204093275700112880,0,278367766662440877569341317049968801302176321972286287261420484943007455066574039049782966047915566820151281511701209348946240,0,692712949748334726180017250195284635592365546980295448124226573370692740605811094545,0,1129563048968244090106118960269830531598758,0,1 # helix4 r=0
23003248775997463252050727452770591547660316211301455937504460177798718425329493634198263384908011284509902244360206749204108786008632214552164204593694671290913136929259090783474092935807976327871174105144111875613081781327302919261320802149016260024967813066143862949822253207114980035536742084091347639488394961907160695744765853420299819709700922302792416140890741796266174273713480355785296093452830500292087702342526250136715703123178863536706125861305328799850872369041234947901558520117048836308183137598413956996871631462625420381518433869795842390239926765533772182593524763241202021189958041671135546462236178682558882645680892291358378913304693787920436107727856928948032497339837699,0,36866440013357387825468474735816678096622223171773336023662433047967381726300809822866736026084128168563627322104505574731460280504049901653990411025232009236075670152650989555645418728597238622042230676185224536727981747579238615905292207730066389736766608336205393187677968253954002261543131142252831700499211360446015429978351535766373024793342678994877253985407406974399316187351527055948337091326935960109725178313728677557313636307180421412981079132142936337927507034821624180919518682739194621772134535613738056274788886283733633134399140499111203979547426539063750342596816648786858573048871518102362965034611089568700362469561161,0,27257544090330385625299599548155177473205925246693544115578686643482013652150394746580149841236581370706629638824625634903027261457907311161062790211337773107766465996436040886502096611570517044538090770601050381797242707788086874094255944248931312762970944391473582297864307779137566223685064528122392755979455667779947801729367491840622198756820506754237133362442261533140814751619692084266911059098487865901020075364284025855826291966889606439432105514115822564567229375434290903088409659403379458009946227933738902595072629712406928691377469774377118780453912207999503434415994,0,12283986786249899754969913966084472688108108681417316750297530017318346166320479476106515990259093261852123238075720330305750321381261528636610134902710487489077286486328249498941437112615092495683787764264947278553409110213281508108077540763030480252219948325081981258675765428311103167615521340396991981315585372316989354221560231510002495607268404791389261571531266482881276022072318430719368760981534282178689867793815766239476988207897375443777344980322574712713570004788190940932466730714893745616769272699846444333921,0,3754559259711072007393238559451317488692410867006525724065119595556303621627456889227383881935603826647974286264255714388026030370617005585859566426963014981904444035175187781368258084905963842952438698546359440581603999676598552421524060305244568029136924299304665193366043997745626994655188090848103598399990741847356880200619918193168418230719122927097976393184939230843071933619137340959474845595284376256316924752778227260194271859680077043001375593778737947510,0,819267372495271634915713540445862821587800357826969524233687549528955900168591287260308874471099544949902802819179134933297771905963352596402022725552596733227257711683708934670451638673005380954327812431867187130753297399633984544918580495488341826002896694942014099839192726195417409014854407643831638826372251439340688174825041679859194027242157814882492977524549197529263316088676526106530242818070697352,0,130797991941030303806263272428382580066063989039669003253041606601876125102056170472942597289797747161444061628471330286886307759920629394550227897213225355038386977814283500431499237386865992192345077704052800630857776205877681280065987800311773509971750095426827491229458601223145108318792747480443035218358972285034401054861917482448008139039362872,0,15390909307405136574494313410732457852233691946421343082040754678863131252544732908294958198751606708769931728859305488887183801970118942948303975470645843689097007569588045067567092337428267581502151165783032809018139343319245407336487177490340586539713428377065301467071709827705200766752132,0,1324775060397597376307279725527608865155304992194916862807056811651253364925470640679820834534796622214178082039324849036561662672340179693479274000997401005063467843861245313603159774757894738675317338531552171724913000470991975899869,0,81364336288506991770900143912436087797632910885461042096639660350260917948147619997822812652329257038733935270801764864061588887188074863837616585326438252154665878549076901269,0,3385758729638568452409421885512894223346820052400288037453214024158679351094480469236312951205710791619704771584407679,0,85745923129793497023078688846979970461860231520446739904498,0,1 # helix4 r=0
164929957715782568741079760847161653027487151003023307905426823858913824516435366235702570046711237732508063537700653565369006759809755028300454980709945072457924304878886718168985233811653013931785157159685206976230421300244636993676836643461074237838099511399113431108323695226961003298120774273097357511971582218110780353377033125017447900972911156713962554931640625000000,0,21488652485827353558629092150167972007831499647183375767000703624873627852492785219569471368664693967164336090757869889897675728814485619107124078499824575203222304613638238731482649383029884626399882217342923065136986224988164004932342324165740190188510969627686073764870816979057371523037492833281547621737672670860774815082550048828125000000,0,-1594282203847125588446903125506020970656970017230127552440982812160225248045365317286719971008885587060471428482407588837866428856353949750046265746896124776036064656864779508235357257716158973661721546174721057753347470990219047461573913903649350612867061136324064746921935764589761674869805574417114257812500000,0,-328710055759833742773691467723208278692460850999730763024653013657791681550437264126208383341949901107062386961944758743325812745885095442195349171562034947027415695785821298290340151070003241048410401550525827905970141790100435463990464352024289951259561348706483840942382812500000,0,-3766930034584948493834885621060739574838865767671637766860369805267316202449012087497919954718963574036834165089790737497920543346407240794732215309069489224102465813145033334349500682539640183051323960548850688923039342625997960567474365234375000000,0,1448242054795580699505276850516618357719402003292324452416499590332238129540574969493721837279586055924004847087062661672738446584715835909138005520562075186594266563388887355742773443978421710198745131492614746093750000,0,74479398163574787700288676388203487911647422208241660140061152446499688052729981147607964494456835069546170298191335094926038404555600919233261138219237551538753905333578586578369140625000,0,1459710507923807156650599370815148521682852321305487524967233249956380327280708097643751449552456682818680916706617634037712605277192778885364532470703125000,0,240289578473108119597210684548161618722615905220012846229823580840179513647467514705913238515222474234178662300109863281250000,0,31193182622907348436407866010699890881652259357981280679661395538460055831819772720336914062500,0,1961929310729809971007228663886223785084439441561698913574218750,0,66847860580310225486755371093750,0,1 # helix4 r=0
430982377379074618977573,0,-867116131897821267780144,0,789476629253871443716161,0,-424268757859417604858520,0,144798611945709181714920,0,-31311358845193085803830,0,4116062531679085345503,0,-298385029488217366836,0,9087143287465117344,0,4339437809314152,0,541757138259,0,-458814,0,1 # helix4 r=0
612601112907865039571897267566090273414495728774770312097188911075224159953081563208568308594610378769744159569101028001853246402978952444028724179229911195963368037384868033506640207782332184645080417437136863402024612929114282203662390852505209317443973936750090860690610978737788038678143387580592809336348626971210985577479918975728396624409783133583524494152990269431273426985695543076839228258411798361974872638586121768237339475003507282917294070885317645545919699746588559313219781180624499019831521842742461876821828163637715675472454440968565008301404209654464535639350960348357962104290208804299561768090368398020301169266739151194757319608982004881576665227368079416076,0,12426920000703094929549999097338469075605858255849887756987695211556306538250251908237344158700740875750134445335747376318570894265099499235124824535213624178887015218834828120160540391068965358717248111051260756836855680023219524576166626660879598698076423668705953952056246836836129244529968719389406682612726488341428674403790247020968886392913014567802408559193966960658728579694577983502157039214242310783586298711902856914937042946905352673629736710088797834061430391623352038599377816120637649377886098684461602854828653545970002697077483957311991423303333115046030237408034143611164081044880115930197146432325112729240,0,121892533028525999060359562449720088365941293984212761911021318070559271836045737146058755198028979850011807108454572942430835913730611021530167585987272987930810714123764006374150753988583545612153064625614661479369554552437904510869559621472042683250491996317279453270136788324583079884838493483391859601520011105035714424820784553097148985219248464818120560594364514054855077945363214897364241642641933378935433261383759519904242679849013416165624296091607774258632350672490943507366217979948769591349995673257715934897060472831225877034307082055275500168200879380666,0,747758252167495326623773535725629969672244891137298909992866319002331347198489327989663886527243188888255623624575040896101698743379610927696540800921726702212208567514777520064997176850615745238180028824162095136032186942683029784247291067936217626769083051473127644359766812030210960012899607516325970188120471093726693048389025944102908789257100008269254102519908711057513081980858179888764859600855403378575242914057774826384857672151860510171635514261650445374737520149177503754346792055566775908378574073574,0,3150455628633382246049926079933886551928978504341399035576598915955103740350375503122386090572846276625687326560435777426010132570676904697561148398318394870463595197077207886400789820371236034156015854740364823175419783319586003836047031278207078023986483115329968465613132858639210350717203661451405278497954756342045354977471714965125821415724126087373269806777537599836632467266023161418720129561482203389936528092507037931311658013225455558684147175913,0,9526763041262026159520360853373361894799534598349593524202768578903234037181353245540275195377044728593118511089929579825750297648468801558983824579262280009729166681124484097909275155695344625810780972059939791150317862856881049437569847873014693260787277967322398357653464905882649782919822227311368593492358000708910810154662995479650510799070086758914521152653607220080713437601219483789412976704,0,21099030024046138401093530567243511414549548409530002673345507652682122859043931965740517408857147813242805744560480816904711219702263650371810657271143555525506203131053027449162970448318327054929195213291183569614479842572713221683441000475655103330607359864707227341662806348819698055566785141770401511566540615827459689045125307891298333564,0,34361988345394907443333658619262401099570016981104641796917057562344544968793405726408289315199612479068065897673505601942537895846520196030506914911973887257281485825843326295253664464140545227403292651822970766637618148763065179043483034169488582433418482124112379120415537899028014586,0,40720386271022705402202436151965842341187133348060339913918290976683770895179900185294939417932849740668349517571671661620462372346996153374224495512432790140648882188491349504637681913901547509004748454024027664828095985614055295,0,34154572980526124609306923107178574862839117722605100307218447008627499992250377879714552711638009427884544109324184226662860623590049797310296519532424602497857932576714572,0,19208930416557199038609787308431645486419776050226505069587542320446184990509222758184550835230258927484533371204480,0,6497592705222063625429313622683237589068732310306495960018,0,1 # helix4 r=0
114269673018344676587134441869808551285409616449155084451358245385494848583426098397940548780165908368888819468828992497076465263331772631121148967496819561732985867511730850879172337014416943339794420902699684981551487567860887901946656023021645665197474039,0,238162080405787765426629424252394126339990074710862623523431140513087772962563688570231145356059826318231366198149283865745354458338810341039749722036172023941555288682282241317151517990666122731391271743581585887357172061241405700624655,0,-126286678569749390132348695703278134307375657424778396515171090422527958908707169501708678379879462260488955608239844070974887244307775241177006014389506435968902114897892659855973747308096795514511755887094935849423,0,-439779443576864639996075487340931931378782969583672748743361289930387025501001199056375258833335202383543370248424818692322163473455500394386611997695403308414028235149794126290340319480089586051,0,22119024994221681660819414735518792543974001191029787302641951429020492842135100777005319766111655385565307007762557834366792195296591862523970420994362816524839377086568742,0,152984827771221298307956303415885175257753562049586063562107046399856411419263492919727317756459621502868902912311493405394371111967667216807914953338897,0,71155301846405566891319595148449502057001143965317795468599443016881742320482935560967025694551261490847829094875445021722900561751,0,15535859186340277119094337341009895401443838320067019651549927813887408619908012445947958470432269640703268981,0,2282208792347445482547701182780008542720164580591008178397072971492190951138738000184242,0,420162877735343975622432172537870790182552533776736724324518700170,0,99347930984899640205825536741698056882940938,0,14771563532754168493215,0,1 # helix4 r=0
894844913776253350658142700949134457323535580126183932904991603083924015461693412442673325328846307010042428201637648736182372783836941786557299489089727501430826110366472423127149493650689841617331461887799884445556238317770750854382934611940168657834230718764177021685960537022070875922326887511880882999486993511977733614701853199658414962125823205250218645143766358390605993849036880712409271012713436043034311679550525685296478844451687469508820934975126023631359830233045550416244415891121779805373771807905248164685279377547704531706135384108812626523987272959164511750563819743619085349191265505220314543656341982344620983761742679495918091688793276994963842015170866474741487516373166350314027363066249977872599639251642157398603172862886873153759835686326683249193769238497761454673842000225,0,928217958252403931902351407517989999961779584558753111946272493211771247823304210070099627904473182368263057723682747304282750414490410663811247571054798095075101239888384611524175916436316998177807319731002921506806590061804819560533781198379305145047172180092368925570676634029003408535532578571196751993195188611949123475909788432321311702674207725859922625622102710589666512621975632863332115403859942463886674010836128270465664092133573625239332430099288840211071944492391787158149743189918400757032911136150581250416601337039800300895286972377547063806254793293281799901204929741797355157920819972122168739961277867707554961861579118259506037368025527204164951409993006440946935419661328351662861368799131001039663331786962719385,0,458329717083299794515912214598348202803333999763201362952661642875533986193735629310789865410218189450971408029319095331264112950469324722574834729402048784691496548174181961028000488990911603093563963396383479498619962681754525481775126791755140348364140059076273490117521731375199006521788525116926833764355357983419444154532268198995942440100148484677264183880140605924586086972269722391479075365347234750557113231776333034159701516953313098601779263712563460437053791344544254336397262594502575199908971878768222945633477187321453784911796189750177529088256919024722445255048212466572676905802594020731245540411923940356137372357085408783620133707241808981753044704,0,124383748089531395375321722226290172834755176353181815430532014001718192206130855569350557483650732115669989105441808064128372097408642251333762208487752798368507371258501909298537828706003286262957007650716870485990499775607491519081444731336770778784186792422749453269836445345221470724549315993476082572294605979462912146328021291641785182167417617028396292765063504525274094122251796023714992490809469440693253786691478948590671056231064687394994537926838798915065629727037196713305518200910607907833201381772681937044827151244758154068994790286371249100498520840315051340476762421778852319692720112,0,11890278255830719431049596791806529905518857816508815202383403274595839680877071804918928261680870788059771332516616172513653262327718117657585140182319246226804654772888189780590375284287202495440096705601877088119603136082785339805551090589914100500051907295438496178943898831772588410598072235643287257931567615808078201686673849163390436822963233614406643492049848751243425636613999687402743920377859194773432060440860882229114977279886986086094499825799999856763770648254466375352431351808529123555947132691651619161710417428096056,0,-3472774930888994368419393271757588463595194480082375481904284478453260704093463112741910136282169923035105170126171129012882812731066922438175706641887836668564034966979949373359568113199256484089949264690340944857653910282672403755974004553272708729533023567493988697741467338573121535058738262345612933313023039420452805144774758742018071324062988827313928584765986946045212361180243425191865401927104963422229918025584321778027548803917713353747567961833527775367287,0,-1297451432139145785177007793755180697237188921209570595862509490116964590439406118028806309979672669581940916130003770904019017710087571041526479342722744108342410702664467538768470649596156387250791804163451352147767301771029010178943204655567613890003088946762248135674350236462481346095800221617812417773920533406467909242394044862738483039180298790099950379925527392422285988660498636805258625770608,0,-125007011423841521075551672048431959161642081288119696756117573746286191721169706226768392940500461445263831503907494303550797089869899327032650052423150125926371102605061136831425707064911260807567168696590532239768515631337758622652306373154105338883822308366503384213983116730421355330966321977727988308662502712767825188439373380334,0,16769740432225547955595433274245523207019050275498380279085689788806041853527822445524557750960541584518111338130026609314634080633218266552192973985088071491634361928026121302269757588403341517483936246269377812996625701462359781482491509424896912299595538909739364985,0,5964828547626102654426511638775361346390634856938653169064288080998366227652418487462844283444250288476025110521310945986272651823402166038239523593086568938333395437985215852749483663261693764002678754,0,711289168692030942203858597194246985237021636668749237949901086718090738001939145698587172807853836337699539736184684535581896170535866,0,41542192852415140113965614727570496671960973651956904122977651175802,0,1 # helix4 r=0
200671178622665447616509951500860853162719496604670111295552016228960727176549575700679709895488695050381959252682500434620672452516459922840586403577606406920279778200740433897508044800000000000000000000000000000000000000000000000000000000000000000000000000000000000000000000000000000000000000000000000000000000000000000000000000000000000000000000000000000000000000000000000000000000000000000000000000000000000000000000000000000000000000000000000000000000000000000000000000000000000000000000000000000000000000000000000000000000000000000000000000000000000000000000000000000000000000000000000000000000000000000000000000000000000000000000000000000000000000000000000000000000000000000000000000,0,539432326465416262992125537251453636989172384819132013253414890282116468460423824354346850544718676249587974023093959805750445978986510493938350501146795669879093192556544000000000000000000000000000000000000000000000000000000000000000000000000000000000000000000000000000000000000000000000000000000000000000000000000000000000000000000000000000000000000000000000000000000000000000000000000000000000000000000000000000000000000000000000000000000000000000000000000000000000000000000000000000000000000000000000000000000000000000000000000000000000000000000000000000000000000000000000000000000000000000000000000000000000000000000000000000000,0,533840448305791056672284069942865900506436171929911264916789286409285259518220673291507903047614116939797568391881909956588048761031845405895315395098622033920000000000000000000000000000000000000000000000000000000000000000000000000000000000000000000000000000000000000000000000000000000000000000000000000000000000000000000000000000000000000000000000000000000000000000000000000000000000000000000000000000000000000000000000000000000000000000000000000000000000000000000000000000000000000000000000000000000000000000000000000000000000000000000000000000000000000000000000000000000000,0,257271201994208332063727535403525258012156572638882212370066693569777322692387435677569969093319468614995624922403410370529244185474438143567462400000000000000000000000000000000000000000000000000000000000000000000000000000000000000000000000000000000000000000000000000000000000000000000000000000000000000000000000000000000000000000000000000000000000000000000000000000000000000000000000000000000000000000000000000000000000000000000000000000000000000000000000000000000000000000000000000000000000000000000000000000000000000,0,109424149653786729874858220164763643136486864245977353397965131149301676402172357715519830217358265942748474369044776572718361346048000000000000000000000000000000000000000000000000000000000000000000000000000000000000000000000000000000000000000000000000000000000000000000000000000000000000000000000000000000000000000000000000000000000000000000000000000000000000000000000000000000000000000000000000000000000000000000000000000000000000000000000000000000000000000000,0,37732254588642723816425702764982981885858124013684780548761268004347927906747234896706917040537531316746051806822400000000000000000000000000000000000000000000000000000000000000000000000000000000000000000000000000000000000000000000000000000000000000000000000000000000000000000000000000000000000000000000000000000000000000000000000000000000000000000000000000000000000000000000000000000000000000000000000000,0,9032247442474846952574972430347309491224686358398846393000251488967829064757833039772948791871723588812800000000000000000000000000000000000000000000000000000000000000000000000000000000000000000000000000000000000000000000000000000000000000000000000000000000000000000000000000000000000000000000000000000000000000000000000000000000000000000000000000,0,2706528869184275812823829888923226611420350657760532813697457764872644111984570809712640000000000000000000000000000000000000000000000000000000000000000000000000000000000000000000000000000000000000000000000000000000000000000000000000000000000000000000000000000000000000000000000000000000000,0,543900565933584209845224178622113891844303868092594888296629968830464000000000000000000000000000000000000000000000000000000000000000000000000000000000000000000000000000000000000000000000000000000000000000000000000000000000000000000,0,80250877055328004165965474559240558625439095015342080000000000000000000000000000000000000000000000000000000000000000000000000000000000000000000000000000000000000000000000000,0,33857262076732520268732667457961984000000000000000000000000000000000000000000000000000000000000000000000000000000000,0,0,0,1 # helix4 r=0
54383086171,0,14555915973,0,-80138021142,0,14641476926,0,35378578692,0,-18269854929,0,2515507161,0,56409021,0,5688036,0,-144517,0,3393,0,-33,0,1 # helix4 r=0
267898561718004631517447027538853002020576028684376393852154628390348295584748615156382900822218705154558590627283238000559902576127130348025107203405805398476694758618444388513451943401064461578545676346174584340174934734457718992086558056807013162863384097949751581331646411794090920974425843411075666794648069206694114445437755209754424036996912193202598073134430410497360461642958958643159187854070073277858665798216276982453230354045875459445176983718436046849274869598676825574913171071593808427344861091559,0,603265797568968986385138784886587557246182878436903118525188875000900424483733217256443856875897761733793152922402789541775855282416171324285940072364130066461814203774329489226684897253304861506553582901167418426144246653331913795818096685294406232827664972736623897209593162786969349082481164727841996453229285872732182580592817062212481155877442649471085178405056916842295103140663252496879330289307379404910446500865987317186921065936277142164017769029821150575770692,0,632262112447731459450728048887317844764198546653253354916591677072358424704417531069685936939186131149542000892524220247840893200614206671932209083359177483696355259997232310804975484745890970924657488653426353615129216396746320722415811418514053604882700134955224085847015298684189072282242719757247875103590724998126303368511193665959730276637161119999015482343039616306012070717866056879544493615482377517722512873304453560669,0,406501485212150292747488213639181519652354819390911148971911768783168932788085384025453072600368028636468672017586053228407860480634925185839243889512932796997584641749335177795222957754160341296686040935979766132594512648697427211147238891604663107089451654251140097633412982261004974652961492005709931916877694180703555168749995750180861271400004744551776386660898526885267558280733578,0,178235292379837335339909091930756681179658099203509824731531326915751467493552178146327432319411108548471454980076501524160126591229781462658781906194960526007246615288794620500135240992775047237165917250371785747081656625148194455126444534746080309397602707083572477544468609303520038517847996449957114479280808578777345623210748711215101308385,0,56085209837913737610159355472319514588053299694382224098969136532292510090331340847898912233123497887467150537196355092095488839818705964006200393692845211098208563449970868601235393564604782037755891519988459499249246169032531589370847874343192594698549194270956991360607231500861366881962682699993377,0,12978073665129001041089491954400093323413889410783841020602764322848030300741961147210746130270869783406914497896341170025706380806113684449644940163346026122914781983721717295009112316786105502208527106105949002534422704595130474633825577993790409351319174935,0,2224040962510175388369217303284441280660738238634515140078753530403368991220896626463376299608371514332193805121044232161145948317707137067341421856664493161630617716252391215365904422988126161533196765655230346404292,0,280023301538083998568013608346927230391117488794130456427773290356065763868825897836820571596545744836940910381207055651523519051009954478863444917281554621447183683180606011,0,25254045772987701781953424757499332032880251392105847099980207504963690310700970598056539384524510775882319499854905067070641676218,0,1548143090973153785268663534667357674446152042897301838601594771939931352119457901517271,0,57915939080124060706171108482602190123207231,0,1 # helix4 r=0
87143005146098777593728002690114110547873532345903935283543700426769326490289083307878910795985463034341015101380231449001653338743504883077639349758826822628786688753664,0,-9463306318268088559162496552480976859450765390712469732311577643018224793946768839677319656017279919723858653268099751154961608653351310042834742344801058816,0,425359622998847547804266303317817653561823148691411475853571361789521769540478376379202219749101635123804061873429240838914393518735642008223744,0,-10158600984184904900084711183792340464704932086261317022131817039234708414450265262157938367570732805974318363668324328891700215808,0,137647081140953787318623845290814269055030041274148077245422203605746942535836273193326241447843366559875068476784640,0,-1058597852555314367037442426406739806644390516587603742365918877939940748560084996987685904989334536192,0,4812964799691828310140642830903002614600952596237070052607718747153753427589907368378368,0,-19986944667921374982038669151517227379422254923047821115196611818762010624,0,95010484477416063680921324259535572459788973936161083883520,0,-175897059696936905841170285200592465024778240,0,191493849826957261273458278400,0,-686095255732224,0,1 # helix4 r=0
424873016970784496294535449871057323695829722594862748911470734603953174985224419762332468453480951989927166323057429858898583369623921159391592090961725464278531724690931315142763334555684493261484291774150605742266724303888569082252165158987127160563244412381322910597664090105175424994450356367540150148527009107670808925290782419444567363123415350716611448948908677410001783049511709091799606019139250356163257715260499046079442250594732224053960738701053164241532954332044814801104178691232403595825098150056020327042340715877424352416763831976905648904141399536020773585871790299606788670805517862788612990355845750948392513232412215370388002836192967529541949723976770825432991700113047,0,-497776820104156699834367387769551586034388533048744559443970112823070273023784704959894713917567093312902892702956854220174633698045994306078075098110474842376305510305546989899239946214559104704334117020966527671245274099720629242736791511762880739157220672099722709076099395960350539869261149814985540625333645283890722086603758060117077071948649175881533796507367874293876887324793820187827686822264362776158160936126958816636568482656688644269324399245132776102397965217031258023642615310458967221487814906233077635132696362653555271352027440092188949525700907900959884597069501950941781219091090936816297266878065388356990343202734,0,342653429464218205656738334860430276274706970940078262089542901152638750082213205234719513564402432574608507296208267948524979960113947768715615069331702336790862677284583679217552129575991248192344843714577739234216902674109740182776394223381874841505581700193983449173994640572498953337966300765613599439454709707824531045487317647447439170480754697949895816528721084130276422741034564675409597513818533046418542026327710273359645571054861161307620037773829804926807294139247611419325786068803699580149926930646185575563785622158042193301612028486848746030156743129939511884613,0,-164977884070056083612544155014513362733288940248748955812745913623684689364580504909769929424683402954497801972562284617957226670005365791317140152912902477135661890208655503720358698690660219222875153145907743951519468521387317747057626502069145164421745223492426091496803965090987759145301732417262959773852490068412107418863425513334413331680435632975327868544194817779793366511397486564105337286075557284349716915332255662124676378758366987559381516045516962654960192510022050655526363697664981475622858270678087861746,0,60787857709681017453220852039156959953740730867410081770600761450853744624071153386318512564431980626847991797828120117189143745840844190390501017819829684166966752677575352755511496678612563608331595492612917676676941357543922871633531735948737332660450790759485186366060571471415458823236060376952683654852211580863070132066958373981288596903489910623624153384592515768499107579822780130330022459854890818615057941973635400010861703636613510744345093631411317068,0,-17606446383040620017760663102687695431283413741796895427648509039113586730443428854584653722389132560211240542658879925710832071445954856793145488102060025166975024789589244198862185246666412678921212977657526025743161412264813454105420920441504186509766444836560079621208265177540788572800534294900455653642284875045349916583292010105040392025589311705387759821126326229822473044957964868152760499937041320,0,4063682456728824105915138888024143009646804181915309564278438915342711432552390035086027890605400006378983312454915331730560873191408105456166603191104363441160215014377837779666444786859948208994926194436079803795797074689889654502068305062131272000305339571795455974333216068930489716598843830208130913266990292178170964407150699768951975456435570,0,-746376428415344017834251688257030956131588217349892790101634297087941677325898726982537656348931155421508377489045827065384982605541807023276397251712271358561862652305134460005558089291393145999696032306577665038873505763107413637222315872168869399197725155578119597595145184983081620376962,0,107602239725209008590732944407504561933753532557356193185756755073742886324539651451815783385921884762055906807580823837491630310882472002112130685600777926060711962087652434028252736518193216607092217564920849467275468970555907377763,0,-11766689279383546551166137053105419669612836997445744692058210921816654560255506201781278346666172945405089434452455275389676691755962157177703530382126488163501506592300677084,0,912369248112509399836498898037072759693243421322807917187690732269010377421213969140891821875206851943229182746472491,0,-44213781667931124326313735271842016080223968116669829708834,0,1 # helix4 r=0
117613739983431917480477823751788062412795349899032885053690303427316873115850778300784231654809104677209401817504211744233491251076697603636337980869732893252464005724458151316494954067180003208884175629597414325250082821633849312398740301937639137201418441,0,-16829110474454260683861070762748820165369311818801940105263337975526959575444001954466953563958397667526484155706697550818648201556603436757076570794967036613049221593187431777353611723874457694418185386240882414368178654669531192249256,0,692284616543659215881298384636440520678080036339699338485704456807081873219675578751107413799779797894457515880838633701930062211584228483386729013259490369367615190423271437695192604586811976541969889378399287809,0,62059282769302339031097389027481386748090228483859494983843715488210114195461676348786521791179338945527546242406163108652339861529718144005788414514423045684835409562928182401953057121114461716,0,2611967563526193251821948857469876918029589510857402869308999630649490962934756670882261575332048333070960296673989978876107344702295170741160982445441963812485332887495865,0,-21502917951610830215127265138078279975012544077581433605912130595685229792855093424657647116038573274775900560907741504298880110928876343072039119359736,0,16176824563598171383221182359959594152458580378851840914485007710786099784495899899211771529916232272544010557870963490061606257306,0,-10080096576541366254403207069124501293917302877538703655711389654422423067197069040010177193243216719837425304,0,4443876016730832912166503424362725397878538231726191492842220282938025401759968150845622,0,-1248942112442899941081320409458002377267736739444174699247380476704,0,216690552289189996153920991743551835565720419,0,-21664959848039447123382,0,1 # helix4 r=0
643862484881815317625658225657547068931216691759410186139199372938228389530558802864080512384779067196384600516730037139750165649792787328263907158621401315719796740336534326098177606783498936269124962008794214653633789221804914953531124459845408901719135598094539774337415853604915419629157680131217811535360045028737580471969381901449126854490329645964007751877216375366753199474790127519102990530381488815035691146411478476178363273260876363549755993523276287495378085460855605041583941989584041657322445063058866212944930137620881725678579924749514147572702311148103600642139117077551451187126466191817644834860821272813317269811670085043475661939385110849352085451862871752310045802496,0,2536551629204535735500825320881579468495886651627488180833374166006627375259134030904530889160733885277565411154000914682430190146894247850479766668514973680963261374650485423370392432826423156381531253687309043133351483259794408456872960107322462433137583970969276849142549495526836021594926241922586615219471104325830404603038313647374042646778460062596768646998415711031304289217932579937741395776511419076688163808781435783149278115964416086458158579250519192440262583135353513804031760007741303655107930701218146056807905776740928907612165043418567628339939420337019519672914498792112832902992948748667145255042641567964498755584,0,4579637189169845593049844829932894500098805400382694760357891286702237938366867731525729829833719568432973240363906020790685114548036091904943973988910201414032971481070929615653938029394398299373664092332128389875629905003747514803466734454475504182545525432436666602637629232584389476899091598011651954572169612805133410395424815607030270637576631044907199037292560230368092661019979316861533376771243521474064370962314042248872642567071356632921274053437975088314130198949207720233974206195695386094749152155298328712315659323802353209808563265349088382843660059867132985344,0,5011432921226552893103229897028234850425411524313658012387229262563150074360159606072156173370694253166038462274132754029948911830444458645783341076182134644928868588896154208631769340960591294194449996233184693932381440953936637005227302958437569010259791893585888424680888563643992648757537302646477540140414942624349795600653914387661610018087819392027371562214678268665520975576070708610918204325181214164907519216846292881941229421021791844486494186857690811897856491667150355608069768283781125380215193646313504768,0,3702093918267841156957751542563280428613208067831580567177845383607946935948652882263711341468012603242976818688983916423246812459394416144286721342049673471275342516636759509943922745606957115360864858632750875448912101616219939500910201237992084629703271238510096894112102810872442339267068398327193200190524373892683955870547713135834174094599402251696353232562292341388917319486465647067731852075389878040261819422302664220201413010504949079638075544755503104,0,1944934108136828066287054249727876793418523727138480448632515389099502119617336387496671660584214133657286749231126782115785607864033295520591451222327451932864877911350707800072133426844560764054704722253873106936956463060473836354645601440361139054376721503132371794448934631798920575000505235789606496844873774507877710611334164035071143115889817871019484600924249913420986653283730700698112119820779520,0,745036181820891990192631232165803687849815077028846921891733847602946418535033392629914683979012043529956039381175736144274234562731131565675179780727975485822891436981487138119350517197897175721869379819677121881703470824928994385597850226934096609133733756647362761308946282708762274766063157865879972461427002254660225928698415563553422576713728,0,209641774326252977042945476161111684720898676788208677704654369444186005341863747532814705073114008770578113127764226005878680646157051369974146731271553646119157157703639968670789388595388155561813876293758733310529741451074259019021883847717187247605768627114100978965415942774017251868672,0,42998004555785313542821049875171748246380103388964344941344092850702389372142523777606043687655323083380703179088974561724216025695807054806749833598360690055190771373157027633008111237777309701235350000802517815791695097391583592448,0,6267825184325960303950318923948633412056978940597208443685504743865718795296920208174793426167013132700968646465088774719422396873287818894520854759421662368243781598837735424,0,616266270936576573606043438082312015094084460356301411160865959574019954289526341577502572369145184683523487943360512,0,36688964898709257411090868127685038584896735646215428898816,0,1 # helix4 r=0
552147340493765578042312925240996395885702646959426196136659066629644279577882150004835769470220709759675329892954014744576,0,-427447395707886942016469909093284913459995273204694101870385330471600868883798309354899016811627245937702077464576,0,145433906346450151435488727875482298995189854763450373771305891060630689380955161531656811224685040631808,0,-28903921469118726338320355873215032345134209061111617195677257866331324616551312665290314088448,0,3769122439508342729788851592288865536151102712562610201190124822268765500222432346112,0,-343838092615151180504522793073500860954686347735158664946614671451956969472,0,22805203087426823877058945012914097113059105047742142307746447360,0,-1118222625581056943282368941657898725332283087101362176,0,40342952279461397926770152407396484030398464,0,-1048208397104345752446984848932864,0,18912524361570717794304,0,-206158430208,0,1 # helix4 r=0
28434741901897781542025949911100176985188642518742466993790889960604471095808176261739068118131003684931105545628454567731408907259285029831643644498800664682833693079879052805726554230209838981772098567444101704546508728343425216728210637551210719002090136725764064904878645703809638084402110603670606433636573925645854695013294324649251482253557772465233728756048217143052797480031817197925782423385349859768897472387464445832330992756749088525761533655653208107879269631199259496323983202749841932056252816492055092370376427301180398096400251349698129127742866718720000,0,-659994964368199217364088495402820898540927933589510671102737953141548272244600457749713673087421100251166464426064521946734798173465659784118462516338861339076290766512705993228989959096508091881053590437519271014288905704325158654167825103252480037362496427625630361372967921720197030571060116910765587666313224798610595737828226852037284058234961542259937345156345265464038479904960560771749239584381324439361718713412815621358853405571713157992871095474826008155546387890286727191326209837435642515022718808732125364224000,0,7151537409035441343473075967718135297177445238201415660647995009626815713753943065431631599053839314634572515532541608499298226057688365321545775449491524203036055791923040277068343307507962597525197536095038279790309087590301658029039282001837801411321424213493336156807186755859944012861240978108143511197051373082269315944983851434319923655788641988890027323023033560991391304220521196495173066654971711694343538258430070021174866358304187207764456309869544996061293045350400,0,-48027629711892422085227898945026830801103149999019337341249768491340730238696241253782805957388269271608340576069866385028164792965886747190726265138978193944710363193010215887771318583091996530480698880698447438457615796945546954313845205700286970161066823192776379176809557075400440274914954735254512973288024860976323229389687085348436170123941848119571491428639373973595321773188832383633404800878158099985906682077764273438720,0,223487304333808373903690609734557477894782361890727127413480343880298651108982899876911813326985045964747593023304392771953908841083665877625225752779026452248948432277170386878843684698470471501982616533088848571292723387142647750096789575433597528487710453414807431272672986480424691825880362245550108972769887894280899480085153405465548788334367575878342719513585645668419555927296,0,-762651695260737050636489709716099621453477739441039835323425797740167386169639645554735160327873536532134377861629394453268089415078003671013037018757971607247262698742553162942033611941166190853117800721006428974200135523365820670514241057807486710474928730005443230811979972276217219622951157904890269691568131002589911753303578908160,0,1970936006697038844944000828436535505011261113072707795512476050720291810712031931300670933962761258645999790875870631690266658972792147229491614378000004490523744297004454716536318093148370657326209474261244780694450393719537434287873718606107567644735120277961228781091644064622342412160,0,-3928940109326697005129358424647438176188277935266232454368999970086595428677729625690130025269730478850274398740938862680594752911018099598376385389049273333334687638989852393171735164744856199098178728270771103334897980857200216811543265152,0,6080156290350541854671285603072619290875537562705441672218515712445989068290625350175941505286458950740627090760640658701946216924883862351517664209882105900130436633216076000457696116206031728,0,-7217873422410709846524007583347725858084911188131461555260289566487103190740924795858863002821313383262827898360334525270702966662423009305872352,0,6279053558983177766287433376088320650046402414574757666500572768304766063820155276040119753867688,0,-3580264594741514906865671925966552277144854517968,0,1 # helix4 r=0
11272447530315779890555133140133418160578797145642553252818231563715697329308104286547203534367292840210502470901216400858381997425117759365545277360409823086976260465383879478087702235427645004994314012362719927023710528352754030081538639419334517966519005173636104116955359405422925584567676244868254723148717303519501941593271753041075036381382642035462604858600525398016,0,18070388654054967599381928004784146760873941393010512143778201818385668545773729154835604648494040802556252567475113954006841475032472143776295430414209931229896695053188513858534705366426303560824568064352144496305180732875130018022396751693655529721823770969531096412776742212411966582444329462726327602810381835492383042259702678797171032064,0,9702752444623014219655823028004032739777187804431700260246904786112845053393820144985040786116980717488649131149388787390756594730342796169251329889572440494045128106027149929231197915991215063112699941137550046797930959477491777761619981292170240861392080776673398106640438521119430225421814845364446148903829504,0,954143518337350801665691417807035599155111569777458082407947531500006425456861604710574517592101579182885443061114986092235234144107390779827404183086285962833306334440647965904316836109371200840713114641083726190199459703028128866245547259691127855145981971316437258442241805910016,0,-47013475387434006998319602510250509809850842919987712161327218328016515640741037760634984102350217301756160430030745153209350305075472740547488798214011373343099646704975250554776294758229339753445645549411195544669730499701443553318679062214692831232,0,-9634121941021150685599170167497666808561503326691997664834074320063920191706049543828535391202892383283204519821550511963712103061442441702482571004140937286953904494167055128892193710487056172432521875472277838944534528,0,-125209910728550751091991308371977458738612917413777694346029015940864543432154403488098147850255001660727982343084541441125844331941113192211253648167748825838172211809493638192467737051136,0,30056263616824950733914317843468408385035665897914914224997343825540262234216424545504087520629985453264610629670459474552200685160570638579787806974121345024,0,1017980846245735144404330993606994263015096021075014121766299665914878997254002080082348600422251485188458356855918796981927936,0,-32032179327735795812722578460170200797676339240006638809400600090382334236133988621533868720128,0,-1598281974978263654420034935755526973041889414069882258091671552,0,13367494538843734067838845976576,0,1 # helix4 r=0
1058366938743595242158009359049987207201960041531475015952704698036398042183752937117372017632120488295637325018410801958969486672,0,-30856210821070601885070600639035505979280156670309709004473350128646973189365001898440196514985912424305618279371514944,0,23675280320127920272172375518007744901800875847721387355251605405412740456260795864301866130495848088870065536,0,27623945211064067191931483879403428500758462813986893044925116997212038636266315426119000446345792400,0,6699933788786354436136477529196914558378935654050298591712428921887470140774337094612195264,0,937081380156351427479108934125177949260142005167945621910516122703474443636352912,0,93321648211647009447796335472304108355854853394093651311964909605859020,0,6798348211669427295039163184457494845176776050249181438727000,0,357077961638272916659569125049736772438075783832300,0,12839450176201912877931801586675402092336,0,240245590022366454158708624292,0,-977145184671696,0,1 # helix4 r=0
1813211805824102005900094009063549004034193233805338611325388400499691102200686430924793754129284051693359341394663319142346001178643362070934722628336024799746852273274328501506205972574223528862313901010178995060754035266833300895694181067016036691628801155669862811257921442672385491466865657928626413342570969793136757948415609108453443492613278233179973023011286454565326788001056039702728210146643709049382124941540161878457567573135120997252178757558376650662368414689275321326756669205462433559420249876388856410714084320674141411421980708593461119178489878853953157343516494225292466061935679748774523438104576,0,-2204287453516839888442082242272538226607053221649174567904588636489594287130763314062322283473028857986657541050144128290194905741916954686684788876747511177890397281820288361280890212171290901557523240603304404515675550779420414834368824766057182823507842729766668400380653120271094473682750237605036599900701461780354412441158159828756293474800616483812383546481719847913669034381224332923215284375968896690887921243918683248231305659359874091374775772711711949452683021680713387316902687229865975519680927804557536075405486882063003716852621014882264167402843406336,0,339136126201229924322957402582382524086243073726178652772708492045897807702624412867857768533364289746549808900003059335896446583491717848481619406160750029906416392959939905373821325579835251668340737061535547054830734035800038395003757658615213416178481737391892216155414507235380761359062088425360247216905958389421416620715087247102585674907653724871885117351954208579448757970894680794969028658802287650089528856580589615715735923741456442903368862312398486480967390610641601214991774508122363069977364761935872,0,608075748467816204361201676859795799232991583067766749562725481449157021201622165613382062776168354087313423847136137457441309612706120288960156882846338782792539609219822790579060057800280796811614813044090395918830112132007936743663955772611236016166618475477591996301020148331310359533837804756472172710562243585748378194189754655588579752862110798804017474462929280891796239822502039637850292923607876952161534737221562478212549163222016665276620369526802874368,0,-264804552930502986811817462293294266891483062243596684988302447297944500362376333969627278151460608836054581550561841645145093515394056988042657870677074053269800911011365197366241278182051604954349306775559325636238856427183521812547228949394649689018370727991084166054238626434381428541726631692154284669715847314942701259446688886542186705767856800303745192715768178761740399667686158695146859229020470613377024,0,-36570491241479795861048836763822169639946105819280556752367521853012548759430204224201295357330808179491154008021473652247961702819264651260127476241248369975839392090995265849964035222740507264877859133064333675936360037332695482752754218840901798137019828918622540425607701687044426467952502974500270568637132755098672515762281568779516519026474802605201555456,0,41116290892498812202966779177964701912157888999161675830725295137131096270906597039615113668149582943849479142590271703529884072569480375440068022100559899547627405321242669850243980089268893319032591015057052314198968376901362427678623075317625955830213823440992586459963140439067282896240615833407172275863552,0,-4456911422814536847579589050587282103177653942935956857973049376043869621396408799635455730363831749947022247203471990352958748367650727509324476071198874059840607992199710356278261921371289578365568663926853947181914228750373069969226735570101330972623503360,0,-2002390616149646529974764009955347092345299502043171081998901391550172906555630142681433878101494555068637488357210200774637217737233023043342986724112982122979038733850034781781291243476290601836929376845824,0,490035282169250933298802900551400844681580210673944567831879685767974361645980001825111153441898215176512525938432242318566074177008972299957110192966991872,0,10327397174169917762337676227913711385635941445317781836552180067440255414249818792387965987956203716608,0,-12475893177864789103406926011783902122202950772195328,0,1 # helix4 r=0
69886058675095297483722698307248866052063153954083248317106209860211464418260977066363919197691763441324622430010880086608630190366546329475168153502116682239094245449085276544197924969381146661734861523738104371576119986050759581820645473214669423992020862488552578996405581485801018827695977575892692143674291061065789536517389755623796012344764630315262485278112955998294988388920788449071445414354773384345768677526943751317731681270890443373501649623105548695164044021926251691998665633843886319569727389696,0,103991737008706435888292117640975296968259657159841955524304480197081205077436977776962520778507088765135661424879678866502367439920119541849248331913130870526434422902283993935578225013263466453759740590646356042990068231196291976606956465926041409182767297867898730743253115476604257481299362093072900313042931619865863654722428444371432263272789438681778579424325669694930271522677340618647190169446162406121244010802057074508661915118765413748745394789809754690551808,0,134729620874241835625947616916003881211435897498125105408175862289239654928202375645791357253988879020097767465491059006060558599770531994797019242272652681250322226560884018033350564802100592055954932330809541487628558707651570694795164562967169893208039594870626331972611598568377949363638756139797399292271113291621785409984670103811385086607383857476382488453884597573696014069574795616306033044454095927707277257767154352128,0,110883481345220398838661728284170756785064818213572936621359098597691400019051134160407499212793347246445562333064055659695049815159075723192618757170992804793373256469407929937551495772725870716860570769656853241845595122066042932234151835401523903837601759284471912198196044708040249794120384742760711910525844488708851355821273592557819965552332876163636564300820251367414252882100224,0,62934756949766291778098872902358033578249004420130790611810780583685237250179456502122977635868748111126256093605319886352954217317660556949444594548666876594669240181037174948992523273708011862035180486349188538258573431271838243529096129176635193494604257524858054661050177241969408016631182917590452967318649659786052007653228832916208877568,0,23636020470850866786907472632491063812324853793640576061460879803714886709342939755186391965542596653578028463563660290612685656214993931382220537121480567154914427320292331291151528472679199510338543248330644081703819587921540570385444754327424199063254311497508033972372304500488703190824194360213504,0,5958461735799196054814920962944601442826208722213052003742699411318392159369083403383629674300729961718636823351967947047761729708937293905575386381432485615486940174067396859941581164291220692950110677833160057248020712326154193362492073558252470052914724864,0,1055980270955761706817524474904025503676228190422265513660456029983861585835955427515740269984103692991835741669515098087160246129909308707579420032482564461244484732836967040515661501312625706235318278788089376669696,0,138053194468366868772322860008364757016065278099602092650187178827385026523693993725338798843990032312959177652245391414990405413528913702959800126465484030923836469628895232,0,13628812185947283595110162225137832288578781314662535006091277180846681721646112633864937622678151266694992137854483833710098513920,0,981255595269294566885718529715555157623744316046021513634860866004804276909513673539584,0,45507037492012362986915995523456734957928448,0,1 # helix4 r=0
27520184393941555733726349571995899800018356322469598003128539167387528535661826144539397130466665956625702588918320463805779756378853339703815815411884289880650279743706388648568491933368031845762496479329877059576948431454867029106016561155258626397629176375220447118189809710410212309328403325766976257570937027502469462941728122298799214759851613336611031872676589044242418687697255629881332735664944925840467880715670593186186955095189356098541356680520259763067115438931013749530280522694157072827280211523764063297568342090822072439661014342270695201570433257924218183797728655875577515841433780929588702427458414977200071712313388535333613067750621945500233439017385174344038606544137233864074132536970974680097015891231056572041685251608030426364369313898077013831900527369224920824302978101631786698731286800167190790003619886980039782013319955169810602606816385453725310922018665935637839872,0,110322576414467738906935933496168177424965097313942662925989495528822341550650071062928809871248547000211153930521245077375045586302327262153843503126104499205990227522884991813973358111659760614266555845479133500777825653082286130824078112162283552734092316711595844765371212974692997127937899874090964332930917059611842168624071357056456997409419937415354107427704303742456771296189066367401654840809460698297925256578441075587345791957180126854341145284781135992135312101052875100053311322783441008101712481675053842833514018881290368572938864369803078900347623999426810366481094074866206423728605118942777694061951437989124669486809576602392957147093116131745125230660384059792062018375661889648410619819542786779928378165532326017364176696545773008355657981746285067329275576708966400477639094832850319138561766721216053248,0,136628680853154889777888639935442980501702804856626421005217566051402710147028293512303538033094527813981354332980489374751377592730662879733478240790560458830067248124814766066772909647179018639282775724550789869984579344514603203687806826905512099937152477661961828928538001962503686765654521214217438047588951655912516666886743300394315152301226235496036436292008765767236641232231602208941977761584502002467293737702006901839467087973122488043742807716143466291466993706132686555172654708273177124409439724819003487052727775181677259647137516081251369461519610036500956988418579441885550310315062045534551162854159252875372501134145248517643902934728610573930590609230080840791105808621952097331467102462029722001532772066757033277001142909204955136,0,-57564147552832771164485150019856720017402447030711565920888710040017327032594569631411313445307850294053118635173867097186561051157760661428566637897647516668872837194714558100314232361543252110135721638631069650359649154124161732116452520557024889487962853971326191795872213643876538009988790125294471565819333403565627852872929584144762900651609368107634904977642942899717670908324069447003301060566014236808983654699337449951651767618072300417388592414818901199713731123563603620229316922979075904436121301328641138128534372716026829283114812385936509005127542214911468833859385836293179893855558659625688546472305190457580105158029976704848030182065347886798461837653311488,0,-338153199929055111033346549994004958306942238772313039756093588429747077464995656865074973733393333511404031235383842620857456621423632981150548039325326871565370900615868958631497515771205886448754505839987929452561813673723288797200973801418458567729911096162347969245508216773628997777518416805734957694450159863662143826814387883417152660212411639857624228623123388821557950315189408501653846620472280408110000499717866042479476122043011321142329397904715785507436965044368940559373879952892145898873169423830120045704170576648599840365755917342155775601188248242822709104986696172439651108912103424,0,-341861173232535030023568003356786756637170848986431478082703721836555898303856705790453119183383055532519542499086263676471673626289254457023184606093153151969587321515752956513127106525062959987904054186937510983891038798782590743852600765704168538755876206667640830486162927936459867966358060172749316172298921426963772945407464646397015011519420706706653423951694669462577861560320167366425121189556735247604206142521022413931387257281292927634060221804328324387171281486703289450532479381863177925649877986034925668722016256,0,-13869555422487958100777641804294687745190066951932665009456093784909579482504355208482724122184406490699876485898460086604361360121387818535482850376006764817627720459595645029189916782238591938314359650815312298733127796728478022211562743414518767150284140928494850209839067343052340606033233034993293791893749807167897690486499430862328560279325105950509466819395806015095598912565764499398037302852008004976746320129763351324628916714996255246254080,0,294586531512467272967282609724581737250750069081641009100651977140608844621358533604881418999247434637891572439810816161113809017534528262911171081428993943695136097035195903631873556337139255121998427462642300917624830944125652981324318988603487500937814415074976031890812727076749133097033885569595495844594125047987933920407405487028422450781876946434283727682688905461628928,0,329922833103152597705952956545401987727294148676442876897865863012003756880370342068841128831441806522472156323435742502219164125879991370099426681077854929268379141584616339685598846207277479767738774498951890937225686121485758471073055559907264018016550313181081429977634997386217559446680855046520832,0,189279122032748294802502275713152132618069979357284634857324524085463973141506574222028262568954756771658907444228049539867912385884374494915855206386960542514836780432191312000270914888586914499060188563838423890072904333787136,0,63755724035252650017350791643811807484805323320528994426906561518296133767308898809234711297049132220406490391312450470261963437809245583940405514207232,0,12041388599256355291865619869662211784956450289489395459710551604517142528000,0,1 # helix4 r=0
3322855664576155924318700021983538388560467293416758720399351341628273806819038771536336584734789387074346085548847336551443847294750068159467672194853890244814684591832482411556314270888035086476949468034913755000047818911814432576,0,-1752937168217399157835247219024116018674532951384342682747923953504402670623402032820831608565767814078039268717148875898319386001571843835321918411590091214110859445206628072036148943289049225763385589020046859648,0,413245001238811315741952493560968688590090328423319156672749467106123358240948551470219684173420381610562482037100327245354316204602583722890813026487375057465286316988696358808644496332056884096,0,-58111773987412040233237802899994938665026460332106160235796642399923103201962172111050058526487825587104699441963758845886421306094554770057163827433596826673698268868829332704,0,5516022944140876465717056000518251901367362666413533902362502854333269684232459335134189348471522857060316669196604977177425640456759987169415590483376188896,0,-379971450196649822495470365089737732247089384889082737359915883569554393551225049502962597119957092850083700571179662199913850979433615216,0,19840239450598111482131369152821019980854131245066944610589380965076543495453677795231971238696541114120112215130798176,0,-800666125732752244378579024164478657707470554329966114883359729412703570670821215834943371854923928,0,25053590327318679249425219462790057228387663298577120924075211874335932493084180,0,-603808368387754523448041161080694228979670956786356871588512,0,10848565241850735105034934327629830306888,0,-134529760977773833686,0,1 # helix4 r=0
5836520926989313501792779356498249079491302481202027163137015783557594796772022901538038616604975224479314218451653492710095612216242813117681654514175673657274216334051617031360659285105830730611434904477605946244199319970393723870240146266930724286853802219864165322171175300967623014722928286547578128421557676045049633283914045424541654943476741375876523380901591495899161051682377989149305420961536035780025024800068916003537757557509606095933526530016081989815382611259777524639502058576951546921330664467240883771062206853726132976836099393392644785516898877860207462281237322668833508675647928975853004191251859,0,16054521266988420540560992737616815505516112218248358729392694400708410868531782144939524556877980128359700853307723838967579653548847963736373450879836121204319449351832171501574421293625808885549774870807641193662342315162774676356615850620568723693089162352886675332816769420867366196931703848289316708620948182959832733405393720748756568786396114833830184538772262336063984413910796594624790348498666195852258260334791420507472458047388267111597717121157278728227248238451836272110471468308537834303116317875327477519772078885773916086775890220070790957996574968640,0,26362843314706672689325691918994032156862720700823956604967499066394918883540721457218439082857154329350888971544757496262922294689346272292622667705495102229792332113268510338197718421275539262223967025782097150623677757506065915111896107826681689534692856614702079235704198755067415176256446990224037743811917126115771153487252916113971988745877851669014353050435673565690363828787054973586089887138491458216513581923144766112747353204473224953277224815785041575244837029568380887615373954221353346798437629298543462,0,29053568972800410198766645205992978914030594798739837713315838824761861921108763948561207254053401585144603458817147855333580656475038398492801921515266653121613551315677556533360017254246554326820772540294248868969696072567609821029793938537798407762350798909836811023954985658593353800355682139353333241153735829285458104625770922412014577425198992780380651744174565458049866562378111382866845963443196073369562343948188802625933962870469925759502350307656012289894,0,21794187636478788087789508874539740341442177541310988304292037422639491200356269465116757651778358304279807122821188287247001423616627653887192019814259745470907348455805075413885145263028143290019084143014490685337509279397503668020546390534231874063728840201180675490090306774740527797349470462888279915670450255014395627595284425291317814832106789501150515403066538648020889259582904650531007998597525578389922857,0,11110545744270649028252976503241943619518693905977934878842416031887664026998461150373539821578101938471422068899040360386941832263898088305559402148986703149368128072257147785103460920705604612022669396422069371558521600900187504892893777355880910826928413596663652081285892982033370228163957065632241922779055739294075233581595295023627778573991067037656820088760,0,3875207310509247805510422702655537336180614075352484389198855138321259568490403042038266843130145329878523965852929322892256011409505875300852493725662392805909307577548531937027011449913880849585509777866187526636376380476605844683306455560597097711079054450613414419857505467839900374531470457028989377440905896,0,931646883678442075950410972327417356033690050195431454989787642700903372745395427671842970417956194744035038384237871080776179490750784455610930921746522389296243944334121134806556533011357853317358346979907082428773772362456476297205711388921894438737264558674,0,154202772829843384862861942917868351666937853297562160320247521231046087619261140486965096937874857072779994685525950541817963411848659951826236390943019440246035432281998288337826241398998139715206856821064893,0,17269769210030636620573118668296296020641265735610132264780256679961596971241893047286579982960244669829794244087937504266097421824108988833197093266685001924,0,1251395607507181372940556745241067805804419402209747485216277261430285703083918545454837780014506784910267,0,53028629158008500370869176301829449146514381257247802,0,1 # helix4 r=0
2158901896425744100836265868773869633293329542015792989487875948081593385310860345982837566586858063966051055136164868935901981874297362769057460443995391045853820425607042149216944866239767695210322267366311609096266322874316343538427040120848810413810507517366376358650659708120206409728,0,-65925834187967761484170581171362691080747056782693878702380684334982593119303501433651411897402381527148164171191021559012241074655414012973550350567538521540689478337605026292250026193361540596090473150514041510808824046009196834804121031807768130819601746815352832,0,862284845938083924575053989175612820818876935913703420595493469704702421705526877711568076168506095502060723570325819085266014013069335880128073676134926753182180607674511486577310195457479908711526738112549111999415962795485199667672335253504,0,-6128708258207044867785931400146187393041159706661220598615352527684530532431639002669948551233113393046462763915173220052183614443953212920059692684892036449865145006420017246871531654850145886837434941625069275348729856,0,24810908857018407343221118640500084675894527528389617745372173191057390778858449807573923570594623232696045507314833725739019967870272592512894058154728003704460781335141632052787878779747257286656,0,-54090269870355171958234767759980061417954064981919392559555797805132556283591961864818522191824837177847451022094298072112257147838755068999721748569949714365118983276855296,0,49915823496500737538165209154740443682941912162010224208714422914110586788900923585812288018977065887698948602098305390679839653570147329090330296320,0,-1060263928754249405651158983224672906457619887314610589239571531069933509160225023570908384300332155702315847813866329210880,0,-1474743867811548611052162106289078351016689435404045033924202515779761141994808279898752352620904448,0,372441329152240167013137337676862984941903401275622512402762152148278968320,0,4752966893452671351713856017215045001509337038848,0,-7238138865740833030668288,0,1 # helix4 r=0
46727090537541026089052801039261290574616906592509168838804834633280488246067954159678359122170313261836544266923465838991046284427908800076395617529711092140140294487814121513387035101823573656509091987246384055253825224818921729574394774131979461691500928309525452995125490907213592805108481245836569737836484295386487610229908880798754617052059962767236603055296874635749234772340682486549817493145045277148484356684949020345482285801412571045630777512105020964989418681491281037778839228076276056064,0,195700870335019358437827379386595975820675304157552299188319534460970039126437125737454506750710601655512218751530489465687961854284158112065742191120286039880526447766313411733088574628943416581399757789668431896371692990097274852262177306250713412770211331046986398815778890349462727514783574206712642381748002020492020723069837898601824980765458476004555527419457870575032240724189862221003445686093848632671490203996308255095375030883322253975100797411655680,0,710036843014214001099171136815899751150918179366340286265114447687873815074641586477534408324437866809600264621757548338798997779768432611951411274756870498342962101994843512364852150444664382389196159577613643780812733414861438911996541353068452286136051549171839082916745303712918867823769486608113686283025370469054668155271945922698749874839935029026680142563137842488329036077912800939353856259500627060714775773184,0,1774842894029908023989803803358246254048750454453680599911138765066842123776798679394125393570087068854041749692848846351685577673568619844363084971732594614234653413176210585846622520313648534007496147737209595887149701991877620056185640715252240611165637208940597231974850562628755852670792924224291509321958602113283038897097236314194322461235638642928139748876396203211751424,0,2977720137973373643201530463257503908587139801424315908125308431408534617337574254279551295258775631978942704482280742693982029677704745819951171723553071971255893675347616033303171345628440020494665243019380171306896281813946228340047256423707370627038880795247631983291038024135772992072568773650866097738441336114298685262635693244416,0,4022822877167000485165439902263854415584122092111736774707036126152751573995514506262396921067356887958060399619613459052538766135977759901639363641258256700341141313399082693473563772157019919630711066674890524127907436976915497443059739779027103973003608676444572540866757761846833432206770176,0,3629445762361041880659063165326774817467983424065669871357910653671386956345304168716608082150129634189864252241726316169933178849574115181979657769628187132661152882130712127696942300738722633615895630162590781575997313771180781984097871880894298456064,0,2752544581790548591299797586700612586851724175622098129007262462977243257154132130795892036702794774191651844972218057324318639213056286199203997188741984499483297910813825727679616223818976838765797817513410560,0,5073628137111612981154124157419101502743939157600262933952917118736059127267446031012031550946277736363087803748719098610606829526724455022144929001087598843978617716736,0,6672619137375253782233341094329047780412925212343409553667259031869727053659556360771665902414572761348286039456162133999353856,0,4295925383204719411243414209136623810981657617721410367679395288817086270378797432832,0,2294246553588565258989892885357181345464320,0,1 # helix4 r=0
1341248959707341355103183432277365790505376864059832605813936461042584990282959637314223901959950836182246531046651612444511291271612376390823593127954036595678282352428484303920397410170350284005580474047353255045975858120797942818023077003140778001963563272025642150935552599442202004664087908315851355089974424700825910648795235197920243314232240327335888224532784927897374112332084220471268295842629233994704248450906654811443633696724514745900865862988506980280468821021683701060208354217722707800625584735403787951502665851752514584369683183391880601494108079586377672900093146210359246911008980677375357051515205483427343839688616933884354835618816843529517030100716572074305996124247544206043631781292614688193667744705444937937207851222036627987729734900988306903494857261620374004663765666526404909454012935750911033,0,30414509251220999359387054421641415074150457470759018144158682646237518720901417693145098255587362615474149987714024136961219760579006379702350519576941173164529692340907488567430651412816646217665121540140175504587782042210239066636792406417708880412749583685658385912321800676902500067542539695029305815073423798351055341342867266219690548740765126580843927049242541330005723812210726139126961806259659987234916759320394921501998654555406172102215354041017947258363348330535165386357499771266245267305351931064158446191278125498759331172037084546468545647274355888183478723840661933904708376206193991936747524576185676129910355372664801867141826869903818639140571826106883483852128826143219773155130051791245916982066073569724627330871819732157054652994134,0,313089228849751265218525402016288135133275254772126541799953837406943886163317583123328115030458589202191330943365693641331023916093884842155881907484896652686128187562770209784688994358511912428796363172351742718082711620629151978935149506592811625050943375594672906394150653017925319704371559304651186652125797986683310601959434806615925418491984164114958014591776101410397465041942260721450351660446743231243118698903561588448892863063259189577348026038078963500889858816253171011939134003059513467015445529048131039392841672073396144344212931132275382997235176026530427467826145523872196201852398618253284599924209445115881160550581061109513026676156736209887935071326140571194255436246,0,1906414270526490380982664330589733751523715663253281636763571834001433370732303044978089363567580875585510090006180663293002128889699714533728493676698402807776553031598138108848125783384252188557434780241625944611186054521040971609494993831569726318202060304934772515737720603950563249596859342072881227309068944519286355158969951769845776768785376104549682549747549141782227961199776812645233016285249803498366574942809220751699213121274757345516814188049303565066606282625912483863366740928202024620719341824054729290921142004112315267964195431561188880765147915720544603532340681552874080598348658079787688925874709606,0,7691178701941007260477002398842995665925248558634941931984003528185625334626294374915639244252959192805861013307773596804682339188868890005090816693123081362835131382126087780797377208870646458952745829426491442976081875059509531942485023144726928830901370172011564686574414045079916206702646862307420270417496565104241580754336369437404536471368835550488333017790631603069433689600429467935685047207329056010247349130562191120300943133520691020024879859289137002242882525194518779294846370825688599089573063717594154885619018330347566144656978753896223,0,21726767325717490134065044640247670377406739924165380418796729703341916539004330371703057622670796768879155133416812163333655598584817784804018866964136200176116520200177816930336684918624272940595458733788736439719915294042906292481403001915680422131031097376824927213997659193205836623048973654387687278845470839636214070699686859411534883329694709204068923059664813249026867800481464201197092443680820242186501922566507815855952982471749001023913330277773771765531788375449382374084,0,44173766234046256119580657064433743741780127513909712084794829342368446211488346854805097573226735983418269069936780789831251865667093526084570620314828683342926272471095551408668932711893672051191442521797964743653180558665388778403266394226220169467044886645162470811870242732295964067191053184717993905348465652561995486753139109556236552260803163910236316228548650030744605410162977522954408615848925374959450740,0,64980184102609965968974646808314278197738576354236722495610823977189540257321382314686753479337821357981405764988214010591493378650451509945854518486143237256021940373231345110112627842953206436237338250882230527426113009165671183806356738831245473188545772652969758119076024468551828414659518517880802345163340457557877553882649529449591483665156,0,68510445089912156204320429060800063549785460018253208911026748042063983867390662138347137101148685984098882855104134094188185921509107035566949084675574399400817663717591407810561311053358666301623501428020632182538293282308214924237929036675624099947424909686682830507014064839,0,50550714195166534778523681457029849475092563462381403494235309799123681889210983214168749289861385373287988231144751722550625644214473149688414620926777362341544481430039467691821166076430487706275038537082630,0,24871054984265205330854392851189050738322681947462288265589197530031027131910652422259426781580550367298677260534874390643630627169444451094,0,7366236114237872062441480334964233930673250440422075410452823537185462,0,1 # helix4 r=0
13951026577908368755440130449453648932969544200775114514990615075192456878379111816150841235127259927888603353555009540810778356679052329798923131946600961181627120456181182063875719791550995002525754453866825347096666383938916590838461784749420026625177258411844474168648617509645691868216517441244668049281628318929224013960882971601350129350609879552990104928541096167290455656759928297055294470653161262379494388763961159944919327334366266301486648140635477052834755037211198081178619581443853942351350660859333038647457142831215473815147394829261833127405576217233686117498514527328805665024250596858629930733153924253919017569290791402210988837827899635283470473607995987475050014836597256362438201904296875,0,732339166036280257590025678390548667319588132802339160984189278708590139484102133164135086999817275468080470414771341376757569945810461877710002895818531664748399626304098153359181066558273588163088864165256718637009678202424457466499298276111428606351116449255685257412191272793781872053958945532148858461216278612803222557175218262696949166878217983649616389874888640457501725707212437196449774155984254064754826206953747786252148030244303068038817467102306233609220096335310596154498960590896252295611521736608466614718715577813904954246318134293205769849654261234124379770160479658348222317092628021424760152886801467531086018425412476062774658203125,0,17840296119237734012821382361948953550418658452401646288564397774042183287607604581414147908686928164327392296461699210988255989758933866673246162613547630732892834851545645777542296011271465899907303389664905068824797140426086590634707391385082828415151762220034848173543175069747059148369592102270504637187864159545317672550214198134208436368710165552637453548906308911581892471758681110364522086527654112614225156908708343855030761761591853782558120125356598871579260544329921433981639806044663768490559307495125337690063481633830734753888299440937399882589620148110043373890221118927001953125,0,265818197302856720503878592009055201628992055983625616078292303221273407721661681081329772657590655296276108502293016631205247471282403810339292589867810285416846526811284743292972157204890984528804551393039402993392643951565175722868114158038493227587549857053441892087505275894052340441761200319934027620701323229380348700608092893697276306354490209036279566718735880685848407532854696474218250904619693147327378431138648531901683680119711990374763091577950022128471863270758453351435161089895420349904497925308533012866973876953125000,0,2691168859980037604092028532630213401057361573833813464640530740047451658763550751654682346383655472793093398533247626412972471971914029784586901039886522917206018273047582885265076737894112490503748559048872169541188931547031582987285432677338999462447777691816339527819689190976413220931179546490410159765075696712971549589204427350125373701363419294944980825572729805656818394845848257636044907667592970997210725955496597194526857974375411153289405774557963013648986816406250,0,19465572690900322928429167987598326557335274562196086306831447857383981241829949024921585839135445732494829329933649089072062664470654585361426586533956833018091768279231546480780746994382338594128986559846237608657278509114291551053010516544363904307435606984402035631092864116532464281336310671037991842262068253225985541057601555388884929499169467414897268829243424855205009914305147589175248867832124233245849609375,0,103000089500652221413804093434825760520484486513447271487408238129617676676489738632005296070912586197235729828385698379642901343135043706624370613133652358717147286282650545367738561375068878559162228489701559290893306940832401112788287827017475941109718876074742209073496352804131313918748313055445814740227592048982772909848648623665212653577327728271484375,0,401322429892906614696889857411411254755401976338960559981463115789245192521235721049682686705673543189087356883768459542114265987219188496429660806611894987022265347765199731332602370638614541117284756549303667186761370701272175678734989079118711720802354639067721642220476496731862425804138183593750,0,1141966302087239669098305884669564168733972653113421536284109130429651701425352131372621401719825046167470607227089313432730839881015040679295438680727055475229536016031473916267249668347990712238696278668648176335409516468644142150878906250,0,2313285086653189534107524695040492826402538139936439584279000652976881562314861544354608533410652368692972711393201142283478846985932155509192720277411581264459528028964996337890625,0,3165666995327471296389438091714950843049906211350561607604702343175876440178905836531075834727744222618639469146728515625,0,2627290575661952947276285040435823248117230832576751708984375,0,1 # helix4 r=0
33382181377,0,55185326295,0,39804520875,0,16537772129,0,4429017135,0,820838916,0,112226043,0,11605761,0,958590,0,60518,0,2766,0,75,0,1 # helix4 r=0
2057369778614392767674348656475749570669547494360788633469889389719306341412247207194024093347109271180134115404219092574576149229760470255986088330919936,0,4201083035897716380550760747826261905015470529210173709208266351893667355187219382966568377026404814854958151047161611369869469199776549437440,0,3587175745248101508113882192352627521454347925810603574817205291416592917930620225940620095951392858052707649274783749584355065856,0,1660332671347389189810521125432621168010035252555681626170897410306040915164803751244783018181722749353844370277662720,0,451498234410017896642405547351306573703152954927413523387627584139297628422515239958873668600675138797568,0,72576333541650468095425436957629331639339167483139749362367689537936264248037442101945827328,0,6641438925532497796208432214853778229084699660615255417308266470451674265681920,0,416647825126527835871272978999051274316586375376608307014048677888,0,59002556632242881255098123572495196089595838179835904,0,10664977747430535949001639460218077184000,0,1049045379970594466351284224,0,51127290691584,0,1 # helix4 r=0
67373967709,0,-13556312352,0,106361570076,0,26127728456,0,30981170649,0,2961939234,0,-317002441,0,-30568794,0,5319846,0,-311996,0,9501,0,-132,0,1 # helix4 r=0
1701632301967798384561915111540572004910959267950525249918682375687335532622549154342239561996969512460764618365418521275568153547956507942078866589256651391897636650522610225705110312651766226710834716714766077695037246740303671569990609675017353630209452954447123533067812996883202638108316639802103799625173204300526333520611539027516327047758866196690090801822908529329070279316584477915167870128356295972264293137537145115926464043610946450943402856750111588643253839855589914745136393849238899851117275077428752769405214966488200376107667454507519870738757240166551043085253231652387942003406020145650666730360381622132350109378318110885122396213936149645885696169596760027493822517018736355665890287176581,0,-24128770777771047875890481361989302215064917898281083160081528252928340690510812796524903577847975725654591686303023368351282006473969718419012413122031013227757689241423795899892116774158181771359235574944471329564443859638725483566250807318770596254759296518581328110381632079853365841246219082723693286187657034629423758423687114909863231829990870800902129056129274338681076272878370948536962843611049022966177410803121318957600526748646691414808958437681668345018277343381141915765228648368543489070731793113100988303124354527808088673936162794018385862567924458063905212360322616742885962468631544022421363219218049276485531242727927791376631719688,0,164697831700194028554474017443828857134962137623924994913364393196437498958128443206114574226207449312568066370374479111655460644182272694588415275716026567169507888903438650898058473770510236260748195580820260326325229628667605721194816987014165375656735186378889088334058880546529855257214260832959636847517317120833004089871895641161640382295191159752810941652330012232714973372160955365725078753875103828582968694713799806532605152374497143329305891124006755138629266079723857543955302257121632115039183415491906358588329030768360029783163108068945298094615596796006724326335896311164527768,0,-1561944047045033740230860175307600703894369286239469051546166829569339892447540359430827321809344282018112916224927097626768874875424505086701002277533378821114490986285580685553565894674608458226321353070679287063795688815260578104846493473924780654390655979892463667305758054748534528621934594884931987183670505477632187899265827191599090100066582860891661100983084792947551032291832362115873449276160824976576294200288315812463475292810230728048292450135733461102371148072389774732959711607152210805079601296970437318334279813980470,0,11211203933761117300871244928511386268394514297830673108390764816248353339320677510581747292829796405981991861142923151211345752169476405380613286266154655233615949474516153710236029147482957635481715528504445051140911179958346688450535538365976154145467629321327103172912323132520335037627420931986677250142604744969544052427117126830121933775398689937525501495624579763864482328157821662813436542863038237562115906577433862007437883735217885116533498427855646741896186542273,0,-34324603019184730243211912505475067639304707995174747949278094617792644534435867325909930081861560248956842274431259881712479061898281314193747140272525485905383591212954436334015515109547521181144881870783914042611580145355934798856648517084483825835433265096853914312040795322976201289340784871577403487124105439430286995186136586991977090243377368875578171184256219615324936420750449968182402253915968913412106808,0,-57194491751210417978205745027833907321620950400746419498512883499435210052393076957094005335017477122194707557640743574201583616219128362980630028816549246978511241267662806005929765612417574153046749620823237350566412263231820703495725892258366630424510931128029143540708393490518676980955649860786735131444653543681672490016244847536280596416528535522091,0,855164697535063212800908866135120213117903801777383562335131281481999761652460368802548229406772446823440932318542529557387843941760722341672562709885055572689208531013800815775490522778100393614027539556386374162286013359263748822589774178985525536885398498972838501785479877175425412126760834220,0,6750081698144836505324135454377888749813219626678398173925936130957088816088403267096086104775546431194415612870346299306714994653717506614920365476424556460932792133235198714982538709783820152328913404093343418922687365788928955376151132,0,62030939405408380667711341136569719639567045387755996057523035762128065895470344751860739680150760583183760437284358109653737758087484195903443568590988806385437296648827912695128,0,221240591988718072770146471439714398543334228814408902980128879036105325641192792311935285782180050690800367157096708689,0,548360747116834468387707706314486705062008708391382195718488,0,1 # helix4 r=0
347439925178048374074861689597466330720582539660314725162236806438212121620408357603475849744216123902777471230230058462068126470321470477656033310018945508981038738953803453340699667049544653228835335390708687824512968538230952027765901974424367204281455093993812583988772121203317710004525314180586443240480285906033787439486774511320162658100259371374630541788903040581984980183771342418592313574804040757349777102194883332082921464435944046476668726316704054796417206011674343985932171549829655458567799861991747602455088039271106581459820904819492630516808570482623627287085293576952836279778374831925775024947467303840059475941566395560797136764279952342164478976628781229687393612062969292698001106895470423621035045498037042672842941960765726581,0,7307605069757581704012975605960341726182129007219238134880541201530352755559753602774926896596172620880219894456761640098279400560993978524090018217243809619618548313381932558959749300834596435010699137059780022561181759498231263841319576982651821064427955149265961237552283532594116524262727524359589742854238425964005498712446096409092071075614779770270853238324079037901276110943947005257296707725496653017883448900294632812152843488701435148663532484597597259893520505515766459789899913472849485350910787546797174449625558237270600495309644037836339257869859353524032665328753239518828387875780022513645910563515963935767497998379129117486287654824818454560083390487045603259397224447291,0,70912200480117171849825457594790982785700020362862238795816756216091615860006168267209886444911271149427468909760675903266386659044875720843262096191972388228701865515534513771572497231361829564928324171168891022084998451887368373444520609334198438125900837557378961885265446958025497098399229474578532112826531282764498949092165748000761369169943144294038765219999438320218792313465840795099229691048276745936682927923320565269968191735078660580583630234306672348408735583403523322878622230863518425186904246841770981668654453090680393864661811848005540704966304782924764663247760207787885381115708566007963807518993190461958972,0,421971387678527194095016454704663010695143085392722634532021108464665928636478596482801499408168796056943721582136781707428067644494472606350009851269057249793402631522824893049253609675830715372496639974201237074531510367240438224108540441644212666462102942816100116714661411935405753265572595940313572173536737612714191601654050809387889228439746071245986980131082858113376735709721581913937985361088832645969668387966569269202343185472075792764437014682793099723432616371435829199261528803912394589691621198658218552947631627442114927450191665174578686382782912366,0,1722722087780095871984174148241745315987477464912363554916742954572586522689879458700674750724325425640916468629097813033940919559600556223773865954942940101011380425794974468817401217715501178257843155903614760858182116143778579574999660299681270910325283624568127378504861904448252126494129029595566237824263991486144454890103543942119041292643490098043700096565720584180522907927990618892760681477397226617237561314948960796239679893656018180297902419184753110564342498938089096946896038472869919799649,0,5101460532435149935682516805819160288946066086104228786436918782224083203839017417854009827315944039638802160977955222232421625215712260043413070722327084128654396861183647559668470253776791767160838827238626291679261588005560648963352614150262014051420375686333765415464208620906318057659940108683445396367369745202906346473352122823698475783440896709062135651749431738621569798219457563376732441184240003040703353180947824938348604928449611,0,11265196712166972503072193549044829546614855473501331227158843515292916946128635759390840805763530018686261956609584861266748011003283386173463956627158342603873153027608158688533784748216764982065021755565787872288237890933098064285169880321225282412757557086852359140561335941237046111003672902573652399708230360483313936198607167390356972233247780509415544321848910926251050121,0,18727258425962694918149037874995777758449603895467386863901717943699682896287183223785197302558781265357168438320567965097989471653502174221641783546014093917685081031426595099479292213196108752309617714765989348720731307102239317982729160542265107098003921305758753632935648257372366112517718817454205847681775948487,0,23299121393933319108932371527082168760189218714066109006387733139627721860026072344923482468379603786604261933412692343373411287839723772470289989358236418308846815269013883455787591781890218582221461410353346677264097548102321451867699324948176043818240,0,21191877692643227391154829153520785587971375175693232747842785687473442034348561918728165633377827142507747515563952764461014234936871302527916101904361065868688489231112170127049663658169367,0,13403376028024847747937396528625014558860567998195848932373739050248582352222998190021431408362930333600237885757713183255512177,0,5307766085334445922086050016067843071155414544716208690031104530,0,1 # helix4 r=0
20616653273353576848672761274512234374254375838332181507385863381642671252640829400384827173937023546055963502668623978489425604515125398032806437656232728228942271646032674149578908286777383935507961592521348438555821803683835218785689910031627932407194072784630252951429197347188021314994471928751262152996529672328496937199761950974672837487480015953692308658410498738515765925328835985171071388,0,-53456984575507121731811035608788766219745136723788906554548705859939467742530073141654612123303945758264092366798118821716342511716333218646993493416115742082590060633371192391176615772599849838512352843899155629707891589567783893299538334476547131361701705213545711962015109396396283586255761437752803036296553487359693522324321874184697840508345424087633651652380,0,-5849216732223120718575235126541579570632578906997714416321774638667091909555023681071349016828103992863387835199308527362106220627309293611346016172206577240043259208239028057552530732021587700920884534810119233338463382643385316783402051304076843433471557360007110435142043744743800365987044234311645258497301511043863693082098932,0,123159349543267200217195662558135357166413742032156990389659716601552933014645627310353973687320857642612122371481281177203546031476063096851174284641743618069658955854827911651912965379461418405555359413857253476020933965102079580998426955106574656987960618601935030804704323591511630664612265169786,0,31065204868876825583888213104846167480808517169656113289247371752952915677958396910330355034825034900880728517324147903838893396612463161429244231712398014902369597048074297970006631534935903733691347667760963949402348267696554449742132456848741984916126597739799169,0,-587893706981886913342611450683752625668730762618173622885507970957772255365772235123396131347313217756065628608906339897536772431214379409203404277412758561191220949503821491663950271471797896394290342971269509768124638928068847609478,0,1114372317781311784130013437864245676935591598352802767379800108256641953824856678926338928621680779709975729121828374184694113572570815139111564005413526818697761247579076650256307572822458396500015156,0,-1143659406909331240245059391227693724365290921170652790310147879348541945353513225649001723002403150956075141341408963497105644667560296560978242123105120689706223621310,0,748678421356014120421066702919050005493693150545873709896150206076219151778596299116161418911912579907877323968581833538670298477654973,0,-322845244258141016156730636577653698708033538693276393084424039037203067375007656774462674550813191556,0,89081686225950348233515299876296398721343969021132703163668889890824,0,-14242826037453343195014011725040040,0,1 # helix4 r=0
6304519905313163436258925065199329939908898392164531558115804082941507629047476550185423936929083187581641425690071738624533047721957392272559806805613165786892850970330361776808790390223450352066299218729355599118852671222121623710653372654754067488834308902545283633295201057700804288425074540384364312094491587548870414059482361617947664225755698609579910710092461692830815820821652859077731003719681815696235935804077584550389426232347150275151305162575107722127075508701139281688332245519368941642147735096081464094454700416125464136358925039971533320550560447289288718293875683814511399747632430046027280238636099779767503106499813655238167994623753007549,0,-282228011642834760267078920879303744873196292157622962481019532220523152212552944125369465480718028394911792317851087619507993729390589075905859948045626901498056211243524967982975061990629153514650904231877012183427150930149552792023976934934350751258146797722509468138067494060595084186122870929925372679030513251074834767840396081556044142149841043362456359406529241499433039350783990635319046748589369396661716521200942854155576988122786072007256591788803380301308366854203562057547640736271943029186043893891384014343189749373901111599977007882228315735395224862336073388100962313228645464256462705058,0,-279066074822267251461984308665990647802229933799610279048579339823246679164426141305762979002744729624602699601960788645355933602448936425553300121081946599251430832771213672704933203735815921561690949769561311651502813404542344527156451690423051066735183557722968397364832804728162879844901487017660867146694141961725484309658382676237947151947643377443256134734508933005532221636436279695298094687275506146160894700459309239312308639417852192300239146032048110865609563735906007434677029921187678454739936372459311717048518639193639588304641725155561,0,15697536902512728142983910067042878643565461244557478875886326511984189069906744260882349787630282527388769366608765268010422374524507880988191348020382518947742253573013574169297946585218519535675151410565020294459675060738947196065966998880644585465098615695296679514425472659112339033092731456517253137418926630500552974045079525598363659562863613956729867210017344349076437348073883895200886994344970389994807709626002119646296612991803231509804289605971361580466347065518145150204051854314338,0,5366564819959974722172789567518293592605869123944875954688731430738244700708744807017795542125110906889008245059264718738297720855255568080160811494021737560110839779944675495512885983514578632990478904233863263028641860981583909249180033546586000222315667897375984853809721476058981785082597213421893887029923982174779637627179368335006645055425689811245376665798409074583845001209483720456965119224551889283311279038471475446283841737301360,0,-488663893293102594425502535218721884843142134501908011899425337855355763397576834815841784080969287491930109594254265001895994447942879931473285144380373011862764488294766750612504213620041873170893013277662313336035734150868537660541898775855257899948768330611573902800095673145687174526179841028310406770983405198772964779983925367705578549913050271739172053483960290404057008283310806,0,-32088021808785725567451347246898476067988287046576439574197558496823539188011842144523650319958707491309180781886894792029658165577751569123727177084112686098796658280848750928047106442087776845773694886121176105907815905868197784027702819560964394546733246064388775131852194771887396483895642456413584311222906415871679471205323576,0,4835907899616821984469927127976439236169405139126038301198837271037105477714734989789753193762308597052843452757518857470633886034590746737477520031924759641968323504814711171723036870797773119383391146746342842061034865165858232917712086329547299358931481256172883947258439246,0,63582217032500520223360827025273661758277333489478966267177338737754550807212207476805449418079461572006538520732223045815303954086058187878672178220880148067651193010629252196728255938278000207493178379713560675683762002,0,-37124912193867701578648772802322005909650543551732207786137202383016324292037947785455059807294236337096603390873442959765910591018867046025555490769673798162798278350,0,2520423023352977693706246835256564271192475774792229063765148920806624551865116484793551288426702664942163720708,0,-77670537312005182628860240597613699169527037960522254454,0,1 # helix4 r=0
760448514606133,0,5726860055959552,0,14596181169561837,0,15092773529178636,0,8002255729078242,0,2431211329050790,0,471395711741263,0,60418100982170,0,4926291669321,0,171041349704,0,2467000924,0,-96180,0,1 # helix4 r=0
596655898811391645786116544188043781259513629378633634169082774408994854347639288049921337701923651599468701025906153199104412478932049642803184961347402370572562094682103881671245459577985445460010534689474743063941441453840549108572912371073108116688288694743304611190062923446359099710157677898116647398559629855653455361428474652409780929176496901433444661625563006647187710537490868287642173888760977269451609418418187119043942456105902946954187945418000725317887790642348150017492230341416454295792667717175068099530977344074842792467880939202403836816285181540948019794465838206532831488584052337758217613239983,0,224279558444321840448134850561582723842513835442766734772033483770930823504167155946546578563164024118485145891046337497234240060949507007397318447354372391128345934986020774213555577968878525099140428139117145790265898191001065528440027748684309574449594578573234365416152460035241702272620968251053429656262359594734795035814272643739196066725659706907084030074357923536900867281913240782673415008280009109923575412071841205997086251544010592508954137395468562289498661385290262281811074692447660883211596986409197590321697545378842555504064216232531706054714338588,0,-216220329017918500682172486099301060476027851283512010791986050599863365355738805592258673030150998286119461946878540739506864809937979497034686402974315460519390538590076586928845894583622382331648170713089123177483801651638963640511828938812635352632138708097400044988102921588125896146220454328465635531096296011804128800724217058276377123740570548070868167850256149718079424611834354972393805273842196188368514564801993736507479790219263442070807940324223073422876230527098297459552297554081069938183294058465266,0,-104387726428491066477383456917342751795008684947573925362105459770619791548050819619140582386944238853411002810256916110897280560789506555848860705015146154143250618089880294354577069314140158136281460482517257534122476932705694395083187376174096583791692878476867323108925758556256040881972929850884478523323164015875556102096904916029397499980176516140119228724022195169152945538606413541528985951685298295287510695604716107436841150586898076556420265014468160672,0,30006603115541041221412730213000523390681756571389550734677698087768420190284973588695753944024879855281466939927114398831656292664209818350775461855878688752420984901532071446019905102335216475654698978134404083744180583114358955288343385127177346677695695448011188864553046404977117871114774720701473987887889947259354820484876281044010444983942345402759152955949216658988737846162530172707164174454285158479406,0,29751349985189240246272480590043676057098938409174546381972572362726341911824663319788740887172798339413602760617085014428431899871187979619237492669528661646059118975785087106506289521819406663925451149382245016402228284410484695751306879219144516966705408823039591460821721427950430891217416029416231524631704333505456627295716204012099641952118315899077616428,0,5318132962856993477046742669562119537086758626037105754410115425914155556589822111470390550634078105293015980709173449654348905094169845213797177633378782077208927248875220868677960885285279818608015009325921743060553984419614616853384334124615274676845328176560188967032109693186230629386664094467705768825355,0,-1661764524152128291823571737736652045205403839965840747389752300128631505640732345873106723186043079986397024219502201236410485358162756762995679320629519100899682785294062246812931116142233838759984249665696813629372059341743365166047596054566396250309507430,0,-854712079263550069567744002653644811499525648375391884342624339040369154394687816356955763072405717054853998530700047267150804193917821205827910644393805059007816581588997940466377216823237474862931949066586,0,-76138117024033185992136782861215859574524674390554675030902396328722844377250846243512731068140452249282510728285334924250607202144592731038335132711780586,0,32451078715844018987308300156011994647730680734320075667350794996303497649596401446947392792749891357474,0,10255243321055320019736124000687369783220050932488916,0,1 # helix4 r=0
1542483388249427209360679666965673195295107891681387627765145014398608978981837291842732952900233525365043983082871736544054450294259734775956786440685195945137194130987871563141398310314246017544934460630248843934952398126484561448601342668524651414898354878262221699284067444262514771577777516535604605709482131605095809326159546382482837604193205332621768148494558600862785580777175993285649299791280091791949582473725215258524847311303667674548727777613957581559387284441409055078636970174748672784507803687604688908092853279146702944946494853455769800826147851043447759984473737052555439750401213423818383556944608558275603743185732345491308426297859735865111942769136603183502067596607428876437282873716555702794513891451832478653240127224874530977356064509868577864977786702810497474294702743315939443464416045186859099029036459489296,0,1716239616468103850772880768452367267777060779912199960677030552998606219504064871884850086236254980827585017979615792146029832789312500384457832624292862965980365299039304097203472445288507364423145809718122047322656325872542240040255533702611611432927894910263844729217149323619972418458935164076369272759544636223151555520008195630387349026772567031218012269033089001905910380301838389925319731612607589531970962428927346127279776397285853795208551911033191371149807162989927404924942692993252645682716410750512558586686021305433757787180702606653911462053009224073752186101454274247971179896886960960584119505497849224151429378485378117747244152699300915277815339344891077995361366567673572537724802714752252759648035855243508300015956187566370025218999545704746250928,0,851325646796064657928502327584042216365054889697790077290601049553309858231058313607597799480840753894452766514121987402985537424694349036471962595834394982402826825831750954969979359762340829317733828393909760110256870424574104782416808848618531776649386955640710040254735854547325434136323943037481563855793438544026104537813183546976400962174830862977422538029002780296882225820111424533345534741931798843929817065803222045545754677705680755505930620154988413427157257212744377194476807871290739089641481334019262647237493109660718835623112278971549540316128468233180293309301282384810106557448869390478846590784217690693223285041795022504999204135371816665218214450145468789375105273370174716403548,0,248233701216588692405561154497855527702044882123017270055913611627929055018320999099797697195936763240243021198662149304735257925030939766238704775396422217604032754365633842377378473200885296500458284158332033276538491956307472597513396947930583872434954863323635673894462616841887180427475757811178783109497691280486190952243250954442452450843653146052472844484336741107571141034546770796541000902136035452854963488337466686466905402568412055726081192852138165833628507527230248936458740503128682717806352343644786209480592854757579999911117988843971905261055863206486663085860732149970485014976773089775539202241638494827652659780,0,47692220809883138878251066144294950600656411225422636505863640573321066464932301217800639455459122392789440507852090816068544391156899385059731882797877910315958918302684682281404595294221108430885826226029226454655962803398450192770256614947203836082700876371772589517382366506253731942313469267967209351862318223667340297416249943452922044038712120368426125196461320874558401699102750495650869001618773883232062293678160714691791377741992877781940585817230990477236196522020795773349812770293438694370556601971229935266550732126325368639786888737332793527462487,0,6474357141422329619959014123578726168192853475114282499652726660018649019007667145504758433073620436438887288409248049756972313779427741937711782710870982021612038007742697652005561568049997651780352852403886330323692561963315218462571271595371543959885929069035396658484973818288221010462907515252909414965202961944485367948048942610381762504128985704974584572985959324054363960653044481166642776234380149160398983627333746328200930000642714737547235346541368567621643769207999301282886338224,0,654279603935416883213576696835983827256542388399669333262110083790707221934221642279686569185903135274634905848050988593241835706388770931817390784842522690174675213252092550842844752754902760376849095153192959411930897021986584659335059703792384740311635501233600044325741508873799453793068504989152795748193199475693695554082983271757861904925326000763950788751039782954214307679458321327809452821748509336268564022715878,0,50884989646635010326018261420484553473270599436224590605382265591069862695678316732526135089136938816255588045140925141535978250427792173577769366571027416380598611861767716098577554990732199384868976022652519888751881058988532550332080161973645758617232718027808325396491566960278121125749339032412204210384365878577055866304517251950378073829613969688,0,3056227980972633710554982758655272795961458184385971999269232055806984522078104327372581337749908512421965534327126798013581829999533479622641164143157356999859459606073884762282030020751665355572909554104907821594751855783244794652960745592911808545244533016071456878975034563899255,0,138127279855296847878719426153744173436131420183300093630955675740291949432355437994283850313708975496618423855479429872310990455395120017788166447585117502403604839197037570490607544859930818325765559133499544400,0,4478456065583632155053457588676432919192817410375417795745501542662478978036103666266620159720584289681520970245853508479800333458593090083328,0,94558292844703638162309906487167618631025657016219047037544205358181020,0,1 # helix4 r=0
329219276503712218114364063406268795316872872741015910293409095184679558360578711449981242739127710597716707586753384096775841627026818460955172355651982870421371170549553479303232996956520057583012736904249960512480859894204932955893127566644534702604255712641087091719336121873530420312658587098427995127986245595666929309640244222684043589030187849233257992776518939452959225487896785952630944331017678702632772141301033422126147853310180515354991919865693817403765925701288063190305532841773623620105582573373388843580700312349951573214059125707987093649101711868056000305612511150747359225210802465337672600922311883966356904235372391674875994490340232539435301447570842317534207308109500874966117041819775332010530893118816115171400091034027380907199328020333450582709715625378955407169232803201024,0,-403721932584012091649096254416662985823414597295086924062198988311727261815835906292740923672280988423528673639124375676074789309465791364702074652523049055208317806868016849177828949925093987024126599022091977118123395224720367612582683920490399527772392715635905029006178375330056581687699620716823318046839624826300717577101957961101718602895674121079578672925888315669853595455738977445310948710678314767351834179677972297947858914765960948456232677826477853099145009253076428544289313092439069775444875542488621528341573275302224966992075576887447887299324146333241128695590824571468641906644843690602881139177303377773209124194698012220667160817662132737196062913699437567140471227302550341961270258529859388295210560327156104167424,0,235986328915080169949142343202141727614263600768434602985449725327841992238194148504625519528705703067412702444695054827552920521348863793343346921322168957121645615928170572298892059981452794191776828586371235307340382832590895433996463638028080277363226951659786350471195619598672854356294287629554829724095200956679235118309635189841922342704985217683132931248391386002867883767691266112200980091913584294895106418275574489857847489154483076980703143764009653937671828102025151948977884506147228572773128954956748104678340485401227727773279057619860557530515469161224459812595111529997931113572040399576762544171683412996862397239472520786884487490340852959075949871104,0,-85146291300967564469006284992006056529823829479735886107849387253241546697374255823365030558869601868705432010699156940150631555798487218988887712629560303377840890314041252541217035810436458252966132600262680553866769841150847170941939816965536209055723298417030262351883908917247415260773782845564483145065813087230417721752206175118251740302355830438539914481000872491703822302840278971083937142974131773301713471591864253956730008742563676197884324264855264771551063551864310096454652093748893722303445750385501469747805752054174113317068229741208861869804699399254725736591392222029741756291804561408,0,20839694497561822404614979144828564335150252900003526513495533266737154244254905927006470511798415807736395145696050642152633997593107462313955609643735720786365102137835656183002089230354327860338373954468344187838584316099498962700072445294623470269108502446013319133719258515945152746999206724565881571544258329659819828686239734886123530519115286106257290656707058696614199880318762125695206805785136446138741057879283176782543965726339611172589946876973979449705806206572446064170670367605165615810593862009015241880848000593160044544,0,-3624837237283292918551041419113132291712742497139818738756466761072673653562755131165765994093425089821588771613360038380323833088918438050713316187320690119822473828779445778383913137471203667663828255928641164358578412139548785292777839824149322819500059222379914117165135632125538874761922944443553563055522496978147802139528501803976975156902838084924322337520292464268283290028924455861268415471367750400657517829950860103769245679705806370869996291675974561473495040,0,460233140141095935946837295682603546555745681468984771212064932180327693743057499715972600969969232015713125966283076137382179892220135108982519655023959473632674725071910298207727780650577990973442403255138851003112471992016303737608400869192625030828741212954698517622109891246233269585430338498544823898940114413061333171066633629875196408080001664751633960319304770117611197025677625611083559947206656,0,-43218752261437630334983244959831613988734848537138257176961586517275468177839087921942488623994898674106412436282195295938337334317321959345184210336941126668286646529111006723900211793475924673189687752512157573941768737675228125713883121595728831233942735262799385697245627138412791330796943843581353240337932478801270455348079301230592,0,2994943775554266149554052462295790294243877096084184654077118921358175860363697358175749125841289207481487265136378229071277007364092030605134349572599125881882355075901594896807076959111629511201369363192129353074691965363419291954149342600457072245542146679266827304960,0,-149578700468466359177186854514622764779165284280859186676236712363167859511071266082618714343013245258968032226107847491424393455702851434575270691704101281658100468097820368383388113486120659847007436800,0,5094078525560416326968613132253507723429228130958162843854919214389545495656447643271589659977578343515427112016213355484061601875623936,0,-105559158796515688459417568702439035532824109446376561418973629906944,0,1 # helix4 r=0
180625563812074685182303262516858393050964264822716435063254459323523349943586484600826710416008043535619395693172587511185551655910078982889723413430739233425621069751325378756689981962551649029199461745077751219454503281262938767020065312005673687086912486859599651967349930730412118555706869966482792801213585806056354388059138619587058780624665867609039085568215793133348207379933324667741546748612520266627889106628675883017,0,-4797121941882465121493244662384436089501068324228394654689476928547109121575106263390049061696192897084633021787140731783771538141450545924860773064769164807462002868806502865962115778695777429521447979471579352914415332285454178962880141385371032215069823713023176858464616187809234468595395163287893008518009858613359889254705074458048438237543406858419401349052211257943610740682701392200462,0,56984522364755535763600219532446865428345901669553447478588659373264058025035597758553075479339719196536208968881134003068696868680204830156453821761528575944044374529403949764253919337154870464034214871032651739623373668863859985333721842560701589481221687773929262644433830336277864257168363912726355360472828933018581939439671627493733953695328525909900225,0,-401953842682297575704886911189668363297379769870802892757085700855833137645201677246699825740161409524918685167071016226676713950680576241806781380271373605135484685593383054031450898667746267145063414654042051472218857574214277986531886168374243015863458062679809656307251000474239884013798133056776052656757519835915641352,0,1882247968225376552968281089598783940598588418921146684610223881763312578398274982574570446271764852957851104561708568329156728403304748081521708408939694708952150843600452598661554187643488599029024778159322498566104099791543779528887407565862080683408044436759732679557456871148683626258,0,-6184391428305756480893590781310954423640522683061225698698113947647957082264237298344611328062633016420322200171339285563560069048972393430634766387726792129196085518918963340359404276755303103425731585713029975095017258265321286202291493024185767654492,0,14658994366924151176790835145595578107610804394122250293365908373857778321950210689697235043423501270324919649666771234319004247605183902383130768882460396133488207714807818751275420109779638139172948953298868072665136,0,-25315450901465635846417732316053160933906712198789294350647964547827365340772727690546949617991060393969392321589253280486801918582091936137898897820127498873465405841678298566670558,0,31677509678775780312832594302869625867453514424232484737162112129400030419602400136102729929475522596941172740160082109247614135556275989597471829,0,-28062076841058779901085051419067955466246188657183927723364182087957250489097801147675284681247923334163981430,0,16734355809208767949278115373186662573682556287559302046254605754047225227,0,-6041314954950311452700097238391882106,0,1 # helix4 r=0
243276480027078547192998463818227120525223848265508756780062028977136763939821593149638619691808423590075612810589635026426739955048779832522214387543787289851476665870413098048915519476400484054552230010917869335495877255617070327059381030261841098967194333165936162726985477839990624846952694724415589035967192876807991783101493562354089701754396156801772078653470718443909511642360259084034087037947784602471205017892636148046539795370528179793560142270714970349462122971908639304882148850814874039620952430583525207832179778952735614004073249823340724910455051979624308037791265180955679321582778818506724549864673926676415054673244222625897303143787281962896997173867537482551907687509054855977457585062360199559280236647533404464455074051364623235761096078529330804237023425240433798516208463511552,0,-331962591836771140458681980425851774605144147818844204550741921508903477893480142918259572485659933479279928999717781257468994810418704384978967044744097912785882997099481445745124190510210704593385180925720197927615263731509851599807559120675875834873756179637542684157370907657942242295274271720293137980876873062829813196445160472433392501681510468365124288211885911908055613922826857968369656347045427278396741757326357408922834448478680990943283093029135030180469918072896605837563648637302977428270290418535419567000654160791231007026491795417612707735558890808411520412549438261678766291273323992447750160648911932244828269696414379480987737544641281730333385959397570620422128342823121737679229987189098607056842564835349291335680,0,207202228879438598787923769984148982472350220694359742637610255989547531929305957193954198219686114506970413026588053291898154273943955123692135539785496964239748468093760797788490935585439245453760485153806541243854835440392239372156211144179475504100412396064984191184571447497185977726011010582479383575508475114962137982094477202219149545390048242981031886343271269935830903348328056229762882213499712994027204821461546682530821793696304311268048624137047992576029729049535151570903996045562462563373470957370729393232804874968015405226021719508665165407891615598592861016060741353902264766569890617004460079054683158504440782357444475356776962410114284230299820752896,0,-78201604855514345892468542874554169594044399582720281211125167951587112509602255264881304873985961509252963145430276117943515579963390586607573644421302723753587041440435467097593888310343736886119225575030729266918715997424495593280120576288775619437467507893561350062782693216269560026596208175134974171168846926372450749288455494499482396367325615935149383879957520332711893698802334338372165962691362936202964841968782412686653675246001848573982338013967163470374421917499476206347954898464525909702393086913947442836266341469783728588605282795309674183230802033976133847592724425878254092437333999616,0,19875201766432925467066659441237128697449955660889075139921020573275944921206065010235569758793983836647445427220591106843429827127226562905286965184039328834269541987433547606312102397926950858972667772506032745574439954698191482447980787577087299427367203565154089575242375906907607314592495757657796752628222973870359225494168998965037433393668463047125781700170052054114957944922585893933295856430101859487229108800743195916912949758663919563167721704720481596271211283297602852478082956587745690145789283096070735783484397273913229312,0,-3583891441101393196465358195931031858623890811754479225557815243984423059636984247259733588473969758241737889101946699078442535923795915546135880720200067411151875603754173348076389734190174761238708761450285752840432674004502618573281750944380084485684893574111739595104287987835068529670139822459532435968815088019713651487485605398385749598909260110718879116376984984627227249993493713408379200976727315892044304535823971238581292666351341536134158574278075054846640128,0,470236148149508061167015807704067266038431392304584921317431253124345680910880592207910799033679037500536974462495443991152797599849687301017109091422547806578321316225475819704779803928562934500886477912065276152006275625149089738861667163689604801961139471453886397373591765236106178283390421360168860326686601517390459348762152766237801825048143424662157315290344161821034634122474331613835371208507392,0,-45245972512894494336758729220168106556860749610823582985522362619320968944283399252229568258642065353090884532493893353328772735101107512858903679082341025590952856255684334188585407414995082971758112466350718452617084960022736476630702458804325411984777820533909538807069036062453171932453683276628972268070805794584779236606232431165440,0,3169453225737122253025201433290944543984543805051946108006644298078758437560024596538644781868961922315193540555509908366961606487882241099158764246411452616030419498434017476571585862279836585332583789152470976833819488789728990350217064213174398507930815388669540564992,0,-157674435797043455300644393445057000967139321102633702010671458987780745416358327181244892781047432860121336765129054677509592144353042888852881066019289206647795156612139982898138495083154249563534000128,0,5289285540682070018337753177582028433415142260244888416671970455279773714482984832000553066317699549792319878647632358077144669135831040,0,-107453073523181051322925816577241026099355915661338815576669080780800,0,1 # helix4 r=0
4156185875513455914855840499262310535461294654299777604709541809233631134395426375458358803767131649378409928203493217020361715095757151717853296109154702065820775759893856939036729047439911857701291382092022120229754399629289496349749567808439233007081166159937349519869216963326630431590997575386763036850702220941985950297108004938807821743214406040520379516842913166260354690482190660061638076401681586320920175732634748429357772818501242878079339809979073387887374668971501750921436252419806471896889221915478413728461405345103529760454589540107578835260370527067361537907271578950503118918353958668338465538993159359925402770085335074049904987019446915572116094207916737233193591564832095308535447383179264,0,-246961539700560065920215196202684681363234330397231344400584811381708055343519543007678105586011338807178181259230958935442804855503915524364690885736107512229889358814235645038656765624421740156961450199240778512112490669196284844647658768899879325111893631903943148830482502450828755249350038180054875146958206151614525054878735983707790542683915390158974618811055256070447330050671772282286033599800969447970530022669087821105076587539842991666577995743292133442182625836930928275888176252728429029248337789578978601348119481974720856460513153056786929823102877823859225617745076958555372686029936496206409157596143575384370913361820527622904180899840,0,6729468651620198941111776585068565062614621564473185868372672083386116416793806137800917607235546205312941599526374714535786907612430221389009657129256569748219368364044738229084779189239663196127962653360943140849919083763765571987279125368429904287283012045869262060071562855528936780013440746951283866987417764462800998187681075051468208247690644623309985535447162058464390142098945084404963054448397957132396464838829944960650954351735206836787975486481427700885594128878970286936521373507249640149001709732874127028201824199174568705487812586300288329999453487079836262210759676840468545536,0,-111237117561975152423290574198604622751375544879942600749245035929206735210714112715637702162919830334719444826002469148983936150957672730553657691239894522358946408776086572567504892965580991571545904487927758295357823492572544891612639811322625152673051713822314973018280062802761745789590122768084914827161507749245003259392326425256870832735229246615104423243938013470570161094585302441803272035676854705401644404717157284088154889946698644302908413085923537020846387123156293921666595940851246992237268868722118770056390920038776832,0,1242741457093795204842053593833907462058048020282903255154267017563566322454580222037287449292000082175958219607890678015523929663518499394240868503170620968178334779936564603733370926190285073928880492190655852538099974961841727593182514758713435344235669313547158820770928493135732974257344307165105875858257858094787892025207847363008832537986683330505847117744086421558396182149816333236919287193513610503941776855589352697119696243947592131062757566516175595914988571590656,0,-9888964281512790059575219413438303306650033286329391906671609887728334416214575085307508801702484479925368113152042535422567530180017231216029220743151850801634491181989235174806954481356994279175390517650794844366515899852279886978363195541669767588715968673145383627319876340428954457428622243374481470712390986041304318213904092548961902352880155802303009325887579131682783641868664553632790561928928397676177784832,0,57487609622334074842502030449105260558382966835805758548235274465195478835504797906653301050660507074922452268702860911358848850467204833465094084193874700230042209040543712806136096790295359286856094233718158838710384261867392454169738639506347932796837910988770509231688389868397462198543608699572367078377628205512490735883079612246071673067328771119382528,0,-246056022456589293236068750035924904970422547340087135787329690192951327187587642602619353828307629861493720312726425687135707514879098056198195685834591609946009192963818663782848811634529063881147611671585933326878309557440005701045827745509108950259967195350352405225468635151823925275592765734912,0,769712490603908919654794436568467792530073298727021234304947934646274880179996708855857109402767678753539437432778960547235121269519685656653649100612773052699622288255403570740960284055010639999557765651805404731489651315815292965392220160,0,-1716400144227094931081764303356222350414895491945054196208340867461720053472989219587422948155226228029061805475434553995614735875187809460070892980605431496368546737637960739454976,0,2589941853008298544056896947959776149552297511502236788962358194538745719733290280689538131298828601739110156146948702208,0,-2374341781864310768156201356738123840877874460581987493085184,0,1 # helix4 r=0
25333673236908477083592138061703546741260457011282076278909094546246965474847776601973168901079102733768600291285119055425119479742712093499591472666714708670244740139207274559132550006173397772411322922817953846522552210598906088803812101564484860951179681987812071615056457690582289499717051104587033660611170751928263762977192094046518291472656290205239563634975592399857151929727699557000336972071234580717348874583299754075854241859910888936722589120270942116972278725633163352797932476083562820647767240381464663305102218878053893519173298106029592236213146171295486845452315760466445726455703603712104265377569996649347892810324004965652329345053190636336602295470567923151791975272740434388321119564095775108830857425410171508810772501792117355189311366376277291737,0,-5237486060177739300070781517241443145638472492744369837439077981784316991527173396570829634683715429067175870495719261201338590685843890217410890941680844565288447877677521692933093275083512587794492282989756932323881165045780566300286397339979958668058301060546063445460858104144461821027094060847730493092155899474549735471127790014629560891382419770916599269246430362285573880078249795888587570249032670369280426227598672978976470347051840428518912393695641879392748429854906360963824708452493379168699000144727045690988076647161608668001134214450196193358978209157343738814789891900460857267217178919260312032036626582372064648094217275568139803492352188100404675495705501539854724788618066622802351406844,0,631703529279697868578336105443746727827846123373937372972544912333711509797401608097823178461263248333023227837493468225147419163763177997802751808966072273183685458300980796812646020779748790000971520245517217349401983082746620311869502395683415623277836676994220648474146856576665172087413968675811854400666313810222020312764371391161578459087410414269752727571197767906109462263554555149599168588247673058338129065989895750053878565470424461099637096166077589868066250387074383234210871963005738851621524390880315957939465444556323984448139447273130962984251586673953873111345765967134741857997388152471424407092009863727849279350595337127327,0,-57647954133533476587536834762067654609833181028825198516302625494059237206586111029580557326240612382444218912909629763282248158123125444248839570577272379917181988720362590062248129047365859224461366818529382605176938290064344186228736654067880240676371592773150984363952744127512174573200283766517942243108105717079832643864469970900132050186890592434832198268760860835714197914840968081461890816423762823710729396503414401842136433272440794540686220007329283394287674599591638527837170454403110069868301938957299334218913340836100651423178479983769894717701808442519075146627680,0,4101718574552291268158602164513836367996667200999563639359983906817972946534435367341205131353144252428857780871615062188418367977907537364889314290829175555164269185548133906303903031768166257222548588248891482476097447731047202004036292105166580922542730146330652973019462068379764999730757395004945868088643466059146426035953125196747732606082067131522231495300487287606204521533525278746941082885480167492849925263780636176915253437148814329320375374721310410171236584360066049926994654002552957456968526148898382,0,-237376463195111901393683880898738822689624263598471070924231621701071395926254633865391887648371881925701868675039907841946972684185369303312853771819841107457686032460010609839779676734854893445311315002887317028421654542851202292943236439194132302634919259231906020564972080609847025202741185601206576052895143157189487534730658838727780206881144255365722829114235235490247015114852588928101918976364832821552509448214181983705286288714195871586528316,0,11422686474908130315777175075734856818421855208592918491355016774072817597284153918144095750215862963581339300978848195863034201387451480485160843717213103168641774700780141739477328748430421717379779154785348015002074800680424248794982228245962357885001944341937240752369945528003106420364296172045093044041175387527839000701218849001607485874745651302604791736473823718051477272036658187,0,-453017577803790814472497423207997896383965166593186103582318173061767877747344734618129941468780216576058279648117568605497630828639781876668762911510651284005126231688053470417178448615620980593109623796298349396527754513797506699253340086611787740373357173198559641864958192886386485807411384163760291206952816795950125592,0,14819661536709218535153114701036750508659242442641590044654530794188802056634402504934555539966650648196789918753248177274472186945564857894308275151842081312634480483195176095389360240429013359631692569957405767751668343795817813226220801060577540932241967942,0,-392287291794667076554187501617930726884245752365646644878967130202614014106383072684186594827295944546390500855982521886677059681598152765148883633306868392548013295633985161068426249223564212244,0,7977060077535180489152120969397704424131893115961552269109506819361529210488585264396057889361704357518733418462428384477298298807,0,-118006805133854794852942877902681969229353298950916537782673023608,0,1 # helix4 r=0
88863515705879212740175707531888619543971662437645829408563135905920114935283789763902358105136976075358426841077109811037896908356153511849746523196254509857277717463370270294367563860449764597466639971615624078309174778066787760144979347985575617015900553631453078802815543202293686732753769348610130678839838525089946359173547934306892673822214027582552888073600289075651286769220372176151040879207172538118674835476554265265569216838731154475379570059449138935858782906869297409203827054661574470024239056213579128622984855556603822877159398613133847062258984987953283027566011653637785205705277725659064176735606989510839047186142090207169085148804212690285381571802100478339352916891229173003992449556021776486086554564602410820594787042320108154622487,0,-93273884165120944596444427572036626575494351187837931781838296390296512804096893125653318628243530068283228568643639243004359179513147076596421614977355942081767769681371164190290798752168594199737537100659014158953351647828038630667991446418841559871224621858321802340031026801651227700581812569555452582182260244781028742214263265999863014584846784080261688799145432960588626242307787253159890311356043746489638125293247561265611742458235419234118586710510693451555706506056914129806341962486412992851221978152666720704201359815283673342429898432626301106008507286505854545245384986364794984642169501986223894602346494347159430596310693925465617112848284280762254227644577598802174789617666938,0,48505609740829703328767968314163931179409768130882384353451297862313016364387553103142571934884745718592628060383661278576036295088519358284327535064472523043609755666015725505283639421354783738473980989687159438886803944263026920092648776098509774796116746992907889936054111580748277149307833913646928107454706705399329853350720363241253410134430631206659246779865835142430763282261002527881048237939856612651596057099809619562102603250463377427454816704254005809150868394214564940855177399492295209724397593661308432543934417603581937527891271413074018534859436277414340012753577634360623224770149002760882305714727062341193368321,0,95788583256584028421762602397489340413922128298721393603373010448997963747053528248675681027045636919584947971421481665945507903532476065095716356637789603138462207939173807815856744721806670427057979705175114801428027973269090512341629861100135333112722079503484194222104909043784627076432859253862248792956771958480651336132396141452748079668126825499905245557252508323804845553691424375557295282931735688901627577608099505147431279062706364979006159940843222994433595101798711843664881582474997658189928905426554657799152304814772334711371985025294550189003296341004,0,-63547316354088604964330244516865577985250282241373464592940588694656140467456326190334789991381253505759575229379592190692853785305010766526542097406926664014120647215970480103628974842354708104393135780855204031386926140451963064210160068279444595710447787119873937679219990940436957957126831716520451318037354309137109187579441844523058882278255036759760667661427619823374938455987136608931010776734688366458486872318007685671089508466869172760395247206697696500995957697634899401589892337768356514490042,0,17889373425461764978429286961662600464999450112686782024913376207818629823309490353066280583119396263976627976954431116312275151886276160516053229321056679574758011677803210144104667468096156948799343980738122522769269967039312602473482781786552354856508299844522764333191083467806112974388740317639635266409560154492808181751500312851639294391436473901080747805503551081399309348135224658912649309339592498828722102863689963336284209675777326,0,53841620196226292957798972567483488210261912571944782285772862543347393947358599979276337698849978373459047151981319137314274607411784337164819292240926558103321199131897027127221338367253920378267565042296359764887224114001691452293153301063722653940496940414183349680460009855892005701345944150888562863760622696413170628520058785866997867828483033595465925648384734259418624308,0,-18963808564698001838273277037118019447457877209825284091314971020412068868967924040734504881109003955294157579459282617696666643911866040781728565223112158596457568041689627405274389042292429025083563144349110270201590405628022230194852685011945654960696207326214029460438691561758542552541084592408531816402661549336,0,4091277313357124925782169557811381587091438099571348903384902282830763814475426343574225419886299833023890665728456290395742531547693848950061995133499445866979239215268750051718388298818216864925616835609591826936101917749887323842105104771451487706879,0,12383872710945853516025437147545184635889533343900223433389721953812409669208422499499510475484917792725922561093358295892308433481128340753450318912767430013160231129219698956497356539790966,0,-1611467674992609774318076503296085217927891713685556673379256701752880747287304761518072090857579810722032039425653245036902035,0,-243746856173737299624202900159803541188805360435352056348424100,0,1 # helix4 r=0
6923886291122671597910088082998041012773974480559104229463370113231379121405192441148111879813578927808683912773065347498849532737164829728487592461569307943011206580665909495117132573175955188860435371070425943578602313660417676661666206363653805739228566890672129529615214173861772138020149968029164908564415836791222486556559781133559939102487213884821639913081041405335495751998892007969151,0,-100650457741660690287024096388832661360820031536709423248513392163590735954383981438851478131319805855883249278157087024738980203803171316813927525790277347830741448110563424747666876986791437286853842612660690482394943698396839432625545138604886360827261119778742440167271475609415864074225436702200021393352392497775681264003323220804004171024899231886643767022,0,781659745433267777864018237773736924448243044816234975817589551216665745820878546570509675752110581712086724743327013005206067195144630242291717114344827078157553490802069387173355578238033701793541695046811948745351488364054488584514868558155236238761791037045220423030933900974650775440103343107204902219731439296614003374536082,0,-3561696811972327369295266981336917838725899692156287333188413294143059944930647489429330353262374071875722277231410784347784104544030527337005917262897532366651908213302884237288192177835666760790990522050780066866973497481700816420607452211311776291762307349534074070133854841140441604175199842537,0,10581230271937423395015501645550119765946402681317995552154431061242850777875142838636060493088648874762810006977732333710238376929059426765027630767290894257361180101419697572621777994837111086469213299989967688277861440862770050542738944902886611229766017970514026,0,-21300446864565105018876316147622452302779981940510145543361904267158561098317823693530976217193394711253190225040156913876592206756355704885462837430500465499112412744929146869910297576678637932556253706056627512549397485120163107881,0,31880169291178633180230999729766563332360799890312348275153247283453843342554346517186276045491609323828199796445052980118137326942317341824553177384323785070067020209815919625069918959230639834060052,0,-33809098938073156331935277950085442651389295302369046960760016840796428177867295264321015424922673760998105801067720216677739787736384078825124956604294728527004151557,0,32767633642904667088149170593677431942189401283896897057872280355720495637174674833330283749363100599590603906506599258524032537614575,0,-21518436066842635673417320103908091853997488378975229231648547560583128322986186234653862461005963316,0,10910117802069731910148825706317266219424660866709025946741435587955,0,-4341630493122188996026226634204966,0,1 # helix4 r=0
1824344359189438607333549988179497499526642579538515823800518004909330198002649721713823296549470166011368191857304097774707214585311610597927701321597892466684021728876575707566186090188549811310774678856343765322353265889295426221664296899611850342481185755614289683327825322071540018097832345187623919590889798832512627425651218935730457929973022707902580145651117747266177055828181,0,281061210929261904466620253347242767395967909892058194209009664899985994273356095125797994626196964421238218738212453993320858741941108263734474035686947131623134653151824235899986647698511751348104762450859682870020629608312287651974133152690780007031425081533794957377826188893487812401593516382359900383584889341380361680183156428749375585680228356144,0,18036974017341465910928512428833493517057805233867813325954368196403392690751905510296688223872073816002281390931162928287229752823391145532112922827951866875917480966347276147030038950220395314871129227931420084664637087010819355504581239449560809482390072264114383299789937221620125988694548993823266042694797947684292577,0,636356466012065560272132411807100031541978320237588929825104406228074054586172307014668262005894211603886762493737827436868229517162140751673059115959407784524688816626066015399016621892975031419746093352505517446052386354251499235473009399299080376550411534445089104246947927178616933211874,0,13814750034858247173169881345818836228544350918293945876152018540607801318719195659030852649978425543289807628214081655094111231430447918620599304433189764108753463224953991774359717328168680532094906036819176140943132759907503430631800835431825277273036054508,0,195049021261545827440229151317830297961464487325581153058083160406270636715317339596832131178529974040157768351573287947258914718094015359034541594098764323845036680284896469995318347536017920249559171198657437874170425183200310,0,1845998686500384137109001367235299144785693286651397615719018435782222325721349586233307058903691336156471182115764165791656226739500577311332163454820833700367593183387544613640300914178108870278,0,11984818468941458596466320232718487404641044363794966010320583862885826008914922492816500017107172614225066002165552149377522456713636986478252438672873802992325532,0,54991583477303837363694853564393873982622143387986069795997164198803030197636037283622165162295499539715997799921206713510713020787,0,185271541902437344591157921361635697491332116275231458656671418420774903505910449028224473453909838,0,475015669236787690675630149390424489314055373914068466668901523079,0,905070423492845033987004817691394,0,1 # helix4 r=0
54142583482443244513552786303176812687992992840341669467145739171829490338252251767681213206134604403016578611547019224231974113604242894842502195318226595201523138252290606650715550559438970105156595777042436860283031767605523974414044150384134329715310338273365268983127379490408668000906277210791081528052974265956001,0,1014427975580911688188306241260614836567910868935057376523524420573132661154889736016422207339579065024395057793716914508676035521867094500982421863268261520061538538199703387393443000233003573567677291813688623104490070218585736449029513651530363364996073390688697717641530823576306214769862268,0,8434102818143526368533495915996291012226985962455394434324611126902914870136666811789894724346433452284586836339787464709573486848460002040325478043612602520704353177459509048723941405976175245591326655174694014023358544375625935280782946961346372243724496984410844259,0,40989032869288659947959548969722524817256830935787974615912143318615254554402838601224592828759049829261011562117920600176721868150445562755870960752219488236929721436305610924357937768698495162258436445254988403588528256196279123257450580060,0,130226633653580417932247912771695509481357867721242534323885452505658537932824807992309265400706200937259272845996612582239750712524103037899285494649605377203338861912580087093431054084396013468557420093874236716830,0,294365802074296416158125467738424000067008290755855444776101436794176013249413611582250600044813902421877214035218433174783160352686953031588377304492580193511205392061259124111948323877036,0,533164079645398933272937433620875817326292000240039924135080305959683412021522897767054131766908981616366892406835425725288223703599693323840118942589593684689167,0,880645210053200071257549831150323803651547159061793310526220602129640410064766800485989334607069387688435783190981867298437953865903084,0,1298884869510314338879941536264705083315258055478017604440838759834057316052705072450491374871497366614075310,0,1486331410163330195496845431634124933266976685282650512964337994425757021234536428,0,1398489356609049638077608884276772067433807336225204979,0,1430837637155750821562724348,0,1 # helix4 r=0
98939817201492715443005069471307921116354770887029975903655401635978527675253522582807168553976317516299353376380883330588147016799604019862859719927245082730874190851318721872117263610766889962477893624622484820463498092507693253373905147065784235467311280585418893901665005787272512385989650986113356495527197378879268749414074681655238896425834891585422200925804067839282174827271175690909212543013943763674861134963646203063769850246635948987255382889042347052344026549271212016562294398081721071321039989751472126745532656455139361518424249454017893298475308303121401818280826183060027271027201728316468436508,0,-801652300004585574571158516103106479896452171349213099563229733700778184601968994304059862600179572024614445262960739669371892264538222901875558695938979435561536086708037488269228241801214588360824302166028877702275985923823941141958229685319013399240654991831713475789132239322942658857779650135060219376874515930684992376307117034739502268963503126020363492168661101689083742691056203377312053189728080009325603306978228680004568174882464495132576951845069980270719575658358372982198630125806278318371396858346356168966238885888580251734578011834626843979997784,0,2980508590478006800986607352860687137837326600442584530831694121674488406242505406451059632419676282082287927636895480426121572525391868366282107793532312666131868283268874871264264902184799758555001131210493572838772486057942899390854065987981084166906175852442666643280957673704854636994290924046097258047359741883375519798841716832140754899871779481213974591792456534315521742349226239180417869208157011005005023147299859364070026527602432580814512298828224292362550576877350396005510949914903285130193434248954,0,-6723822809595329791333931259360591429837212536261390614807853429236300425042835440592497693334614577263228691293235491534255104912595354894717492758857644463775658330242316592828139452831493816956033439091393081386389459158983687939800231749012030137883239543773863008076427700965178452506791452893800739423365567914764696609492943646105435741543606279687920887570140648551013687513529102728382760220799728961462491595804586989559707193103019183568937886499337998,0,10251401065481192288474512392876915390392347083209914644401954317421431752627686506166208218043710565933693813196634769706951724781354776360532570422230910229151301523639411278515657698583263214831671833641679824551432019366003967190117818613217792721664657554285000962237233175630151604286949820278552267192342058927344044321066669505879497769649277984174568863018945842506582390752954946641977652947752022879669,0,-11130193694346734918081114735101559673079142386585581693298696831624348517672102336093823709806883033043770201380464031382356282859109712816058026055602763042357846671804668022502122669154876679263800812256555228631938752129717626694275917443629244462968675640736445715621321289360420688620223505593512486947846616519529060141594232038913386319835027889158559542,0,8826472371897946842595264615384137425334442313741226290776536225777070891825648541334493743458255441853474758361227354285320745579115365466753880565171116209077981647500882389640127356313692331853056617136253598397973500502823318218180515431489520745273325021294449587364208495844413391995559043928066391543830,0,-5153198248926639991795575652413824267420151657583583434141244304198243914780617457074144408824732740787234580910604686137274949461500014195914344110844811312110830661231878343112639315437311660892892792276394362688817651050525909007405545455534885664593367780,0,2199281467986278964305033210793391564722910232290239361838883534609497014936025245412564211546440144754221406421299127960406949050085927801152969216043298125012112994101130327637606506009850643266919241768109,0,-669447401664265327760289268652376922563404839678280235307827121333812753888462747332581931364703056815226704828811819047618873086219181481475851383499390762,0,138026947857869029250047893229108014401546490633284597241502045655567981724296296958695550916404950374606,0,-17315791713198545783410286899905973511677290357573990,0,1 # helix4 r=0
7482361396492092031715277367874666725081210449425508871216051037857417052839877346785306210079119860574322036098905301123262944354609861026084820393366738799687345690413357924053449601501384014860948515551913326319969701164942338096940960829044510670678374521650239336356289763809184146908406298542436138862085552388609687777629608904244110046644579948695269106742115190324728952860191770910311610669136373799318929926438101376544837260903013360762204840137956354294290129639998462892656718808193400359469690621429274226001551974811276525215615389613164012264440386482620094965734196430392657822437581183550862648072618781708373293893713755048655077400010887721683944972631925865627398673781261479993399077363,0,-325989956100761696231208755417520433598760162168964781408909877017977256186609051132470969202096617177885768671204038229250786449813444134381107928907097095094825306894144316782598955804220815849797888802384961836096346270176896835294054681918698292631847651535516461898874973926582297498938922688739480557534154790612829119314491034294447807104172075307805975923912522456963099103754168366266276627757666379555313674472941799845971257035237280506162969667544440302005677457727664702112821704948135294667535564436887275436731359724315432445829362304826855544921052491174822319583557418018135855159702482894154383681899340554065300197229193715529868798,0,5485172693329280542992836358359029548863303977426530992890242585007406608014115156168191030037992659147595242435396734753107568000329989757471305376737750865477511835027276779843262841634930716517448409115587395016535624069577382842066535987091797862648939170669062362747949003363219049621672475898390069008122756639050561836738685581645675040299695512539011468270018003855664809710040540598381758048571542979658454145090881147939895307601031470993275214664299604667813216204671916177466264289745473028176135060225765162912702723692668436742012452671826010472025377161544041170410765185881789,0,-24681015847823473017692445983349637988000215566479118505718761896178457569304465948225346116672483156477461265129556965829496371641307108395779745053420888547856875453137260026871788459003537358202601188029095095639150943096759638054949838768032446140999038761836570290554516632487797182157459131688124370586315749250021316721686131084416861943276193913378289258202099020131030688095990647757393325971016959658576839108553106034880061606543450198398458464020110100556342346002769891178461652189973159998034304510614446257057567553876,0,-522755952141433896855170376792972656969650979449134169182396581036433045410398324878459632778878336089045877974156227191950305555060284152606792807971064923506421254519290908164326648186325004660305420256549365537044498717136806694966930934618882917248638961953491708510620816117788292629367063404856438609541414477219856257999585925675889030195866280786130399017684236163311611069536167365779832502038200753863815843458281593673679822823014993001184305236821507325353246387,0,7968825766541607856984975601819660540718237581261302001603619275070860670516127400621791141295333035084303300157072483473443711437501261836885043410918423238128588812724650884890435857685883027971351087351641038417112522279502062197909041887033349585781032175531893333310174991343708675283913849089637695843230368144710041475203057973569120078531254640076218142966566762866815437930464875809362897030444827466317886,0,3841631718067384128338913588295957884046775614408561341941882388665552055177117179757656788961073069480259029595547264280763700562574892354557823689511337013089512169033713068955715339491329087071013236235045005798213207879795180371144181572237407688381282963195206777493502605298477725250563812584260413080077431297205869331286103304348154449393981664564,0,-1210978699759211412822088502260857267527005620524021110718441154088963237465616687796676993536650178370805032214988231938482899499320280998649388457429241605211616446568627606664946560923465094222160811256921044409255156539728821110786221279894149197274699936443602664594021806224299131649703080382,0,15821596129350024210885373088431695443971570168275320335660201249263908267504669950272994412941299244582751176094812185893145681359418382955532672458857790456218733851904977169982498206433455384358240748941472043132954950350131701437803331,0,-108181423715011785559840556349869316258849408058316709795098684614640379263827353974522781230991345141994779211116771919208458813738176926213072516330165874737258476508836385552634,0,437690756189978274246299917404703945916194968049511308689241258626073844324646044659062306457647720092430499737543540906,0,-998331287366822808858539105024682723705556061288763251073012,0,1 # helix4 r=0
11072715919244623959585629154536590280919213856793712010394105690145789737519338108322760512944023631093966395599073229595784497184727739573722923042419603811437501057179684366789337089200832452664130285185953547329956285411247656969354878903561667774544119078278921973756479536726904568795642249235331614422071420048597630222982320933312208818535871626295383987024360461013881130979018281748076217355234112903761649846695286747897958636936800190809861495271025,0,49249376778221905248803293572298816620990185042466018828945787621459788547544663571943960131934177978138570171049617188239673587812458869835679817086454645269045858444812480956267083200780971099805492535044844611322911121415982720509492479187219473333556618647098458906055844097939351288215185482419822444691239881115688356759472462118147724960562916812314091395156973499974785078608961229796199288914882722011331437150980,0,-5932953928590275214164394148404208382595713616261248910010064556238781752991133526423022484852800869259133595316186541799232837196510681544957509087038581266963266114231588341752037769913110633949907598168336946394343988230419900896779389679987189172716114056100869678079091159623327128397414587990347748213207012998519001106079366464916649531780648869749035552908439581909461542770948,0,27979572050369672296142314668413874718720987905402241219326277163072995230423420929526283613923380482649934222233672185017952155389421752532260658553894654643179439899092780765327688485602631454468605557245911505217953909503959195153510363502852081076198928990245635949656704948441807194463106360122491437452766478750169646460182304547301134329460,0,581867553857150253322096825012252964910015095094737204166774198939068344172495291934193045928882620082153826795282064297897777543720643348833648186348990781464831621765351819927874358763126300921507260841142954305620510521450256419326804463534751479234909930277043380259440963124227256258768031199606828409848,0,-38557548443403471846542680839774657263539608314320974598041115745945934553702543921680308369520753884317107678265743950034876175111866959385498035770477703574079808771798561235262163365547843096368334963689955553046636837010280458001277976057650152207653633176256693613948,0,1704934297303799549970820962553423958108968288875024895900109086484551842033713646156554789436659731096754661391694854375373568160038793101639417808743835580010274345817654748107934077936618666924093804796719430494546564400216261791598,0,2536326332851926052660342622444479751481200081335235437356417728109611403646917480774188658015185185682711389863293951835594185364761381024630231780401138188357033220427485325642341584540154639140,0,-2753165316197668610974009202046488693298673751597855255120597805427467334762482291531051940201438475849593374538675765187065561722915914179083170076973423656,0,-4294261283785264532327453398595598663490118358228390628721545265262927717905910603848750150897953471650624753146876364,0,4174375916149056213744531410072605215471235487707771590142498387065862956060348,0,-1797233834163326630022248773024968380028,0,1 # helix4 r=0
15037271479291113194246804976150228636107937576706736184220313874722651022535838930289765227086476642447637205720273519954670884397373031169771245860589281427033099213537688446950024181986137454785148314152331534341541227608930686209703345622563623856855493952307185915092773775396116464585707647194557847937894922744441431945715233672454011089560737327597184307792770974061600675522093204368009128710731217876850589470859631023836923032092833608269264227637804164108952792029693979535543699130782336689224426940954488612909001742957311619834556795545929023388573465345920411789034960837090361182593926489436392747756606042731708197532674111536997601869411075877489989061933491589920562531490203281480243617956792596775204286068753658037740519208400006467779164452800905270320559868561461293988503908,0,71925354318712155052762328393715839709233888071535571002139723567411340556782617679935409875643831877865090707695354524001146918560533875066975162627137568985146050373488223563951757880999624465550051099236762952095128245709911992989275931322393018701053379434850515982585216575325325607574190763625284181848600511209783951752775716520443682717651021549629328193616820615238647916956058051984947257881911026529159000553337937853463200588834831982928952015057080880430473582445853636995221185868125431964819378097472399051957492414845601037992655746567916574428648946862558886042861826095944211269313805482030274063044155078462388951402235475922597226506920681333671292344560329431954651482045462376891794699100244762245289946227444776,0,132788331389421692831469702641241076764103799008845055834858721757543235286730165461267551537615944336355946114540376912572667067926482538142748865348228577191834927535405003179975546875326346965709648685226378806058756488792368064400977304756733242901212100174282589335849395954241703564071509812388279969522223048610377743082256891162236839033293816558679694214289487265771558708413062671673310382416642887385898731624652828814370616079926008443062124939262557056741325131699386132497737046037906390837425423444021047486343540948252068738838849320908639693755101371897434123841722582374739339984710351783304637968896897497165391689884519046263531725929947255513398726,0,120222669918345971637499038945287458792996716060858030997812669229234962650910020088519701306114340197153400792605246386066772652399379487596582404361976017254061235064199932746689123776827281563238858062469367674261057453376895405295339934648605109201848098504108430241729908216558579774846768516801378081645066130207278109868592162765904214343592957149380589468573067452329406935931778341678705392971003625676200286470145905939634492255423724574123672089651930289674819004951484541845679469192756654065846330738827468991415431210060613948436115200462399989326282046647367348784227293368830519797210556,0,66326336911958811186024516330241795152810700048976485217931946211329042133996214845587635962024066346094581552459915661533953781429681572865258439063300849598793985104385483994282395185772011691402726019157959064237486772326663819490366587359585668757655340252802230346647625482602419728875304744790166578770427829222047684736237393109695309616708576643798657232221285059927814458539605872031772379969135914789662971386776053765415892199318369015569609096545284873661866762596810749271579472285417722996125692686277250076561702781639563,0,24785894963562054039577625670934084395842078131597109971156948004202645121146103784207968319529532056151964907582333312531995367048742943878624712919805348799902330003483439801788917974318043903140787422659235484282697249226284342102924559281867185703804734384714460632567422143072859625048525598279275204148983381066564626926787788929806910462568238695532473359176891241706082373821521536293239803380899352385529222472826961697156564353526512735458348931974363112117572,0,6607845953703889506358453347262489067877900500784849672212884289027880992908253771565129695569147310380029382480648024825661380262740471810707143326240848891481195513710295008549411738531424979362197686753398164180252546465254714822765834294171337468612746101115219391345568371896259556392545898792187721966179189462385761890780562481762536449305864905624689939906283272652956699147000475669549380938580,0,1284308566543022513151467470689375253431154660970048827790581187304290217002480249163981186099398829394094725234568661051980546878780128176868418138223292430785662866980152861321904823295470885479257701025642605459165150503357993292362862902637795764292144869143342128089877696137951429610385055188016581609335994933824860908602178940156,0,181970736070444806440545618207062074903165074658250473623830077225020912134920000951686617362860473189305539410419489166113259361356956927846299713097670503344853693524344731195900692413878155717069812493249448716444071001212355064694330206500741893174980891974255671103,0,18393050169542569934058145581584211935453798283549446558762590351556027576221618586971016014967934538574272043358908286781776060383276492873520273936472793836676762471073460868208188264915034055444092084,0,1259756140709235710392595980147356663830405723168696286009841707334553921765355140888736568426280095429066591051426630891313312370274686,0,52426862631441721904834696532162693490407654794309650414782740366292,0,1 # helix4 r=0
241186442402603561891993104752666851449945151417024035977865044772095479743302328957212341951306339109737929911283107996397299395080948601083930334559002357353344326234828010055202679515963554079908117096370453492311141486162174789295834428087995853396387973885246108509474778885827605408309503864409159480469585497149157172767498667831493768343246789590176612399297296100214158537724274791384099324689216956382234407818382467803145713249430251587734962599439044710700472429360441937801762726739519008259941740395154446474097478769370828744563129700423348394530435847883613004737490884318315871123194198636178704757381268754288230989654638500516728901164047055978496,0,87548590638036103360661190794761931537373449697820739186962448996310782010041612202762771913566696010444974180579132631791909542369949622801320157183933581062497562876696932224485562581854965830242277054949327911847883045757545245934389547902869115097873717278911170477822156086545200777273551763525125436480402438159640228296902695144919027900454831966276908652947948986589212625718690904214532304578935721130664497684848996686154289242502421375904826564224380978700419921693417997728962532676997517659764450177425825593985063174992864302382995038520781637572690412667862909723185258336347747778132034426241024,0,13162340245178196497920854854449988209704296220930029955262367361432559282045177962731066899915860615032113376435794969140413454201496390348251877175153477916698382550650420218609183154747178768012255388935962101154027355775553276316624759654158357429750399324389290440383892223441378512802335973823386388497672151748953946181350542871570493234447120500190893147238971988854790798980731614743832114538820029189195155533351338861204904333315611284224968143405593976737919511472656096998617137895143849646309933361596148860764836115426881619774663442699386880,0,1051825828714375103066140901203525197661381372555982270458711398935268465272793410761169611408463486727683593081740824821764587795361785569149189975190481793068342296030003053042593932593457561861366488967630628496199293409842990803744465012880406689767873598111066631517427407464602728724235504471150820130452970705023343922908613799200562504202651112219377625370411923514924914139410274084466716060711506984003972745475746921129429071046532192155163242203705414631292422502400053725639284131668951040,0,46304806174506955307631483417664370821895306192336682842784946187361685792095633730527059573098423437503369840652290683175239713244855190637268925158127761645617039147830049852487702535110932347512834541561970364385598040963551740540961006601417488779812461618618847234897931600094607314824764958851668314830064765892507895397192128916727021553928607121407970213578075552887011490939082561808971935246778926455938929499052455644882635420449374208,0,881469105091109868341837847296791478030901026052669355864530433906281228412618736428871709215216414913081929070889522323071577023399100881732055263051738514931168478447143909417473841890994304988444227278393016304607415959190145195476414319140010062979283205965117116656697246457709109020403424826347398739826739019882299520818223124430572688127433755510846547782922720972304995218423283712,0,-14222895214503629666339527643453819622541037540761001566085160799507791537772187320960449103785698811634190561297719731874612498868240584954977680828387841332100969420935472682856412879386439727413551033022083640514247480898923998884233206990431219925191810326331708701557513746676963182308136984029709209966185130777211876925142728704,0,-1217987970788869990380904491268546592916451836399540177445599293110951713639805674606366111273628081108241365129126580968910031719894788054268615063364373676951559211793851925060746263453278836831134434170462304746634213744066665927826995820053408064855627380258038202525814882304,0,-24073624319350323094622112464904844393561163972618060165294611508884330630487500268689419847063560734089768946797117387575175655105668237564447940724611903864780339163899043946240675471237453996792692075522232655064877498368,0,96646772090041346723239705617449391727511261566771585779953285587638928104519999378621251148867564839233583383382102287231621498175746022868199602288814172030436900864,0,12048528000918023709042258544189206135342233505937046510291546103524192908279198578841258134081616200343480172544,0,189370099835760478950220383581380746138998351239808286720,0,1 # helix4 r=0
87221085182288106011621661963437930463894235785400747736142213581800710739859492152808576956767600214042677195202527803227824962681934105459671558142060516280278006096385679563591612512674113419750203200759504134308936494298978644094554930165401826862132768061702883471167565598360391383168379992848691343155182311845101590143101,0,399452611491706659218692967111149346261632564930576763621527331119351585757246518433345304049929375019004237416875481758773524246489203684788910074239859090499446941500924683528954358267064191714216516007716962763795597809168993702461175505106401009206814679199333264426793584735941548472887509910406980,0,869909392131600726286919483920839735460824089806957289691350107040468530396557564292536692690442204567477706665778878560627864734708224815698539662534695531251832406687511873705207338710076859428403228145384454737102639773983422573551865400818941509353478912578588877792358918,0,1159776173218257508077496550284988986700739124219439964257022347128367877545489736939189610651545992837058253246255230870461775641116158107612082771648232634942423282145335034168324966198007624229050940578892855027662396421080521410060893207501321318,0,1040203374277124340635030332637274502929038048787898022178862049402834916619256579804842632309373300365756128481152839224669006631998270878364304927705675114512983235756295604172912334304539123334539036571055307285569453897,0,657787701599036990366045068854728652672500504881870840955705157720075333565671135705872129847628393761272334404516241778077370133277798445228001910242643117816107742774637881194941086782586238800,0,300477530771078083931359404967848703463346121542151750492177106627684888285178845902242434373941460492115471513036852434463412251882673314401429878083746398407945924223,0,99990077631614052112608129364327554481008793138854308110033228666576864496130933654394957558922605307419987233438384352945115645793462571170,0,24083741183241858766890454317076726993163242307788823275297890755608328014034810417852823073196547475315744603200,0,4097392669996980969381819094820928517135654544772006052036005188023176221707364384558,0,467305722965130908389348107139668678500023084936555648425,0,32050941893364391000941540078,0,1 # helix4 r=0
800489908764091897123021973675130752534537071704337176696510383184414577938128932783402336333602062305840782224308110571042787134078855900229473522525037260184701871802905366744447211479795979964591173084823968418283232273808906351486660574384295549453913604454179046627666484010699026821005760794904030458419587568064716052579225764051322812696893390212332444187893302588006717829149686807028454902789422302175169692423246357423385247862377543817821743350339793668360863942578700143393486036680665122980541743218679875714210832060999991,0,-10531189531323015994680145555441383384650748097481109978707130440900837496428638089632191827363958081342750325048062473436085097427480056209342344949186758779709118267472079035615223457278039372727587839974427976276125567424136339481325444313959122167552681566832031751860664176349143170898327418983231613474326845403535835431814761988813228511408522422341730140886816675788164705946276003803039088589974161974830320358620498154724084921110758935169449987113200368646573104132388001279134577122,0,65650284630587974415292453842038101685354169710389168562260316052032591110200647739714142024445240523096348062910573269259227198613728319739170953395137435131737018478888733654161444361631012941747770245013243482209562586368901226894196425646028755550667132352824591017623943409275003551839950331154687558932462941904393578081429371361253337246504766245076100507780442330963164845297022786559235129236144955076761641417769254063652692411120654820887,0,-269709404806039450128172514232707536494599300972666671277958093401367220727929864492150563408013160596372969203927429576438042741461347804501483761157161718486030619401970336729164026033740598000251644149225122442252059204685441075987785547203102072461003304597658234761783795469734165817147574679323198940306855897826719506823273184320445141185804339720935221828772211802988142616596140810312595649389430,0,862332413585530915978632887088716954638970321675727867579992497993415261504283612589245356571232272939844999683723926277886614946010910795064771530942367527083189582734149437156408966076576990708391766613745978946048993622588154999733319635275972367941606101440627511640592658459342191534599266167710669676182545044024196486908388798481044072332652564612836652,0,-2323346221194828896951338483045324189007003981624134135476122432795543718467275322707476441264979687527178208435634310274943313762082865737870598136832126989205213824237608517769249228297401954677204840292663656268191650520561976006886121778457607896480658691657725433425209761641168544224874240488706222982702003088,0,5263519953714736509230694137078334440026332658033870104977365723934339330724471274684119748078160367442001931216640372526125173910879948755055673508034617575897041966401206589834214345521041916960996124944421438268874638851861102124006093174427179782257343511215667777808,0,-9598710659123087747692301353029392981708643656956749518142100210459756524894787882059024418587886381065544781352127580243049454166278013733975936485596357809203939259830940414510987828102093077674874226363208291109029554945000,0,13470750997064310425641622277207323430943732986414684368531588298678436709170644492911495960670854302010379599424339630335735838723851608965500264200736912521953492854386705188450786,0,-13966151090275321848507836244835191806180754765133711435926271874168416972714565544434055074551960886803869075997858368596804319838665474,0,10128261608027521944396791801067804981421739255227360590207754407365098550096081009331077136,0,-4618169147739013904346718477988005586845282368,0,1 # helix4 r=0
70320291092595368801112119901698661588165990016051449699477781085212773831383157150740344170364243019618012306523601400555964094080131798789579716751637960283189590658843844661415477995310978383856828913527400095474037444334379327292170328195136045712363342333948743127475730969624726888326767573994944414807297691643395011145173429693537778130120148107518740288920169583283981194334367429530139237347480599177972840157543174862822353500298685731547658746823244990577496997942308769378939394458304506440686630418911513615455549942207828242619748984987753545113716459303245099158939463210791953370535400436903972209989888142445124685764312744140625,0,-461840793142680139197397134990348478697271339592788231494353419265049150793045213173277747772970090481717912622724535082771941690818366147539310218393570000791238382641087963407891736334926533636118799419441698118441635652948267719983030201098498466766939248201569438357009713995804084846276960897180661409477491792134557007529265671050141379591189783042180042500277857267641865916436806065661480538960185545254189045260034320662318809006935224494697598513207348724071372370727250207128828381224680808716651385048373771355101030394997707168097003205091410915628102884511463344097137451171875000,0,1390702281974217511354531864945760380899015560244461007195497991918853065891273815421895416093709439412690747740194967543988646143464245223234521763058386921091119794414734565546207751016657357604491791449060464177349261475917805657762782317063362163253053199964955546994035961681183408275824379830210297116214452077499237656584327438140266427764129667946750030347982893669798799557351918696180729036236930202532981726425107924358229796202324428529151885290881989958722955826548809670511864374170627606241978924117574933916330337524414062500,0,-3357372325862598716891286813355888549247514509460421488224817095386674646587793301446535146863529407629432671572247416931138381942243879684620825175369675334505794402299202362441012153193926018622527602670436779563452603960443376529229865189119146661380877139949990959774382575414888464775506355941823594450291050922810871572574356957472834070768439885293054653917857064321504928786107041029755711917797606190356263150213617906589305473470208167341422011986651341430842876434326171875000,0,7670859797655251123793679539457908894774424081106019211310307567522519679043688772049894371028980107703008461211389099571108503596568064507339726691383319389216838867977832721086703699188140767392359428667330588023940803775606669598083632265739922019195957672772848520639584331069392685516925783814901049300317033094768603628700602574256445447431471028220117536814303809430978110781011210109539555368485252984100952744483947753906250,0,-13737994794679009673375117267502707623122278045249562179371473307233031566778411064974301504396392710751493289739210895826734833144831779632644361183062811141464554051169212343787115888494026815749003549843589438599823241301777852258623149072170767585721225795238380780735480034159187220440883619662581600376960636809675599243161284960124818299576077151868958026170730590820312500,0,18918297154527974282477135636245949838077114978042844118909903982714270042127342968656475965944890227674217851097237800510140609673811596912810338351569899980840494089103527984210338907670113448205010015448551608727957336876888301285283789925727269065752701744341287539190339154034558796779741385307715972885489463806152343750,0,-21839997353895238824582590526007020935777187399071566238832345884914597071576773933733717107723918925201641212441811710206023985943453282122132766698050894369476065045421453788962879319078599602018731291136395055101147109917058154043845163982950907666236162185668945312500,0,20897453111664474820041577669399582620638051055151402716437818982192714110221395888685082402036393546309185877780246733071717391218947731860078482666761438717632613560920996215175549082232464570552110671997070312500000,0,-15428918317765494213255890087639115774502473122284328455427647507927290766284773315340511807636770496979569919454399048661108473368130944436416029930114746093750000,0,9182094033401299084152370180514997809196658059877049123668412241488015479440321087167831137776374816894531250,0,-3713834079454734387513941612269263714551925659179687500,0,1 # helix4 r=0
72025308449043490861250949262170111333586520560333621523768772425901455938024203449339614828004415979908416192577556486773506948445926517746658735067177968852845437351722231666116187036897103542636126195013715186268010526287575277038550253534535044672876387889714993410056674006449391224064383845182087771218501435098462180608007668502376615412495522698195037962590478383415772809752650100950363129327976948787574770940025919210677796962158339430379082924343201411104626868761190341884348483787266172267476655898800665806142398307188836425594150436193051721372287790403250711201419018950318807605242669865719263822741253518576282891576147968,0,3233660615996408470374196443905995751368655403404925841393468722085223057420836642817523132576358162852981693048331587475736658509324854195338831372972632198781815193723327456311340893507455109908267522577697375115209274224817918457146668687573282580572177615782423560822910044625329269054746936992204583458968612254682998023843986476733288020331934064449269132458256386453557962106368652950438567510284245330321641943538354734658867258813946072362612571814384256468795682470234859083562804750975145579444219242545787766006719737340026192425025795869167855899345468492744151993351793541120,0,69220579904021274628315166789384266749346771417518934431727136128500719181946675286975369629149953043429389175980432378664749389161412939849389418676005474885468053210675954465999708473031550551150997290486613893970207235626839139113737686998947761422122125728275476547090157672948756887746467862315926848461474031556968266695024286871074668233335298168826046408720606489495871659138226963675324138382874349639741022610417674671383984384658093666099350547879131769290637271645853569911296755412594471403691277416490905927199067681587200,0,913878239188000864992046163092329111524873903847517336284443305856776084532080752705326317479639582080932974742887480176202662639888213667449995885121355249576338018876630903427507811806549264911768123279386106543285490206265737310743122758764530949526809848872549392214882024330010580878259477578998077760956635902280290045425109961151679859166525778517468164167571388624334856316810116423679388261541475837173743871680349629188154871595882814192170690438596414016160045270078324736,0,8207274496571851971787850075686729407327092111646812538697619056576686548295178518857282882370177802815097631164713908000924837070342171791268880135853401361073708049944347681382405140633962986471155520469955786698111953510175552770671108281069146944510741834151703620812625044678403217274432157747161496578642582978348042171878964028879162691858857869534472337777648999773659785572620125676819567411033864522824540069121746796544,0,52481309442156947711508133343331695627203118396362402090043306156992162162362170866426614163528336818881416397902520261905429561753660066397100763327637542441765142225227117507550834557102210903561422924716493557034426338618220678662328127283704854408317426364250154308295745421867993858702264114553328907472343723434222017447377527458052550064976512555859387207605971188711424,0,244218575218610153262897127336221447447814523888959538634820795359046244684705974654101739034171411380142533799334528962187660358727970448640527606330384010855565699786166881825955402212893043732299791154422649444231600528871564609595095274769768899787557786525806785627369397723915241268375937833055868297165120418057551872,0,830812617900479771995807196524399319258080309452581806461187692214287243835236516607409224229160004869181791347080299093825396697122302343651029593806929279442043487081733089087400335531216089031887665068909935729556605574191683516920561955569836689987283717041055334400,0,2048539682306812638025074864880832167245559512989697788044832800419774754230795316749775724659721339125525549422399555606539870215748879471393770977372045935245901117734167470999482168578740276307293958128462972583936,0,3575500788004899186154507910038200570460092407719366873167202104573388567259777641035518202047814159691786291385562162191465504433812829150623107087016431007563776,0,4204973125490376363365445529433080976898668377053918380486269232422783079328932352530786487969401948879192064,0,3006581877668916070788300404050005712457113466063290368,0,1 # helix4 r=0
100202013793011636299919012294484319677330814225779197393032852204748845992018395360592871900411516614590569796034239859437664730003352804123962387664195466154892974561403590895728318030229259554976331636041754992705757801826706062048518576274051108131595322224950852776655800895518881283344504229668025170782247543654046990754097875416251354996185011352398037444828286237744010826591950496955395128319452746727163413139386224436947099327083281073182201629602666059431230790854976733189729633691095511496909665359329238201764031732826013607944927058689087212109079433112724567453610358431276293443288814563479894636477697707148584349950550294395741835316090375819517177750457785954543970107892006655577756627991129875446528157151717123934956389497596241773004154194669540890012903847926001289728665860889913961734307508627916509948,0,-725119921924347670301062829699413205329362188020728102492375293359627162962212898761819910940941078897315396867066865995753336002996575600915915786762349210997995310849349233199505606346380161863784648519236162077407917597559741964269227821070756593518963831087614873059046889266925362538889311002004693849137505218977464395866678266324075943291451102592056185452488301112203199848679642531006445728683917160710400569298392107738759400888687507052412787033108645834702227458599528189864462338606697828570586151969089582844089621396060440627604923647372009935144549589461920199457221097675742315949378370768379982641488308990509814629201596490681112361111162885220755586349109366843111930513467810146415853684515594762747412629662904994042427675537769361793782436,0,2396348424599812772534935824551586759352320257527431126827970595998982394197062019683690099254570435554761660022888541592156591075278906063077036593085448549312911297943292621979740580995966220726227240211448616424749254809434318722248836123392691258150100759332239611048902487549607923572453824920848730195426040882188861175209853775712945810799932579202126213761782344157401976436637052413456254685075327911479326893652599903796872929910660357382883022910305768462093319992416885803448123984701694854080895091017267888999019508786797549178069767701040217350788729993583730816673425716935694900690940618481350964862501168402569328943550890766621327929200981651983721375879567973251263892699642,0,-4827318923737325993964165154656773876208625523303677920810664292643980086596377437165238343768695389587301184971823904782568007758590190349690441601780325229675003905518147777608381192799677116056183348459211699974448468399270858090755038844246003987861955325161310633646429046185066583217818028967737849714456826007185564360726107282920462032033867081573565098208929389772582457048259364118286892103459809651124102277783175337369352514509495136663567699263241324570571672072265769029824714492506311912906174317585932895858769188517128700108705200925294507673029827077619901085112827042631272789010541668764206992762031247628,0,6672237822148024167211136053296999288625123312745504984487847280111591510255146515911104571533673106664695398700638635657065906141515046057984181080891529157592000623210109388405888481064103820127791810652164484132540384471372425675119684071301982738062505088259151485431679657765119722659261251019115726064941309864429371249412308039325152600242438833910294471562073083645269803133388940545877978341466114189449477756368415785060443018491773031318518126945199330660398643503660956729481316034182734392575940477058613049008402761757841363240601440583245643,0,-6729533500342289248693901642178644668696938726475953316731134902673942536268542521050300068848758465496991586723235019606394295668800163618324595557369097421024628799727432906013996281109620695705743556247109547354238432884445368191622298939941277314035665980017114076840230482848483130926361369082331492593171234245456834957723160162673494000892988658559283202718025807409806570332301748045999510178633702096871239478426983317492976306706024020632916482200549271956529842466395517071320,0,5114936554601547706406717209571667189806916802198170864658728348783034123106850751979542887486764762518114008338365782210773305785138787407735822471573180036508059807982527463603212749111891898349881051802623114907497480657388653218229653501108780507268107556380895076379136144857200685797847727752183323089471594020038743844671696702713398226625379251717208164659017374506009982905419586054874510703254738532625139664,0,-2966295833358094968147482569844386770221450932908238406828957488865191316277263928694637281750834485029907664849063001705704251303787811348010862333411156499279116327555482429873181292801936986877237195525623101048747590404762519199650053737081826602181767693768238316628960579580948734123342986769330695913938440180816480367450047449172397935505956,0,1306688511039052672655360094293451841640677122556682847178587592031557111126162728707576709938821144888268537213094267235479043511727400283112964926612147706193248346619600989761741349021211815897973550292091772291363528542060566305725188953943139621518303848919311117624605921171,0,-427187648461752348705964604049989082263036854332461877350494956778085593859042921701147879014645857414044057697576527822527328067939215078547514592877861040754103425355242069825468793878227205187618685796211776,0,98448824410897776710023872144027970041157667206934534906506393757348352938751195838688796676144342100968609899543636758613303732287533050906,0,-14353732103749963080931056051019141755226454717581067441075140392665784,0,1 # helix4 r=0
360452937738329037232241421658856801244000576657291665460616035443846900759564423782931763658516665569603822031025568312746684729833596708933665574942011417595210123682712656705174911724265909891500888821741573064308106841206927,0,231953380722446812714515501988095955610854635415502043343556141836439733897131809590631648261336843794927043380195538512884930836505160280104730462202605388293132652301593498361951571096754039854904283065335404,0,61907064945125618082564266254923377696390175653667343001339365151504307692680592976768312301726436819422900060943692305166319398630074360695085028400731228267112237892689721448816361649108210,0,-77177886323578288251103107400638239857209648611460680483034577050332569149933252849833216214375814980751523015469544599750892571504422789259195879522589012979742360849787705,0,23070543316554272822684597205950302200507507948018889166083297135336139870033503726498977263028168322795552345216885901586226631759654013254627282591361285,0,-4012536067009030855683565624025609362494039214123812550498167925659586034618392242411864877094282985896834912426020577569922385982738812,0,494584205386561940135735009415524120695813734398426854946922396615856794706211506388739939858186025342940270627948478,0,-45834052994939820388316272674871603153747901229693084644267423012642434056090822130353233226612264,0,3168178064221996785354714851051802891101123786699040050780389492467304613736996,0,-157155065469464497345619096104069660788934953204452254297749,0,5263046866080835096187979994827819542277,0,-106727855620648737909,0,1 # helix4 r=0
3172697929939744785721686168101214425267928599481014058074508406136890162763859584278182928811475126020366570683083232658815956037085309611321479867807208614956962904567840558234651198933936250775973053551756198055025072084874920250913104098221423745496423066882935027809629731628048501273556281741761283576613454554043419649730531061084865271104995875021510315965681642659556204252973831935519050373202387098292263741457728817128164277416708040769326697438826120950627394698893952654495523540259994119184369288150476159031618514039249202215072694572087124545793591595456578889610091455395313602235341635158437468073657355876165108445811787177525854911252999343069449483991256270205654146964585014798528265880493068002525184,0,-4049090817606378274435603020062907544663341330556555594392728781954365213840515635190692863841961642112090095904693684147249836357575872292062317388089949318718345915475877812377096494582992314119001156837287870664391924686938133282651595642402817571276850922265423626886217852859334000336581322513040612532434996268421521536075924111408148052730322989769289089991334065772902088261451250407051649625997778052481608975868487722012849151435892221101408211407545558906115374675764793405790685067865095386634294622958525096594659776872891756892306444249835248920327321386300356444118107824965724753421679659127685586806543953317543545271488877869987956429767481229312,0,1970696390652890337247192591052561901737245274850895313204067629259630281356478952524049741928336957654359883877281626042822549027479590857449079302606268077159283327073202760462996120488224217645598759068559305068153933479811365360234823144086419759226042502345537180524740219162838385365656780602459967055920390985675636340888279416284854198245730124130243079797796860457840608293616008249081672829459788498968215760700488789879003216781646603348536258674963392864926207943268085204161226645984400757662131359967931051295833836688680434058708448182630374198220648006517506489385845015615327451412955136,0,-6618117635636246531953626941356694470064052890527307522041114866369901456450831990131630576030253463560700602197773500834942114575083803632265452790073733767292828010125069548545546117768717834648972229607789543373642429124941263073916852621821085593169965861312796534006432062267677847144487228265666470662847666004132535311925376363361984721132661161094363889304180487268172327648655412166502781696293071904244265926672121123011729783821012940157004864222401218445862697849204028198637483245255394684456978559011420222095512698285810065080320,0,4888836889549859757403329128754388922102248856622508676639683244564369717951620149723546116131806462563570644233722956690331340105704605480758392355304121597724727156294300392492672277177259498916556781737138585041526463001290418980717997656224383902996602650434102782312069390020021470160609582671340897181839681631709110024550203511035784386589894789651962561221761792350699217497536290478877530584414265445533049890389362139147250758702555491296267509529175400238338244217241862144,0,-1277062438239708584598962912689629355939158802607473812274523429282880413276540722044736826166324301732773198269675477205707809585445514717387093132979471475875283806653486646901611990735354997946060326453599424317699399755162804517842526406291675858119617441750554100426806446812052666235660903989189627271506070434461456611408406332541800612267168236262386425015826514109838794137311641838397739197019377021833548304220160,0,5543472483691560048212196756115511070058273322252504162343978085641997139879277288324137610492487929573586917394512234614136241764013931774599982075965520538078402592725316524525350515970268658596271296963393257124086966275883509179485429131447306573740199738154113274074293087032858577795579503612428818178969606201095474250661968266152748219359410688243779239936,0,-1375292906749417031786183474513121515184449711521442375112826745918093100317027113845739346946257793003198794787684101342364287554623267242610787624811949552300625420744128368637780843791306823521808555451392155998135559341965678739192713917292610817388040753801666849160110317098961123032074452612415488,0,300266446349049296791075030125696552466449797464254682360275812027980393985737513854738589275115650568470316310882213192018382400947398326718885207506057380813350807920471374620162084643069115076769972694434569521130487048830475717295919333376,0,114736413710190956373662756961130065119454828506816707349310064396692094725340275191293611170278079664756006793826153499583824081241655695584367333268220685216830644565980170921443328,0,4033712812799985445966154685317286274751433992923851194549415250630299273558726655166989975715646719066621473137377673216,0,6209477027060342084037392290521415511724683878391550490705920,0,1 # helix4 r=0
108880351698324902730193082432934429363561998259323819171839836992467617838292872057200454995605929363360092389126609831677601118042486875440082883725219858640389804177846316377498732643762324876358048387168324759135456360084214271063654264958584075245621848902910116482501959273921864229335890321491212888147856446559135540855260674560625867606045546213959883750392266760504530163778261946619216533,0,791637366135495924791359596349005313708906402943218016770135369499297230417855734863017314076904802252726117809664107485734055661841856653957531578134653875946766217607356168512179865840162067604309995598732260096157633194244535446360530761552604147193362918247959855494720964967015918809195584758195852425905418741766312354016281401897333948731854752777359584032646,0,2675276770008532092732568797842916378673404401656180277675032502525802468466175870728976143337334773536466063373194356467320306106357914965636412720773123973899535830682369382141736328075239196872039537220906288554723738428499327164436834102834498309622954331950261233252806345296931686362416603556212031784636784315058007271578920860,0,5494614766246057585204395977217998258682359638210662187378079443242133989972634911536152422731849369965844480433671252705152732766644415167211501282404135664673976515898785326733587650722146157093723917311238121765427734188023835239713603807720457277879593594070213186203834215937035023265726415252689,0,7690004888336083179017614121207201297560326612598711670062665660196983925241979414125075165747109724201764099051363502213185921752028908724946654294895597781819072135839741823961571646407367810032057370680917542130646536921753326571776896391148901294996070074615845584,0,7824413794116367109286651853610349277951433742059498371458609336642319661494345147612231843399067827901547053221454329049694493473029530951409361953601023951182636729987635578741735453767137264014973531430420129040976563790948728919324,0,6002873698584417552733724047279086875905361321868826557346912619435286078030349687570148645311042813937043951512225038246736103867760192773266911985732514078103859065958863084986939242522388692140468508,0,3518700353376535942605835300783901647096931911059841721953286157013719951571044969772320571460905556575123584969604601277010726630083629252894982976770620841527074707141,0,1561549543884660442324873597553250583111390597024666191578292470652027211218239648979752655774805225602097662860996315470376627894991471,0,508107479966854363087610691099430226304104436141116716967242883991141076717766121874456146146378924031,0,114033536486942676354859596249586915543403489768519916815654906253273,0,15718210884525852169556248237218816,0,1 # helix4 r=0
2468908986173776227808089672281692236240545504280127534932168088588613042446684808809920329501420073214183872958715340001773391081536,0,-13506320602059172263021473869136796075706412900987965034939897989397833838268287418790851011308899071819260281047338478976,0,375187215302045314286658109055937973662963121673310388960854308702856584164039525786112826153190863653117138688,0,1178314232371731682326410317684640596135150020549056008965188452286329887801865864476491071311472992,0,11131756690514181886522433954099943423801682100306316338838332749074262844511566300251200,0,164764258791802837254755551643476087446838031660485807293974759860722001573344,0,3991936414576833141657765827914199119850216451861543983839527851328,0,-100756461977874517749072785953362407562128921991882188304,0,1222345910078851972337185345767703641301607376,0,-12072832312148473896056997397911996,0,78781672174688898630480,0,-376572715308,0,1 # helix4 r=0
606223271385726801324819976423988146493968894451368395585233484813086500107771660512553780083699782527909209385420923828866824431622727073834633676469287071580436640991340890127896187184313246489240333992553521516037650656215581527862045309990192790992942926237350677575617575354002338253769697685478608041952364107740505282796390963294050346910069038131041452288627624511718750000,0,-369290760838317609877440426662125384037446373302427325124694237691404020801159870131016978878700240289419169108253001683501998251647187545969507133727302831411725054888005755530183822445413746971358745205037088239359606376747757574132072562950391596613705061849004796789789925205464747599562377842530153907070478158658488609944470226764678955078125000,0,101104990058350248045806315883573702335908686202131448486453047199845290776822797420528019361410842621302406265542726548122906713161446651544727076419678780869488032811656486935732769173018685767090097398148473539832408645274726376081546730424289441775769462884500360710246448688043319208418324706144630908966064453125000,0,-16373011265391379128486349181879970556674547964872584401435788554566781032630262373410638320160626455085986451126449881079352748451709524707384572819464318494511859808104568426423068058496767023264364004352145928673874944435341331472719541832608163012263702285054023377597332000732421875000,0,1736028703987250760946954142887321142851554069544427097904373739830438987600039258721277809768016049852963942983265116158777221323122638179863485409393572011402908236756618608162266340040400310426857111510352726216669348724419563723131432197988033294677734375,0,-125892383136349659570446056356186064170220629829369860743822863365890312347882683986536289965140313879560886275480593442466764486779183557852385544193420413582513033495075663858116829345312748245078182662837207317352294921875000,0,6322282923905442504412083780247006557854554779155458513947227344409303003923783644491759081914848349629067085924265941425337818342587112577545400879161356134938731798911248915828764438629150390625,0,-217103377507726900041218138466703967577240566297447186302843844625069647095800828896116094512562476963731087293359075927239379422140075348579557612538337707519531250,0,4879385018741564706519308229434596377113765076761643382548899602134764762904058029432204004333106794888408330734819173812866210937500,0,-64851370948716344631952958634646168509953769255781285725396059782532631743379170075058937072753906250,0,388267281002067761340692977727051538039404476876370608806610107421875,0,-25780926443170756101608276367187500,0,1 # helix4 r=0
3729063684704987272208600581786007086956457588337506186214398861576710024131201834893115385251679034909788052262814093104289747108812467393688879683525943112722252941836444313188323078194847955706718623581575485341460014213149566110255587891978748802096705115479699134351370975305430443769830684066601821978309421764336416701408334930909150818588308499802175652232804999031664299794191778906579446470139013298436098540096998194415546596659392411825516176882173085407757593957850044331080799470829154281593538622072379397440288238643762072055407002789075120697751164320801563144387456607729815154505934976992628908398043719613680570090104617815738376636989906003511688003796101405068544,0,10333399323719192250264770550450633910260776056307799277232977557171776274447479011018765869092186351237247366748615758997780959421283442261584727413566430085162327080610816329400610284482544885273135513763230226324775790698371726038768332683864436213318733537281409574790451578686291789113011772768859942743914790007085321456655032742667757319099713071738346809891638259904963914273694897990022254988217267387300792256156255146852691947326012919671982910432696311659321902898577888504585587360643540393234546894468119438737591946015717611302353773552898077888136761475927201550870553512913564410484236714440738717281521500225792,0,-20371259763892991535029785360062069588692508067939716999202669343436711971283970972501729126876929667137476081590838533846322630216865248055512864203587599271388021905133686392984166985150042671654199292054421935455498019205877839982522505824914770864747005046473631611452599157482371675221970873313308420821868889380692672298899165349562087928948564747273369938428921735096048130372734142485074262219362604993087122844054491952721949588040963968208067086570047540537043179016402476469809016625540844056026543372081061174669463963607333330973714311541787540157485187784976,0,-35718185237136396646419724905586464640258772637307143606307470737724338968748506541877928419002242743280916517839469416580033752590275233889259714765098792784103662674233411803668274227508563865702335480763613518820275610432564641423420523035253948994050584655051326520680209022733080024998556880420992371056895245885622393227937607765388490848684127850755784133521088522706256883222014543395726227466139767799939972738752787807296266847839344936040446597610348446603209471852813265802799375101809785485207725641448,0,154199383774520278134984715270179175759282571566956537079790593666416979451769931126959375587184160379026933300142696934963390460761717470974888937253914583161242407463933061383875333867226028575252232608939951761488790855320479184509609513182567041127530468084384426485361541337093328469010859215798380739755146272720369331869130259874103256457542924184532899321169408792425095528531116067815660202719452549823986443371465425200896624186322340414086598032789,0,-213681209997318310517401842638348236702076127164084365835182615827345954221234308795377414446453812636675893331763727793200076533930934313495732038811788659392835610695294120497179639966389062562387704445867567480278510387159560010739857251614053970867803774864785079834212021671795229222834469185019713389117565024025162311045250472952001458009913688044147414232030070527663529021330612319404155621792,0,168204555638939079654635654049787877838735060165762793057505162690597107307730123252917274299764318129281920773433923371469940387780875463482851816234874050159117943360463116962084695763476569059188755780840658909673826191432871207994232952356753619710608158660642472855202012982162962765478332148612778767366040299934247108331260615705874549122,0,-94153470595492924636124613176474615356191361465352786956912567469384917283408894583487291358191546060221695489693510927010305967414642825996226115403651279024148227212460845726339860708014389157435008933555780978309274296700665757500298464125014415797379762108246779354882270963904213572,0,58282642840645563601283196026101199255920111550366665923846004833090673619601057324330073210691809769344878900795030621389551721928928277723537204177250100856362696287335041800572524414496456291011580982096457587630521021720550747,0,-41933876071388628528253114659775809865916023871481158465728734211300549366235803901020272058257040525524844434544816718654871511229460982714315142829486244935477349222095148,0,23165154209869317479909252056455051449208010172793298905077738571976806657490989651504614150837498226209838627631998,0,-7212206371495382308320508530193978203087140351636017108140,0,1 # helix4 r=0
316412828476951614929054086510716034368918782560348386600026449667330189233630975372424332830181940641355607403696894803304734298404468790944256762421600955127763865302003737130889275270016719971089583216787107905347852004500087256566366444712246875686755884327068580449845441836249265265324537580525330079644352661036696931985569767328368639735959763764297372715502922515253844045399219958928031282502834855245991509169394479625429116654652578129277620765310253711656224569998066079763088595491839243088442477648762177784501231471062753753221270223742108868080617004347337877615855722985573476687190554125244155499645242291636221392739901219027014709707499707801,0,-187995566072311672468996008493015125917007443583201426287668006229876879285736303852311733464626529923874851805336863290957046164742582395280426992064182484161394899444903374632075597104509921383168039112437687013301082171210560583722194419621189276740544579353862165573163139453343004116569552927267576633896167716472041814677442667213139351117819746707436391658659030677801353164454724840184589409167059311119978712518566411222678018544716306685555575822000248446151836730535508271697277908101223804477653890969178397513150495139594843771719586213309260014880139316994030573243669612165667461618797947858074,0,51993802729412176505563217576617296410447743125555215826848386243380910569751786567870577251912471966099750003312999361488137942776393131828039174521452294033260742116657134632802122251472488804547980191608593801083664237173292265437452765061735600254638628370979246271456058202704631036123996042358173702911780023608369337031364502530593413185423254103032645392054848113124818527922714459329599678252994479964426860037114031139653959217073737165282415379692232610724622555560904582452786308321937800539446077644101393356395972123982835973016117783242021,0,-8969979021328630429081963829853423064687301718329245271917991298950632175818978889175636999269545928950039650170798391870229759509823090039020079370266276608200670484835187246923918778645946658510487796478641738908278486148318864796468510368282091451885950965483687361843071726767366911403548021718063446135612669512251355070122744346255367907684014103136060167924301159593059217617257449426245618531508011294075472671461687260612777762133758326371129557495609488806774666566266891342201623850379714,0,1090575539405834568463243531865466510310137632112519311981174537517686917922777791720973349809985304865469190798326555436889832313651545962967365089447102687138862545776979944481806320505883762752538874307338147812985753418139082124164789366751076752833628882037912759291189823642489542163944819563184869928383399259057469261038459686552940614856344627264433832814485419417608156269385324663422554235240232322478630193753029569526524386488217270,0,-99672987064272049257539099233658607754853195293973190935792159449611467987659827382227894827274705909768643891191298533118628379148872979825342482636821247211806497804569732283297224070624527052606725944644517503453516176635037597800165948658722730202299848963816579208848717777194574764338470552766709170090926201570408861281298932453688383081497895338477425180995261696192332567144622412,0,7072779981879074234417015241251662405596184942399271361133806377500788128704313148356728402739455630638834377149924264864986246335661280084337376753638130736875040772613499470406726120628680211033390537952215370090145854953718599336648297963215700926127289587484613727649211418965647311057202500434410570503367189171001452292901555772,0,-392519317604235684004976241908065996957503148731401460874158244694476524387434952529071730311897904970816712747370830568002024812595014627801687451255521587612777912163710184855647368275508204192080975373826147004837187023675299737924519035117261236535992451325947934109316199498,0,16781179795234739811900104958370526841853227937343303958325389765087091582047308436806666251584467075695784663838189362688698197918218521287197086782287160797822601058330614128298717719645713615059006380034247258964752367678,0,-532421899448553558272945975439269107157389490069090479070556012747374758585672736009181156520301673306275686797905158949367304847188309301134534641106653926419768713894,0,11739152152559151489646876776777581435327871461891096967240962177242806620394984730997117193341352226448854191528,0,-159513487646567469310179590877775489131095140022667758658,0,1 # helix4 r=0
13465637689739129255300741118541387021447137040288625025868284808779313255544193090531858637247794550490269135185534444220915750466929608095689713040998689987245463175415934516092360134260525386997185214547306435275951454954205211839860174456590087176025649949081842351531159011460245420622512200143564483069604938025886416130389370798113966180864997456036783792957521205504696996481058882816308097364139068481016714680978243033017318864188133888191544865436423226868241645890956228219893806489617447268537814296347139124155059869016018353364735772191755912089180614165098461743811400537618282146647071516367967993337735870995248,0,-6699848300794083645693381485320551557468491168004639028297228577154839154929670117568831336651313124804770767611625072482085599084183484815182649341083214028470129128797864213272690391673128857370535738445347374851534534288725456359466309865810317538929676175750631551412528665946480061125015068492009816761804800218036515185176077263842748344342632974918174434667187696269274423897794886469046675260876432019020715461559934861270859573708922396501447155727980544246809412527888094172271462578546186229946548531290245104959537701829370361068224716627824606227858040128869787152,0,1748203965483497229523002800911749311344236245596895266430669479282217215586790372682716610873815385883791670917042510281055884711354058653933634731358317671178960534179737133764547505561146616333377830668724360437932564160583866271608407405510358544775016494490425448182260443920173401983229855987024915917420363375515030126699447308165365756629097345790715778710119667378260101105167797582745675430465484226803851922916189034775723855478018302414379845956123925864566416250731295132066994092119343415551126172435768754985832,0,-282950887628896599573507964250349992901215664403418620898980316234919702492860851570646076564954470829689990221702226091576691333318390081467964563035737682712511360595457420788262900263198914467352221989347038767208386488741330447486726051706523503850419574325802256541709994267216489148536045952549605159074955242764651575741971970719578200347431877168879197833694329660258614091464300233611865692090309205438326232367584853387125654890657691572693611908440601408966961400,0,30444052567533607514191194352704701620634820764434891422343373408869199825146403897179053287960552486934126611266822687295134911628265355507143579957953648806199354375967071626255838983627105256411049317381593670563984512838019489727019026182668847811482657510388738013909352626913353145260957006532005132079821600493147867810311273912504834092838893059270475940909759348798473573882819800949457148250534726731637337706728,0,-2277631001502694984306085649356900530125671539541169417929165501949012130568877215858388753882506278566114678140607802280180339681419609614892163439784881570052507824926938423965217148582160282182519986719576012701664109302299412728379375132414808542400284345631075222905368290024463159855584387129087618450148378020164777241546055051746775858392557003108738767794794048,0,121763848903589034337702904356139810201818621059278909176011810640556144537513436573788782301382315198147004737497326757539441814720022810549721553121426100887301922103589544170143305076576209460019949096780351587840452842472078717825206349241254769768037909178724128881987925513527863432437309054191260692314647031706,0,-4707036471128824250096956353311008084997640504440861754540258369499174436728059776480104304441777623071396964066760429886778661855838939434494087050586195090682894928413178602739052336537301639034718707914637421740645562335968359805600548029260605399900335596862564,0,131145021961146934035159662639890835490533120067523932643341116073714820168430429728568216234560719979717242857446124748679756247348101410905182914892893751352654766776547271839569526314337614297249828817263294559,0,-2578233781750549339397958980170421177301952110554903611256938499626234802534162193195875166376645165148337546876406919220144970631190759052284930693885843843648,0,34067525931732180719864680547328298779049004364268146874996351613797500291603660018071230700793278210957202,0,-272486277035006096609573685298429283573999051868897420,0,1 # helix4 r=0
3013381418711001425024068048840691216237436835814692278042204827030607889987458291631965846240907523730783217656475198733228415111214321643243821285018349745504957178982595450101602426732414514273195970505002329964279999818541539629803625783409523589225824979258375734230657300399423842187556523294525810336725761554744564221608368336496968972958305146345156480506553237481611999375939329232164462148894037383,0,4525072783475080257644141127998127156076215439161665476519344167498813501240437096232072653854616254329633973835215491101518784166750040492829021072587277571659051366251197638761818415719177907875547199056827420265343522487878889767860263823775488179789048069120892597352472620054651501723625132422670045991899337049013159819465376006871130940497206180506550913216739932667930,0,3026853898946797652055743942150980873139513462144674713815774739835080729991001856215711595525200490384374085131543108447320221506951295474701482447289756245788822405527725355556717983494596050471845318556380343762318201695065147208698558246441597440936756601984915569325221296974666407212832230587485286077333044717614163128534765362597173671,0,1189860624165676827960889708416946238319066272656764071789367023948156666418224757466126601337094545815465768405728238258080243339602233209906405567757234534601189266939895006229353039550454293687219377367189422418810074502153562105107721179775813695371561329975852449021151289939363703295679123390543152067114,0,305347492461309790530578526093470825717760775776830073408240680578872090758092318540936639550124719629366803310420603303532736335371186892263891774919803995674798029775327445429216061841845192177883979071287182696859041075938049651551739150206535664390970050657935869994011298,0,53710512769573668426698274781391724118853771107056249108203127558118942584996186999340343505847770859889431132856649401268169239441836229702756653968028319882439488159083622531929959389057431203643521932625485669606556353235463291783993485422,0,6607456190780401642342397305861621729922918309276306458967757717101327219543923883351887489960381476850213004840399698255618135144471061974773918408886220960775775407188835083852408244673209315468989115731940,0,568200484785627760347500497681790597598212433212389723548934429932593641368983418646862471839910820399876537187329223895992786032712359051234364465264256626939652914747146888,0,33419286934600767888948515716572879417393683125320708658906752712453624998364279041259319422267743847481714695448910535665785092524617797350,0,1275262813645321315407853936934452554466210839789211486781866729145200429999035670875862750072202697977814,0,28196783919989596126173086484960911518642535975064390252535163734446024,0,280078431207202255337567118875879226,0,1 # helix4 r=0
1885449108621150509789501163218868657022753180568288819659123743404884053949432870763613836311351413212918680909660152631277715285462174975456821709259116673516897935205248613122727922512723873757682616917275023743225028302108404783566039051853824135961011412912334319536270218097205622213206548181401850253027636514308611839979763197128660176332475636366931910292472250617773439156177070570239697584740346062458813033244974149475512911917506313805754430014961396482439167844845622072687470856057745381532935244781568263232168687487003856350233937837734640025490719022742768431862779073212056470099736990424244606414024313212823222261359400045814289436072577706949903193325481799486352704423453626601840676504259623972059022161019120081552397192684207353385274300099144147811837955449547458063027705358750577965920642395440471389342805889543889838085017169339489751505399,0,8939344421381402450599591128000341639483956754185097243951024646069728263063824493762409706638843421502570392036834170900254987129114643035190782861247863930626398806165148339076286847627204874237998442723369671477715715514498269590808234445392685806586263923412687560516780693479943897039501464964086348243181647486208665865400910034275582821526778332469343367647018857279388207278477833699456907772682129648727568510457333825801981378540412682194236136948002584936767849096019505074647156800525555780709238699515735172910798060731863563339838338458188113006059094325575839914660157797716509382746482701639559115396375777290951923660467082441857584696484632495732239312721435257426104316944432196168617936740606830534571893546087418590252871736176796018240857652826355630421144046951671317109487736,0,9789780038042493959957624382255426581860965294697763145574627135879880538835786306740170289686969641325392545936538199511897656692077120095054156932879931863661974017348424780275389849243497663001348676613547578138113721084873469827040965902296544976071851587832145996331931839441434848751006158355334718550378243326430860852644930260979958936670304946024983329290554693954618739278919101045949911585110696972060739723346806799678439019334873887998949211776492310406160200939472275528876467250659448417757616546487575051053448331392654110495812845302571269041126663726123688759652324339492783188101400414623626815270580233020435332061803781808648826088661887312344809934487998194468290524109725800201578972560013857738655792888,0,-2093189507163888299336536782151873797194637326689008920845394106460791052624315036532180072580346121816964214307783831393241908496298750480343703859269753700677707163387014638309219729699994711733222576925771232567699813279508070425616221865400951566648056309538696548743082648343395959689901695952507239113760012966149224626745547738911817403240622253839673913249624237031473519552103771289068697396729036044545396728592140196673906117854673728168288151018458619149584093822923646176207053665564537053045378902024914925892948688930232412306230019955092110019194225302895483044341599592632792492690608206156378246480829961308230921311250981725238064616475,0,461931341459965241378373857949428411070033637325246609808768699573708631402640780295628979742127989107454528254754446362897761751244691346171945864547237332410331116643003189819415448854031493971038298953223638795676326326718888224977664737076953631725333206828396105520263398470082154900957949925228645557962420262908902130470083062281825988670446745284947992285252612998104094975455535983344658794659924438456423720727955429767258921624251728960915968553954749322362315925145415591210875521783035394402943100198563461799304931029467956419694933460366695707084332974044523605216519,0,341738375862466914923892533392054410556424421059836141381921824998159778153265512435478957851363216060594058773808034507355774972551999979767273996579807424572694742552766787183937596184317454576348785736950950588031298487854322548136028966436879524157436334232230281763715919547041512407782067883775961326114039112937805737622407923901682958250148360790081460797385503339089537579437085633617694153841442360212157378361620052306694128198924551529414605135190164794286797893815688174713302972139686078225660258,0,50607494485142603324482827638954848153534599436146107512627739171669453713946410418354852805368636128057110370805637184266318551469185683722602711238066649749510883150814496266105137670156587574387323583260419390825136592542694343472036234930854027282519829009747575940240931910444474770353888850731402909033939467245831849098554123091820914674361520759995386715406982088751871597266202421249987766030055566685904531706968805106155317562,0,8989287375782660551380043342267635665148124715280094376993079578964992224359054035571808112740855174221191841943156130164241572703542451284764984607419538051398682040730410343012496896483534574529226223563767691385151504599390819704140206218770525213606339962848497691487327635223977559084738391509862866264248450360452124299128942663723080827892522387921917646123,0,4060224116367155573379605544781008701671656588456557648232107106054912194573746530253939480496873047408764307107890255593764522777281400723993136584651730135437928558742167247873763788237906569306796807080682392267533217485138589110076918852315799194389491011411050143347969489328460599128875,0,1402046016272758977984786212330732321587188433139823621682071835670755890365181269829986263416173918370305730597584165829022525910346738120369546553597888073189568606110161351309464575788960506206329688713968377388428450,0,271387480750384406231376400783244867345639069501445515127758045804109051984281429542200781039390347045696346027035972483064980833095268156996261160,0,26396631922975794217405194006939185844149750505457132961250669826410033585,0,1 # helix4 r=0
711182178570902707145540013475285318914641471817576872445761519589211585401097732418227505291940215773782548071726794777637889462554440865493246633393214590562598912,0,-11976713531815679921511937320208944028346531184022826305199021126892577403901973983498170822771478014539538114819111848805390391360057565881084231548928,0,3557878498323446031682108789877277792560584798995565693713645914040792619467652729295679472746707432320298722515984147233457838461800153088,0,-291881418843806961859005005233046003984257809032773067810853934323044630172002500499381734018039023454331117056154693934252032,0,23542367055416255906986578352047182522662608557264198958847831209434933616700782330205571225876350505925149196288,0,-1044298899453543911750310958956199405003966750783943517460988853780654031929034277321502042378731520,0,34788121255203367081590886486231602844063753039676429000157967321218327640651912445952,0,-887782993940976153098426584706315367524200790290406372330050384111337472,0,9169042792081258127391931870161699015706604573530798424064,0,28580486138873082015520564965497927964295168,0,-152614795468150787014907658240,0,-263882790666240,0,1 # helix4 r=0
630214196124096241177930000000000000000000000000000000000000000000000000000000000000000000000000000000000000000000000000000000000000000000000000000000000000000000000000000000000000000000000000000000000000000000000000000000000000000000000000000000000000000000000000000000000000000000000000000000000000000000000000000000000000000000000000000000000000000000000000000000000000000000000000000000000000000000000000000000000000000000000000000000000000000000000000000000000000000000000000000,0,-294662960288652445305480000000000000000000000000000000000000000000000000000000000000000000000000000000000000000000000000000000000000000000000000000000000000000000000000000000000000000000000000000000000000000000000000000000000000000000000000000000000000000000000000000000000000000000000000000000000000000000000000000000000000000000000000000000000000000000000000000000000000000000000000000000000000000000000000000000000000000000000000000000000000,0,60130130384761391143588800000000000000000000000000000000000000000000000000000000000000000000000000000000000000000000000000000000000000000000000000000000000000000000000000000000000000000000000000000000000000000000000000000000000000000000000000000000000000000000000000000000000000000000000000000000000000000000000000000000000000000000000000000000000000000000000000000000000000000000000000000000000000000000,0,-7036999768943220749413760000000000000000000000000000000000000000000000000000000000000000000000000000000000000000000000000000000000000000000000000000000000000000000000000000000000000000000000000000000000000000000000000000000000000000000000000000000000000000000000000000000000000000000000000000000000000000000000000000000000000000000000000000000000000000000000000000,0,524167064094502049148672000000000000000000000000000000000000000000000000000000000000000000000000000000000000000000000000000000000000000000000000000000000000000000000000000000000000000000000000000000000000000000000000000000000000000000000000000000000000000000000000000000000000000000000000000000000000000000000000000000000000,0,-26765120889385131054489600000000000000000000000000000000000000000000000000000000000000000000000000000000000000000000000000000000000000000000000000000000000000000000000000000000000000000000000000000000000000000000000000000000000000000000000000000000000000000000000000000000000000000000,0,1068711498413781271439360000000000000000000000000000000000000000000000000000000000000000000000000000000000000000000000000000000000000000000000000000000000000000000000000000000000000000000000000000000000000000000000000000000000000000000000000000,0,-41256398057496990720000000000000000000000000000000000000000000000000000000000000000000000000000000000000000000000000000000000000000000000000000000000000000000000000000000000000000000000000000000000000000,0,1585497844227840000000000000000000000000000000000000000000000000000000000000000000000000000000000000000000000000000000000000000000000000000000000000000000000000000,0,-49068796710400000000000000000000000000000000000000000000000000000000000000000000000000000000000000000000000000000000000000,0,1223889600000000000000000000000000000000000000000000000000000000000000000000000000,0,-36000000000000000000000000000000000000000,0,1 # helix4 r=0
71704679582956426847907567700000000000000000000000000000000000000000000000000000000000000000000000000000000000000000000000000000000000000000000000000000000000000000000000000000000000000000000000000000000000000000000000000000000000000000000000000000000000000000000000000000000000000000000000000000000000000000000000000000000000000000000000000000000000000000000000000000000000000000000000000000000000000000000000000000000000000000000000000000000000000000000000000000000000000000000000000000000000000000000000000000000000000000000000000,0,3392412194840476940440033536000000000000000000000000000000000000000000000000000000000000000000000000000000000000000000000000000000000000000000000000000000000000000000000000000000000000000000000000000000000000000000000000000000000000000000000000000000000000000000000000000000000000000000000000000000000000000000000000000000000000000000000000000000000000000000000000000000000000000000000000000000000000000000000000000000000000000000000000000000000000000000000000000000000000000000000000000000,0,73483399044442544567380129440000000000000000000000000000000000000000000000000000000000000000000000000000000000000000000000000000000000000000000000000000000000000000000000000000000000000000000000000000000000000000000000000000000000000000000000000000000000000000000000000000000000000000000000000000000000000000000000000000000000000000000000000000000000000000000000000000000000000000000000000000000000000000000000000000000000000000000000000000000000,0,963993935411253980232874886400000000000000000000000000000000000000000000000000000000000000000000000000000000000000000000000000000000000000000000000000000000000000000000000000000000000000000000000000000000000000000000000000000000000000000000000000000000000000000000000000000000000000000000000000000000000000000000000000000000000000000000000000000000000000000000000000000000000000000000000000000000000000,0,8532536328627671495273081088000000000000000000000000000000000000000000000000000000000000000000000000000000000000000000000000000000000000000000000000000000000000000000000000000000000000000000000000000000000000000000000000000000000000000000000000000000000000000000000000000000000000000000000000000000000000000000000000000000000000000000000000000000000000000000,0,53694889109313630811482501120000000000000000000000000000000000000000000000000000000000000000000000000000000000000000000000000000000000000000000000000000000000000000000000000000000000000000000000000000000000000000000000000000000000000000000000000000000000000000000000000000000000000000000000000000000000000000000000,0,246386750872035185783514521600000000000000000000000000000000000000000000000000000000000000000000000000000000000000000000000000000000000000000000000000000000000000000000000000000000000000000000000000000000000000000000000000000000000000000000000000000000000000000000000000,0,830813002923406802780160000000000000000000000000000000000000000000000000000000000000000000000000000000000000000000000000000000000000000000000000000000000000000000000000000000000000000000000000000000000000000000000000000000000,0,2043667839707093376000000000000000000000000000000000000000000000000000000000000000000000000000000000000000000000000000000000000000000000000000000000000000000000000000000000000000000,0,3577291732871040000000000000000000000000000000000000000000000000000000000000000000000000000000000000000000000000000000000000000000000000,0,4230685776000000000000000000000000000000000000000000000000000000000000000000000000000000000,0,3036000000000000000000000000000000000000000000,0,1 # helix4 r=0
477969183285027319031320621683553199545523636270094367007572156624469593946790558642447253555818028368943908558005283216144344381092961666581796216306517626685213739109169210749279242321713935044033597234907931598725461615656523893745700393341583119947399971529448523327450330386612211681300250355317819433768466273512978149542336329299423877003392690183,0,-94610102655080046329136227422888622316216975967153736240909024033521774077093447891819306678983929432220545750152446861389338309024492564536777391200651173094252185436419497840269538958435795667997688614119365893091506319156544194779481976555229790129318806076110795487187408258880544319260944133351528648997813732657955636702,0,7982396547116870580211340055177192695626690598000031198465323407111163081819634832101302508737969408065377600047853615340767870249925272940506908485829620023550611903323947436426677995901255526212553591145276087396205739884207998082125568554707459156896207705129907380090321028856107536912546644666,0,-372920743021489129509481508681948423513030814314337618341541907815378743391670763004010242376840834086132255946138349400066894653831262586765819775778206377505396607660680387318067625297294412522028158999857224205549156554389371388153056901807435407057534491195560477426,0,10489082786630156011448222095938622152670736137920988344461417746864351125598588383017794931455773030234295897269092391993689631478173128378028256952834034055276872384255412967703096465279481265493205683374661432707711235843381195852949853649,0,-180560544441456737250611521280924863878917711236634562354546790785498781174941885270240401321410545582384740958019201238740526808732497938578224736994711068276083388709437794492689698246787069303139266761921465528,0,1830537685337590211543300818087044546623406930416989791351004793462666154101323925436555337909816194627773413201386750728536119314898284437389872616232397970517216070875048392186913413,0,-9433674861544792318519287689392165009338220988160724810675693144692246851220410268040305598742086028070245570848445146807420711482178267075427979320828262,0,11402488091825759810175905215832192718848390339337512969971940738937560503045625254324517403182775074651967903432091093222350,0,52514861209836394739745527505617608699532984236954197752879852982318044993321293436343205235872,0,73932334161664945184068128155874400581427366350749368736780593371,0,-497590220690947949082381281931960,0,1 # helix4 r=0
696120536174423465379365427550278579298289572599736934498107320855804582131220273324051991793874801600268142193532476008436282362131409149206142588754427778811267073793135277162818608607595245304706726297410596572208484322888951961435794774009024228193442099094604150600148742739478357309756817900953308866263164328155757093336732195419033544470038388485570252638245377861353127651505869587824189198399790976352403707635871171662787006453698123598297422663960525967754252455117535006992493668371300546621190569156924114847,0,25898538463698787254299129559862843810317518416844203310050525224320045400603569476312849464859246312023247065274462536793829675707463182845893251032541909127329352598515789794828145890141151996133990018612292345378399438437300895181436383751426941894709374666967808995085223608836293098189677664181116764501749091072125162642513605967818787083952973858325723179305906151551602140098632399524054989656771964380162310432636178889057059297099645259512617062649061758180981031905766,0,-3373356320097765328003602880469926018084712618702111156494507637545628128608124573431620579413426900326542069955861578918820274970908956195089353387297961059425117230587028900770990870790711304602859618300846794459477429595602379340278023625267636986568415043025496597834643729390447381952299859447127429180313070858669556105665366489233439793585437325972550823415674813961073783814845039770305233828744502058673143347169447676542087848,0,-149706084861616757053809741089869241985181618192220346277942854858327749085934253061552633295431283228307914318369992580143413512297638280384309408023033753638006195931370275061416438410536756046635591649866494999940243290216321050954590632182801287186535787858039884459602614898115842958537099069566952920325755219599361178044777151851219319690346194163097878329392672708899124666352386028215,0,13636030805612296768667888130575224839136759688994001451173227754432336322530894612736244471102564142806390110520589476337479594684302310245128452569918027452853420649329394747323274079640679763555473408657559665748130800640233060181530635927541529664283057971111156548490240688464861754846982506726395658348478983532864829264874381924423669907668803,0,1363315456365898049634215978779980082136306973382009892653201111993771660490534690550059325762286938863382023143378814268412395532638381307287422747070427808160224750556197807824246238939562861784974562699710068386505576406797512315870129948292679606288177179659269738374818597969817044348038554023623742671,0,57654645215610929200045451127893729257388153871846301642028196003280001635807027052745074817274298177452827889130048936432838587513001290927869911594879555894101693730715127802695002342325576753571721234017572529364515809141896398968614776571659473481442896798347,0,1689451544141439907756633596255481088020432665669623005974030728014937047343694241160833560451366478945743390338325572074875303330349523473396079157417225882478132066359916599601762325474775167548492804781858112292076849,0,41978228423391967296844389582064569190652952216957222229360371643311113707624289003344464359998860937330960162843435801064726859720315458448173555471813744866707109752106594317,0,916900943590285720125694737678138813030611718554556196929705612535194815454515561024125202990113364074662283365294823891035206033728,0,15927054901930283660968138613577584351338524659776837519769565676713012666127904934292239,0,183609061094072018472030675706231922028726564,0,1 # helix4 r=0
20369367434282783862430612504121327434208867143501131592962263587384922770943745760459362647739260072315494894310675234502478601517110198269035426279161783973511867608767435960751511453916452257332981640159062950046907600550698831068878979662423673922098729947778974537857102288898290007175671116347516168220365324702256538650248509558196846203154536519766999588100702581335651892286520237436219956109460135628269259896566510145152573762083232252910481621700983158120800842192133278290056479843519628685959151158352424183388104301150614673488994095579661040682858610380475473102341355465870852608631554657752085531823655423441244018863490347628880587511932899045412373723215590919327549732832910770042402379227742293691886621892678099536,0,10468564288398466246444961558070379236162875169378516811662232546086562091489431307052858252836200214334025996680383716947249805245580155775340153828939599389589375948379635290908909474592721694348495520724371083266002592949163177024700210049520276275764575516815688746548695492374994176674413306277526650684181183560935169960389807385333514037552686289081843307738432643717069426077492274280060489870078495126006952327558258771511727692630926904293489782879348457423125204120833579341781895825518904133647683701163806374194689643350699879999215612552669487699433637645891866963625045351729331039348555550392259843591088720701499906147645654057626492977053575805756865724668440,0,2475570160646645228049047676729734506437789909537704293134257452596793120937083744281612135376409442706645974989788986548079262495174344464349099115122039139190430729871562840131664123241060938394777618250513728709336445239013438341512115348278417319892074794761873069796897622045521424235858539931656599350758142803407472123275663044324113543785964635582005963702710923998309812631492583270796246881649998027470182912236390500990608069530335909872056725616849768730422424245205265779123671544134062795742859271551010844080411701398099537964669280381477927435144752715955352623133741547591526459282680716340086154040,0,356174688113215306875073807215866162500856712012491126023338075643710874497910271306334873156306634267119833539088519016374145960531026898113302115267746984685039164933929856473466335062969900506795716516248460080139532836288351645254913612773836410737966543707178249417062558167270542113833127277318053238808826820412638312832900000480925455483652928319374400363931520754318894246922136124740735660191888795663442351910512181502245928764765107001181816279850454823064431346887085024454591465988733998621068523685156287846731307197497397917168385502844148,0,34723822916289096031062988989706624856687053995903565187370211929451633082840404539064630419529850642291380280115932261546103129923550999109100302337530744002249075887229423487908603608626083221109989818384582170184013398873285037697852279136469921394199667535554609728837229699372485046732160999129385626760479512440364265234864760460850747286314224017628209644935157913817237928045803431850925042798070374440178642743166019841575737535710557481139090342366717510532563427480780981929803243873,0,2416541096137109503550769952986440475045127429092340052442095562347693472144248033397504689011133848499885444564710516071217680638694854644766968584934170458056016359512128165581768632152977033639251217941798642608935352346539071494100884469464813546006068951697775955512998745320180897310768456858866335294842631710773056714593222486379506794614454295523390780872112548091110677038016394022295831766464566414291885622743653597750632,0,123096753574014708015245251862502281156079903677173384854747100622167291624717425140748644668779151082349847695579636362146612806303873827060576595762833115916992054135956728372745482830565385437106790201419912081230752176047501384710643451041631492319022906925707694339502460548401380327602286225693089666493697718554540571176176072541766078750455072502955007597900772438,0,4624459118729687856847050200734029016260966172155390603798992451395605567977441025228115322524186604057418393314059389459504399572983464119612096907545028448141965141728228344388428473215953543613952520012376273824721172476417604155158618643009007990379942563011809876649160330745045578542316355757030586889004,0,127161707441322576653056614170603733965222031905713542008211433106982292801637357196584900101512869672203009476061390457878860483901439508521774779955087085867759713786256711424211162113278533376426343739681157398130270535951458422897994454256901663,0,2495998327715687334044866127985335940833634503092631113915732779937928189158217404609262450716418634643123345837830503530090030635259128313479123141195405157750573484496215966663128386912,0,33196617581725210324567974883817706316580602314745164099973273541553051707999792109325496534242296084209512096426404461980086,0,268609801437157118382245067605128611159010308127409099176018476,0,1 # helix4 r=0
875055719142263205849870580982674297217185735129106597519567700833761702849600393744755881195447233269515740761259080123827673833682540122854798764607012864,0,887471327330444290112542426439034852509234877862898372318005134097840862219685628590871951049989334471612608370834154855539194604507501388890112,0,359374562729502220034520992113886950545605777977812494326551327165363510944833206163309259859171542024975174724381583103147894636544,0,49073551106362683220698913661709048354698713149615943836240344670341600411422754978710805825499072426818136110085963776,0,-17467341248778833078961042178533993324952651072783854050717855938951464784857039318510894061081883899330560,0,-3933607414344602022573104803087801867634628402652379048546317585011563142160255666074131890176,0,6912127774957467798489421124412374590818927709964001183884449182940192115823476736,0,-4904509228501372125149052864047306060543735295226884374750306500608,0,8242796342152130579885737047738804506243854202749059072,0,-104113527381598003447273874243224606867456,0,-5830951459456260166901563392,0,23089744183296,0,1 # helix4 r=0
