-10102500333894867132132,0,-16495477092275815707660,0,-15612532266829083060642,0,-10277146114314912776330,0,-4536652691876730568369,0,-1230426443826297422230,0,-180554629855556718534,0,-10127300450850802036,0,153179556572460415,0,273580410791766,0,117457047132,0,397486,0,1 # helix5 r=2
588843591124030445758781703498766277412807283270829927636899710425219494443721465453326249303210535149189437467983345626941046229226893778350558598336811958010053651312610601364436403564882803976788709465255622247706121663490614590156173179683503961197691721510875139062827522118995079424528257074041839927227500467427560126032302698207283395532934119682090712879301450253682152567830513468646286068060432495075051923861497104256967283221542044829454673164808453418679365847903456953602553077969615272947756633375041346249241055772757900027091531398133453174461100345628713041054601327672525127300569573537612579604625574259747001947138338622759312808501998612158081423782179556243450298835579066747403231829594005830585956573486328125,0,-448438854709133101174543477375030865967583800256669330043841926217411575954310777413488503214728561596360685815604410073885679445955057638649232721601375385701171206990633964087632889157937716515059461793214514037810167980563141849242167882633746154596191804482483342271123640174126723392971768760805146217581228208325638485943351706526745796948417886564368242003656437657098527120452522574760875037214294967238032276169731272625947560676526950997444737690191758760464133589726653074603782318961600854721769791352351603335204898641613550218437996971961016379698782293108513747280090134612863177904353306016285989506508597027891897856058389670863562059821560978889465332031250,0,158212193933711118300776823523014553337697555693808006692086868583547095896106389499569136455110873543981968073810646277225501640080474297579364162334187187456160880178137722696207583887404892361675062140906856926822684776837556260869925500403398271571116145923083719990091577616332644572904221867982651289052424761321049891700951781974916184091257318426042370571015537995753602152988065122351548740513808431022881110432748614303289574964202331796919399481833788315116091637280083480629043700152654727848699585374289656073465742187457261499750119795608361530722377042801167490448932539948145858943462371826171875000,0,-33764297082966730522201701101710739863613792909186704175673351565220834579401513507110241350606769545698777172403043535458254355088169034089008394750672642825775959833458764515788250123603698382188270794127315003214386355060229208850637641438110195497060188098039189470665902451835671405786196769678929462653367536160388546837230732430114155197875476937819296719433965794378376336244734699223222188558049105464443402508589305970591389628278163740744695517442350701532201177574991775957190723540843173812043539810598402617358715360751375555992126464843750,0,4809952364924005194250720678052436732193039453321547533561990757525806270000570658632106752951086843211559387204304582825448962825682390288841553095914953998562092346115960204909557752225908621803724988796855965526544543276864603663391456781167687889980309760923996822758729452337034496833406758201074057885772775726824708698585287366912846163444523420201926634809544695669381326717993347200791169292045115677130447798996378721974245871588690811395143051565348457643267465755343437194824218750,0,-479098042642605674340493390368811577869641956699467205622552900236443297554092936995609988601679484600141694611872032587995785113525747578014123641163732681095721870203912140171220145346421140015433889335019456097789974863356707314038415598289231417447397509832352987824290666158167022992879215188613667327225378575758474407280782592495695653441033864468093785262768310991206271160281252551038644327263682498596608638763427734375000,0,34089344832597258085587528507969834944762459001229086882947641048628088595850035208749099626318609103823090056660922383724001666308385655679340120498312923365369961265075496790383777943285804335205865199177195170515039150614308761886978341679450033159394941616847791957242855832063203505068041493766241020391810729993016383616378020549042560105590382590889930725097656250,0,-1741085853672013217046201226968607132805410494036171279727860107733440700572806868769909190222144891628200141176265875907486034421348128332106111406383638292514241544437029542901701866968190006575266668030420696820725272678869457778923248192550422535501193665904680688005790045735921012237668037414550781250000,0,63177888454844369594370092965346011535258918631473683445278168621794515602443339467137639102361862713035960408890527496945372279826686894687593547956454251155648873011145741548245702379618645661327546068854361938083030736379441805183887481689453125,0,-1582817812850445383078120515642564055863805616371976251196903481687225842696630723732946918320917089757994730163448705394772019418619412251599421620484875461443152744323015213012695312500,0,25850110625748815896170014190486375668227683555700085888407073532122833722738389694226213144645498687168583273887634277343750,0,-244867833106011547818885673454021369252586737275123596191406250,0,1 # helix5 r=8
297784977360615860660259566018161590679224766642812513314046521031139884880747314493704382423864186669320564558939958701406787965664476582909022429612131108805185007696278801364266247341603252553621052330800958929001686857907616745898391880623003185718015534141951660669009027426797946550778651062218621422998553505158839933575390359803900636485757565664621496037744537362241002476767206623314203853539649021978476369300706302707838410403141046501376,0,208649458203245798922939664268619294369670229653188865756996750123752102588909270260263602448185075899033431631630335959828097680005405924592891096049951667411596933210928326034178462040127038312911845059596889546831782817468105803196948089134400645316854598752951296824982252328137637978475364495703542708180475739512697730671523302535848816862970837884475061536914247570172206939785428585613759960929008674144256,0,62554937467261905236219392318885964114112879769364977709740962384203597743555147173245113312166675570294591408857645138017349291908622979740914756208762108470235030005490983906171023728154588785796012075685084010395328014544436528275230777871823021272242449828929140444172110248869270910898204254755469416884773123771466094647384036187620490661645988824884426137891075470131200,0,10409188085448349602530314482049552677733532998268259926687012626635481339722634034388984139502498274994265553595770270457685030733859478692940229515231738177824097642951970877213557708952688957456812377906243563690510210821501767975272868975989888725922810760358180074159306129393256931571915629178912343616199723765990502070433399510663168,0,1042897980289452944225735155934468796674848675133728777884463970080083941553988131119434892109529760187136003624812160289444083832051388771961275227842590539827136703942581020210926251266291962376517181582555385961165594338779504738279891068705245605949256897861849294100118163921646045651401997495042048,0,63797066863070372817155776513562539405330089020159026460240831138906248064730087818757374871928687063224859304344818740299926651755915659022561665644076532668047515665420714559743600575976513255302492880542207950124963140852245969528623044334987078378589478650380288,0,2303007785034000929215736965255758803119415089225849032561546420085686231832983502763704756941943751416554566993235922957916032862854211299426769960438732864254595863263380590141943437391122727899239763273462024156051351567073280,0,44592496398762049949050746358197273737127252625660659807038405770899020651547230880538900970459513088940219891117219653683700231973070349244412982100916503861319493908048495975824730150141952,0,349550089503771032066532624237493176512712969144301066677547299460028161913433460988974582837996024032353532057396000755165608677046942888919782140149760,0,-1545464488467215258249364638029884132263372514026826109598423479180980797734228132778024801265247100945393912905728,0,-47374669120167364374943054015545064048148652724215623026146441112293728059392,0,-238647171447328561009602635785228517376,0,1 # helix5 r=4
1132917750256799023797500000602597008192102370761690278629521621324063009589085858869217926818259393868881076954040605160423469501948809325414794034702156224102547037176603395323121596098697780264490719064590394115380546559569032728437222556323147436608498069467699244389220894511792729256016831511147757229788724831980593762905637648319989775296301897172483036771143564289281452531583418603709773123631097758897313519461401757454892094359211567017903560093449287022206582374205165787744528120296708613532174611505110397194115730997658557636448225733615459814328025334682423469740938666753813156571776648008126209467920102780624935231637755125557289640882022600910159476295985070074670207438213268848368562211619146118482642721540053061237147884756977817591415376332017461741586597208951550775365037272839337511120599237582584011837562690494812568170790912,0,-79717537652619892541227649561865758515712863825224187403958312401737673033237043745551493150711765082860378666394513404254847850125654860553575697808787248767605996355665318434847069938849862035082567851647569090419403818192064132561235003660406609021853885209251591098936870639006383008484244745144662573055286705566642012132665124101138347231195796473834279896419239744769093612616376234274802981333831513997486281809165248132010269011776984653221684997605270445656699445409794170973226876672794784241102523825658763018536914547149914612612887762412429446151376980885298104699136921605061657857913971318971887459752468601486689080955412295792410600051496767312508165029228759509314152957575280996398309449827298172190813725869784938161986939231933626895236135661616223406597378932736,0,2567881179277581626304821012506389523136429269867231299545291821309991441654197663191750969617823097466764168013145545877785319417204697375864894848358183922919913938390942966044678673221360417457152019546043525383052119974429002468120334678386209923714464616836629196664296140821720265969107245678722503570395349494692312567277002723034522334787011571866897060681353599393753530965278977224774176392357034368129937428331911140280263589525473710306786215708726745176966840776688177757914516906029639517826422659991641479063661672768013324129798749509726136975230164190807671953212460261803124713744313764620102095264510923313029438196887785441342816766377908140947868758337075946080099935661822408148582476269223936,0,-49890000248854379020930053910374110840510617128421636890750764111207804282609591590494350181447772843695662860159162569796969820919630714527957203682715951825760831567072358220322027473988702886446221542992987506085356505161708102356413712653476388840015969573655164434115209095655845974490575286072909877168691176315065883999976358028841762473317157393787773775155470847814940392478492017822359697581682267653560880715390127960119242169349968990671407898683386847766250355067604370217442029529975770599311191055908120359285889089146597371491309194507685911691718090809621002535877485002693810448354026376344586101782841775876862255402680582144,0,648817137075320495473867464478202180198620970374500842560860682570472483272363554134880650121775644794322031547172926364366681325484659100701371681541679543178918641600342854947244474873918563780490364330057769662989566124957186411261093412021052981191645302693820442401829514714765175389562428258273488986922382108420015576751634606835314605110093731071780524845153748623247780192820104908882117831924287043947281864744126473825320622881479124088815336120183460452105194908526666203424571487516693891360211055466288077280378784877337219644132453527933972492998637588054016,0,-5929770706872753187075099481113033198645085630418062836320998604834938352376831124795560756671468991280132308303714786827766401692751951076121697801441914321435752768942609161141693575866875654185173267586794554995409660427342007141113509364566349629684113445328264225192687186515481248773980734465694481813720944295649224623510044662726038886415425600611342941287821959404115401804883947510943594438309448358394006259542977260795033411289622929105385776413849654442240409060877794082359185334924738560,0,38925784779418119955030446458533883705430217236607394198964599048824984576342586272538689654009862450538560595462918479096987531949654926820354078764564295077961313383183657166740898959467375341279835099985868745160026821850043159711868650419126004324509675557651430946830244933527396991277273474529058683865689923514599884096180768555384914150985234776071343525381702755470554882025615704533668102621863341397572235338820024795136,0,-184416853013122056495500340984579079208412057274971384213609527503669586936443818299918632479085706541555807038403512116001425057838005303848646750854740947735997988707985683468060481542653564115898465712041205055734448273657360358052413806664111319125830417615633428365651669710434969592044852242862975827915527480804254608307637107366390290461304479249596416,0,624765905137574654296982727075641215061066006101165439024645375008752276827224646882734573685851177927422702017484842804955854722706864197062869780052441150359926116637679569069701146204778332541061295192022705597407904557765781785960669222802199637706354725672607313468881001798474661888,0,-1476828483148700754685407445971453833243809533002839593957003243073837475660194195279704573519286779337987099823742208183875772320719571137926826866277614012053687431243693799656344217021502769003259764275459750100992,0,2323660073531744714491897661230378979242528688205189750823295516497260999102361191142495662013529057000699063568723401278810378274147287676485632,0,-2215866757847320801852218958066314928699946340443418981828513353380659200,0,1 # helix5 r=0
67518127334355385985713260796974836563843950310808470532453431055742061552601239164065565528033567992750291946852721773474520397434425290223311893914348039349443587585311393659346565562130333042197431805000981598494452638944236292123657570723648375142224079400411122710242160109468494576024760480504809939898480196498397499551599710130019406363777166753569420581624002598215435915874539269453916294313932195840955679791018159931493755257584130846192039993462310496552180893431088786088670551556813577059187297542734412235312591638408516556251636556092987555699294446821246594306973237549036586948231477612740853861224924735677025028717651565557612491608813273272565296820049968164634633105424398533068531695681973306524792080495069761367626631502227415352105535355861,0,116138686327581688418626467559767929492484895451969581467786203038612197653394356511174737148283226883927243900476393998850726467188619398104521706110851942962012852268513893131535500575746330124608966126417423113445585330007786357478473995701008721943695237727430699784951089902305376950270089011876808941195996662013423520404473794918772192391147561089154638674131476268824463052752267398190968800167024812838669088898574499700902151562556367568259046402387993024858142888836923069652928636291199785554619022051763481229870898448204883827152751654879605402378640388150682531404256570216103966379505206283145038629583128841818591403274342821744542203422523063186753935017922536543356666106717380065790424,0,88157477357439474370042863450022698720569260130844837238767057692779691688285996000236438550814185778868228992034654526615426616535374088384617711111495408401449335213694128225494664062707562847117864850940194141223636741977267293679245984745020770559470381424563381896056518513852825636614529765901770418615330071260432137356457466138999262484940537888170545939008156280213768986329621893416209409077996504989872817732978478417898986343354885372441153834858552290944777431378536607318294344765011253406783076847994654660154291302632398815223042354833773862627428749881242478873941442132007242159550735011865447450034129316287806509716509774,0,39233300667327199340367058126742223303792529653839685057591713502780705675199997465288917028392692417186539348908731037690811040643444684803655383996995735541117925234970924808171680099909680080695189039290991700125498343501904114316307095014723542377204514870882249854297868095626140190601075746865713776688395457277199339102473430729489008345768173740171585128004658360512592558136519861975411344365136399298482665728391145442167356524311049683714539758903936784822694814310452087281291245268143895749570540151393611264043761848794198764629252624715485455021599099220818872884,0,11460305631086009855645211489702664717512568247081399298737499537921941181347186555394019919807594735360030972209265055744799975738623402764056433152924564201515086881358994523484480798998787344975028525551864214871954010775205841392354968898018390293499170157769890689782299409432759731652220053508741658845565601904372234980896091759408879142035635042122890374776113510654002186201654365814960454032037054522365480184177448121702053450304801816812681884611899165691782555676523123773269653363381134236414166640660,0,2325480989268892843347313627596398283735454069688998547061637966448440414549853796914312953732353692474110573586269405314604483480070386666985412893418260060471832030375592214232719678888988293670980937426894887962230132797176395351534138215363572000287001968628243576946207511907310548939403567957888988305113130449558994412594458339246844918217874793642961648176073769313420013093229292527791030945525751038507972544573133528085894016200789161079370,0,337404098089573703731603437039355881807821931912610126431145527016437509240176803952755358170877954635471198369161518336034745017045242090364798810384300160006490624768576499361157044960777497716700495474698141523694078252344531900239860807480455092511621426738250572085458140923505025042687918156449072571322027451705010980220955285824710362246941500741736372794666089099488566350524837,0,35375539512378699532425547904608075554136926985420723850605930724565563225530667846166498665485150119258200302971558846974851502401121184596914604652240255522663350079770283316742284467145495474707980500294370345079534573357756810095573337601691626323775711532203039547685171486760605684111952050552333450783963236765245184,0,2666223441076309629969537363298154978080713495352198360221512701214202749645122126240658637184874106069471893461568740309192852954953517870616992611712012205543448499604468938036551887256458615841891145755589427228424902225723131289149429326467764424013661430,0,141082721027930218307732035022955738298900791952674621644169244172148464368333119981364648659455016298291599002301702731701299759128156466455051723295695989741997171919161027545388861694897192006,0,4976922045620835607233693453263436742480077189370186878295239886651647277596070767694656149566520096113378808154428009999350437138,0,105001177083586501128622959658303568147366909500470379137645662050,0,1 # helix5 r=0
25874510467024327796135375281896052619098685996697084908153500252574577111200320461910039082867689403439025937333392860735321519838736015370592695658571777497432516102477522997799727288255756288871247098171211642734829929443152588694042919388991886772688258197479661228247973774579481234554381865786333584305103827034182549145467569600260648225648283061223960488773759724913768819704173395529932364963571584444573038380229029606615018390658204637865308817127868221541687602251731769650376023654159255619281458467876602155403918739410903792714638268882264333653732444843458336683551641613298155799628213775466085073114747530533318359876265212823958249818214881652302273115541678629329810380282559971622868694527967935820124469389487540799690768164411890106576962219,0,-66357591907773692796193302194209662744948480988925750909598703160044444841289188666754537813482414578420689985996983423434269327697645764261180787899079194279336706689150909292345509029538590941792009922042744527131141619802484899740548452636881095870970660029355265124321778125188041789587110352163322954459211832440967109017393990371689715008997428214137426005007848255660222509894156940965521757335306040050463842714933017760340886796639142735830209036404548335621416000793212593279615927618958838853089738750682130231284328979112976270747172637319200057583345749256316062418369155730856958694557482053332227056037156561556744339565659340604165376223621636066938913424263545270156709112145926039144,0,80366480164327357772075693902459560141365321827860012673031633896872293187362780696132180338613494815575292749343894893812179637812963585323316697237082990203239879332250365979823142018678573827377014621667597039578019999395645750822646316050460859909719715736167284032801022417719485899404677034349732201007839619697861987435643996038803798992503901289380014252726099259313361073672572354069950896744681233308535576937132381435451915943254593255013270035047493742683729821522946592871992600555822091787164159855366030483087170982775698657191038117989688934579757411917445041461591557066641964059452514444723977895998884161697119178098664,0,-60776512317951516439375178156943215003861336536716569871002412411127787339827689727984833851706610788772292324995400354255170511743714140327116193503498606208786522666943426301406902048089105476165821547980489736562258543941026264829709834682043924831044789686889169579552312194024804246024863834163540140455466111207984254922377221717907764003033072889123675256952436609195487165210440417620770982178096958296762141864327610750790964983363668667449195139135571248184267973585431836028462604836979939830041735562102201053086079542862490926231766861248727098999761035911254524,0,31908672067636105364818783600391690806756351837286653857341737358068740757951731229867649580988580238207308764954209758632997631810553359120715313438481556339084685087471727007481294804640173796695880609638994941502724351931489214838326087238872965621370986298356083856277313873215811116010775991404850862509668262412643295838777933120234410785863153484994452057096168754812922543485589289890207673637601705227282852303832186680812767196868311238743195675194207328601235569085054898622259914964249681032296982703,0,-12213985899585834396883262020325358533907862692487389044182468752749426674700290445387406990522810267673850156784723413192626287249348152036044347365420819724115749889816264486557932904116134070118980284250204870476443030814873448719357304646690418344342175057744803599167482393020020567848967298795517464421902874009949626610323013530184797102643501118118284124318159175066999830811453804219168785082120995424534475170040040703379770297617637165560,0,3481073111880360753392672643458904399882344327087153528603053055528775988848384312302543880152812549648993706090523376338654798186425373978154649897030728206762628028550216015349972111177384391149167027154929058401351178313790048292331817644881088325889114182188976687107220742222040343637422671312160553404036758875617046675279660604428105416128643551154374357091278652249961638013558,0,-741084840064509208906315258847837175731693781433241699951550882751965243809478935565256338214257739539506308731824138056427334164464604696656581254977347165088508095730867280481948595423146684510040001292464285075413781870029842944818702287715264878736751182317088304103722997063246478274239655754487535314607674850637764,0,116475974043072276665139344922928106672107650278305724003087179063470792094884748745745756848589688747119135632189778317237438392355929180878320750875092429877405798189111555790175049554324906002119589092693859796714230904663939863022738571757420677188737340,0,-13132221714876599986208494751887709932860352052533356610141428739275824570128048818061240364314516526928845526956173242338319574240006929641449689335809031551316629531798616090324733402541105472,0,1005143582937598247596655759390983264727502868001925876763343736176821861701776177670529639164537199666575535099203608762845031280,0,-46785712330862599383794425448113579389528804862439573005426989936,0,1 # helix5 r=0
10181296687876611525416744771422826070410227264074722011345227478240590626585534945110886313128976045791987968475159853294728114477507891402203742865142485025736737424342893429814242834208125302101414734267328780885293286430912260090308223723264148222240094400793327546151362296108851426189961392380556688469183241923356096856184696150582674314792040960864556764141602601437922339975733635969103439566101863741290602587550553832158584082167554643662086656792799286792271155455279167612266371133483890343316143773442372266326961180868931279752001303691385120542901285530875957841255335479430199585893575565353915997356824494369397394577532856691493852256587366116653272073525690294934305689825989061341835584111384831029583121506116601834035016208420387566555935159266966678677832077659078226837,0,90325246494610713248945081650404111119771532823144204158626811488733904146338897826396158558905760068853665623506858633511680229741780822032004708711050556541798012134632739829892166366397118529241420093982849288456075784419344221918562579646934687816770434232396128809233527639937183074297360273852359065034583067675561046729015883879974346950258170015429081432583057472117956706925206079514249782946788062953487737140761843445281757804480199905656301878247529203122433923717482311632274085988221791521302199034375813337022549774671739916562873438470206237670080924307946768650645940028869709283696988996600192047949052515687613407557415031640267188241126469585709363854287248751032284996262849693365814776042914335764550524564,0,371009071563576551089243959015462312493170772377058353786795963578285278634362655300670077778952068980408548844757429534734312901244586724262727854494982827061392670792565414796517705267125466103234516619501510649638610285462131923662269954779896181538678025607166409577081971317710315522209135201899161274192928419263326229466420878937636612302613849927225584465400118384427638291484596535461588018675065488173906844345748674321434455640997141509123169497026041877940548282733434134724075227110874569131267279548457872844204447063638559735986601852382067023773530913029199239459609217180044928355049153877247854956360499169416838532648460985628217200419901345010,0,938160112034216936417532232129032371821191082640487481206859194770651378592836295678137424365864826802476064648159640702499614630555509758355928753074453611423653577140468703902416390967339305328310286684371187955647793348675143931037768503535458134056453186547911830240620542156538203071856785682755183774221598857991264157555484038688329457978668834670772664121733562124377536898037670735188016934536413890928713315331349392003858148082202766967356449169575114705664594154669485605556755361829199223258609614629690170449981533310327323472763327246943848382532207563256304032794767692419556027380,0,1637395364886580542632056906964638761416365757361983018698874824942703670272904739467613841718668907917975080701532065073360937297129836766438915590936245112520285182233196459301849701891087522547220984957290554350291696459992842856427783454295379489002533791845896174978677985894201405875732406659309480509092419394569471130457193462621175001967357693104045204677723458464863849696204220765792572000706649836956766460908253960128833948924442615461781386421916933196175079861058687551815942824265836917051955914461388722260911132183,0,2090686535008936185251536074252638871216511439826590903625535063284181947194482895457171931714259653525692982976296678811640369346256591157792516085917700611513294250253611204642952872114449874496220897443063625205861245210667284386137934638900177007789980466972809167497185645003966084214090625322570887654884891134038435859970317259675223376516962329580974185618247830781111304722805479499132350260529208212927882435676572996928614744633560519156307247921815400936,0,2009015842865601787512700917865998330792494567866762040429058013636795036959098470421519034583481101759498131911567528771237258764772821100856835707347752303232038155240306294185042887890698516990228549062224079241183988611169652952496214143271050312509960107970897410711178194463801831993302653586343268298047231925759760003533244902310074249718694888026430413837856848459991572533651923172374183660,0,1461704276976835388354049671006673864567054674112292542799649008336119806504105212538449483992128120729511798253316920363702415095513653395486299118372620753612848166377267655699735105605388748222242822565089540231653253492380686150813511216827616001604223758073309388209928574526104538467323591750588626389008383513600396070315677960,0,793944876620964906759937615569576594424627726326168392429130609735953366440817112629625126735704822496887439615293873187802200321861298830087077962683854328446603656331332687572342294299968362789753085168887116554014492225864409072388482756943467602222525032129160435,0,310938055470103804306307529883516031437960281436206167198966143587203262904517428906521727692156114429692861902607103274728265682250222633611580678167174683712790761714094792798897982779396549838783044,0,82589387206790929299170251010673022065173979093879093679547447475502877392356268267847945759020991816464959302363542655859107071405698,0,13321514370413571247874461442941404487123959968977481493525162542916,0,1 # helix5 r=0
113435115247715322368993897977558933984705406663640683285015544321112777020167220659393487819551910560828761130633649419841545665121937025247241252404916631079431201157766423956527308678502457729023887754350010442815815951167915418326762893069553963605650049584217671509734502831439135014705330595370433768162147491142883165431791510828724240741805790803415350580487841145353673466857941148844401373567660027962861977929032981754169049298468857666263551664193536,0,2741895261711947240261521444492603482246735289869051807660287593715911283948718454925825326801742056284700269337462417661865539553436120412110669899528310658943648253996977146790546012610738409164409991961197249771765782736405066501622726208813909987001052602390574021516208946285920964198657456983497501949702645392427499947011838347053076640738183630088887796842226406948493792982998761518496779180279373254532012531777536,0,38926382040425325338501672725627764025042410618449089876564516904031131134618436019162999795035667976042370043542870112307744964167216852433666469721105648463971258505800168215520664369872415248609960082148913041792499139242530397616681491895055553501493957469683418240223353229316507372438645388943091085213474866158757122730432155771833405644492556792139369488774562980604622256734208,0,429251109643618159795913383833520630333123126314770861709058312182158676619100622830064515648931579601241017738883924479197864190152215351134836207687802078376832337683419948925756468821049708456740314765919636919495669919789297205037796136419513342970664989780658415824279572150201631581879491018427060044093813076137598380713830412165991404404736,0,3898674064480709239451896458256998280817208401257874099899299051200552171205373830873166565985680390289417036965928104134129316393940712680236029844178635925867248639310656177648177056940062672838173381180982892396318231577547213822553513378428632805344910962156162611535390664598008717126843902541333224488960,0,28061260143695346488225688527607126312776006328300990394928060691381221480521348766689903920508672652664287516062392324792070117564904982654980901487279540242737320031924975840883529353703168156508749670717864375034875084555564771280638376139420309439922148664029420191744,0,154875454574630949101620651577672818200652245687792427531450674345757712565134411529295522650414596601104209283398922032658353655826757740322273572662024826496712415751949716660021746014166836793216709366624691884550368434565568004096,0,633743348011594175907062181715199716102737427080200025190496587611866473877805007758369567144152790759997038481044632454526727376891995499500762932258832002645787474433657566741200425418418552832,0,1832250175136351975962849571307971331588385734666918824365811968287991563155018760760681821127177773745658093610817220630900953592046973301838213348096737280,0,3517326628713837678532796536351361373658116290791846403737764949755307623685114003956380552201779525371590187870584832,0,4233355651735909378733078243762434392481315830769712733788782270081922771189760,0,2931589560996524514790338942439104970752,0,1 # helix5 r=0
3436070106800856485252183844353328034907232472801390253357502797144193767621771219145548762077195136460788724822126891564691223344455142562387316894067146929955197586293412182829342405683746217009558297787140984392226651674991457374066009065644159558634219182541194287591523656621350837700874864601887752027656744737734416842338819130491800782365313033870720215569417915565592364381851122632365977699121291513246279370486369164180839034774540550904145384525774433633366807436498181623320254556069496718392146015682493160386682430904660488827625376908779843691435713863321177084415585929001443602496952226842745035631891870752564157540515497755197445537014176214282622206064,0,130250879263491689893422771088489457308149979684454412227955140052565837598955945644089080773532892054514977081631896060042205299739982199657062167116724935479960451443262963543578571166425582984078154531445838677704472916332662290439963373612834499560263109880551543234507727767896464771072946235947348213196095759075801706009472501756985225826322979350850196231816489909667649053387617716963178067960072180924980303407564125176183511554815294324687220176209279261368989530233533852567897175696642137855606019722913412651881107121136975821931538407012037589540847447743608475431739603374375378471285752356892670968848,0,2194875856649428718773452642114229855395289387158103722961516826739604124943753509889548993153648470236437935112263103762045599200146723737305351896154262766592049635514796280380855490073526368174975273122791084451224703891514670079048727309969847146585736792403984274897882343725717708296797123577858227270737609492520597399980598308713486643383741443586453435248252204347788638188056918294232356235297004649048452594324422880318454565212908941442978945293015319995780717859757386940555185249474028625153231960703416496406167681636383680938089628239327525500368,0,23050847113579802087958205018045492511332383105747344555548205405570978229816031926514103882739237771124729533452710684952872645911861533024246325223255759648202496717391631383930126054210959636652702104820294272570350733770705547224515074968895972908311588615862199746256706327371805926821853325219780363981229866399411004033100369095435056615620589694482898209979685014603880296579626178762495462611298575023476635976328258002689306285198785699529525867677497744342251565059481112157304523465255951711520,0,324603878408081968722018775429666850235504793566853969152003780013731613991081170528525338927912027939382683258802711233790817974197386714196441251111178267827151808707747243528902446939912654070448654991873601029302315454712771044372302175936163739521942266121114579201696325920549115967186553599706414196535051987066440833689228447224032486243624506355753335308024652583578496744412730420589013093477263696546872743107447223376723820175148675624912,0,6716526852868626586419076189750654902665034451940723226273791109463692273642112982822997827941344843837923303710098842244100771067264132397507791659334504296288281229982358454231952624281254471863594057547752772576933243338443822950377253705078085838704761109127250386596981809462280234637802388364736779147937119985800653838194219259725848018267615428708269888811883777913536848667214836085456,0,104168537433287681810255389808680475241030868680267695587215055630183923955121571800939000881883137162718969885076692710933783975682684613768037059831406923884516397069530285893226129826009350825295398794814312856089922766338980492787232307003726514578287319223891928120196774124990276145015285331539274350378359500728949118051052595232542,0,1119542846286905534600951921361023246598631614748267797990313377229427926610512254295952181424596017313068944412354727770565771866286839266828935133808541658258176457188269729561750793382518365886675004399642487617245382100622576233918643193093591483908524103855995556287509268240776,0,9146044951223802179937048041756844448206193804231432157978612653594329224258781731258443532737502993598682536439173389448929337690985762422326623192213301666513806697243005832302741725773391856555297863195137817458675914692317,0,58688482368988378726354915372992651735508121286243455391832544382513503014055091202909375506088583532249192207704590121925238990379787275195367835253644473353596351226628,0,272929276298952966088743498765260165217870532069215258170914477682928303964288297194362882660556325776233949915436,0,780237576423581167654476803438604508070859339194625801004,0,1 # helix5 r=0
73801453281658825006887774204946187456788100395353819466918167270304689872744116394898965246355140159015986431157464782701591283065319250756100729391381987131876990984093971957005059918884564700121074917797245263621932667683646031775066188266614918347573524884586070044965397630459212646553227577256197694052362271567631952431841805229006555260727221704297387794321,0,-498928835704973491700267236787192411664356974273829829077936812548730450747617477375693140976603414295787221619478131568510078858931291917364465525474186841920148836186266019819929036988487328441491649674566533157169070254639466140307108011867541028657344354990191953710905294573820880805160828762687055043989292991911697268518753510852,0,1384679635916413565498350321307422919500207386827841080933482261704193639562765826033162679385112240864968680335214569488504690062038323500724653996591242513375248979117607319121348776133819806824678223504066043126169536501196043481402413973459605718707009723059724074994502900118197121675706636047261386210,0,-2148226910864334742802569721563009027183827564112304223474285809445910322379865131399985261249760444200290829404278774832792822528022461565057372156088559618886018191493240706942680288219988877786440873218600913521321483264639841239741075731891084836026627303247726659880037728,0,2112322176556825004994344740430105840501576173011928154346557317617413847252077299025216926053129229402928528343986910522451505262088166778565776276574626913205400304990514823742992898750076063628601299306722637946785101682489267394769050361085375,0,-1401556679871157327915125635641258944564976722041389657817117813791956794112389444539565089434303843971997970576931512506273238128040824548043500628412103748202469975125180030054522784881891127941347106531687918624644,0,647257229601737197317607208944678348296714000391480610740963961077331336612153190957117511716679536397122399782862182480882269050910597792741326193377853646674479932534430431796790891422,0,-210165630329121175395303908791533794700919937584079361376697586073715238633310749027184836454099290184516800835209401964249782176239091853457600263926039764,0,47618214598823926556023285705080330123206764197864324740900740978752800335944473848477789701040890746532516626583466441665165,0,-7325031334280758629375760220318964538102548386826934805562882718211406954895561238080266825416,0,723002913097517151385598823571815248599311662022724801759435032,0,-40890720728124335848772027057484,0,1 # helix5 r=4
87292756398598021908982031814762233865889159777590546088010808898115216211997349452176338497336204044254774736155451051870176238168825211923947146147071668024296215574005370973099267917436123404532966392409203175480195821822017554553353806936810450313669936759986689800662147111905567311712424623709005296419263444854365067192894922202183674988650055367256280253763204027174741267869669894042990194302782650374925991549135716917435382096608661939203558709850505941427187637168112736699597827,0,-12204621549225986054820308111569969925575062863587913878155273929178393680337465237125714939428379292958466477572105686974375043470248141084377594752906884209764760537427619119483390046945080679055603212349510270872503401623431004360594510421098542212695200619391612936273759176663670568431350140391714397691321913126349656515809202436411712959798482966441009092983277549480636510680270355448237377068104439869904426964128578681298822363749554174588696,0,792952915451440346125500826398524712087789579975916485402650724922788346565001796158895665703187368526170164443105608219098908239924253710236068039492883381167993595599981613939626129153378628892318428065266993102782657492014415851898203438554753451250072888246050843552219344023083335864492886214301283365976534071327071532671899620848809049534065804813530542954536416865597268592643661883991124368038440833949,0,-31573224737687154812341888231808568004332316193178864176845364359158529216246164819405847823810614653509136152683334798121851522269785563177979497163170376142428401573026703969770099977955219310334178804985654546547955100488700004561172048571212677451281423381458177965566144867828333753444389671529182683531894912570990324072619608655320903695230908944896128053899170444,0,856421649788924119953891730352283738134241033072261120569437252323356273819835734247313757572179827771131120100532281475909241317353107742275942244990326536245589737683857370439196009275681635008066343241457620838265858077767681403373345736436593664971059058860745377655317909281911982190986468719110322901263392692044240421398172,0,-16649705502093675051598952341320644235164627709081192678259189846869088303642914446661516025946566519640862676695878375540228515147793456172634875196269815175252038776255878516440324040859140795193926304622701743648618612491215607922825354592052323255851913127423605768437475193723966229288,0,237686668161020071775298851429361832840428481914149131683783800131582069820391180871181678066425807841434278035141335083042691181534018793304645973763477274047924744099914415765562657728156869102388850759193649873502885169245351568409057798252587991,0,-2509521318236266318915203440444039228212954826371375498379124260000187013197072434122917157009010918396325572465582746869951850378170007063401181182373507308470056860416897079430169580868386670289640330860982,0,19447827448746204326414419930785591947812924636576381924768899031361825800817819356897881196834437327650038168134221325064039261930549226401089358154576302727207276781,0,-107911164722539625483246392918423231339026293584594225450261319688728229404740484747990902384440776625421437804446641138661118,0,407142710682077203881104392056128851552323013616336907126313270976175218426171529864,0,-938415629675330537922555254779533413819166,0,1 # helix5 r=0
59953634170720413724938202811040358086875812121330456518461085782405824725840243885458284307850549092011156453398479824225856484885791176463493165939803615483406687940122620177977654859392596498694982743907292216477857161804307456330280907621589559795694007824957472766732925596402036408049307529344294341280272846119555192090360918867094324086317914454993920480541710108815394886234387098504756988806213959751817859985840829930004394859679765675719805284131212972155489914048829456384,0,-32881943989652849524816392335919742938244090204935745246884445054729110987697460320677517933350679186217967567984854526444501212695589501655736757041921941910917274714047868925488569209187240667305367778007548254777138512669554921624713378169236560236821692063075108262160817408095776591818026531407676594677674265301825806895401100376973347655577656672934419007186576186918512522242387948202849092681701293693484691789890591263438989666350530560,0,8092659911083214265180628007941272784926567587222398408572597457985395426230721689544111407857596143020301588201550171698069300478189832550584395934964087123227642855212173481276849073672896767058265743043346951354039620324362676033658371895760337940863904806913408014914350448307134212850097148261984744313612231474809237183806201843891631024552555289984705371386902471131907381306578515212993712325918720,0,-1176451927670922134489614706926500250518228052295418653307057087879198156463851383074432499383491326942160068837140412350063257785151851337153089248809829320979080974739187227385097621630944314685561072209927264331284921617083719390452997477983574621981321864027384086176909282969348645509939684801854346846463942521138563685482894092407620694235222595787939316236288,0,112653061402105379765152959615530182221910365544119372944083983025257605977852201341144782252732812139140527677871752994897353594576208273181019095324530426583763003477647942120608574787077556830602452036834821971640258774549694395154644439577498140556446056415263037112730799187157794175004192853420615968215692108875515822080,0,-7506461556071373978212462497448725685560781317181359958857676229140094301060548857212176611166734091242440543975461144024093541720736907766482772759514449285612354837960947088572547270379915149817074743232302892521906913621407858440714845346888547172233735202529138670220043223652368384,0,357450846740438519602611305085230795837708450060733688945923481824903442588056070773902827971680587786220177075638355440724680041401271412156651410584277134236831304730130310100072143988369377304026575285244135365606414071550875249513523291619328,0,-12243968738714720399195857678478807490454794082444123227442057607638639006311898428411309928422822942258968242903008206350913734953522854331631805412457095800569827291081523100296367875443009310906493435904,0,298338738094572634098443702472262495880139149477299928499009025916339652750139216144756516238347985222452639457893974869236657726418339843999716259191980833346945024,0,-5017867673833503262017155833553459094512339810501191343967197962902629267942451487017487284089954940989913897642250563747840,0,55054671076244080663874797398440560243847855944299647122175144034511859123440582656,0,-352947738178869469203440535428441969786880,0,1 # helix5 r=0
1947804694889885265430545380011413989014763821941338916919929636049870100203160507878472669893974206619671460072085508891000619039557790268922695811032100092304871822565211382408371855377553865921640096225540171887184532558146090245503617965643412730307026384994958512895172352961455567159096760567741669175089624893970718140135831769185766495432949241238448394563174320182184425868960454264581185413891783138987846039482647880511101688578474556255091568523046955853206606319878655644382720897113405962691079088753449634454527652769237848840190922276857993184126528997958121149866258069944535656650235520220986953765288562560407286902520711029854681544560236995781985116685299928107102645270970786767092791958788186049496872846886029047345069999309016456022108376544970535825,0,-268451632292061915276440633427052733880991227006087435461646423988855194535418199101721614598495287087295495866807469615004188421150077089974486450602858619149404219794794572818411806119000627527556675053525221228280509887396287606324953257489096228755324271313360539735447762253189376772928579050778747625739888590947553959950709568529000081608329207891150258954142734970714247804221142483951615147190114008776296939681240348011259107035512748943066413904909228131235884411165511247875334898736704783161788121823299874513135570965965222559519878480955583764847207723222758986486222565655381226299957873777692225901065780982830410506708922384478863421223000675921935105169009881582524287026955766582794621623180,0,11276459998457065294186891017642076621347910101256272768341660584343990060291724862178705016367749854738270396975685518404967054430983143943339913452922243191099560842429685378270822447535348926609706629775375599884067747851536707400652147972066617795721801591403413028175232431913598869125180893277358839536523289326509838201082763981697349053467391687724049234084195098452104101426805201284189152639826816673765374510409591071648992378704439812488366301422287914600829003998794480448864946726739959311245280453312152814468621555762210737578710897882089609274409790119985384077022732180595189919968763350479415339512740649588676683818507734780938,0,82303643448200200939894042491912192708103920629702977380388408213002626592903728422277905677598536061695127852157712400633820794257528223908944582808467414982842697695578624780240044431505490524056386451651724165267999001686289323832285532932552875979966680879450918924130139901644199107688107747112126398329652032124978133266569576980606498996687340376116769300812678277255749187736861066769920135668398760033319809244232192901701138916178911581447747714668194353784841895603275941253379528347295393752470164734429205262286410524032272562282996315717467331418799650258849387046028,0,-23841234909178892571167916070073938493893974872676198114422529424250757431014402780169272170359139138529794604688587676952345958891265616808276441120623544877740722747026213416506747462384422160758042240239220080389875297665502447212725937017913710724749617322069480414014702176182079962652486973402298308545172602482869637917166202331022292873093199181432206500223741894005630491032990123128115573632873373243235689341829254248777757146938242470455301305101507198044082146168124790184617880964703418648545787459563049,0,1068441435722529905563914593093802399867870416894735738439184450438512541131764898891387750639515929627578082061628514642061209875319364711149139772357399595567685479898777431255151996302569569815161035277661346736359955246203493489104576928294122951367115456771511924263233443755806648343243152421148267600326247470135178539494225672265220941208857797390372344388613565121933682723728317743586691047993682260567576350784530538597828316647940355909434936,0,-26103043083317770570111901424738420145000518829530466016792277628296414290744263500677702369042228011487014367892508362536309195915125428262836797915610537167695085141346203122994596203853137837589588463575577793555510554230995166362636862377512227638409244001874590332256854710238356502619205579242449490165658857507821796213776950821992379101160887155150770660142384597801119359608989948,0,-88007134457327271315508799040636626898420790627743175724550216509481372174753684565784692194711109986143637831742560235240806748351147658203418586176535013693363325316638693212414882419239629294253823451024939083487284637506573811979841786005614349153419360447919206376769171102158219684667231715456640076828573744811006344,0,35238749798454151464089602326802952280756403433210096302699789934061252431355776634930890092767589045319215522939582653940948278973522211425712535036360619707207066186256326165450221228174382095837014213532642487322919668746705145568408293005525590973967556775,0,-1220173803484829449474308245397158137301595924330401232648818473485485203462015686461668417681991193405636086373783829335107885550714799807617367998284704729378416616243598115611685318668828829804,0,19346368455788357283640919872576488096595621588145055010886664478081574236808883207744207875186353542351563206647662832144134751474,0,-170397494983862958907785213489207300948904454923534421826947630148,0,1 # helix5 r=0
2187806915182646038067256368543902399421557448493766811389252893534205210314036543335721895904973225379488234608613215151899522296596835993260307519041184490151142535566590222345516718826480993722873375016614827408100574744634889005925285550817457528972667393455630534180593519769317583613987174260855980297387560904943367451965575925534747089048644705594239026940062777364925933161459888634832807637898721192985082803162554454587047713355865526670197350845362409674924380514669856904540690376010315287559311768792789344843003804526815936498356624465907047327806022497409127674612759543065487502835752525191452132022469229986933414007310535247190846664870280411528407854471943508471201929280530491546632724063732020045372826893108151272438633291874800424023603296402474936359112598227793805227732132806286571730499518602063391980456761050123644882490073546752,0,37809065086892229912152967006550843494630604032829119560417464629016075256794446389499769716196063227196129699221529012327600737276413940052994763129887451216844721367220043312871681758675797987985520249935616430835909593909323870459345897786493188684240267418750212507707438960698064665369569523601122117516015185312638004826360653051321212470448266168062516454658357080122717320621925243060547202306290857058551776879146414877998616894307615584810357775186777764102023962476634618046612205928550237140300592867653232239111785622117879824173425385403335947803978789101696689708834644271696674411391993041041241669675843774693804585136224695260640898555081703544065127164757591246723607059756005167653920722683942274841589708767734232584677148227450241872477549897384188110124246630400000,0,127043901617481730352276280743347748837964722785719981036178851543507968189241625302506309750204064585856521307946054824702600061749178395218383886003358767169584314157943281957610722050078205348437543164834291932433967051472759898937974598646217796682524539295746723432503402109204947451929155760217997122647292998540746990006021694708831488660439116692998638858818005770068504198504846591978387759891111392537393021937150480704260944376992429714653273461929762603289317170572848870859558181077757217798752007017977718651913284545502813251953353226935220175572956206904008702066564213817506687618858663006738804004600250722689223178934483307281612371510798524537887921613105431528057565398312024504545834660884643840,0,-583090562731626766712699716220171665900663674077457119316901825295270455214248315115998916942974264663431167888724495462574185917283726358375510335298334811510534712237191817825999523313621146106342289830055454861848609304659041681903954436088896357580788061659428150662110820043010643166874674901461716377971301222607935474469140851773409515646244164834325144337759960098332359517175221445059130476550675894629736339190498192838546521878109643813845058210648099756585055129755164117171575344945064932001576954013159226029316524836787353790778146299917501264607376464307914565717722576080466194989161206880745738989205504004064754789472364658688,0,-651930510728011540173761757592861099496849044367339553878261699040900284123863916098165066260870872342224728040563099405730180762219575350677192790288029972092329128758659070529414578618162354367838935026436311432685573663716651479176625700956070219208498372205472605301404772853851925586669770785878270050999108397123877755745652651821822515107805785192309948311552990863170169599124117706782257087526540875924735637419717015017929852466097466141355751284010532739233969100540794309136869033793897459440729884301797029315290298006405347429869863921990503586658136837062656,0,27493043161149088586801012527809106037244117908240322301481954541957891348155749612125027592228077048638539598735270845691735697593582805615895392680169783659673491338954557219434207110957180256272090359432037440714153265103955050294378581373436339159936461471447957390518432869245769791703537063995876352941851763357900467035862448310610964941560722224628175190381443980412128246279347791945444013579326418942779291388985799530286444348529795547138900425716787157673683204415142718035879602728011300864,0,184830606484336814631508435089702666121593129952319220219910214480278975242909098225341198839915784375340944784986081985053173015035256872128961860276649145233041630783347102875047989853349127854134514808217973166054859554701381855423957945209605706923981758439193171172278568326021048390281693699328761888287657252214367180067548174610385389344452067221477696634170234088909874648618484280626094861947045834411790541827256956747776,0,589930135325877911179061752714763439865142005580715450041605202231012115474626089179253394337473049739125121831034364723236622135424102254410584681020585118227662449230900568015449723796562841709414865759920123106678975441943126243073264722530143485495764770754011311241092264920012996608846894022579723647397685486422850145426549113059236038852937581764542464,0,1221057253780864159839040146836348828020603079531304617342947867256855201441489527671400049802614261832567294091085061619789261050697350892858255603454522923915904646371291527270871145658607433047916777793669676296867607778839087289201150654196695743086338582804939977350489358209306853376,0,1844289594141453664215420279436303817061280053113898165712388105015224433352113170218084558981385454959464282226068702189823870760050982063416109097781950456148873385087391828402287422092236667287037998696654438400000,0,2196727230046893476317615213852293986705561253618992542158016581968082676595525868617593573326027844579522459185988550454063391700734886220398592,0,1929355390400321223061332372652313621648194561697260741055938127047163904,0,1 # helix5 r=0
-119836071868058863136765508612678125882885833851326999585219984465031143719247518898567992804238250549121528252483449275499391919593017824249964441980514541311508238919869684961563247575152274266303838596719056467690495954604627373566701577313993834824730910307559834279389915263523038937053824519426459357119370016952350250150820897929504119101866990281552847467622757365617411035309736151929864892427644316013689486323513845622756955955535341433990155741891572496075372995255632557991129201692576729277071241741270720795113894749166638419145961160674562037856815654533697405402061000817426222329492880380461908031315759650549748164674674034873521064470698601774354221984586214232756522851323092146751282772698363681237566753446909728338037308391424,0,-4522747867300034075372950695802603199739008592445805862113586339022372009424916115886265740980356361725915734301222624789727785414253744806555643385733731054409752522989436014417306489358196477218090357216208500856588602047471745382843935281799732748070874916500612684885299858949700490213249388128915747509433321076703928929755715834422756757594130538221301028373757675278811224202451331660179181598853552914634002400364944238173706738838271409488498832771889431916535730344677677817057084076774662520513748495371597346197418295419088876567918046762663762529498584857147466247231709675398801704601911807064462218682843776027370876810428367369009224374071106972700275730657700354707161088,0,-79564204927899012968030063579711690827911982585656062125607402516898331886587819862545560093231488640212651454740257912527260438737975710289542544078698362761289194383650463077667286189986393100474115956148789620101559640323023661735996631080998570113393757995888649776880390113747912896773501091681628877885733672054968533044012175206304830467794203114993556886599082093143886867975457974535115447120566102507961325720081971580013672545848679970794349614445432665060639863214606445885311335956230755158033729459701053553166563419529638982765321165802023452528850204199763768683676732589052550534646271147632281475799402414080,0,-844196643684340303011675531045831500748146811297246435072649740785227456323415804526190229373081684130952341812871442003175276015508786661803189831093043019450889108954329461722263318742303928266834561585684590129818824055274846209091095522634050875319642692182426963380310018256351053417768446586860396668854243740436488049140869434142397683832112411826882207527038694488977097616527169107376088495814055084088901409405727730173264676935726434714045897690133200785887857939412723301139603078057938242896409117099007619355868220567190119221436358041596240393666560,0,-5813197296341224391732465937790128020967675948686785045056406925733764053057945995936188294339017199475819537560499286133459014581951254814424351589008639282764534508862364642662124542579584437748303750363689910119670142495724896979942396116816850926610556672399292449066716196968904639307259132427938962613163024896293954099114935626572951818851301167247467499768541085665962793270314536931891740722700023874846817821435412045461107164314343433252353856813349234608372763662150195312807296494318125056,0,-25787671710048219055608376969529607800374155486960632101142159000840555707989752594713724024797394860109072861956775220352476186914417024921564202574033089987353729243291550652585891676004938177595664832901999268438290467267192313381019120049386601190560132721732996824432561068673539295476355792527461966250763301387589647251346751075014789583733172067386585770957959473001521165334033702904373189290079297260750691544383627061871826173952,0,-64946462888733602653145258113060503327912133304145796443353273484848065142860173920094605570162074533822720429449387532257859140334409691309113288802339739093897874876311785309214589358353798050342542729660662830286397248136258756715005895034116273914348723850925464845429157724490873471335269394902964546080818613935937370972669582214169625090222650780305082522514120681455616,0,-25732796570209007700625794323327128739094648817378896166215909809636027985565267004169507439406215516652127831885540254551365819130240535942604603873607412710450464713275870393736273349484710096438963500902916528227403107035954451928263574648767779580864554271013147393737403134933764691918218295424243864229117952,0,430931319820454895899743162076090335572758266040653223009191289727648345117837506799366262482244675803335651618920274857226354009620563975010104118128514645603467263245938949966797542242992417038799755901954423676424628818896398190849519966959377055744,0,1609787228078924156725107311450576877258888118395820182151137886844751801683897788988785224921037227663506334414192627060153312596270984250949862679794061583768273565715130890896212022525952,0,2840930695333342132167203550397499623006926123979996650966720720868612980253378268374451596879016237197255308213052128356204544,0,2609849043656535744320903190086761413181069990954958042815266816,0,1 # helix5 r=2
10669697029133508475055665561484973139614845623462712872695927923182812516367739572772622353670903554606112603467477018919886006593016879430574263288970614258394004664051948258339856316168221727678563046553529828895622967435294888061946486839565731154735764002929431577869815682374900155339957506074113958546717734875218647097453754252444777559549421204509110187316642320415523717469741718688329427309792726641092655964842183294978600976313823734272115493324275705892826560860901188365254053479313798237398293437731203575032296164156578717128004124001166550889121687382471960490901893352357235804909130483197986543227055284886922903334644367516845940906385866473184642524700337761404804190215542830701931655149845247586283962392224332462269702758464204935184819865621529774087725797599438618202478462726593373252496256375260416311465325,0,-32835149326494569778741779596239578629493665019486085033733558489567605902788499599747820628323021091728909377393065468678833205981024383618909860025498528270673940639878101162601589105106233761229628751911633892870168209699378043895495459345559494874754883409744175013258725865934561907068220457029118815967801071327319069072824751767770370046609038394373048044753508395424882863003817377543079566810724842668104942407286176694749308690662883070715251264840667357972474052403466518493507653056277662378145373350382417241647435444779861932872678084262024379876628248618150871364481354076948486819482211242914692388457707623643543476104556556782270232030813847001693049460289569354239116832790415784406105775785276102699597615564478998965567124368371454677701365235500,0,46123893659949270430307717657796140045869725780734309115450367365415183707368638849801815420499092614800198775162414505665954712057632007143210497355909214129973899822657046170083430054104721186841295345784014934597964679642395731683599693939549875711362855563324580833300385782242797596865918396255589071096903534079566504430866236097608436783302611895182266272747476908138257850074111450123194206013669925348457672212316520448741160931091009062919750849272180474352849553084031884660711835187186582100750698720484177038557276566372279510720707373907129659187451920473225564496475145356384907686305282270325170136829106335749224741265106325128194433778238867599290635462586878230512939733028112976,0,-39128070268541482329599034825915991261094522731328695727495918301841980986980726018856560755525273942347233036660448122911090217947440561616661091433365477645733791406918266797867424092571268150860842696782446210336216717260068893411487657437365307200467767659962125827521771077735109882602475707730052280756683782058742964280175771291846416007379908661612388961474625363872430316603059058210585887920129456385030723550616564989648052434839358895883810359780361758738163409674948509469443711426833114465456491921157208540898629503031094093608445331765412641311516282161269720447914576415740946800953266250290042007667946439857196,0,22364608484030810888907452922725017726150285896104132138157689001721114673264453193581054072487549321201474166005283735987452175160344313343204981731486227982400151034431118709980940955252815778524658664737372335234034972704122065059472179661109396194938217354953426942856917947158550269848004759355707494534246033034314882441112583732516118105207667610740309744703464354671936311071131025449922049488733158105984086321797449110674491041381799399254033409931253357503779434234735214488992042436069187545641411190465225053261088448050473772030180099030093291801,0,-9097291875642245362051806197185184754519657101347197999830124608693236916562099911016691803557244150156054756453896300225098899896945211320077309168401207154932323471201977538719418794461025780474646428532540365659173827100560302300160588832818410393124835631962426339102553416773747408105510609633227289459542341003572203041812441263799739334609328983065915060920581630590190501723941362478191743852577343210940585347298036087335347227539897812305378494129183677468418348957913523197699408,0,2708605914940494263595980292953778943959115272753045891155280986005767494304414043184718610342100060417164769679045069413933136889330465567471589003132541659372394250152516439312129130985120617998965969894761029234735132276493184400699319906234875904244506886428016885103235407776786817655793309272845545799969362616023829862447603853836095846725976523373861001939347897956003589539938397891671261012869094993756617639468,0,-596497407245953715578903486056435925376590632866908613926094936843323524002324113913248122917263365095711708461994709142074847741448034648546670077386628686388480018905737870276140733098175388609551572007401214610782355408778265115381533726218153740055949441064659782843145562882241575256612409174862095188530801453836222123052483885897797322561213136,0,96669955275849031530216162914977844756537385577000521883251204296122120090045278395258462512645342863690172989752998866123730820411583218569896262985094805673085360235707271329101885053800019053300548140270617309796877576450830512969211678193982141083659724240041789277378472470463,0,-11265205555912282211645695214079499340034183019610902403913910670525632047108811111115395539059614298033782963719411984468871910778261732146935405916841111388303636032878169734080849560156792376175647125616890684,0,897333904441164328610604486984548663921971760749291063034282480772385976849068008345639107881323337421287768260247476564572215307305616417436,0,-43920202251575494216077112220680090160376874141425828955088034932095548,0,1 # helix5 r=0
31573705295885020855847909159669977390363989063014261171293049580893848835510940647391296161508159445279005612074128463659856403984254311967912682492415138811036784824444196542366551491038976178545329936369780025281214809066766947426895447928312556046612703196418039244230209304123127310139652091411435840858587423885896400987933402490146039536627884024429111628670796851306229316897771428686565673212200130432584570054157408857564236241463911787268506303423429579414487906969579052295844575047510308916754866563887631534672228805573240444130253227302908457877672592622838688029856989083102408675803976060599678264961455987633370880424878229443808312035305962637048399558218424862898773890489805506460059,0,12485453855628062907658856294078228204041630951442094420991749008592543052077997782335206485740857394002180797292977452504879659014018852648415414748085700445791807533236558356543885238497663111660762032050464722495291254163744723177965977070652654599852784997079864477227792995220095764343108877786692063022423061346378398108493951244846204148261594712963634028194405402388529705482323227124688025977534437789222108237006694762825895785660597205051923521702836640119435076850604540825368028086524097075564152685798489654210431698260837449904852106608232072251723372421722340000483099751685972642719602018717533766511940812286054603865461469205524,0,2200516062605776469504043968395545557124214239602353560696230022706302102560978389033168290108737646943689071828352574804004843402005279938866822816173172764103635164819081757515118401078747796715356021482668672955348354248961827004842360504409587923837965364019799890447538955767342058292509928211650200994884982469098097001793519216571518587195385079850413386070017438496814127939463451764222073670317453861060117191810089662456312233012019472488140431723553812995493117417346601587304650671990495390897447191821587583911891001691852337336021899634210814130027147763145717447908241800208,0,226063924145426300847087757581344427013732385126563310659216925608029695492294557619634853173005680912757262871550678164544463146736329868921507788900004141234747093134191848202590779543862022816791674415791419006058992063818303583650593622020899003161105221450289261309565767596556718661460885330913560898898657119368559970949014597993233837960548582171905684888602852181438815122464920366036289170061585411742197757824347858591931499460741104200106822549775011399170438771562571795356377208272515036295095533673185011838070497732,0,14857847389388707040602287956709981757691939088034979848839257114985030661901575477915499057482520000634183063229004396989208322195878572165982915621905507155596495944194285106116191093139188200797550215560339456842253033946417471933088945982017600336141593801278998896920359016657776755849133946099854400658579781918567600036088772820178278841010631668810434937638341985835814274392069802459160776151304412684659831680875530515019340552451872912472457741306544423609480154,0,644836198375362034626877315196384304694422581923269360447214255598847138513849840775197425671351149237169774750741951632495164351059864576471080943837776357226351974086418503313101666028506956669281854220269057541828790209113267908505248384308234106266272802438192986233336077322033462125527641958417734530076555656328570479955907248827727588268412166097338836688212641109583405676463968581065089047802804975224404,0,18391242396038626466992056182963251578516153688802811943657256442923600816996174834580397873494596830330365054010609368622541446275415830123156039354616157180155345227808370989329108617671826040612838636292927317446688427117859285080398134840694191892335037433681991412580291688776909985395961511857650997537090258863532619944320094270586258879773607212948,0,332008706893575549204079532557226425443928707760449736257493439050040940471908095998313004318039607144917808636976724522770225826285747369769725470415469446002574344155988094369212591753901588284809850397179259215100962554205572176639156354423473819012365894061148378080200417360479057933782623492,0,3529190042339811354172348188721278869742258376292877109804419218984736599265842347026906685611747406167474108164914739550171221581482871440894981245269961337952485701561851385728093876692587783089258776125864874323148973095635613084413361,0,20524237295803043348993909703006616541937175456190600338167282885089484406464757241300455007001430279582165768126339757522337606478605721347798099414643578472019593490491109006604,0,73649182232385792653573021550491300979930691565319980239629877047587526033847308462974200701254493147484588574838975858,0,21016693460268558691009208326830653894790064584774625140792,0,1 # helix5 r=0
322649084582360573477912901675728735092292946723023125446287011027345248577715492936852059657414248942013146461167933070433861224900044306826736319083077705251671912888602437100576924789933027474580865174557086037302328110044442814414349305798421896398660889686367747563253907902474020695558941363600527062858788509332338051537102721523161658470464296745781204128262061958913184309543199221215882430156449792066322535061685281772307447964682678586638046455263965327641778698181768917397432396502920763318697337852386036059614920770808582382065840970552707256114238932286427217409750154192691462392094384495299986176683748390168148175477466434715393371622120169465539471788356361520795222700102506108902841382860683558216635655500420311197918408789017340310848012145926364799,0,8407930213762162521343314914284250283681964274488966583350835717441521959124708785718784402740790976237852427770212548139994817102893125438373134323343157927774173031749275926495727165993057661958295554647556143526341473308907556822641516845028883193269808283223722490715650851986937127277136964744523541425320863793564048947388184032176489573305706064600287059096429122600664182373601003592521708896511290540333659924160067946149602185967525304459108589427941790665824690557628957276736580173427925464147947303802307354248459963292424372786339315177647120457888753595699998253293192067829640259734891765977523852080750307853026708875895214414436745162317823924698462406298903213374401853832498759513044115286,0,-3547169725417755293810609122704376047732041785946607810319501333397713531003647004953971153411552211212861657346229792200798730862286971990978852615539238684169434493183203273866171294395201170126261980383676157198894193672801275368679274760280595682209044645561301499285786705999829108714376570611092586131864134775747884129474496983089229031925997080492950056631228037372357205848763674456355883225002831241324035363937761778671137539814159578964480615734148246707540291421011039992332430711813230627200769900595014769297558291250888245573546868379441799322496224196500782172345046912021900520370306689341377102246328879352987915061374123589101,0,-102891753875086924411874599682791109138740319225812479359795035048771388805158487072416267612261105719599298506152072261052307204369521787095671306637933092955495779999479141889010541863279933941636057227129983119617620180179377592756698867035730947214795445573230067475782844179405302355601787388105375922068694611288448698180185597686474220279438331109921621883876326346999821210641369488473109325364164849669849149490268578944194523970619904334362832491293571742635239309668502490156069963395020001974144216925479976092147722287050060273056221172294345180108833589505969173768440,0,16886224790206805428997605591359747069915169249660059938406059697141693972457829926478051359922154435391302106805103600107925102515199062288256538304224613165394596620168136877140900476454984776852895235180932972898027012756490962705623793763340674742741224277098051473832663588347704806228824363127536550625668717860094449286115846538885637964916259350320485350761831065167046853661977295188861420560040860025024163393180783057193403683896277657592597914974429538838015385367478366716974388051866226248220187974370494,0,560989977663633034533996941862600939227171199219751711458973732029249503793846162015299598636061710871490531177348361645214860178781827577735373436491910694814917379197867813420258277869321540997569224617225914052371067145773710659217813702434916480989630316866180069736316860114974046318929127122761970804290041894029771908301098514653239805186555237773261635149515441093481973389799838744801549954114573176272757726279999269680289961253857968491296674,0,-29461238920952092652395285639384551516416248806826951042032097682372778737826999661948804909181588194913931580045238920911379577866796787699604393141315490516029310677907381105998214992964418773830950165336351600573371900252668959126772290174562555126655583410655242676875578062902409990155215823969735710757575490039339373547700069673172163013065685488520145775262652542181495318230709083,0,-1194072938387193395350407828860278265046094157254381030467302571362734371642006444851646997149684180747762481753381872318173249418405497358018238582444207354678382729023073416582181425982132151180873343833937182906949800644856923563079307679532038437810091403669390450715210088273494272532264407478845648582132112278359370864,0,7113606673274232594292378652973344199401105671527126289484637563169514126000584559949838903123105456499849956658434584927558241064458700848979490834508728964281628461888255677509954585183824318564378526659120481617478792719728424828168707883852686373384897872,0,776423120014625405946748003023851074659103325200731365198984240203022047225098682819920643639707726363664817149631539469632597390857716397098348246279831874796702197762436572556114333757562982006,0,16850028106228566567015472954882900304858200874280334248217129534938436931507303608017521319448789853664027251698051625500064598261,0,190558924652944276397283359980775021250969001913215741409695830284,0,1 # helix5 r=0
533236726384585191151891425397520347080216653955944718773175801661852412610345220964604404588931636106675895564936682290495917919068854811486610691183707986767097988357068258687164049294971306000644967800972609561542217752989683101135267704590451795532274468365015222071186990825975854612299667084090219825220722573563592159125253426719942837821178223235910011426750807957949662605893980421770052808641183952882724489607904455621364563192876299148290436058349211781898651799158714866354118186955768622909624607471196545276262071894158044538942495124583566335496203203056031726478187154395908363309674946194990942545899225540439835378746043388884858798463773965724599008307710109167340885020242639431028670771121,0,-161289211559931474673589598285578466062119220885721173943697921236490546914431092063559888092324259237564963024079328535252387917539432885475295406480166312841658309659227520699444866816525884816652964301032020181887014934830792395660860469948392755954750168700979372413209085752489150503055112223974414191643240086532192605786341336886693568026031971813968794754688191583571245579766883989487757317967191719002818384604419510366200680353391784931860266786290845605599269224266729655783228128568230893791359998565488330530447788938170767432191681363263676002645653806931557095435890858330309473300960717546316620177882531331899810261736892779593215806016,0,19454400577530929978711387139770422811007907471402889609877411800785842834093529029906091613030920137554336375325911159968860429198738271033581908967307379735943068771423021770658575570118834295243933601208411097013178715988078930967677190643949164898610338003790474746458661517333472306162511692279317733240603587143845724348894344527495249927868605290191414191931873729927365585348162297460335620966018964876105012911589282314944831375015960996638140673751208432038973399815499592039582605995695173733710400092544489150468033589778691708271148594285651269027654671780943529111023037042015926924,0,-1290537731225649427420539271093386001947428295386790248343000892440093268437994842119691579860611943571576058047370403317276417032576308105269471597250106894812578154509783629074463638102169541348435998731676068547204587459835048872646423920368660428760552591269476766888959754564783182144376052026073262128273174131440249839395363039951453223602268793825503098223549742873916849888317157185329421311806725075626370204250905255474552880475236810016518000733546425106871570685318781115240759622011376567365402973437281556167641271623885408,0,54130532386508255254210761861513914202677170335416975229372401833324947271126539245000967987300281910679551199433497332078495253920892486971773706307405602282365648072699677228501476000177859299374193742004870303964076259125934607766743908811176252287580072293145820144556483870379808927029100681175494447691551293905793762876668281940748548385826880149583538286633521773949678790874985540426571147772569490764263600993443395605743625599904849403639966703334386142498155978185301,0,-1343000423537410163514093812209948909289822951313214217008348232540444563290664646546082119995061927419100002409753598334900326019466848521262885909080996185503595493496781191878347276073314328721013481272546784590077441258110193046894640365332250473055873787923774987186216177112399539901803531331625815332671055051312987205085817927856527270695251466564859933394781634239916814923691550762951276177342637225674031412248,0,19494991670631841522662352342063050200336679367431550939504005146064502993453039006399413635538579467721724728960474193618175376335469898692134729303542229159022664130034216600632116425692108222609046867283986306581263366091662358938216071086217080458496644398707836320315193503514681345579998019882424039657914776742377661797099818151130021748423553690536087720,0,-153117433780286569668881988221293875418880983342529639975988959898549564508132528064964476958568752342367087226687896664309834271934031438343790721763104953303356631501928095031425961749795953216841065193485739519991217370236045478378824913982513896393068027489192247360282787940094279420445977274483376,0,493575575398317311522878899010138852258933039801172125255761163005585481825326995368203936401309333103108745974113064334532757425700445397347872713688597510752593142106190182562874424653218633058045236688437176265686573228149040383820654607579,0,39085769357631824271662543052528200883284805822755064091132051376621155267063516279019725247138461185480709176464208763335323854168446185913029404054313442978167805397806940049706768,0,43378317770583412529486289972629953787572130728857606176354898805160288755640831698050863752011625440696303530774289599528,0,2902197772517408885900060674061546606086051972655016341790400,0,1 # helix5 r=0
-14720690090446841693240307782626470862413928992530328152768572694008236626140466669933348585536220890473402645689157722115433154459287551291254080961540834372416825398140054858521188453259045566429657646251312167239651549388116479014750476568319666596627703701946711023247982228261361657638371788231694859838774940185431204754589438130915031287258173184587732700312528536436337416954164950470386490747154462245673838692641782623138419701058269537807133865956721919275409563140892811571905540400933834834650231175033776825459008002685687684314671092325417446208115149819877857916020510362931186504632740701826612087044138544723862264954415577498902411474349406693592085804638257526522019578555582352297127,0,-1443708630607943611578319043112833822129046527942164663439662049012832695444111305402023420957761004215282435562629372009763615387272026298852148369315007162151776214893760393669685669170209167056213168062959352988547150951216913497447698065309261663634416399182169277215358493595962295665763982923035333072225320096922510980698346195878634211217963993592595005324679806474931248965434433599177658557769169576646421315503072083491514946835766321427078713543176330152181568061159527199806543211927371896549024395396676437120416022790867109500166009126168679650318924044074320320597549242070598553385498490858733461986753490550760372582493664355368,0,-52561084914955544755283320803534946211172333305251205873026237475345904561944378294388188478342491057638564872305095579303910140153489383869739912326366276617570402722632948241204564765648366593667239113692170268885127080939951420766174956715142945464092875118870624533609180455834716698522757099512471271918469720565283541133469664227482966676681198581879191263617144193150650582149867416958195398044578245885967902478561544509635441447307116602490864436199062039938234449178230983687657376267053199166825369174636363868240258143628796751521472015852669660170337838964760518143517304450,0,-1144913769389688856331355214283255739066334067223107785513950585548107838763242511877434345775934251797843860214007182216700205479669287908562048797846204287277713597570078637241095604111269093845017691267954433160514995216615804266898411022792676824785595561160039598640958518496849083204700361589445379149923193216710446650655813479732088931462902964825832436616442727632063323733386087947926940006169021379648578480493342010985419716967754806486074772539506205613592689267604153948984610783867859315207775126735921378434858268,0,5720224805696300429988181934601942009137449655693642708220851094257467725681333564477330252728480720874129368298863675806934223229288445766464208112528497701928526881183864146519170227097069513478531705531702834461034221178904946269124665507704237305164703683985591921843657122799732190068074357683080116062106203841070423489012424607914939471903823327008616150934295820546621538207947544319160345676183755075503978634346416191083368288782216264297718262683253525224449,0,1311754249640913728381298109105506121132479383199399809158181195881561129215366804766962353619760733365105939306956762713616564761879170841635061398365331440558486933964071551094705774137220058852234804107415123242022028454278350618420575861318367342390748851889404221432020806044828520999676222533040392386038779454885065524805312222602350259525121812526232224407772801801669817904225494511547236902915136355120,0,36413417393902903993896698098691515603122459533006125018321119134844146540422712683562520435920510881914607188533838321589458799843544801831650234547937406603325170477194120972365950950590142311655957788817267850642352577763649121997504250343912378182066090619595377827354879351626066456593752071712130227753886072857429698589526252708718189464606733692,0,912196452071048887860510470290390776173015648965719596803934635045018691751111693511570647715470649621017793841257867043017179669040607208572238656835894075034473957632466872775650540268512000969472282040243373336373224292566203750810932379689736547072449220596581387637646090770357342583206892,0,2392296205278212500192574225978035693653891102800262193534780611561257887131887197315598449242302583105923494740549811695591944896450116511556576995515362349120194039104098058771119083039174935948960290812495097012952491533623321312620,0,-51900988364325408319947675903001799907743618424521940875336531964967151700889059242914743762221246151955890743586245380784570035501877647850952679984053117194551901084370857752,0,6418127653433900275780046010147818203175919734613872963258866592843651919456648213926485127859267852169527473437117350,0,-117911447717434129610166018061109426021631260826602449934248,0,1 # helix5 r=2
39942168775477497401744089404398139767416562013764263931630910727571600254427642198246589996672251623583110956689148927495990581925920595454857269980721428214093959186293479497988944178132085898138001379530362732186732697235664570624977064653309301397825540945269447313732535266080973110993109029473501841020440641514374138474594100836811192746252820804661080890120191936812791096816325550329218075512240666910290140646645195512809916145253333088098926076736872373636314319608449553129988288017277263792519379224031251180278677462871646698988741365622066768587271419270305629919343355035955077018055084048192989491416429732101511711821115781933840984942149756420499203040374360601044842270687232,0,-71480315990816803087026900254176462787850894534636407804584818860412524743164058908358514266487089444427001290308579555527538591845282953249024043800333652608758721375804586961497433617839924823446325111685590348987645866383171463511838951214727859821042332825346856320144701444516611653404603967912849773454349541645572436041361658125007900002118976989690595858083922256966889751092063072816199002016411656278784950252713990603919489160993023498673594653438911023092400919829326691392048925599862936236122279221709715234772148427767345750377594173031524422038507026900897818358306579788116447123784834369423594421237245378962264086806528,0,55824560804530372036695469846393888227299458457333621386180255026468512715236667285475494772295595414965214690651529659965994544738688926243172436650917896200664343377478328520790561143438792374054337802818354420082460271730954068693611647525809489741441615894394812123747391244782590797654685051871566467696588967792764235559865832616059222980965594618124727215429015972386751596578960018789417286307687654601791780118626224527654843320771582554952178111980666868897880472614750293093611317215706512230620127709890808859364416607955105829284906691232509925418039531931544881987584,0,-24760350277359811999764358936776267618723377271981269604684993651490795215923958169417012233507451712513421102107837772080712103004117827084156779772839742535862650149182452178074681153737416615647766002046936823531383149408358271051684706565833795896026751192236772876083153733575581747665237493620699579121368170612160158960511487940416560963567309290886413888418367965593246326780189362954768735021507896113848489562431382965080895496823597701842099792309460670118725683768647281237046522165673135824148058988874397908992,0,6773175611199624201814313885782887138056266950474998947435041731621615015218795537116163547413636166351993665938740030270846457978547296574143915593098880037308402674883754798009835933131635268497668381853959526730699889846541894338977069722627453454106560463823687814746142036267230867346567588740402921240397639477268449053472496075273668803509827633026611039473484006150891407686714180545787484525199739316681954131942588771552476550880145678156225517150030266368,0,-1151595517877566727499095208627146902651003979821624692989847845857320685014075886567564623378141320175917215534254378763175280463306789213709536543328158614843919361144005740833228510624872370435847470197198984021255677463451016907721129722857725266941671126544694953371533018108815614572815362425772028713753576916468113200194393765902886487292298295741990219128616727298721662839414541355937497237350776832,0,113500238985360274854368022944599528276531812865051945614549578644516075685566909986821824931817696335875982763221480890759589583140076981048724347276827476948865294094177585894119133614169974544978660704760497953004074203417294656584406098630725553344299613351094989957193713722038594222114425162306914728653099522234442908114178234331496867933716480,0,-4767663936302629835092799779624487208815147765302713948882187992117393302385546675672873517781348140133631945176445407817966195919431683398509947500694576173036213191413603388894636591128169846895797776868199678819934809681669486356887396887729213375897732562986196352239809038061500578660352,0,-115147235343820416260591948310369530024500647968154491235877204501945293763755764543062010593586450000747929631522446645917260401984165420846710891002966368694764863215918272362456833495920731593574019853194390215553626128909907001344,0,12036415422383309051873485499670594583972439168187712612414168248965738735893116711180118937269158246481557381903236011952114117312419842049161010740774860068688419124055900160,0,522055853053316259570666952847094201468517280541855635849093476399294101748822214862582375678843435531663404716523520,0,-50149411206729766340372903575577122094215436336818078875648,0,1 # helix5 r=4
-1635276063518286336176645023303148874228783548437478360200844258106954428132234161730636827392576306943853871320218025376908583873682044821428398187322424737283475354475813679694402546793734915058546955475046136419349608001973936323176807901923499134499990915070287202799102831473563086583552504139586561737279207696749011190170995204981371907690208653047664565895812613018962088738638731774251313649056612495584962737902446919856986084952932575234124616597545520180962556071870866518787582736360108711171134837878760012144375700068605894023618832836413327612045887682538766790225055190578411555442095592362149929635690019262756078673488748240322887342644634242208999075172022982514837803576976129044828432935649090520028672,0,5036252968821789198925810272681615499373014060147525900220323500636139359878831504188404563265591157047286660264224376811979205974140341262349995377925170991939551210165116550965026399648534768998985861993129240383148391827925654900761205145697471369379234050285416560968747256594298291074922381292325077323625640899154963718882318403899725084559111558407849953379043473986217942108270149585615683526037509362728991375165982327797547860258803070754370544370323424792471564680263842363704810654456563174573902650442045251108782951967109936579703313828439288140675856284321079779716584494017045793646858037010922514247807298890406466391727263567002558640370566915584,0,-1333056156792110948241683521967638738313671713341856645855217514785620945391704478795483297322331485095104174785740654906603624243675980813811526294828286083357549314183279295800011007070762439613232441347828175133709199137258536696463918692869499556129529865285473022076682607222328066421914846428319747828068970223910159024356749376072992418616344863611428121901571871368182060491929497771664698034867723623554565954405751322420989678519972277300412421245860602278573010947515452962734951528564301186546870659908979399825637426568686058703922186667694213465819595028973430716642699091021140798561697664,0,-23562486723867442618422003569206700114178294522622712937864799477549462728716055023976989576497706110347316820800203831380553979361296468508170800925025579713656694622376363385284395205539328331170932958006488865346781639429416139398620237453217433236823276072555448253699229891526881694381006757191582453524386674421030529550548929895348103790882268337980875278054371961319821444340387419485436024513031147063455126596652764831038841069931350492359871069118489036212164161447924778872666472153978990948660603344247170991685969639813976968961280,0,57621592843912569214953098341322799100355524479947780261195536459732627433561583829195139373132598337936109515044371436414942538037313074812534086398904110657520385219305499183868740999030521595294596815019561984972336758166074123914356380643470262369124888461459204209897201827746174763234171067533356533189399231238620584730353781576700350184268867277397963912732519326895558954029016036800592636339402136524598373208297711434651409017246550941864915464912677698285589096416394673904,0,-69052971800339198399979081423278273874759817717134474862743385684856849813425353826190401073582563873613147384198145540455858207869377885462829670474875471809051110668128770723348901451822748720691450353113668941516984247587116484708105509874830273741063539289873473838393647156742457763819817633845765961147164811141938887348440892215796087007262660122744193422574595944873818892812592328759124978075573771754953427197708320,0,51133159573510013841149701207697834416358553681008142983594875857918066856057120944376969846276802734644932774811649506926666370241046772404812281388932514258230245098422474151783917594964389939925355807534823354912961113179046789028288164610173875462774550320035137905036497583507700918263227906506023545093553234175655498223826582848949252922196996367306296127072,0,-25220834612180351194766690052213188324279179979896723148215895249184401535237238245474810354218710621498519419702103164310176740714536164848300116747491448723412502566769681071454455049844132824740191796340038789519933358963547528190815219353629680251749699769864300907615813142585299203194981679925405600,0,8494667878631532993845034334936883677535894489964714965544713310019665074750904591023042098560378114135281615216347855571317417327702707394477640091323516889657539126247811807742816075152368251260266236139350396245116922255588346900078302693404,0,-1941062293508686733749998553959674218157397526246581076046727876102943501838435683169963592132249853157440233286741937455883183148691021459110885601606682431561021471852569439302768128,0,289021099031447987493672929030839075897918018136291113594894498318491223269439350332201732837856320674535359326275682703144,0,-25381792190712893536219771461744633102585747488545811961791556,0,1 # helix5 r=2
190016037892670083192964594614582013477311101382502987649565553837189048100800285672391451862042879903395328452817896928784984964717477280095312768926665102826498452583888312780968991254584057629873456168854419514277384373785299085803790104727411386671188533113538952615217823481909701427376793627825639440062864624302635254432656887287077243126659020612430521693273709225247065759643382226942643760869527243580142086323474715979727593180183579700218994835877516742157670959501968593106267324208320313951683166554950547872512980890090006023534020845933139840062323573276409191669588567945273920463127280805572478463473425569683109476591427768635865785512066488865610500058458476102472678779344175898116967294049847843582930337385781157682974524603003713225038521572423860477755392,0,21830410774534422753251912646614378950169942418019967492337440748055431046307136599648545281045395064528530904897279815366621191923733796288868041539874760042736091810169406625567468975654436231379924824570745155502269723575289690059991508231410914322290380195496145607361323851496216946268432485558726907022728584609506791330160914552209002417652994845721781004585111237551569508492328264478913972426246163773079986679115135985399403122813312699802708433401029030232593513226146058550738615148196316292044655251415996898282006742331464868558185222211603107351339127423504170040483898796700268037061482685546008810248060771112001387082799363279192007623646471269141206165471231884830836008172409244958002210771304448,0,1192607079990308804027276921429743455900619616566312613928777228847596682806308266596185977633079740805431926486937935671355822061942589434862997355225902076987738806636385566989804013415466335396419035119763283851631606482329242347627034623964458319503995069874727642233353138657346560224178295794197979578461707713703612385198653005060163144686022570358175124881871291010361930870631759703879776534762811099096684736815406010151011203722250110893158164943359718241398058175889610872509982748980858426961840482887935126596813886642649729630383820727631770638275737087304282506180479756051858362928383477800007825683863582202390578474407528579981115392,0,40975419155850628533505519522351990139219955078378340760675173366646604671259430577092705881828505358194056626567093249134746721411223463861331138559954657649604942869881015331710465286808019305084891441678101944168792754814004169336769738974586138001042517552579290800065610669064344967069954055660523972517062949503209937937118584796713354472140769580163546461396706684777537129283848649386335084694976908997794432365813868988951918512147867350990685172760217929909294015076984671539352929979478676522724153911984300979151784229021930096823281647994639649037852385133996399404211240960,0,985551696164015190349377403129579932100354226374641828240985269946081745827425513415017847204330241155523065607027698232248791047147430755967101591653646195289815679375684543807099020717785467761343546667556854485703064878199691616985253634344318212727420333736783635767662962073148501652749736859548295621936464713769993374945385317015340567479756412300100045758432431259986710196110027856463233706812886139463141975850800523379129475259899932995080988339350561718434504853849011960051308933924495328817297537598700388352,0,17461676291874168913663560909637632847404504096455718114367678056863986521581847912887507894341941801652943767490584080823009360882633477065586401791018041752972712917753090983615882213465132788457680450894170567588336814672829546763510489373589780882490749120422757863128618348333436721571370499307157082174706227065337240786211488281272811973154916658404662785230771664891356681698232098050330248169072647690143500730227831369873134675899227935355325906944,0,233298303078502436953701847317497929301384066785890493747110040376941799199962185534506064136411507052786161749296111700853680979277945547287749165789182528456361615619951074188744383884168522273047894522414033335698164207164137561978283933434422805664691098759692577308966906211472752368634330575022609373232946469736416452080833706806805662108277484317469312915299003695363955317153091026944,0,2363324986027231416224754434210366417862982596813482845055653315742501932904994060853355693581619713965871645234250873907382135902825342246903988189361206395256969527757538216820095899873417746499499027657047688759123055282386188229107497273257390206590534718372720965311441048140586634516423562067350446544148627562426605240320,0,17969591835522152936269843082503792063538468321727446115112138678210655906438694923572340719795914546713085133957698485746721935711095782019485559769953432843703991344786315964343634625708873121812715952078281519498778669094675796697013068660418270961721105448960,0,99723275648563392533075493330841660372680179226264311052154449779728398002062554372281113929813571620195847780366402769747312234667117591003031459712482406045390048383190815998221266518977636466688,0,382205970479445540746277398884998062569995467183749611040873574512141334972577943505562362739743211755518836526498643700823237853184,0,905506981618632965955060637194186367618226823767662951615936069632,0,1 # helix5 r=0
3790194968762256923521184461766019783742971056813221151104753869222876056767382287647820814652587984526875585490596883998394787413175507628676154274302687634040176690259249989621579557415224620154377414254158928528600318459786084247014114955677369220185818530776108689297066566658625433844582497035190965191604481549389109168184029743025517183236013095287545236611222885760276879367349316195094610238835120348918315772489458781712365715688238274308000392438599065900249939590640488939766834998772561516784016783836207162014787790141840810109802486666630081869564717037962752631891776643728607609621521940201954359811841602250953895968768,0,-245289761835996191751836768514364987518603194314459160368074081444481339027242580211976564679103945220909744515268545088672440274633515846112335656807577048344854164238751640539127969599395996891723436983759043285709403698638326448211574331029492246749864901555613306225917316758678761990200071742266834283496559110872603234521349579651914038018758404193274683523258436912054663137535821818725525230164625743852274787128857002676674166491161448347954809993911480463778168642577229717191400518639760224584328875481251783970865045196972302341591351930503185524850947508492856429031456768,0,8195577509555546514752588321294227112410079459947176391811542070905508306308215605142847619765182030332356159877953549644703738605974529391388866187543068536099685464488013410013623821489659880048370777494488775379293927640596219402280122662731773136405935858690645091067434003958060874894128766689365170187539957624501744889243626018112035315385241059993967880029476806426363382090484301642305461660574361808367213137527594746677317610145263509662198110704506948891127949660699855335427084991026411198113169936246820590584579751936,0,-176326998089554361735670631630127617106641371809181035818713880769304215128449057123882821449627974580668310008800601062123191342590645083669045176625106152787169213522156577819256575474791247720241083333103337775370236237655616872864885091719144182391761201268436743234772050502925506669152608796594528744095818596266253265384892920815950069237012243971131227503455693138893261210349434586789061232333738174464062957754655092506638230784979073671381931049788619658057323544313856,0,2772476853523125702651484402722598650964974634723352836997845366653541435990141334288179134507451277818501075047125553849398207418841363646771536623315830360227305219477722724599599943259525239827289383879242342896498697374627897754218645104646028691530383510619161097708288718506744042825063360777484713379028594034945308555378611739638044834505014897497367067493898181838477030495439484116468845787099721896666515214511898624,0,-33774978891735401540131576911735209643334167777470184264379716093515350540415545123846693801303438405750523077891996246668184656200053528561507210437009334257746770072892833204545251853963586858830798242417626695948007239159605290776922345015034529435365141487346832870861516520083865778887911967218355319025699410966436560138202904549652619638207707781802279164665208504320,0,327974282863871785042237872911995916150690768993870162820022916468078390902876788073972754416685865879317477934085211275631466410005703069209643904497091308068272120722004249536282687423019576380737823919710719867091553783997755232149831094286181686203060911951890204794333840213581383829691275761583431054533567501565952,0,-2553394343999961444120583642675452114906812901675036940044061066412948576154508336039729418995905520119056560771085196309496176298512529665663828994564751037324176091097820407809997468559064402821017455853819218761074885478370338431984492081177393497038790016632881152,0,15850184979286950376334334024982622657057043023049661186630816009582448472729503261530839443806712869232922325656927296613166534692135976242984865565295589947198544067648864924362506553683896330101741409981752672256,0,-76983153375053887124695541344742313984453257842720120097141967654031063520279888765212063865771099320802722564112138354384880890157453147191126311412802649063424,0,278617936625973257489318264048849650965720879311066005305700606659392550660880668484286008165137568174702592,0,-698325271001026428282992626935464924082438194885296128,0,1 # helix5 r=0
111357633642963452180484990329339833309607150761257633327024297970192599345902388955553322970922888193794910295510572059777361507958985859171134579113434798469642626214212533424065013650791018677185788965915732427085207134139794496725323855470032226026255311431518033767887029516232111798378919021782941317866237268940324142644400021316878752550344540319523371721825725539480471880169071142131855578362195307600740271083191293543420804113828392017154942623989938245789846442444476655740968316,0,-5192257848687344089959863516299081102082377294091412827339549672187058499717844462591412355825833226328883554412645620063758945956327088925843062684456962187757688882499970350054826426937272087488703670280930501315438344710304190060268733206951291988292869910800384645258467941685147540252839690635643690901660991651446783541601169613947530042841506902860229082671616532055536475137635144260702970021424122165417394047221747821968819539105515582200160,0,91570711922406843448609845556022076299685043829933470963757974873759051778442243415781707369421265202305609369987961546924162668068060629538617719951957632389280024587821675750078855031113122205269650420932710199918339504450554546631551778238381213678899913399247545331088928680169725866859333075481254340903945494990203433532864940013865867430995986635677814869820595901474012162115479765766000745043424568592,0,-250790485305289241088560489574930853240917196560767166247882966506257644193685336424938425114039770723580148204044237873789544269610224302464861051150638545789547563629914277448094078422008938538475026736090649743134472154865482964454833869227994380101342224860474792897146014246745741708064974279892781178013319133545684864721592627111925445953489099481279151123951176,0,-16522304925389537490551368032377591240001940573677113316483228162223068948182395011942669598357043141529877359181296422060616532816173907085859498567245150779422478883261540154198681260935987601003636972503435824822437411226560468442538787793883368264297612276626633276460638857337942829180374282588202438702751424386485938148180,0,204572369992950813432933084489484648985843241499213217749874649875952975030080703708830285709418641290610055323218445435536018906916846876649508578106240640104945687670880286049386593292609784293210033339999416436781818769397329268298667210620154572459514108054605469320061220336199635476,0,1289427480858323509939215006983893030860823385842996001647003846910114277695256899396763791104531487070377259357636126215344948473603903280275098640345414311413213257932875037617424184879173369092827684186537504696603322031656139786737525847816774,0,-42879704387741470411798935098094039392124761969542817085251211885321060304415838839180556274354057923946574852435513605092219035648245766688059099771994921298448479775350491093206711010099780907184109047800,0,282661837506392918108063026634121056385099555479200383408267270658183771032746464964862032832206465855362238375462052539531819040819016090844917004764054518230182983,0,-756854810302671480759521365310333655759468256725571073793543886645579222034887602070864115729687527754769627692326239383630,0,15947655395657820628378929701998586266023882272100922135896035931178904052222921989,0,-225856213130767506568100440331657534554902,0,1 # helix5 r=0
575005728433017773820837444679578317979255548563994873728432620174923360064766443790575277039498221964636106730991227459056721132516763288359966619382324133558514446511467869397055613771071330887574709007416056378336325860688017434286142261448535767466518991440819145238981990325635640634688531248535002711127843187984693940771582475715439806381247810764962775602057045000751490609368546509298516087409596457101702675642019095983721190441186582745175411264937509712887643316402044276076445106062447270135032136363023071256266406203919979256324326996220228875059200,0,-10581621634644976683154756488194152913527126584384052574664732280876974067748358945009114970306291791467640061686598377224350827005420281585623004257539056845919027062212481699624998771856459184269562439536866899147180511720323837629392160799304896004242524574968322372104055609150164211551645980801027528205293449417373351422877090104864923156263481506288264063843173254516769588747964843439891303208215769501111786272302967196663970191558663123437207939055133136747804975781726303152713176507838504751043193245532160,0,1087617063298028571376352401827769499464124282216913920954199464497686274358275967651439471635461364794382436364975087844331268491142571954636195930830071733544321633102663518487712718422666360854883059242945506126127583692300612723253882908786652555101183288884247674531997657148189853130587291171513291306673047582637408341012346315931835607224279957823021619359675987092037419795400248997218739397751252370350330835679059980431742569133715939218956438519375136888455168,0,-10887034276895628315012224974427449335805583193200481775064758477080679863688435970915408459821192605550114952750320358754124588905461120795620744910718034259829814507012891692615605724885406727254070889580877776321839479835459757275491837284168392359030308844072544462372836053526911820539171991124440042819935506957176086297183446976640329686346830702340829405554587728349868008422096249835931118764676503809885069694205952,0,564689914893378152243648182577949940064234967357152732800079397342123067988960061373276127533232170191950339076047743144377282319109307288226261625350081121723364905300139919230359632283661856935179482222387622561865318378810336014743255850275133468119711218818439485335942074278408532268000199709170879521933584625215721076904679510445383912026627125234265893368103627179163648,0,-193396678223558970051554224370186508007929510723537173017924008766911587607824039079717901963629402943858944326436189165503924588461195118874204615401254047697425852563865831269334664081206912072590411181347391346784680399528617503381879715927678261176839794997388542070389750035602333571155738276610709978662440446958582720626688,0,91531048114217314848787497235966696677566956029489666556164880531051980421712004100441859244027684516661843705972371997629168065860371791382636662767718114530510342604923541772202311347921774748501350364134564885857573616050494186773505685712342377516350512816264003573123299728687104,0,1247676698842032935886783263957133005026445890692520219917740286089444257877107174024520420505510214534359502426630640943528287484900391738668073693048822469526445391149669914553242867227879221687011927635939663873144700139205763155361792,0,10331440293746551171903509724937881508456139171451200871655350545531338293826981987243021704303569650961645771135461823536929203469075498166988235088368188297074630333014123870535919821914112,0,42613284335863638621177476619462576808547318753264739305239291739943812452614395073415407746324300446826633627651371673766038664626800691249152,0,273433161478752522369879715289293180432453387949936294299132799884414152916352724336852013678592,0,935096532602942358296320212775830118964825948160,0,1 # helix5 r=0
3640509772300428847785475354173817567686660175405584045437178143729064026181211721444014091705544456719725625994087364464899416416723226792296490545895573579962033512340860692180956018621298260627693732001670439341110501439073261514315719781005157473492841325112176636266539109596889580017052425594339925880718967263849662265798027456748427984378717957688132571711249448079192244375234264991498151737670150393293143852268027879545756578854550360973526809497901974885873732844538725694113157044304695249836120157753820144578171307716346966754154627804098046805798609185457602206641453818414399749278395977637382510121572809395320257676345151431612062425482339576247761623321071339941,0,-91061502299326726948558898581320451391678169425339298447973894233958324657142279397323679996258296705911570505722900461930702204479366997540575407349388004443850732285026788535962125755484595028569599940725625030730762537487946989976983704375267435126541228042891438643894964564227298286034525124406273430683589653786762073966932057153226552257786109842937290190657838359377818312034733128559962040420939688796584944723511975251039623137714848556616689514143948132770213578399800414523741402605347274360499766288542036834839480678288899882848201032948783078802166532853638096818513399096868679546520982487672671504662933796600,0,1017802935458178300065468480386305781848545751026155455690517633747020795589363340661577128527838799150946255826536245993787723508626861886465020228691374240399913606054245112370521737358564862415904135628501168178723806612198919624938199425297477392386377550092773413770775459679810815063308608724315394444218388027884227766572524447365568165759307864555237999018536338371181772879132491585118254357285572301593984419637468054127768444812354073755336403480328163243552106244412124703975214523023254542412250038279663286681716595328408483981437118431622840185088314309858,0,-6691145780751234074015476412409842993808667322098131362082326209112607540251537673641762884244355619206843214699751632935309507839531095746025683889564560782852683068119973214721650460241707534211976696716423900433678581009370130188157185186125065575950113563087165127765843457532339933036516736271360744888820516846376211831089908782246405257035758087978760712846969000360563259752585995145244587094230934176282484780408763783380166653613675066208228227308351469785288922417265919788419687045685539853229923516344,0,28635199741692460113687908296067982209633815688865119407007704502663160518151761003930123390082730486685093852142120419694047550322817245044715405058993689682276466713586645219063703801926664653110041999466907406233966737856668284688795976085629832947848368797878005005532469467681052421184381816327434250465942721295764143474082130585080514267410060279071970339849273621201310804517492051036927098988187891734911053963132190870774270779545202901235428499725,0,-83342536261410867273831441600895798613942942900044301922136806512073767136297535724441653934398861329118402840104522379008444862019370967414293687914300401943093524610386458826402235490710998694556308028224477223537022813770198571664874055429026109486871837661635250770988320425878327359414561407105968892706831882127807174479350539152357978838876200976090672612903375623632277791272310551475458447144,0,167257166242458321761259536357577131743147463500893501767146453397511186142332733919728513970297542309684159640104625911212766999028465380994224276488212683345228707293860540171349447259445786472329506189575495846555458469636615401101163853611307132107787073744629595916229098466036010373707113205341738182642919489594204708402133748181074301490,0,-229522685360737580654749148402849775737692903779643893144450147094525369231584330170198208703910107486161477727937341599870988729700507552046594440042538900388105202779142815304599067733729577708486696317117763503204704660845856431044915202570502153324506933074384373233945683201506752888,0,208704175615349284279369077106394153292857313837346971981238869548871858789588327419991098350566179765715995901494326048291086083251704225830172442424027708515766789128765260805107834656736142608795763184277109474112237397792891522,0,-118111953199725742265601106947564318732570485344719225830202728527003238909866885328592296602801004519147575653257908920040609389387443352557910679680827487225069010721510400,0,37504584324996776001652720133003179574613229732230968604794496700247734131525200706384273797519904798786526438309908,0,-6340384953595946274358595308845691293626408158431634523352,0,1 # helix5 r=4
-76574523474459207311840973643622886576841342652143401137859576190394018782624291003358587939894601904929416761902561064112167760013083754950548027735667738649244437948192152568813117265920393196048929994480894922998655256867707765381119506207213433423267309161816225043769394890233577802134023554025955378524458822520133525380901612231201709257195886668507589603379701088256,0,-197494107110911557963770609375812817870537759668663859447371733998205826601379712328355242807405061790956107508347585818161819090957450745192807771221410274764839216497014036930775784684942385374166693914191847229990256025683664953986690330017102709734096925475278680000220479359954477075064250475487057746670723622183954081076851955165491625984,0,-216354090177450308061943051285188246866811473212382945398147762138980190102820090671114102732682822542838647289092987873597823662026628331146991077994001001643260185378732018183517506420030315154592771574310695109949389185743321702723843746566107823032123100687344508397168282411164493417895411190039738327286939648,0,-130456050811138838439413464921161125038315237308862898723204241534264168118778462462082838676399384496811942761694767388225417548517098135215886991728511101427957529193558463967515444854211037534318322994426399518945414470327521097903862257374504491697309304646196956238448868064231424,0,-46314853738543125818254550197402341076784934404089472028793768976213496279516989843333014661934308215958080106490492312651351430986676689088777422740983749105331704833322321067507875186911112136326211832616261720973702902123148952902309022962110448009216,0,-9222882600359852349090113827547925430660168453393433766025447657076244806983654587546531082129514715500105195078474852270927021636876451371084933277150403879842181476525024134101770009493677680065604788934238826429287497728,0,-665977492938381135450164562435405158303452928460959858982008651187660468300525719742401680171179481759653393283797263500334927202623504922760968415018558649359203089965776913090936457297657856,0,118310884224161806195398869549762733420183866616550463370673319677598999268001495784296192821060598915686591706506248357015943605748514475004983439599421358080000,0,33404654665136459823926475431800913425462413478324477777433780916498564470995038198898803764686512883935332530829474553724605038592,0,3159421076323243359386343830331909040256245192112898825160583144449274921735028175187313255405060096,0,111205728283476638699848719563942242137065620658996990617411146219520,0,-23665452143010757639191577965363200,0,1 # helix5 r=6
3851816959919416542715771975345615718520377137608671281384026490337844186115277920628938201836125419053862660895000658977392380508131965532128898632020452487709954086324876040667650824825819914365801753184681486801654422933197989212533488396735252041695130906435348144121235785000885572600542072012770767753384784847336639233406534530540037309390860847097039301858021925706856640187903739549739835874917420945370929685518009791028165821518754922678672179007841311632165346144816638975182450208689716193019493859224066593353732099877145439325025912358779226509919438354903015166612131858938933892503723271082911040246092259641934235645099020810007896928611769045751179877904311584106783010315202401742780466174936225793463764414652315977186805376905523054894229454973060189600540221909013486577,0,-6169261740464137902688930442229554770754999587333282633582892607464478105934127148262681305408164881094029068465641127826397759153280580115365227677043871613190737534987679634587495569398043979721457806081478142913329051875424699356244144191928979964504452194732458670264754712073365109696307585503806379592764006815318803500324874615634379483548969832397636559333450522609745231724716150853599440339623456218860778297536034227399509164306324597842612147441516522607604203250042265996115312957472414720922633601331619857221817827412059510949016874776744063770042687913415058825316440904602427241838536983645329883320710496743880875076259040698818628311529902434568339521556955101254231975111819313844025861797688654240077531076,0,6834488068254353011702836320354662344748166813290975697699921170878291621068409280705446836250203504600351270582908025888794256494344879608003597988432159476402614277892368573975273687320059573491694876105379125751682553460415526142890999533960339204960323873188191958077775191705522747159233840581662206447481513325870475617270720648050018521698214328708597205537860859644357924066614153965973800505484027967013812407010773411730072481615934121016040259319666399505643395303814283194167409346318806261121178697998213886134604500443097581311076473674180443428447320393576306499835094263660877813076207467597825614021157637794499050927350418060486457470201274762,0,31411935788940275413812084941548008317011560122282335982928003197933175454273653716893215779523455577834957473916496915279758361877042014259004869795093623165580582027908277113804004128873251415901316084711203062852560867746060061923037458820089016125556393089481713495024829596424292452095678788837265913434120616651268809078891059280155169882507850960096790121207362864814617778411251465912575718805848565330333001031821138605882991880442488242759951213596890984905051375262326838119766164266058036774861378973365413970508314669014524054544721720255153172518602066212487153616933318902520503776,0,-49255142387594937639602079919938224272012083323153755497831797718089737334595149647290838222311772192145098754941286378050634917741295837303082785306831167964147808161333578932336241958639549467209897149242708278965941383872987198710061963715756702207864480438504201413004143264387169616879672321507644887813638025178395329331189901317298699325646129949825655473667664940089704385956710193797124383097251382413349370582340880421801623601050944370137108860044017918696683129308576563256026607458507954271107251004237790247555093103,0,-26756056486208471013339476449004098109168060928203369881476426484653397274989789430485463102566704190096817045771062913565587666099998136964894209785014392939084620014624553173365236613869659064187653399637237235672912471382058485938282073738307395808714603469588220287812449345131403049385590156658627329633481077712903030719476982638870540043124049821697767985522495627065989165801332006686347379229766632880878904936864438113961502774171414659275287240108999432,0,68512099786774323506027059962187413182783844900191231475548207261223229069740132170846586684405275318184346390298958852290806346534615609170563945498514584817382674848976579564390985024390401699432973151319575581404064668285163290722387968451988642495610550878414538531341084124425282526590202157714039044737048729401432948392206699783419161958740022169204794063597098689717709370691965472708588556,0,-21873083860388432107332525735294308202167404210427795404155087804145399277733036912776863140546266067902489133146873687058115594629935438447994041205991502938724623948300464185866961210877600185468706696098255037092806694599401296022494736692857865395963263492041187137069501932298700544314895789889120880861156690405192785041549596,0,-518332640954770953439616000987516792018977062383835306043268517166915264971639164861428079171405545989005750982399139935860295465792024388505231650535380526574301257904067238801937800135399264658734722976294474962128939636589059877891027452060386955608980124066522,0,-17369889200026326329254379998490132563529676020116257168092269090578168232957007219304090494197227277738121921946227220802505872329697419930989943420551320286650720252184755112497220166149020643460488,0,19552367968981441794699165351905921019766064497665309867763125956051938666830400501150866094721969469264252962484072792648671926498068,0,-7471668315590702708094988554585730866851860279346973156922133112096,0,1 # helix5 r=0
1020799717304188906284763401085096081154641396382722944555670179693197538565616729742511611719362538175779749667170970382371437376712598124288517518254256425862591235366908212838687407987811990906492806302845176786070824299034061019353330110831200258201924879462662013932709965129103317180981670748155075723119825220298757621871188050872177592410173366502884778007874209834050806015321742926778304925906386666571382174721207801242243512104676611643835497782985009408,0,-32985414947000096347874982898215418978939720840574536588941801524321552295705026317422056912626018205267756284624558547590437626523521296414984527007784817300412643897232098897748123903893836397095506979349712833517642408590420572117824444947783444490553794710913075206429381784405931760027113591458962514480397540250403425573637667906791874505887113976616713246579504132424300991322372496264665075366244349911019678381980528128,0,461568651641568406545921342577944612159666197886938758565220374175149199713002978962552083013688230032656072397238907432503581327292148261703926389988745393897816048827382531926551235329842309111946956285925652797108329327867586923567614386358473108030887500626000971230265790501228820599888990802491202377487737181530394109899373412678441742887399235500103940744343913913131966259776593152,0,-3668496163996084690335915277170394030990656962986121143054156163007989289425235883609005256421194761752117961850041140562494138744416383444254323975074773451358184450510274094609862853835826868741788277452274838174659933683774485718396367774396260277449490604125406248526987970378056590897738859355673312808786107171821585966856115510726639554212156032,0,18267416733574816496549282370393954299717616112618811702551869880622194898531982909079666021507438862586046530710359219393220520193310838174524615072425378936675153422214626921096777540570798699119780080388805749083006915864941128937576638811260259213636729546131735962321312813001931044566259133538286007591811236,0,-59348887081730828685410918527292959782274487901212259926753329878161207773976221927087284451967882815149375294428937529589078631048330543711878930103902056531568393524661313973417332014874246507347758726924408092714038699221591216065786607487560187851272400643350486596899968,0,127210231672940813731555585149159120550868367045191089578877848348827864588226446139411033093198331072149696043504162252712430076205655123677425863762051133451386787067550210894730943683280520544431399519306435425367142609914422348020784,0,-178385668802134144523560210839259488714206098681015476061512103200793605744342532830034588778025105727139086328354822218940222699607259110163284039558529798367545327813948546512507420535854140225808,0,160413647444897741657200932137186287187671500265225475877726319315099930078737425678077596715742100827533445519705255821650949735300804858428325427716818230588,0,-91441608996972520812833338263285027035849739948220061655536002625548298530266706687882334205709944653430155476599491872,0,34086744679479852576632901934680241590309271784598657254620093719128465688771976,0,-8152591274533038549459841470938680194584,0,1 # helix5 r=0
276301260486693933786383430478002190874726532235857826865483279013806441576139168737294690514551730472198694939699160778179729982788534896421497180520614535835743411966465442359050680887961298657456228615892031302503372003830857492669454579065897942878394895312945918661406216494171091436815597027547733301794182539471242997617739485112047569098866845061832801754457513818683546978635144844831196783900389857805650473635222211877976659006706060870380812037846606815608899461222285706032928740808934694783228256976896,0,-4947675528851687028493952801127400044601887970989800716421705595902656535911118719920328284365020238341696657888412184897009094536371243296192858365854474640821020063590848675666492378278183655793888359875861647865672283520331263520196080176141162789259111447172134495588452203563178369251121370752406147600851764870050959934677846232668968540971818419141341949328098858225474712794026614240269078861853512702275016634690863774446971770957907976131777094604155536635429126144,0,39250452754469527022441328123722732337936473768828474932497825382967094055137474423747251353056063045825467909721003692439872505122307669171975024612072560792379116894561260510851033839434881143393883633764346091565960300458112225896527003246798453920683888572494050044636561862192213007009564314807550705347331403175917759233871232315815631351851664202227510509682109430250297469772219453112997570157498073925397243727189152662290432,0,-159824196441264906959109150037340403935480346553995476812590995799031000770697719544362373656701909018617939790584926907730011207096420752588386210212912375049343534131397063706465149829051241072012777400839285139665079860305350339592803606412723388150706831051056372867926809678908616688757063374078409121137242227052106744518989870230003146504398023312877887656470536531922071037751167287296,0,354940128872359531241020133072879196619376599599424603435607857453333196939392114657993568227431742928605324506969895023952928254559652912536510817667208566753808517460917548884766544758167206266495239993439512847140369632402229480620654251473443032382897502840013362002320758753085252525490260535715302124774598196946360582691615063899092583723302912,0,-451038249467888031514245638263460722887893340546763496611190437699693187660486436833150395961937964827501439987155773835758632615447616204066724195643894242901171514569019216454555353999851531084096159511415274224552017711782834245358627340947980675254127994113047809439248827456038104497058969893513509994496,0,346689793297747815082282474656829130502352448506566273914978251044891480052300580262842687078861885721166306137327174176011938866159102395166953589317361071520981570430702374668742113598496147816203047110646157939581406424220126333844342750050708667837743320543526912,0,-166484406215827534692158017259995979793316448009076365767189408088177874459421826864032925306666583084105472062533023934483676694557404825968070469344893092500604318801371827701347985529049527184885638219464037832897526235136,0,50249011700013817966106442876206366861515518508413214169048629736033315100919667289499796862782708938789557416162508098575784143137590170188605190629649979571561597110796335907340288,0,-9207676601890256527448034420517119285892965962537653096760709780247193777102576196799589884512087513119515652745945914743091704805374033920,0,840372287197212662239268466553277277642962515986641307372133594356370819461710872304523707154432,0,1238146415708771545550458275243380024316375007232,0,1 # helix5 r=8
4134031855287125449492260499351994267379758610288251258658730815186120177906498689961540935917644466026083842963582633890458064476079252054051441110355260770366747690685572718991579764726135400438255004406383175033579058033525117599512778275320284097349163978673753135001595011044591771415740979535537845750670192947859790731552946990957919069335009937194458316271997447589288438890456475858747882172986648963498564416488110543758207908333391797176807415548307072247613229819554765997037203480247035614341937112028260840410108725975200890081269210728782775811613211732599495220020908613806911972697563964020477993339453234174695940832881563087841453334672397183846795417220175740908980644823647033841710302331134109815090286395166970608941940212154606587548614558928938861295163639911798255623398503325790570341308825600,0,104454366929028100572840609593794176019119638331928969239250065205524573761928494214689849803440321261967156188428998863697009713007561327949336633038930187768552727895346012456118308338943841721588948795758068445140586083187519589706337291150659426568908212432787292521811219098104417166060882480181659672069013417560565279849593252806445228833008567375304891571600772731384356326062906132785346569531210747761622593944208883941318898121119915303353293811804605472637402349563259335965832331095943275913854283723188091261949196698731404253206879532152840772410234218054242173906417136367171434743911238539583225804350934568434276527811052139910934825834126214514390653734239696871039513552854072590591509957875375170138114955660423110198964523945164800,0,1169611868496144374009433650007770335331948938990619642113240884018204039451240134630234131088364787059748732842661357037225647364512260047157106912489224562539571651531791770216306875951157027536345332068136242965563704040061769179260034958012536227853574421220744309550313869674370046108445689150850700059739911336635709787983435798921163431942342130059780650310054025641966038879651615894459009097142359873694916071103234276595353711588539485289015020137739312694203495004843261555582988570957696063804153841780691984289237458591623475929561629878498152480651759045503267348257673517564781108183893655462500252189664342693505638213322743947552590457751118405260946123762381484982272,0,3808741057012925262480841475700158787446073962820267891960685673872894693833733909798533579589333009929020310024504646284976164345114217314805583241658795913224934644382655720414274834473034480568789720279630880525299820073680897910568353616798787616944948184539777341105761369221345719322004824010591216900975918951992841954542607404000697264712558382995757894651262797990509209872625320473643459567958558845131550541652602654022637896259486309176700568953850890721499830650465768280004608337763103459243664738858590244316466295164353880064558486377549900483353760586898030451616005795783500788448155706767945236480,0,-42664989775095629731487951576764898266133673883900616275488417161554974880504131131380311402735963718322599744977938248293307306105273444720369358249317098122400101723136407744834929069271584891748596039287619128909941975507290743302974143680730497165016050642497400911282520262753031239312653785484961469134390143193338998968014835927311797652410161459631517317253678036211590022380435671362266941787773959996935957141968150519730951822326484893528020666173364349330051790709263623463249127434628114823762188236122473034628659772822132903588659200,0,-247407572194740002018682136982667730728475596569223411694159648159407891018904157030935718027685610871508764296602720518590436879109000214251579603918829047583063520402240960295855615763661656087084531011430869698544040554928623981423868471165819625922547349661121850703543719080873122762733768681914288071946529795788716052770950605565897416196339839965985854966007179427762450527309658881694133329788196003048002746134619695675234506177208064930466191746471263317501289860956160,0,3268613491644918027826056875643477655509831869713294644377213091973809418883862929128988725830111694100175304353764222621527728657280248111653916440379457165533532007687874969371643363158202791904293181918932842145620800248848968619400763688004713918966788221483269040104522753920089578683326541674679997065102277901508692263808957160614168831841429891882938677573429298469237852705430323721629890101373199974400,0,42467579588397315791788369312383800284659357421377575645824247986936433071012786962989724668463926797651574803153053191927115760424445631330125260712054887492024657878594342124025870982536417235075188217408849868544249801702716301131272820859701766793360768354479224224465774496499228187904544199176367431942849617606363115155497942530643722240,0,194633148166302167445128287547369955449666828637085183887103297003555487485982779794230671991591157023683064925460815272668372644928167019752109350709977159641445318940344115855869679981443046214188272995177506019307439991977072954312097227749206069219799683693151894781296640,0,385828536641972273467439498878239163844898962737661040821844453274394859040850408841103108594819703199968632867021643736739752403046695106616308436031245995602651919460555811587629221125428954799120003891200,0,217625938542955509181533434000023403937799998072455159655786574355194044704955184725899869988734072417628063662937656910600376060194324480,0,146195051134627112741290725236562427483359695387146120365692566896640,0,1 # helix5 r=0
101555259518335677574436422187728765040414870292834220576594309284150000097285651943482179448658213308603225564973089931345558133767514919497169361191710586471742029408640213009004426415142581259123763808143084702355432750472373318841358708298217980835826636382009954922535496944337701901075884995129316227364037771993806692851429551455796529151397017304105723532419210559039492931062430388689116528470326412869594289856402148012771724387357610089526411847050140341450290526341834244737375184998193985758924449413558981774798498896969149644137614539354664443678381541840804198445109216968762730662429361240424398667384843865335028257203902543307236970901703538140782750036506073810000029398467983953138898340159488411372714872140212260786420495432467700105731467010036462504033705554389980535298105295893207787292342270296584093696,0,-170871742076006881126973800836824763481613847821206308986032184327627058757757016864491198078806438974901608359880800468420741299743037364087194459764677141842288223853754374229632095403649597891683511692175970488334658303267742656887132321274217230795358489392405940187911840214335532127152509708749581231728445900354146334141776294131773625990788474600695323515050890846374021234977798133018708048249601254600298964950882573541050170026223025874029762996716923629570772634885807287514403662548598279635457997427518639749654969969236925471232683678591916934981885083450038971385652328826735912113599193319385256420148695505335314222160646596113534606869563135683191980139760349427460501644476971621406212913693672653156735334337540085487465845829011597292470272,0,-819948388832970209947909047389964033263621762805317064556561974180892664267867936676370343228342444864702776899137404575459152336863561643006904861065399791607626874848516839563104815434682940693495981314039863204046319423921797380770363825364471767602659627817696559506566513050895790773512920218263036226388262984925883662223683879325160326154665094670668641824024011037076935695783850501584892300846203223778993089785723364253719350723849200070164650712638455753166333975578433775917698369442897567261356634554072841258277573017073725876897137768358556486086495079436570381836350597524482171023161293559877380110039619970168698526126996121455456683608005315602523279060114223280842812162048,0,5641231480300096536290117324712773840377287069309049255851225988638821575719961993690404745115521253080545083752475814445919416922488206590381688679896734163192254926425054440880677222461941444565318555899990514900067054573145479134388857620325503245451882601199966479176814484923811452131306671563601528695049070570617706919441155760843672990139029381016489652360233357186245430303542963156896936258103361448075344297103601263992565896460561512123838526025945035182468289841177851410231332216367715259400489129077939186504630804087625289042410886071404829350199116808317812067356644236784068289318360729953400213239102439424,0,32258127073503507034595499348954501837042278494117855836768521616428681266651185363633753556292811017985180757831815002647992720889586475267363902733879019654446325685378811778897882953484388437411562650097183823534954655809897035370932404340318091637420486975395071676189473883733497889801155998164053739969927294448707718779986336785282291733198450906855091355859513680529861205483836301221600110886502018484699783135006316572789340797257490741209032807639657926823507426649564819974362683239482570720190350313677592998755093094234838726682577106028724224,0,72132105671556573545507713329255135686771748657623667485574286499371840563261338117947844324880436148765036626509173210564411238333161080348058986648122842823665252265880131496961291085299136703738766199870865062414929125336365097050867493277796197473350766403929002230131586540202483588323932675990004181356916492307612843254522573644789785109709196326285831986754310783007365974826978487839841838296794677983260413706854977286514485222223474995907162990066854596652861629970382990606336,0,91745385695573986554286409838190526027818028628834993562361802145225121849000035719766185578083906859963296013380473737973850653844451691062447517602537372233523187792734097538682263540279387553161866489521277250682864905927331419855834810660795713629749052557901794244645859532380224666923342266629831025641175649479908816157239161947870162870950846769053775101345912439072463026682218984972362596649419303233752399872,0,72264694953031617505087902289375984043533692482571140501771573359789748294467517249263240884623096635716222915812662819779233873652619643440825033593013731397634733033124381263846261456474253738785431062729152239443113031072503210529412229598670857133550524843061009425629109329559459171594589985238191132536489798628247570768493186559426015822610432,0,35290106726268801646751972352279000078470347292896848090805742749256676354167602977316064289956148778056390583978768225418494021036262553150941330795310116692273774000651288617800620017210924456670205837522481727990498626197399562048360797090748260267561982808370091973703846854656,0,10107710338217112979407043810952980276199552284200416334908827620581037485848409020646047975123303246828567879190169446743282065458386989394970816486365736968888776891177870105626312859342184889297314069390295040,0,1467230568161205699567545911737430372275585374824480659130565757460599918005083421443032463393356400287945718179367629868577783646783302270976,0,63111205965555595442064820297782616589180827472411091461683136209879040,0,1 # helix5 r=0
16786942812654724830691439744654189450703430856772591655786049767605987960794029661078200122382848686522054364935378580366187976028497175618363209283363109225640222949526741592195736295950996248866939380697731792117541234033609273572961190626692036264104003698192280008691893311287431360435224432495222833023865093024903441678164793928652522242793898771314615352289183313308553951586044332639028378320858041100096134500497841321663698714650468509781394967321164259803123236456727220127369223646442851543720628473919444381218286824289264020437825413151768761308370899372984893089395466913517497390131749321689399937,0,-525426505879371746036887532854677092815440248410132193551207807732349895050616974896199405168628324487740422604382258238046377712971624808281808476184468559656760461419880257245968761609380879440610325731540100211672027441251430592617282758678464197257004204357852846123050584985361073482978724689048282981922041962815887763691196170848076588743614312122513236590834550163830904583700613590936135977352907976638861122444873952825803674865854500678841657135933087935956748093086697155047279424261559627289173196360694482447214600313091622335765545754669387615410140,0,7324753347060606972733168096173236187433176129369764215045025202251431545046698710856780267609860118668518462682090241459658097511069313373447444558601209934204447350176175056504041826883576864811751703200187181515586979251292195413131002356095761801399935750145091801793333129454995344818304489531691984137310267337658639111810995822301621867957331891658721423004602775268999982065733125296712268106605973982163445193287911596599208352119947624615845580878517083687973789121254472394033548264621033470591049524490,0,-60464920018028413136813286837233625921499547318277933226748427274831853966488591333769464222606452973517957982214287714300759152105587176113462186884011257265516631521594009202674495574145291007720750800058970626233779832703343086706958767089794787142841689783171672006999862249937479514271455488387415839822600246039175692492870644646186148890942948955218112214478622046713915286770128288391731149504203721758103235639241844909486367680840037666433788255230248348,0,330586385609388061507972520900698736635248052157850097725199428701848115074801110973203419040352344504111033888529877076813167695083664556793949304092768552354205879461739679251810964319897703139965104590762938192721439642729324318880555702329912768672548960472819927068656532667291522856777308690110317066684978388154715888133217883196102497051115615469200515101522962966170340401862472151017101967075048246401663,0,-1260536980958284529296276970451783074085922810975785689061167569659959589262203253353994189590609593388114091296998230802874995209757082287895847355040035136899335138373456925792154502918828427460148845994071821111815840904376046824065918556375353268288868662765759467989892298853541353689686899733978324428208084486829664115158213349966359329358239421853341040200,0,3406522149325119050617291094455342301183899083490572632461529261243730181715615701009840290877713119147332840161505655101688768254392647146068611468195409444257044543612489803078547704757649084688288179526300296305131156869408127657852303456688865318736838392217790141561383978298455245287876361294631349184741916,0,-6433889297068776128853025431176393771554893162839545590662005946678838242934452149437545753584227445462650396912935058827085268646834212709453091086677757772525917802075515049229396191276699019149437623873603857926401136045498740958285918253833159660739930510376,0,8086701154966514984158597545230914652819803562676860517446953059200483381116710588623160048670207304379183791994842739689236830053600660111830712766948963188202689473465378017526075574304186891674660223084343263,0,-6066914744813672736566170556132811325893075796335642917792428878534294285969230238173988828176191210748519262334204375156928887929376354784104097226136860990588,0,2050542188259357009589705986171714475430070852623415714218078374411550871321383838670629936666285044497942282,0,-1767151088159040906496346919975417214238947194290991068,0,1 # helix5 r=0
-7960407899510255883082579000055673079735959492486092049114261850995857932600760392066889231497195468688837883375905781279930386980447878335466495365071536198257751090779446363969189417156114677341892760113515159259967623240274287987383217533810895357821012196631061836199686839844111892925342261994501651136001709748002105294304250170606792459799311164575065981593024570480412054522309734018605842518538889797007649937641859803131642327722263813973307260789564277310291996968508980087867619247596965713456314348258573566168389874890283093897673063792209464525387819454768825883036510846976,0,-8685089112924967361318836348056648618801728569792813352949846851929858048158313439513330813076377688620220428692597828550026382007549849121479664468618588799097327461637587238079664152765142345811112171660522176832727459514017762521629265344167695671561616941249235334857961770987302416641631275982748396369856284053757967464180371452353806042692632917811253648820082241111771651835130031843154146435009080684992372939774630171274803380635227102560597110664445414426931746571436348087552709140191327028674033884728281402965303054790576570368,0,-3929856222052966941245358359837789739578187570687850630767713674798793557743486267225783773732914129808409197216101960271388587559684471620547975799515988397231543405248011975838614526990618267681174163831057326086868064122137555086896562622298043725524289934907989057323541732563253010208744018741023931128588910062174672715974454633870772564548369047454646465432262790280051484724846556060704505543251209887676043899162394296005510524571901107883103910429138967431572388374758720309261500416,0,-941446250946841211915177248281139072475174840290828887386558312588838661132444263416539753755241722972423493685142914440150451181292031573873824084161914148635783419106600708279567362433036158151114468915477683275440686094640091053766868383324479776467961211211483745381473398979648302341634114508802680218837092530185381720162677499308615743795676531980016605923407244817193706981855283378667525059627520973363227714780748785505064355039805440,0,-125219937410824243929620426590819692888378142759776502979527545877249463023706091422877156541021373794581198332477636464998417843996206103485886348771123312800264681679043106248680176990050246557337536323721426035246216063221050254452263894182154722883519258260467809853071196695989429717657069436799615431147113308104598033271040530188902742262237948286618457336333719641878639052279006231527424,0,-8591437278319113748899170665607021344138952910354301803837604678985648582040526469017143669828040357089460673997013943805018270866316348816805915014489604396452458663144817122607909518690456423267965596170305346965991822674312357835687415925594593619726935820187568211274501044123165280337572573810505318185494343120377232748625914750373680119808,0,-188108889096700040289530856665594873835264658365566815561034645099081861508956548745355258202978285592820190402824281320630170677186504121831635651829980481573475340848024002037556188742087083225322029912990072996015954392032373125004190619543886200503338580412472488485271290530540504790593437696,0,14153905285359266283588446698317517636126329526940023259124529910133193060177116908063342006947716910054532634176623078849627409550120539549878824646409956178954858572903720322807618012873453290336178775992409714572917625949038443541824584693055488,0,2345454926976829671369897406044368814796020734336508211900554181207907487483091846837427603001715423413416405757930444807484189362502552242505837561388478966281821765623554885582271818353217139376128,0,232294256013947734011460547231309074146609499118795663452957259802862560707911732574116388985164612840248160589917279832204568786229747155507160809472,0,10978100563760355049105608428468973993736154161245391729034259291958153716986167188483969050849837056,0,208213301150802854888803317584613806254379950407680,0,1 # helix5 r=2
3046498462524128970175760566149938876780959322436377020617068718708636342777611518775446386077947249657214967121415438225351034941291976897668462815214241056751450624831330565085333820333126581531898686885473004285186702080955574531446272033302745255908001001789521729853966790497353199545796851315005245352342769469676014507906619566341902560299112886827745292746763140065123746209088603422368480123992486705496334206943207714523031668817456491413959030039203901873740821620433975426869514121268096799877499414359203566637970534370161091289871469627328180038715603864908432746727187228731745383928792375094136146803001787780079723603233259992036160708821360570821463118572178570962412953907133983418825791643456056812044,0,-25306908331491734779305979992628546145688418825337232786758757201700489775511081037312845096726301446791432187750550906387974064865362665143611365624304939324209341798448319760248451830623795092412984702814512574856712712851613447675253187323770125217779061407786414670964516874422078492048790152896995805629470386894087598461480171253154621805730805366916024075517615776708699071528166457505203117017861087169969065355614432964454054533935571597468893904427646263569097710734570431379642201494647365528796412147424232729229127935358729241970292601102010211386607678712319822835678891437411330165627056683334002921581381596155001719676053440308287142787348756080,0,98721855433790263365361790440948959355631013577703384659971013564179001472307167078364214589291964079849294802800938440060585665585105195668552870898808265322299474633354605571244608898901845657303578657143224493214519134221554262492998271119338582605300957235269863519589243303153322346925148021788186355270281608577118164846965384113958679531649331176655938475075914684858223909103310040511580498414993101142762144691260626565523761644485479599834384214081410550323742220758341823236915187161172579640918942882454940747721469580316418007068296416169309880473489590729211797512269348361554826648635480,0,-240786802707272035198174222525436187485742514352679637377080807000531381571903555671499848889026668479477836582708690535965489400689740263681161190082603126137209582309453044321261847808280174540429089450854949634853317497830938860303868495506244476123451770110022088214233816193269461672863914414488552079689913119782983433187989058169267266698628003274849422435759372555520341466633013360273100595390082553479187597411159848361781046160726369177760426653227878540909955397273622594059704928166638656354531154053958573941641351792086221155720,0,419499264268794166776081678675135226348348993838744184953336598481477668538858594701668757277483659567817949418393348318825534265036769825183444358799838064334908091702321420713086595415839077489228751809653498631820327418734677975239070189485330196852996709096379780954540327678584794211721634789344051923945563354637577916557173427689929206758327071871758274226544165158898235726352495146634215563247270054979637075254061734098784229691738744649791275061686929096989574206627642406,0,-555310680227653614355581979753437376162702825030549327771696457589380295757675514690685435077535708414824326976996875774282695345198951373112592355157909742265095910194871066314591809705490404937117971210990170651454097163501607420202400956370307571272047925151575042696076834117812416267086855716057299912082302812887558902396142189600340377722752564548555914912925949197307737289161048821549448472830841985020733901760856,0,570835453375702865159808970229528210010737190296945248686878515469225470758582247067249507773563895401927734341903359781720159293272386234736129333831977442836603752448563279681627186923957898582468377124617347088230584103919594869389804325462375553055247717510508407164746212185901359294824009333561284111313871010546997857132621363335536314607231516363953050396,0,-458719343853920968148451601871799472342591785426552449686122650997408472603271566084372896495340564729073789118026118716341943055070147884136404356987592974057482429476553381576099380793168894698632838271077116346005543083918427663122868311188531749059389615699932131515237347673710799441661322176619288,0,285952793088610531333188414737856334217216296321168437213867986730080182001659190120990611708662486999353735150637642787823376405046762532085618743449412909847464829926495821989978427675600155542192862036727932204686956486229892241149227584336,0,-133922039971123654053242671270837094029932951707028291583773821994977833425611782890022199092289973782901852765734592739623161092339808037200565774161617962071461318782295840714152752,0,44741280959635468138640158710554964923839756320985382526471534117064671161150065677972490365219574258583834053327244317952,0,-9517866195803951790983813664730720350034653718896432212708996,0,1 # helix5 r=0
-103776960831088,0,689007971214208,0,-2017632902127496,0,3290253553485120,0,-3107453516613839,0,1538423508706368,0,-226078091205230,0,-73028778537800,0,-3813723197994,0,97101198056,0,-9941597358,0,-51496,0,1 # helix5 r=2
408677666056047906607170295897172683339043722826591952473039918094059709463447531744631048688152913040938772430770072247130659051403949543527019932238413088795397395736325922385801559176117090755317219169576471367080273158118282785861252067027020795060222000840846073761867248879101740208782413702887666472898847434390993098422196479809289862864315502756021247522809976877908372494203266971211419718895030700627491643959100081284928987449264153098938726112459945528177857529718081582266540393908842411157282380219884089637761627744505404380198361947744632209210364590863388072617472871110678207880538748599241571218882201695048414660629405875390453434391069,0,1464070749671403407074057159897059576898650880963081225494238094797720796570170977606221233125799109832378414397004901220821862126453566202374273106804077664322730138901547086861603777545829348592118214988184753092082804379286501910640247405293156740757601731549706227621375298040539767469246300198740918105804495989750929908989948777439103391859297064816602186956055833977650550883804697258447261241433610387048544134570807037800588051537228238792770580009175281442519756302746974683826546851226374007312695346229432969234304387188676177956057246213443842053187507026202896628171907528250581932571288054,0,2621484272412835000422280463561129071033665296834984121210698193253391904397175970778259886114492937713353601922406767971410251334681148871687737172893398319517617541932532207851500247379172621211520742516929022996626856882134263226655800098668518421696533441572297403781802453026249649407735246148500158378011698501459074157376977389666817438451724179650871956485844908523800129323767283866566454264773790524837739831483423740879225114148311138709442794274249834818907773969267773533453434043449073277512318282706547735409313363930298053920118207953,0,6289236833227907392727975446988093176574320704991284005731931095092060909150555946905449380267264844348066131056617202360390004570313787376882693914087909728600102058503661790500406844046288220845479347499482813844510055303966295277195695223549451850703756967696976171781510907661035765573961974968146715196780025177081926498347039706095052470153477759051401723896362386340566428834835508545655737442792629124370386476474812880951119763421853674336802665908476327923724920254558183774039062626034,0,2620947431753345376051345046774582547086082299871197074127799299079648330407568752158432861274723821818488470335783657702919393531864963951162260329259507646389261031140386871136822258021640597232888572849333587333497658209139682823550322859176795026926681242517545093801284661521752748101848364142135132963505508035718533288454518367085068858432618591107615903903925052370880439539272171306404200985433534055697377441012264064027720891178011,0,320924099278822098590958387372488936519895487552283139041849248376803664696642900346716092790559707820465998603782320604279805064792343761938684013068445568042259652813756604699324993226182330978887787128052934441724694005618989732866899894926254205288663074724629566636452759021989230561888594926716651130058475627355337900364858830122096196110558728914542627913685463389155456681099210,0,-17372756840470901825635483904696610346204197138907753009878645016109415572818991805964228236387362826738670045189562345160664653724054010908882424974723019914735080638055880293520473891459628873121299941447909293337753956517643625943109206075850048001602579382387888584551656776152211994131352245555765542469342415827586849782046001,0,-5005653423568709756922108026885456252360623838517603323427848217982074874719996266831853672675346924283803506685421152900033145719680013733102093112395470666338768337003564987873974957383905793595852190855452270943283548876381961001525447514943005862315186650968785186625960972,0,271625776484505129708682397378353664168211522608973054296802514536612682926471813651445515040455462612480603905244489819297605416515292455158922066600208068135779137653171558718356252526579923669889746780979229910508794648,0,99795636765527940590267751723049596955109979861072962872668687919634858928085039554817611922307341104953425744443871759452176364588326122666149366746883794847937883802,0,4434589085833645534368320589235568486961969465075970133005741221393408958682033526241319108399181632097900576408,0,-162231215187457140634518099705015718179005787542344427196,0,1 # helix5 r=4
-6978352583188824739718911796254303188601498083085112372484886079602720990134607406735940378918336589798317561730822871903498208758688206073200454704991239931024121817194573463269746196307511615103615381612755086879517989197473185642631227463294263251841923007978518809668330202579573572504407546416771720385100873981026204024695437397070808130085156874142974845320104694480913793289162588809494600885293504014809332332930285429831548106773401647566573490261390259720208341600997113489711360804852612575319702643688880489694551854255357581257068566727832488433004586443677119580787723287290113581068070069726659906734447581065243520829701547603702861551399,0,3190822127795944756140135530546194466582402343601112877274200100569956882180569607089271611562627687883284365800677970561377909851065518798545003903679903618246641356639746104451530593622125610188920961673046135898479017383289295875498030453590916196368429860703055764239728344882271423149461878762001914979349365182309794909721848192653365515472845025738340616074540560952077604178024851643643059657605121968098916995144813692767272076708593525540244302337282484719292860625070755226398454816468030129098424085772310417608337796171617878489385574178924702374836196398038886074141253728721357960758197,0,24283592483997422219563909924191689050865935856655299734027177203848085844666570656292499021287262132724831212803223767288564718881626273810986993909019062984109024667168382704190473294893568061166619978632451136260800540532093190783955568268627064765342852195933213783941306219042973433549190282374738342625925791495922418639757624517029575567717144235102867507848605489926388548631517936595764317600921689716320334329869989476170560454269899043412692761479587944273607522611562263742233432734228298024486007531730945275992248099959406386020323352,0,1389433614089536375546572706627006965880167381373344050835767065268572019802690005394505416138827920007183904877679675978686410608412573922220533778690624495219066162817311657388750861805892496554449574159270103811353683886995909315878767475898864061001739907564759133976666607138488746313699312706970021571674841625213468536833386586678348911621791553204780866072316965788324070205768550370677848629656150725009876064596275034406559316617231128745171968206790343457760073666974764958217918733,0,-46059827316355145214830408397258342390904684384763969170401600919244117468235387879506490938415509201340756804659741960102351918802463573562207827671739766341012767045800268968506299243660007978703943832926175762483925124852687416973066812664207398993537463477937319041290601929452695097267892578822406097347115465523019043969951723648089038494589420288387597488491867069857949335433632136328248125843019772879856509618206602063021050561707,0,-55616519428464914855914591954828823838876185397183923507019392076846717942559470156967835898613307044498342859646431656331879841072009449434830196959813872063645189707644165853389569013289603220710018341450198131852176785090342431627738180673441571390455961478520370057507871061243464930589620137278352931582147968849819741194661152841185014015341011014823026403289450682662738209030432,0,-30940378955357029335102572116719937878618147060468768357966750218906887744495669899132520163254465788029377734575419567110742580002547482269005492895234254078910271403611567330163091130580071603856469624585955144980397620991340565169124302429157105277557220436681076819076852526874501595156641586154323190076865807488527619298933186,0,-9279937244131534107273203314048259169248814008367285880231116423799215228929086418529415653277352671515215137524230829788752968235184798538240675697810139231723444155257225280693813417071009414603198072125341342454589711173069600865480737007395756170018733349232008803058489993,0,-1441032806937194933305688448882358225359536695899526735139565701189338709204324560459439969245329202353222640680674180711264073797450093210682411535862529171755045781623224914662637954989527929712458102266215048425576979719,0,-89951715761675541234195585478275935021671499079154443271599206821712710428531277368054137632327648749594161736343952022763760148363937384153747564228781221628677875921,0,-282844755263600373978018573375929451946042653590046414226579550781226345041922534464176779691480155288893507834,0,-26272028107196752228315943789935972672664925532062741480,0,1 # helix5 r=2
545458673423769803499346312088643906464578217081894275884715677639404510423746029627515424959708397532635581344932300445516038897292232195725587976344875390962433522695840541692402531510051092192106566316195854864170045031352087739576979517994295313743234926364114062042768627442875061449514138637723852810270583710145254264033516616088705804103041179995370424313406600473344033714783275281324958964955686921311472867625411077774791368393528257323286732024970480825620194639578158727841545161854556007835487883819057499142230609005109800040944499426946726173,0,-749742908625237070402136759486525273125659096776591474850201451014636714739615954639335428104636977402070167772172037286755527345887313178416110226375922841533877713716676720604238109769312003789108946167265139303623301950487323146918309642721389256767273661058031448755410928910558814161115905104012834981142147244574933883901735553332776588615961383212883805100798197798327123496630504344709442801654515218971927110322768441044537691727921623347566320649087803163433867713653787754444539760384812024870221914923,0,426120751121363565567647760615768947968837417989321748902474232403947308395029796513513432047312195438875106179462806088953280581906086747275542831155954160850157398996277367112567782947740234151944744776627568862417569898833051597252572533873059882821431985288000500286916534517109100862395494037530177705620366754835059364456469582708511600257031809337081099978051944632041222009060590041547403007286004785649899401463846345344600921030277964488095514711919356739472,0,-128086792288955191585697093369703893875706585851181022489126390803298719889214480726833570345032826583184861882822906538053855279028859069703838775185329821532923212570645980143652019712617193041358595553365640071266457867048735911177620884486660062458868104128406067979953197684025287003162619832912979490993354669698924991971870324164101048027874362856467594621207523187302959824184785740720768553719031363397525200416524,0,23021115524117618100250841219677712674787800071895278589833477498196473686140124350292243310554248556607950761155945310006793325434545087487828937441214004689763862429313770600107734222714532015132246337460576903055585422720656238423479894184819906401727800631255446744496762946248533741877332454064669568013069917291638410963522393454720707256906777043121605206528202962268453,0,-2638904069754571611355612781619548105273629273982014782951898466715943182339777002052215786450747425284073886990132073618132480055794935912618057145720978961476959969332596049534144361885411972700642087724103606664190040075566034743479550843273294479280297462668073193464021014260470329690951133934939808215134115816452361768575086,0,198497331878590375783878634854918900750126244933875270745504402272242559833131170248800573902425039289707883644092940809161961418551163000539428345543386218142536928114843710718865287601232069097985415968855957583957653652984580243369500062000769107612848080746608025790512947626976750,0,-9794840394636287234423224182795888197107634653964922384685408630236625970848698546710122260411291247978630621759256278087990533181321064852835542819726711803203093001927125751533472474395694285450825757916012419045054758029568863921796560,0,306669774490942672369896090148879984555145730562934435114360523483062661295921680932629018408359260088716268483643826057176316818870450574185037467744851449614685798437431151261790247038647197,0,-5553851851351487334187704136897093469443192297318087699761809012117205741402041699382377843555327269435775401761146285926188673503178560722636255,0,44313998310636691797054543217150374180943462175736436125049644530286954238052748024920948923469826,0,13437179946380871219003734743198442818456818843876,0,1 # helix5 r=0
-8663182766621641711562939768017341278902659265014438792007515440737405349174953224257484658441222157033983628094451437373944790053784879456561524435050293071442310448883123500130537196496835809596310861274996738763637899478047978324521596770717464020975632566127972091914827543864900057430783679520367759147908050096638848482097211811812276716379887158092820072224843210096686045668643938664714325762578032647276736359061953763040076551151897528001909384011859718437177311464681577018919956408990325247893979002256041245591367438232736537417184504868692201328924891378840669092981514026797982239448023267254410149704787626486532487554277974920747076540605072935180294965380234508318148591390973664894940175204388362604560027830156444437271297781214766455187505776951296,0,-16769425119076485992895702741414923858469321886466409881739178301197183530724152713637249494799089352324308059575732541569348930814697304553663146832574211084376333736119337380854651512620066790226669213833932014176035803407106776590915451946520652787396158885282836467161010152902465168056387199437458091382719557214105556477686045726080652640410750050736733951183888496134757796744453079460017186470688105072146222445506687647750670693996571432069716661359096886318438912715422537859403879963879649993257403633149176755936124690980778709218031041100140491007913755322495891860764956957925694476924784601162466055839001179112468387500457582764222870568548617959181542827217152136011681584576748806117261312,0,30435088819184025574492137422739489616132500212246865731648427286429694701372913092385108620021266421310519532726704492140085181826787242572404543693212812498491011717725870607359630244780259787317450091064981611421249816652211170948574933620435537694291688189509803386573553409521464614382607649344420471946400608402691798446853762460026630269531546917199904102671914770682628347053119225311533444499693268986672137713864577264685814951105583835159922668460425946012232092811392635356489491116011566219996232536942382745690072692232673519581893958359016959945667171400426505112995874370968453366440904211194675062799618513674351049898895343616,0,-4053214112378860506074253795156431493667530131111766640850852650376390105825647048124830736558794715861143189689895465573611369376351306273060081348098798545115471855392111203515289062983535341653032474812325683493430238313964943870730950616235053191559960441887178511162319671623423279614279741055388273954603639445621278163182550882570258601534923498737378093635411786102713831823960390445810331517688505998007293519335554519302066829840264190370090746497661904415663746258819781023406084732303573356242898049026929338310119493226651619493742824855822987722817231247569707859968,0,-1395075946376246391610895146753929842771214346565174571509658671403259326942822529769077578883665524828233010665144681603437273061071862322416181784254768521936302585038367162192986303369768256932596167672075051384679948753856833473502648605002354459834734141779478275356853828910939508215223407295806197764932819586877619912034453808001112714718339320762091245204188704072493595505901444730765794083478664054530088784788764403297277727718178052055401503471037039643287607190565314620212232721070539984127614831820800,0,305132916818372936310062532283765481824066987627916863319864225167484074817962996762280183167565429720908508756992595867765170949083424564658550018315993354931013296456256155418670801608937179245568933806432218753437088767479561364277512647543620460033808609314438656188970138157670846616230450621111478690303840037777860901161184716622583074154713455018082531978240834702554967486940246482874701371904195776568645723909253074830199390374832037829804032,0,-18229534976309260732735424360963449880505221442033496583273654155811189513661048484180444337987948058302249878620757056166732607121521199322378661372021056497643929228861598102569001028985044520446403767940405127962036557021153655421670770073881498043931649428870207907241769583371497166815193674434862121765610349803541237691619573641387395140974962669499181226252890795012720879908945920,0,-669809224200266934736723801610536582461254130574449045772117079695471508967529598148281425035411661222370385583943999350423673347957625062922500363071355977431472931368706715572585752304303174106594684077307771400256895930286576445965521506749802193899680585890151822252321603699194470011000589903778285820630646455275618304,0,235071149653345235632749918322962514141791485381790875408081250431338855673658752224023178434027129311006783014581957954157588713994803284328818168726466198151156818537081868226990117201686240869595838287614666016628255763852858707336570160751109590596307648512,0,2217592769252576672239513184622923280744780043600353135297039194954148136222420101626371399577990631480708595489574514485768054166226066704442370787420158898616142615172515843417954048463043821568,0,18626071991014562683161608840055474497345385324982504921904010912501060608158264220821176624257368608796253042102664479670672556032,0,18820482653692111706744667485196284632304225657202118522747453440,0,1 # helix5 r=2
64014761535928415758124278948231424352795776728294670364343774645714159607140305547936085026865646443244966127505394432798830863833940318368880605284550753733942632384135151824011700227856636047363281250000000000000000000000000000000000000000000000000000000000000000000000000000000000000000000000000000000000000000000000000000000000000000000000000000000000000000000000000000000000000000000000000000000000000000000000000000000000000000000000000000000000000,0,11396031062864506549556051928980184375898382388464073143060392042898022039081198020683224474899787388525392197040877520444374786519938729290632277446615461258261348120868206024169921875000000000000000000000000000000000000000000000000000000000000000000000000000000000000000000000000000000000000000000000000000000000000000000000000000000000000000000000000000000000000000000000000000000000000000000000000000000000000000000,0,866012261629376738451548083221602503132821042693355479613110076225151161753872491427854982916661379769045577155627726422722494244166302479470687103457748889923095703125000000000000000000000000000000000000000000000000000000000000000000000000000000000000000000000000000000000000000000000000000000000000000000000000000000000000000000000000000000000000000000000000000000000000000000000,0,37903328181147588466387773318132296480228950668705556004499053653177015160899440394828335237727355726846501611168593903755663632182404398918151855468750000000000000000000000000000000000000000000000000000000000000000000000000000000000000000000000000000000000000000000000000000000000000000000000000000000000000000000000000000000000000000000000000,0,1080225235779928908361159449009221696817778514701141113673668430056045896944385745137042852923340771620352995796565664932131767272949218750000000000000000000000000000000000000000000000000000000000000000000000000000000000000000000000000000000000000000000000000000000000000000000000000000000000000000000000000,0,21352113548693174034396161892818891396307607963970272494524451706305104214055588796039586441111168824136257171630859375000000000000000000000000000000000000000000000000000000000000000000000000000000000000000000000000000000000000000000000000000000000000000000000000000000,0,302631188063956041315389048534169011523027757572890112542642829934758097465419268701225519180297851562500000000000000000000000000000000000000000000000000000000000000000000000000000000000000000000000000000000000000000000000000000000,0,3119092199916896307723351696711369814110940620888179353187297238036990165710449218750000000000000000000000000000000000000000000000000000000000000000000000000000000000000000000000000000000000000,0,23326599358100615552917100718743892429074548999778926372528076171875000000000000000000000000000000000000000000000000000000000000000000000000000000000000000,0,124018478872228143927713972516357898712158203125000000000000000000000000000000000000000000000000000000000000000000000,0,446690075937658548355102539062500000000000000000000000000000000000000000000000,0,982025146484375000000000000000000000000,0,1 # helix5 r=0
-698006137182639361398691975721552466998224594368678361879333471468274945528757810839847158597854054213870099827686525614108707553073638888646815201532977460950393656753393560792572157088976158416651510087001930216902741155409083857328929947060574134891214091177065578943646673801865191594230587860798467351956497222161945630895579467454854504894007405771,0,125386470950802302188557114230652388823074713090243680100439653287495327236960752928160227771196118406929418788845768111931934410216707041283796311572606696568857345732113983421858208999669079162700659969243689596314083607706161711520358355880906316271928122995527795337304194007646896608224998896219144529407418575128771795328,0,-9984347686940285083226228324690035946090352613553207243184844047216376396560746343042924154983091428644379241291395920839749650619381619038247681556772411597758456293214232291409598436600948825755967678487286100199493587559051503086095691292925656415064665159810366027702242132413651667675251015413,0,462818246729644146242531458281510844122396103155981984812925751830496393362863378346554120203670641076717377542790957461727985866514073938287912273150777698913022208369876818734296444255577118709100978957396625566765713705387262782259616389523976887699736744416352296240,0,-13772373451949742887887329430492040947392779137866072227768775497964491837339749556185227541281019089667988265923014239408378331696958712046451176015595149053902976781476666051086923742642896732138357569207546824705990130891670626286016350044,0,273003193889073038483741068376898491784472558778068801349453966752367366336144353541662174415542338423359560582033504092445303009593859026270755602438382863691338166854994217979417502042952247695259783457747160558,0,-3604779046864161261874993297209072691267089456935391023145659859038372359525514149760969430774026618272925662410107384714127488300711150652754339862933508558176912602207303722131091159,0,30497519494434313101876868518232235123463556921155707154358947984237574895498669697225534701250638366631035106353073309781825522201038515596135150871804434,0,-148084985058939928426486921327516170819599088879166325700097108300361291240366516888589799629837800371892665251621008559231888,0,288396925728128123788787862351822406502656602587185827242758375417829412801505341773794110713748,0,209836737686815679147044231452948212880363539951156563104167271791,0,81452621063925989181367966375811236,0,1 # helix5 r=2
246804268913477691293749836766594213572417170250352167944699435932830360656296715720653129291276257826700254511352882237208109847201254510614390480310061629001003853586962191412935523003375744684925924167211768858564405248108303249330073205862313396526719619796220540736611534896589430104183662285323970693866553613516652949399859768766702489896803997608128957162685310405372743784713324555105219216836943669438285881524545489681281660123019678385810951404677995008827142791900447604813407059284896695539688337910610718631030826763229617871491403379524151201648741982141984547914023794550415521208767077734225668800260370907521924337536930817784023185817036491464280468100686032844248201252324903967452356360453847349349409795156229405949735993864252157504805483125834370172507952180238631874730746863472,0,-5037897361448700410939529482706875557322988502052183542576503447521255999199951813844006204099604494146679063908665295383966106261439826384936674033734365863436286020249194434739432156827053120488605332638580086795361662800137052583151423620437897401272966633314133417106753618480753223394145537625034645914569958649040695444047864514834223721625935196796557907894345694508378821302788222050472404695238368801473946538991772326551701095617046360389800077228326152976392905676153424085630242771290195609404635834020526925142357875853369832190478423513571748658862275825802133257429002620308146120795362383355798763983833687324734765418607403894458397694993945585329219342304542060191657889843069581635716814183235495784637871224244887552,0,-6042350178000570949028930183590705289642973221737007680910910963958939797617620310649621723980064004591376516809530192575662355746613054837252859496996453472222054122023100887579726106077564961665766416279132972875642948799032541234926803594484572273365517403475953330274391454552223911251665153732317488727713551382141249673512754097098893813065229613830125240153617985495954428483369667445912764228859677673777229491857449529753333504058945674767096218520452733186142469702050611753650888003550011227234361564692958927000067094291064617422841415697885841785144492770947205477592604560360894391266896597051836377533294552708114308600380933774080093128435298886765444112,0,-857287097068526147609011008959066764190070718926011187161557392187168973350228742024311149736251331356508406156697172235100062572273414284455774263133255270266536706104080953035071448749306808832464065384855359567999868995073987805225733347460961241505380734920952501116182451710696087565627096819301880153603070862047326167881563910154167012594527679668252073968862063958859380333406285175481265263281064824083462292463167295174870689464527198124061228037858704781900980447406047694335932311134546126269274449853478700599636988661204601026513975576577983297952990482376542205349337568166322757860113120,0,-192298337977637206631000873832631826376371106787550014093936991402746330853070748920842522051954455025738235126006448937903670494074100026124243984840314485854392471995772081528511811654389056832392079353311718162734709420412637419533028997991185555405359999820094139248940886241652480982124169285146606324061495688759556360674520922150572115057422009901764843889067419075463222893327477591360683306400545424177259627007237872341038435557937737069624748890431355842675769363662858619399490530448610815999857272827206128459956265001452040,0,5120652969688960531943536470667621157144549335574071279469395149331470755246521506434334247337325278575322399440703011935535747512986598605508173826390180487445049451556718122528087343832733420837617003089059523227351853086787500150602622216981984502232277881930771015504380711452099890321397211851710490801559013677683843886147954880810702911637993630778529275467493430122609682268292606798206815040127791504238774517171231692928564518805706095700296557920016199704208,0,3237810858423482147538216916857917677933829220839496877030710061980316287910854713972507283586186042485813483411423258806085215466898943957181115278408021177209885600936657580911455491436314930407141524466928124335857727317795920072651368251869127077748294924140843628138397948147238778719880707957679368537372423678616407722450278401392554670104767109807080643187781300075883537586098399290210814821560,0,531374466856947046861686400930384725542944720071619038721852817705039735152892282842919658560018841675900503493738596537845424269318996922578613958820650200659865750890895809644839519231467221040900416765950490379587692794153018846167401329949794543308494958299832356656151348531420016164911581193060408278382906869916421929505473285968,0,84924992684571039466085766530806599150134884246587647845341189812436639731171553141208676040592025049535089621086029368705954088652658064974253646633484336279764958117327654233296843237851708586258105502159037503471223576269051200376923170423637670709107483258877836952,0,5302258561264234967818115836337677744327069198108630632992295875896787193395654090456209595399556607672173994712345889114349581063130513792751618333456033759680065680562802554082036828950708895052207616,0,581321561936699919055026004107742786205923367081874557089700518986505480793501168581681395166862772420431384975095494357201766938484248,0,14772402607512930021843117501622191739662315041257813439188520016468,0,1 # helix5 r=0
-2860980018401770593652714868713828071634619235366812958706529928189490021975216710314804327160996856579267551995145233076658406679688389504458383533521195907952105004033474494132850028417964215776112913325628926492189876261557217429623014195246036779353600733580621053957309218024423260426208997588590239489492260609109546566733646968125613403845221015844786565703642930815365408229679052033077575930228200226731800745852300529359370864739715114792323279353571394842680097606117665038399685818159728791326534669113986206610973041756702213918496232425177578311703610582546969032956199905267276744401201307582464,0,-92534582162495199050594899626214038904639858868751450901071175391890406597239048137936849271664020183849457945582834948517142769991501710291485274733446945273120902825160030502784917902782453663547434194070772662069229615802636317520018106004327071122514906210021490517884314024412270106132094167286093466951058994481801514445129362228653768816697488397114867639527555232969875706045517442937345810355477919674493254674779496164711966457432231166337428488840433762785387175382505660578755749654451617682547544773050842478052805115395984009855666253183506710528,0,-1275749017619960383562040059178318624603899456011924082296390991504332969107638206644011584817006367065331106648636102209869966015780409896676912899568047066494647780472793713331072494319966855736451701588365817674705524890480920786599653192457006026877985647053418249461986186610178145626768851793354810891525729678043249544469457300370905654869052220601488127031612804365076343101590194551054308797017030373973540616009447453990136233972650156987677212719746662359274327261727078712848251989235936301689077760,0,-9431988924432780734670412318629689775047840496740706966307615593695557945825935888312076674527432145864898444205841144707452821652961596194455068267629926354153771675984352350715176501430662859204376629162264814618741653671006410501993241289556594797087864811755357761307896623486211086931201493661616237012656811754479235654847446461433856675737131741341968268175132357920645405865915096023810718166230999250021862309498438184004404786298256287083671486201856,0,-37243832096723428353455252804045149167218108069000677396770506572415870355809544239444083785090753422416222364571332979555967343784484330084995636852580162599229241425952819034321221113174690919520439341968588857045884478758266003153275386314363011534920013779215810315562297567352838558628334606235717945469334993404732145668046258301409955364135359956192970464534526942270319197594176188626869584053714026496,0,-51243051608464837677201643644430113386838717656404620980611412152784491604411599696702923675233515093664229886416000580584412737169857007755689782502308599426035977681537227882426054708231888046158482757820598729124941729762043251714500705152660663767588903400365806622291576766799486405797866714558343137251435293630046268565722245867742962734314153140289536,0,166020165633557750649334984145954758779067851305004384275811421743592536561751729243801647857892890476589793867039880064465770298047350249919131457546464881718642182901486104128854707021092794255280768337513909977281382451936058261432835696416865731465880697918556215905685076281577401552110246344745654681600,0,748404533000569951006192344278161593957685039228394824747986658293814615867587119329813428925294833871705793826397686028449125106997627525627647195554295220462782737278491250849392337958580075953632926087702230955157006770287186575721489439719022732748259328,0,606545571306927622168727499187423974668088192321595529389223212565800442856144544960204835213378948759484905506114110721322580530275869993687571187013503761241827206307203227890824721667428796235927112384512,0,-1508114827748445742106030973925525154397254665727323652806391563981428348904938569429078021654834013525539969722701342649955541538085670605915666426644922368,0,-2453809523077573094420756467507543653006626254317393738226920655753577752191441676920012959169265881055232,0,-28242832212188853037268693823482354156337203628736512,0,1 # helix5 r=6
1426127188024356883598178447388769713404841810163896062518588051826166016372135341842386108332210818807819400316688204419406300057420742259087697322420257878459997772896539362336977347908844241591712287328678435947571338957742208367522102720999039433523254899602391558537547484808869976901933498827812573198926412831489358036060670575386323576669500431952421437499140850291068763940335623239461362787275504493824859282263297595476948452132901265564294634785397090043545647906265790849429985952136941661388896641901571634047901567555214494513436386988966669984790368621766924956412793460518413960198804229603631242887471996882891010382981669587375823332161180691439442028770099125110405566302235923664831729564531235034732466932186710781509316719784,0,-380893004107308073561706330680389454442536779300605302925593620947420168935406106146247876253780565234785315772852431090234583546943448357648068572541700164759731125971723850882342092802620321313993620750232455923876083868785307665121460342843416420191469579978445538357382854475944248284032500640563878285326366177181903164504937003904779646085278542777572267824213558824110956884177414645870666090616782853586673892219877185780690512600729877802585148691896859728870866754227174489044783323193295429713532468841731345283933977910368406031624324578796082366137526015782745888199317133639312498851274093219586679195685532102665847003007658752688717855790273181676999740560717300899981736,0,-6420248398186191327208223115570340991913329815145443484886084419518091507641607382585206129682743267599664317059834956757753969421243573794169612900859168790932947124373788142976275451568654430815541054116641741384539537876954895592997620357054313858603245955228405820015830149567734118875560615168000391500608675278354903820799963593132093803658893708603226667994073416296253047348262139263423663666666876803636441275512397529681817462309251564426804245941336298424285105911630341097339972813312804326491781583435533262086483390389277658468108356278623635200602749526126031813750003035032976278354382331910696412794430248440,0,-55460920425624916482052299723590866273472530197696371965219742802353566393202992855962158891741314077335957733504648072526088399800559944132259641161273664699700006297319938378666152200004932279857984694001333611060283454403492079091417860266715167455554804139303315540286649491163365964298743710507407554809907017403419023653542040753231366856251395599814786649465175226544693795310573237355290838570396134088359076177469657500580879162860730383636422993558758761592982991832810734974373708836754574657415629893318657566034448711677476254271047131058502392714596,0,-300369742803356050505144849068840470958653329314373408518108789794467246945994621850070510253289187377692407413279777862735636913413488152027553904776648263142855701675610695144869824976330611410371441996134917143493735721333207830828091741591962106689322353838420503791478743865640851917012550784736540915806451847512339240148456231428361767371214644833126734424600212566100195486002328615763501537297433718835204606447527426939104350901807072200991371134792883535862276361924458551582049132088103959,0,-1333931663308876472592216914352813251632742518953778933855910973099794919135479243871792155497558895095673828862310312665392434138253662708208613790554998918899967051857413572483789501558808688066975741072205164521967782189556225930617330835071169367781131498016700225808973778345237797155218684246138488073511890710557546207265253908875035103228233892141426246552522748850346357659759489938532421039359072904991810469408206822283310648904,0,-5248450099797338465666419376071675388590332643588267998312932233990779465096960951239177686696549078014227329808123215630104084751969088109409757351155030243588311865612843676123330161483141146233985492388878396655715920987294193988933386255613221207372346743060792004568700489787376931807583494336733207731537954270065544091180865463165898591422526622238427947373728544615438,0,-17220454959237395311439105017464664745344512577345005671043783184538143152101186976576669906381587356406504167895865099335369732157284212367832860362635705290882424471615308786532959559936901406980100207820573135247429567375194102416418120887538285973851737428720978381420842120457559296402426449644191306022601108,0,-44823381607294421577747642663113695869592991794663151899437661094808582860407547260296590937500575579368440240502988918986082375202790397938755180745405497739491591579956267969623510281672223927879317430389320293546512228738524805096743802070748711149,0,-138011022005918320906984754700022477190997477948816378494845427967725223863232332046104669172983903235394120559186129419866354286886290286895909905599987903865029040208819697750153711565496,0,-454687152390738385641821763468047115657013847869044680832639301305310062481470612941651633719681031058781632593442553478116158,0,-420402851951489936393120582610216440852226220466954634009615252,0,1 # helix5 r=4
2175093138682817030326949379103759967487211307483267050768881824649273912148487881023229046534217368427292264188879087273738751780738082513600697176740375972472239897639462268320984049270561384724835750382775185088317630629197154607089325437292587642581313189819818943357411359747850231012490484283906489847821092085711877561020071309378197805004681059697150317710270373006004360259239938852126720,0,-25011046057402712221214342586839493258728773180010224423406552812281083244040124071673517302340736668223159242274926664046116826699718928213450972783052077852305147396515477146804636164878976528796889123938068204746729492186047937399254294724310959959972934518118737418273382537892459643216188016881959524918218359784802542803328619399213897501773970093289353773056,0,387109393538224711770677436234709814859565571252061355398940160437219417183641716164868881995550679472848861967255985187965118107723187306701656501484436023973756919117572630660894764474709237429716120553082923855558665294210395700111112755136530042871251987039037784014892364392137174394318963886984425743888253852993298022094864384,0,-2364105277308848275553771024310595350374469917696415474082008778100704653297383875855404443349507667120762581554249802914330986444993190497772223666911095064983183694254268702085942512595910399042081376056202495077019464176570351962363155092545135355869045638103302852673464767947543770396071901003776,0,13515112580785156489553158442366918118100670061621486732590402628045197103967447213982519897068532305263399622248953350812415920890214237437168274029225206703678464364845161884567632559160882197296377687966326113102382884794768611632443428537233474387824678871920279552,0,-71561749734343096653464191754880529352330262917136353301048103485637928949655687068314611556174769037903658203528594860010319325867863541824080590780644304220620834164921754930585814938694637695431623240091452773099826967806263620009984,0,232571205842247103562006949485022133975093438908179553897182655341270083359988947334343154828056795381915350958322151337489247327744073064497392166555332819929893317969798728176368692777570689425315201024,0,-509601204406080721283140160739388095902657558516026035848074219351583827136249928900675207771105509481620826355541676636575567358616688311647855403402327943538346599383040,0,527264430641772621797869694045964200073204659168065221467237164827194760998558673278144794186876819387906214903528639178248403140172840960,0,6066813784140749959602488741485483999745370004699556449023497168366958097229344889016212237395119046656,0,-9643947353336939159271273068112205079878357408480932319507064788353024,0,-1794605111215261295971688635170816,0,1 # helix5 r=8
944757811188349753728582324112193876995769940998293006279455305666339844532274475143506626230059647848488651206256699483434884744554236532534344384333686109075000705482659476292228525161515544085059079893272688122802091484360796565774585078420731716067129616868403468556179484125883283962120563625976492161748751045431141911794236106032318371840919491500362446197471018900087095177029815549685193061305446473621041180611258836367269274567610128105823361208102109459171068560901377892872291573686666223919646440804182627842719446488180847422010527246821984251324153849731903095171288834276517272554122165016624710987584357907012681288358,0,-104429824567222828879314775906953499606954017168710952272425425487311549185140738803875111752009345339494569958425815179514963231864127369814046688855601815180990748642343859076622430818992493029277305261153104066598476856583500768656301203123072043656648665089434757699584990061222093924380211342379420780527063706511233048254450529632486849769616517503199419404829533949442639676597463581228269697530286525976304678944248866250209114972241352216890740113254900457833503893832879319291960837696279037628523756769029380789267938523443962713757642822080038662908162071531051074535966868,0,5004362584543210783098370560247725767995164642532830429491620256880129460390219119391371180432780089298485314347205066268175141369907166814948366959693467850311345845898376564846368434861743491360821499447936907416381428199992006115501036069003246355137241425518774921201152668448250315727275224151616967062242787635261418598620645236325617008778554435770690484611245602703160390139812348930343996646086740323032974129808478158352498750893715880977878121266137554672932056230290560619241714643008309153920912788641144780209635858350,0,-139702583159512048504946055405314453607333083578719021853531296182336679898384022319363135279155119908606100925002715192970502153534597327482105713356743433605706535552848791701272009770346251681583440450370428321053149205583015743309715041422797432449416372592906932711700215125196593301256088431999816482217391676840326012260301967471733157554639164662213102449760332939824944377409862553762403875930417027038862951427040258993247120503157541115382975743085844603882535926946884,0,2607591873826804220378822908332628862136855596054507672467008481737882397358264403154448631724305481418623750473520640984652477304715103882035967825795531210122419203109772545905831878208055790296987871762275562453868447980269239090795852553168844666720764046707511665769452858188444556891793842629685276501136739371014369992307134031065261077287554092805676402100877003544890042819198501298362936601007920637455816937388964593,0,-35740060639371084020879055461106949757712006080280156263891250556621663804050402880006468364526909316311242826734418520980520740365255186104947642619438000102867712677841353742655800343518275945486842785355417056750208625256794720328757269858963887344514614469993069318376598655387600039479212323783107743797533147655860112219906900091129817704482044249134421506203138660056,0,380501523536705458157159881164818716459385638909521384241646558114799408098297385562494485906665313513076952466101566146245493368967365204976101480445560798773247157497155583460540976868050282672200992679964184173923927268009124096931730924789185853206350014590400270020562311917391553187186647032854106045358676637231298,0,-3138047358010122423239159646044307322765911817295184238850240577189977462930730534106280762804609013879804250812200489899946729767255807789171287658811077386184837564172619595026058535888908514512577990822860601063127862485237815693666154530897144691400045367651926104,0,18953972144403751850969456782784217190740992084164688954576721502317158141531524532857413706439995645308351429612819425733143940388158520315823374849716197492048383958940998031351576081671196539781015428977139344827,0,-78658989733257378528440704743155198580551519330422866046561644371830118993097861454319543530926310268593646288130237476603119518316826941144709207103562268290620,0,227655864996813373934697444394539581392538721839493924705980074877968178143084985087111095906974134483004174,0,-554461690394244142336942196002526927538744548039467836,0,1 # helix5 r=8
-1178607212078321031572793817254708676668754858809076104238386804493249471016378755827824169121157656048029055119838828336375430850196526751663960052626507532943519514215741495101722230598385302830537843992394246832010592815633879803518070460804069737360525964429863837047679524091787159690626796842150275563367680337617755720603894648530411122426742999003554771160677192390427167075532870457165737520408238715404728900348423616065364894401280677861442168761919534620315785844953638396147139198064800638177072474617562857004525499611426176324347894585017535353081127605533498048880458594174636082799223068492741300944541582262010373976325075539343080421022653800441662765546836914688115147748051995670613543751131319116281563779255506310059883339615840529364950831489496937300941821865209345893042115945616194990011056128,0,57620855856023649583174578214232420441299244642529548690391808158332614108866233946699031835272996927021962679570208226897269745280384557902249892711217477424589926523512754264697747756971601129467271028642337665826667303324893310479321552753573314141937072334863812176970627066072750237397968250965548878869311590611763272919677332113828209896414268182409652199557664956988922991520648169654448394000762855912686452921658146929329641958131684294130855061492288666962200148000278019579930216235799591270882782731376933319869676664305294613397838675105576501691114387739086861509961996787557374418746152919376949842444154062183257893576367482179149649437411013564875133931764429790160380781249518420918662592428856151017739801304656500946371651458564096,0,-1380147482546220792583649278755524195813210763631600101435898113238440987560500936880791950339451806686039293142378566149067823176456511783360556527809837947475926920478238143110491959215827947332264807262961549029400177478331183252142631104917575656110223439161432822746007324180651660290082611228695067595672642731795379207052569223997091304575700650124607376740972388418153764339348029340948942096405239941441456014089912439448143703672451152084639118287119134325942269123107332205052497462054881774273810637780607524210926439172205826391721880862296139841003572958441559104431052456927227435842300707830235088976505447961183531020377367056961421552452317699952897917706777562972160,0,20731085828138165559177561592680069155901237745809683035965445653600262261362792029612682853887856811370931131688844184168987874667625578562351310146472200184941822309556423865267404322951792750237278072540347569553262416788952011889593531558223104857055927201694690069263158292002365160637684936760801961393861422164357525307689312194088476898662583292559149779202929172082481766862709094434782944170122119546975011291955577885176840948619157780203991979107845328417713320275782407835856200074007407500080058870606375397412717750816537139218396177083896272605908568237336040829333615475627407178784124684930570518528,0,-212071572246031095219032791261443575564267971125342365735552268813513979503433306352272000985024042252645617099202673654615358035359652822900283370249895642552809282845664814714273775200577531115426184745114978042514697680675701294462771492569681918097850024407656527947920540570614649116781562223477705584341221608774217556130468203677675266385873945402032063729741273692722212341075311458824505108399447507316609503154623216921187116247286030028349332228588539502867138409250497914368465179775583611105456041416128329047370113674761161648241639424,0,1509441009073158118377574570290107688310297015565653104120015971616125311266433458138532451805319977863322304900513777013423590459088162219402326052698757859427057439387131860893846175033453471057852477837465614685047814622202996226868463120284252840476896687991511939493846435017591385415181374073031683088599742864083745480389974194991766669363226150960017421116156208518812001837747264518561814497838031968079043747294390009610581598384673209392407107716835117253406782782439424,0,-7284563404918153860595450426158199709903894605003638825718081179530526894236966143202849535567725371015957552123360979471877968868731180001879244962626438207983852209492272116274307783646846772899981313307521356668587381836573643122684023347092067086436853246577817276066542333507571660687302820094730167717006495211138263859831536535345228309751783009363808641259235555027615441826553788218034065317188134240256,0,21032627956421534010210517469209549680424266664969277932876433737558127313427961862767255405817554352597673241931919059967714424973658107219817062100326923972163261239722168563544016630965895240123767701002535792411872645363310478289743508928937330653209659938267342942350235387838738357070611966263839708126050949223601933256595686898221973504,0,-14116506113990409324369075357981169110326154957250437186776133937011850328406418051482045193974023377637244878870970750707423180762399415455562384836503597706544283702669839396828295454322994050574777623664773073094505712465308425501814191359245965974765770537390164605403136,0,-155830509237044614929241846167522170227981665066538281837388478411628160522358861173248542894155681374844869689758069669397388007442922133686737687711457470810183009573506863910098951557003323241885482352640,0,691017608743088722933204996055150129827059525137508216191514069741002029899809980703541838070953077526923541931656564619982493664334053376,0,-1306988722653386411508771476575844832821048562990430540747462328451072,0,1 # helix5 r=2
1058463133016536447088234384940361664067486308734384279868673592279029710835306008704391347765512642657677720408459803675908313886042035138589841419362395513303088723477127236576397624601530160521011291412251936466565851551939728922864134974949734133069784102356994943977241337320072272180949156286281280403405939701852416991919233818447913147813199267118553681037119565483560356335999181698229285425953176863049260287922765356224989755917623373138407196619055770552856667587933108151025067958269387235997266645541084742764853342101765152471642328894397804587342274729242382379224266831414215329065796547268806085411762510081924346088944794045290650071777165806612319908380192746527999102764898964280808644963893055761450666011632058200285532674212500461082587167911184491483053726767031381320369609676864,0,-1412070539158558274298691119069460207395593751589847232490957830364910458293534154749741144760511673517038419455880323332157156429937400479413000701251144965276607742633852928989620402653934606881670944275683003258135010699331565179070522086123375244029569047397886818678156954230995621224764157640496605737964609591167918305089597315984407408112710094936154376735937685372515108711710921799028869761257834048410619423450332095286801243510021428104188518402846267000420807619615074824607733842833437843298961678662882812716485923853455133299447473718945442252886864375493234870322488642936926892225093798878133135014773760416306939799078566216907061901905394241345751859732873196090831159553056190134287479906877994764230376423848962544128,0,848304664327075648651076397299916749257492025447724753122464223744855680938415191347065400885488804201843919870172723895591257831141943387663871979029794544547751962817847815642035997799481040251030471707213212479596427208040928547580184752116813571234184842936701548666174312976603908618474451854995092895291885626842037388279136634214602814757474954959253645251718048697517000153893021370693043551389362837393989288004256687915535100781760492578763093414987682854075252846642974209114167186335398479884312637769433268662168678653560718220015986411273704503325948556244609768452113315161184012543170482897789686350630748205253635814956920479948212220295214706933696894080,0,-302190712934871797781766776618647728997054554334617270379391665540365079014349988054511699908534042183862017816333395382770427352499115649184746102244254761673414254551253933368264671251063938272851892778300979849430509485647637112668381855309347142079665191369259366911254625846028319131319894171713689057170197787382779448933840361475492549821183415584062677560418840396122331749730543139474353379906477865226488613034946939487249390782770932981367938109963205812237710310980883358337628082078507551020993963013445751511352523818575755905030762611097077823768196987297986916701578085618750020133399405696,0,70694039094311099133899224703030864786020837000342161699589938914205319511461133834466115428551463063697619635048297570905814720751255691800375658036813804252502793137741454465734516967481752370127706627840497948872727542297379556051132235352821863636892456018720415552920425180717946225226409408003718688919798660359569564738748977014784986199585231787233502202393931267131018573811910924415218939565957541075562845295345395925059029580196975386753951597162244297899407775125124653298536696132274697407513362165306689651481271671901764080,0,-11352661695213043508218188835243298195958488159663359407355965213635197466376329381099217731368100467341573550477253786088506147009664690820327620536958826858131447361430619478728757107187055487197509846856043124496824645010358708396521051547637267016827029349592872796788423315894026332968424200845790975804435207595895317298870830889873298515099985583673030902083028739593214654103727684464424652010373023858464792834109860582043031220092132614819622117776671613029755360,0,1269071718661436812416725798520501149015169969727933731792655668917494738835152841619578484082941206416820373510340572907798473964367789648913894486757684496307920460372221993318916490968194777083199786472985472348407608745270828006398348677285811190355991758766684791872378696928347706274313507213775003728312172413409887578113763434949200314370089290501535443038036534461430582978900933468077086388956992,0,-97909599283755311446306675530040160830088638518002392857700186864285954179580681112911618926378414686883750566742807789879396931690194897767057900043926102137296210690384448051902741722925883181470815905824254209248845485801979312857682980711551751517539731231796577184044089737475224267098402686283802268420774708902446291859458078778416,0,5057398286834627678359815766068183150597473982431227829055892150641066577024639029090459602294920194464408169734284773938501939986822592452393259963980870547413619616477197201172200600467991079909297411707810189659938681474096361848807239875118851864297943402129778889852,0,-166442688515325612863478688312923620673084656319678890066411701466198301368007166703622845184724224834731009297097743327294949054097970959081417727295643547643095721131129847078521972376324071204920767256,0,3431976525472695095108209656608292944560345911935966318594045501890621061990469611295518458658888064104454322134111462013572700732059744,0,-58443151245749167971700254202779014718386982509885762805014791596508,0,1 # helix5 r=8
520848592437026287345831609605685485421493223483730064670763371889140724905615229398269339856882608803001153600787925114615082443814979026238838464305241015079064609858676353470481126193236948598459629829455568036709381685542779583046160078446174966582783921812399611588921802047855240093186270532316147854673702696255488,0,-170320293810324829845884136661093315790437609143066030194306186462329904951479403708296843683881017728612702838932351222628016028638365628790242893462571850763282182973215156335729561616669655385427979861160083135501454669019314134334177558874657766817286978806714421903437848650992637371467431936,0,29076882488515474373739054021078300451086520112494687091119798158429901982254522657436231363004885017997095595867577201064325849114669424971088799664793108274390925686078446754428307055863898809930063526092221711187429090918483160770938818917197273618984824310286983888896,0,-2873636174305236844144032805909765800852167025403203282177141333008087439170840021571381949588678799521770601391328368682926385028022175779180949890988683976005679179753908811708786474747912084861563507874008731500526523436011017976031960742494208,0,175609377467420425996868357095312133958159970895090296673862463350123094304740420399143466394930388007001678987090663677370479519784311179677850431052971241027022181444881598586430828544622987931160882568396320299800330240,0,-6966371753489564821816994382069462728780779213440541026751901370079723567546826988280756111255101362358423755489795093945698179553874878809236092786663054344847751017143635123549635542321834491904,0,183762555711850786751636015610322478778791590803565237025332901257354447234969878321538941990575403106152601916047253787020446508897422709627274083689994331265654757261312,0,-3216551362151207985574754890620231271493594351238167692255881643431070889602292008997620118016841289499974144009436081379878934860313457225367552,0,36064649998353762229152945932434660793324500744770933288514723225742919250614558407503508131506952481205284140895698944,0,-235514530243169188242551561085035111633208003524453098453696394357603348084218448093361733632,0,684005652127937370283798155690274226529171671530106463196123496448,0,842478774889553365729611501010944,0,1 # helix5 r=0
130679639599753721803207599486071807569558885567572489146433592195344631580674432689471839795619755426133277077379404972540537549630537339271905280000000000000000000000000000000000000000000000000000000000000000000000000000000000000000000000000000000000000000000000000000000000000000000000000000000000000000000000000000000000000000000000000000000000000000,0,5436480064825457916312810104422917778681733817763427902703038759588618942511387880599830160527901766905847319609957073871514831555657728000000000000000000000000000000000000000000000000000000000000000000000000000000000000000000000000000000000000000000000000000000000000000000000000000000000000000000000000000000000000000000000,0,105961945075173933606739153214886016500377997905193685775151633996723529567596661042770461627393119394716887900883926569189376000000000000000000000000000000000000000000000000000000000000000000000000000000000000000000000000000000000000000000000000000000000000000000000000000000000000000000000000000,0,1277992589274353872235701261309003206113761550031485011311611215413806855820128647865443128776989573148101031493632000000000000000000000000000000000000000000000000000000000000000000000000000000000000000000000000000000000000000000000000000000000000000000000000000000000,0,10606211140777252502775005037792648861737903078674663185338626857067041939861399221614765853358359052288000000000000000000000000000000000000000000000000000000000000000000000000000000000000000000000000000000000000000000000000000000000000000,0,63668049954857192097055356264165998701369792427205150248261980439734761605616815054524514304000000000000000000000000000000000000000000000000000000000000000000000000000000000000000000000000000000000000000000000,0,282621419317156063014714959080468762125497694785501350633462760539719187231145984000000000000000000000000000000000000000000000000000000000000000000000000000000000000000000000000000,0,931274731287608949466630910592177206324382934585997292099260242722816000000000000000000000000000000000000000000000000000000000000000000000000000000000,0,2251336284710276783930090833264420716154290054985672556544000000000000000000000000000000000000000000000000000000000000000,0,3877408666604400823076253532721792573551673344000000000000000000000000000000000000000000000,0,4498008282787794520766074538950656000000000000000000000000000,0,3145153011253248000000000000000,0,1 # helix5 r=0
96394230008262434532335684227140164447331019371894338296809791946199942423694439256302025351436104395451993166075589585723598559798743562409499690005634300077705786064660355315332499765318473433277040685814265797661564373515030528884865350684275042262424478773389528445052507265135216428599843062379429794970727585959869917781523168803251699175759564551778304261302511088796551750296093480847488553426872661573492402432568793369052950642501127585966249628978096410606175936842459763659576477138998368634254150303217505701767271141407826785443835502096399743306878394768277727011842367955920433347932539587380387813834768440105473746015303359673923413737778742214781233548926494541762289695026447550066233535049283732702503128383388573250386903699910033273666827015664618504857661716121181,0,2852578161521701100265382994756114948867719926921203133585243747357065656445605823190574515515072628899079355025618020295410595096494744246985482242803467656015026474164896668194166143848475728745868634863794956404058172397425069903192886004355832118426397202760550691242583211517508427653487153058724921997994223750558279659703204338254416635637032136201232713162469513607485090568615462392622497678357480656516948948226251207010705393770314991584963041411702181846248425072046444093133591565436916150382886284039964676790957433120066796325319246736517776360140489258345481652612416932871055973922593976537220323486299962804494270123492614456222271952460097287546915161642730261521458268549310548433056241898047999069812484,0,38242943044329236028967791075530466647932603050256952269801328325587761466291371028416508492335949846625736263216642547889300908770303544333658092636901364240714044239205069742453531003536802469558559631812776839695607175335438912623603926363830384410695967175507042023261619360322891946062666745452588151528902792741099985067720245349050005618688075880470446807504075456082004177130316505109846482116551401099462957624078649106296821881820467197043929403648419898655416367975393453304851158543596221176358516987469032640752970376746372924930817725091677288587216861670004555855672115285772606038936630932232466631695739459145534397831679323916194277703178500,0,305548972651143562283373723114741824040266964963211392104720991222230116696020722614851693445594292441458619483570826474990200946004438711441528522847327872154467589321427551627285966230042403664564920262986397038926886022426068846223204876246940677684034825163090374146984362398318482460702074994748257835926948204916003694360014268437795294242227499726215549884755944461434181938109730704134259666903849478164295817004308406812341851695426966627348975336029934219793387411606725954133644750318072630143689907391488732420526221674263534653827323509198718029870553880025171924813801120823227912,0,1612398828230278185656294872638939708770709587158187243320793205356365008959557654801272828187618034304998840816686530656203225094871891639755721810081947796220597565447494126996358493961069460509510838673813555300685440636632725080291368457998842805794780194087712131610323931489871868870596388742989284384022819571529843816880318547222606262498185855023959689790853108243675308592681560137751543218341798304521155293491516303116375609179393488592019222520017588736169109763138223513107556539304449997540107725581011429285357960,0,5894128563122785781446413783758207183517234218000467795689109134224801475481677355655932941918923037789629404050935623931349064776576791774165532016584354748275153954493595021670400756508755603028098534035974626650513011141401365614752309346271432157289161896865598288026502586470848261359334184136768158118299925551949446869927486051844469470111920396272292770312670004090885666530182639870177298073428434073512409769001850094267778414863124300793178260056608760,0,15248323135108340759823238844298920804950957663778605074765281833654533217229914980957132927902331187919868703231761354271569019878371564336843673307484569303308972238833975069573706883557193296612527372676092566085070857335046092552557451063996003524100914369890629815035050989311661288500045510198497292738723863352616745000438984558120164541874129264374197434223744613038150376906679473688419484,0,28060436481676817285760844474929634197766399291274492110337467707512077805187890187063057321257138105602084757487304300129980739319978792478594582261359682910014091159434804816005540816269562964315280112882029845143734657675148026683241831730371154297862887703255836786795300487321143339248157538223621767480322377739207429374466584,0,36419117362474376759794164918863261956853180882112962771786693247120082720186861484761567500249872500936591766972542718453646847636949700582655630150128140631896364455118143162341042385259004568627236059717228323861631686420484397587236643771664340096633271177187359,0,32523182627713721732384060748677977903686825262229846740547400755680896117596062603872809715304025857020859266385482419043587846004291347970384950725926738267396783716570094447533243502606683590721952,0,18994686885490937867071352217992571623185770948943707524365535633124503973101127820432555522248054162484633536212551605896242901659998,0,6526713006876240952565929697055171324195050740180732883320665718608,0,1 # helix5 r=0
4552335523802421420906360941041125818902897163925031856569620398246631038138846635708718386184869758008459756096149355041620985654340611627514185026217492578510548184875285792084134912919682076627470928546989462549257593221665202894652674497359175363636732701658154839971900952382523065404189923151912723889512774861835070155861761212553509587696745729712205173154822994830957020638108803022846272099135623669176416879658586337281376103069251662218487888463885191201572060975901566160182474631101197873435191014995644142368383311082944581712369325300813081495399748673415797423349524364486618142624447138154424133671079166817943349282780291645680303359882143224066242578958169822256024813103399945061646290453739020061495691159296606949843954461874570628129343875288399872,0,-2264510258955343845478648649024112784584686073252514499487419066260932786818051465844772403446017727029675801754885216414155917133613835510111804149066257011082220524585210850679792443163766834819070283268638737956296790989264116273760433957242826098679593798350292132923542749766475705346946624063049912650723077038284117304902790883294184034876535729795701195858954797868985589013394330882210445334306694957199624757035899382301957152633358730426426584246917509571290957808750018604180220090224114750879954819949632205097321546174214425129738325619269620692575257015054902357333949184379504740787912181871176748740845885236595707910166769575722051271568105403176911182649417379190358803140220571846791135232,0,672982229876075179343214789197125164147054076872858943319296488200592757474063949655916220140811889181024575099550482213106307614674451735422087223126941957998105583951297424982199979507223402775037664880363630936816417184284641831652983087520335659559409449856362376581365795288028901032330313208509383489323632081967839524018358300530979202677807371127090885306237564114470272628457402586992429168787268112995366047373754661243097701916491831220686469811071065613274936181091128045131941134999448476798880248295610291136350422286893942161949569883986476958801363825254921325882011530264726292417320346827182586404126693359360626561311265783808,0,-137525806934518631084741185122001247710401936679828031628529807772102816783727146604580466316613870028368819631543266070838065624524602689878811653986789851693333705146071002883516870425611747466914733038435308406207670963778036055407427386697060433431523954764387027981885393086730361074518809249170502299112025938262318683006594190562156307375560635424150546390981653307364335426840012260774247941845384724771563821208409851281928389356472609467655609035229835798706243583605240242705095795902382145181630459409186513693240950501664474102885647184283463189717339869353318063013888,0,18763590692525723040203311659749272480671553970916187389711867623174115347165538053509931886835706294031253358349338761280494558099137621381338465285568708948606749493479852741464315841011403589049883453007328159549493288241748973783172416543391589664600135334069428452627748347360142443602774437668363386765465388596039036173690708017009227141371975525055158365994992145253745671896012835613087199458191262938687789721174473424959865822144574269558089556317511623795722567851632993386265571371603301673701383522484224,0,-1717163093669349165539415772662811858959486469014836171291729398936078695778168855368152446638537034363068970468773376133990893346884440054786230467678340760932774128799444582433168677177120125625234978833620103871799889118836365450664757229269162485421945841164783120231887846127326738580954442858117863822257166131329687897547759266280717644588143283049406892137959606807322608612112564166328232479046433995341695643222324502969692670156770806469754880,0,107582927964721702187368749159541340042093672998045229616468487187801249907028760105642231846479028014753553270300004264051477544252837379355496891286752382989703114833566566119207374966315893641670813721173001422163385085330139294262233498015714074100407653527161511744067030229257221282645672141807827470825145628027745158174881530430770177483120995568755720698607871619370968138660184064,0,-4653032256606391217995128178237552831127087420654973626405254136455692468301262629764768477400523931408594561118303071800739803209943771858202592697212360907651236123726587157787786471152011874266916520519870070755114869750852343083918378592338098477119563307977086847067361872876047932115810068651854413486965205260275023872,0,137423083810861256518320831245775306036248465089363259819683851029097764899477745721131837856515100268209718008559544736637431027944889380969234686995719775185672488739982236519580938275991130016386606277267737334034121185839468143461673039327447075637684076544,0,-2713193937003600126727210837986185891836490748779058564799755791745854842887921193748772629876377781825966727407032290579187474212859946981006103968299183845662810802449347913804216923519551799296,0,34952628335202250621308302885871717930336661402959262013938809383200331327492599296098987419236998671808544086294946573721528172544,0,-270131612103122979722817856914474135114696626374055166241457307648,0,1 # helix5 r=0
805348692659039305160968844933648194098113439475598810227266960222761410758243077111950692428948698292863345766527215952257810171835018605695228671555864441662898165623562170666480430311495260634395508517918370826518592452634955967811367837261853168030661920856283590863268493758920762383203568286966294913327354170476867321718896208770085222859003814997609863032136406322508797339874402730523370975225894423601852403476427055085428793188025778513247260259994497202127922818574022501287285029792217705262858394963151884782823060336395027911000822398217510380649938260635519159844283202214931347978324537087450977095667599956408825553217214292096330963584674146764211264793707095570231363418732688999933810354114370534797668175343970473846195412952448372154293030800782318298402225591699440539480891157914867946305604545583599732715146660611871753304263408477448434800774151686691145346794850407377198399396234580767801344,0,41070714101533979196393453056800408165870906101312982356388087901788622895030374094796450628100613651669105849309121017557786151718449412052650614620046735872822297501311787477461705597297984745024836456105065548003681139092558556867652149239273364422109838262145639907825772380336255012793557780315124709808400419167441609466377329129166401972332110734530716126554079612373737724029600706703701475535638449726748722369991999515743280459239127775155573104828903140231342701013409585788321200690503789834404385365233054689408673008350604041377632770771977361424817992633963434637443202362116639300843289167374383253546079601563212680564142551700166655099120591891101898355116017093935746836737082704652875067056874027720605327905472702812691972395264051652471848939141844824692610910897328902437266503785648993092154025341840055880950809209339904,0,822140452562379317039623326636411915404414107891974186409962791715532910104311360511775933385636843868518855713767989158947535136507434886654243760804638522956070294985704406371792581439785051175793513099127206824518893423849083927468445970095170057629853217142625835754266946835377451004727765048539578689450873972300279889921958372474363154261141604142410306318870295661588430228227874419324184484470829148720740110152178962227756846274836293044846716692155540435003938805267991933345394899424118792048978940665447972186961845829683351914465278911051124826946385182442274466309481658358662290154146307379351816622926573597365777695357503440328321857402026740629094039299069558289454039781012436412515193076831561007564321924627345736830287536785157233729740820447232,0,15009018409266258986927085302352197615700238958375717211951415198190121223225463017387300531138960209018213234230671392103417572958301437692221916398853277996039056174208825355259237496505258446823541205945886405291115465547211511352598958895844435225992788890742320518684564280926669165237739869002967776327280133275431816072731738944127071176313734125854258779992263550024979436606805558093090062801993534224657815243864614373432263213590411560016115674742376453882696650129482684477234841821680950497806080303606171684647186093511521666257090235226801889333125132402626976791690959069801926807484086710040474961942984868298423927879836934176386269466335471418809589028698516421362241765376,0,464154475190330227864937516791352905832778515540723862436291647020237833870601820261610253743642071174429820648503612209520217445128126581109511969517611308130932695133032617877297064657263473795681375975963646131215956620685461195567382488302779085484548998530306704658040910652283007750967345317415291657080780268558290795495655297053217807133992063680100281283012789623906364915979836956200818527709153924340870500206507280863997190541061890313889720659697194874641574079947297133260574694147659148283430554716686628391814299126177963085426245181354758932869544096849687008411150991636596758903579961075160842240,0,8491740276188474110511697530984542596938389895434330984864859774704926983220763324787170695859421501397432603998620700608646959187516726246840247273850238882694424611038942004728500348717896023336318652725440404292956128602234215183720479933260813987410064650720229748203696380795708559980797652920533176297547161030942312985405939201345576878265435926103715730260038281683206349836996411800197011537066790313272582218155610401228257415239795326482204346586769238073831947622646988913126629211017087596498331379628876658889111242138451968,0,79449393581198223574554731488087678493819646220292800348090300905454010662012062768665213418966949198421783178466413987855970536839734460854807512424207713377900227271383018773259053833959913468062422589736399879685339367106836009914027617473939852226799473585322397660726612454044768640293055405331948141109443272142916174638297597584456790515491626243560281523044491183332099761316571361328615646038978552745213518401406712406751112707207901747769328088907776,0,1414774891107470990050558682977564451841803328179683490308194381566710023906166088399325993033650657124917917047687587661386900197563747310216238341901101796787314957446917842751015059692675898658913036242230643232377319894896960635045416055620629072916617544115702484161563404051192506763539320027612838254298540386817467831276439044621035590682738462837132650085677198775629450838016,0,35925650947823327802501581770045710459536548995576555524434823444211147202327441235548519855900605120583397883132855062283361948653942295283887723316428568080945075817663121207750673320388926026726527433862737037880348732281021543359660700812373016252167834861564823583043537157555693022149526610318412742656,0,271229520481505663210027721046959283855647215041656716922974095671623858873280594110352410902557503452561920632009180426445251438420468535707305122909808346738684956709481822053507564016446884964012296652157256115051686944544129024,0,2634435785094831554434961820358380054636071022608823978911662198088107812071782961128395263532059409577807315208967877939468841359779352557469070335672320,0,73806643770489764538098427027669085208143947125578460261269127493208572690432,0,1 # helix5 r=0
4171141282694842702743002712784900026500464716055252626075530662247326553633708054092524139301412483891200000000000000000000000000000000000000000000000000000000000000000000000000000000000000000000000000000000000000000000000000000000000000000000000000000000000000000000000000000000000000000000000000000000000000000000000000000000000000000000000000000000000000000000000000000000000000000000000000000000000000000000000000000000000000000000000000000000000000000000000000000000000000000000000000000000000000000000000000000000000000000000000000000000000000000000000000000000000000000000000000000000000000000000000000,0,-67943018189000417270037686343906370794011697479371894414682273851389392834637526042372807755563008000000000000000000000000000000000000000000000000000000000000000000000000000000000000000000000000000000000000000000000000000000000000000000000000000000000000000000000000000000000000000000000000000000000000000000000000000000000000000000000000000000000000000000000000000000000000000000000000000000000000000000000000000000000000000000000000000000000000000000000000000000000000000000000000000000000000000000000000000000000000000000000000000000000000000000000000000000,0,474814029681799441309343235544878703166762163714917149778275437735478582685708366014138286080000000000000000000000000000000000000000000000000000000000000000000000000000000000000000000000000000000000000000000000000000000000000000000000000000000000000000000000000000000000000000000000000000000000000000000000000000000000000000000000000000000000000000000000000000000000000000000000000000000000000000000000000000000000000000000000000000000000000000000000000000000000000000000000000000000000000000000000000000000000,0,-1936382325280116007509690089184525393252556853623089132523824533722767300074435248128000000000000000000000000000000000000000000000000000000000000000000000000000000000000000000000000000000000000000000000000000000000000000000000000000000000000000000000000000000000000000000000000000000000000000000000000000000000000000000000000000000000000000000000000000000000000000000000000000000000000000000000000000000000000000000000000000000000000000000000000000000000000000,0,5238905576241702036800706749745074217927515419073244216669298440928769234436096000000000000000000000000000000000000000000000000000000000000000000000000000000000000000000000000000000000000000000000000000000000000000000000000000000000000000000000000000000000000000000000000000000000000000000000000000000000000000000000000000000000000000000000000000000000000000000000000000000000000000000000000000000000000000000,0,-9295918583858521980270394536206993834716124857742545999282534882434088960000000000000000000000000000000000000000000000000000000000000000000000000000000000000000000000000000000000000000000000000000000000000000000000000000000000000000000000000000000000000000000000000000000000000000000000000000000000000000000000000000000000000000000000000000000000000000000000,0,10474934924445820006349574323780948015037822386445456736623840460800000000000000000000000000000000000000000000000000000000000000000000000000000000000000000000000000000000000000000000000000000000000000000000000000000000000000000000000000000000000000000000000000000000000000000000000000000000000000000000000000,0,-7660989724716996103106965663446672102717411837047761534976000000000000000000000000000000000000000000000000000000000000000000000000000000000000000000000000000000000000000000000000000000000000000000000000000000000000000000000000000000000000000000000000000000,0,3554366774931079425212255062726235261543789719715840000000000000000000000000000000000000000000000000000000000000000000000000000000000000000000000000000000000000000000000000000000000000000000000000000000000,0,-732342821070591391426828138881532217943654400000000000000000000000000000000000000000000000000000000000000000000000000000000000000000000000000000000000000,0,507098489338762778955779604064763904000000000000000000000000000000000000000000000000000000000000000000,0,-1028688269363118080000000000000000000000000000000000,0,1 # helix5 r=0
88660913785688451384832900401080214350222492514863985861085522181296008473567283131023087392675242823478130346459599154114693500285648357856513156720366132436419799954154155299722541639013929216972837306082676523050379859449626699652294334838418076718084278300685422686132464621184542274809117232049415777418206946780015253224434660524475439543407046123822283913409718250186032057300707931848587654513382630525924799315946630006776674255065836260950625360030400612005791602518393380122926215180474317596026720774209761523769796669585209348304643836852368104464091927513042140578147999826049167827053080037093826983654270401816486884818763694294264467078547901449898555919620380206557191108394382720655594179948742988851,0,-1062303846595153630543658243386326691837944227353213735696597718128907845644135558204899505854933772184536314850830635955572657601710863964840994440907877829566887350226889175458008841578100693778977938886063219334886231572256217586471705380493673833457891152195288825310303641179505507424369710005200065213830575249620609431122520887954808641930801810506347408143202835314437267874364341672280657855586754152077054478665059464101440599928497742921111102944619923663662255894907620824062704515917152112007554591925868496261518070212736676302347686140839178719183395597517596550934674023325298433083374900316640919647710118862567951386962323009315327346924157696,0,6018852038382817420717421632945320353526484389506240148356581132532181816522286640815723440777490017485120985207595673251948024971642419684507941085286433750502691977253886270884885103189393458916181103106388560482158472833415287364178009626937682266686816064078016652945011332639383062062731484522546752029179271207123332425149139910186355951452096785152457774178266981507177313505367965294760298157190359364772284022683004507324476740811936382954773363086448604434129589968398667241107900317014988520508272921281689271767099473813846708809728561295498585767322659981124899039300522802372871681236484,0,-21189531182308796719593274782450765644798988518846297090947398658448248054507402145028457026425636138375604808678261756049776273946473784647334202524786142932703595369741710541675666024118221253206660563365845892881379811653292532068321068385602337170256462006228151176762485296624387921300476480565132231392452656618853042108671783227926245729916464610971572625248983246921406900610102360399617047336341506451619954604556220826926797838374906434466739557836773712528431265996244601381930524158249171904286203720335162461839586059660016771448,0,51253778604936667915817205645030655296721264862233695806229751213439403179208960307346082111355847172180648896969191610076662669311401196856376171455394422072538941467129321756242779375880459555135046812686872229407662258839964696905637249963574501451981339346939326284893141249164653310250480819144011507949140173668030772604785994432619942634573462723987784557865613038593933778449486598698771779850566132511523212115464162679133546976252710459741469823360297970856511313866264595,0,-89592431010323791810435004537453897297446255030457549512057000322942249788239302006092518441684068903265953398749097149054377711594135017370995675274700408485036083638754687177184088421157194683528522936356419495929110110174038818257849538665338757360956792988597130756021470528545445707421553626637294108636296235590831234042738995435452239775647429306695829137904156021012437127963122028438480609221898741180443228866064,0,116624923766218542598205201728833705201152945498610011964683334633909137873339058925591068259682080202327879517006979994631706728265232306674316908165466088250784575953734821155706904592857819874446186462620494647785638082950982981389467703413703949331493669236134804087746631322368252676340293882133453510672323069106063866585702227950019088522762099723809571268,0,-115382343154141344120971677056686151794261825073183685101728873177641443497227999145665722197640126577659052494050467957686001504886171864945669514262601120467542663901513026174554782426176904192826606066332085591990718893653839085443874739684223621960447714803265270819515766638793336171130679527598256,0,87751902185624172687718512283825164216862031730004062475122764211164354889936785429725710695331652122463826011044002847316541486853957987134983452005023479437194671790325460196437626043507066030913446195200120796961073921356265149812498780297,0,-50493717982626387249980548880469842618346876512214475580434052067688085538057311245495397245535712653054322880181260137557789153856180078855288730346066745067020664608959897811699600,0,21211296564320551650256720717333900576534337349154298163660496159265527010172574365364385383908547865073721434265652474544,0,-6196026025635737686605321748733818857872952857717118489761208,0,1 # helix5 r=8
1695305878658802179879117787187828046509216936183322002703955633302200673942927226584016589631262606454924678207818576221541506301445110655290345956712141112494958899102672306334042229497199872444855359769141756656750545098549746380636294254650194030862978464923706857573019041289448723755561990358684984455602513656175788183502827642593583745870317439848925910685806772677919224874551219387299620793197858633918786596215013638681879226955627456092274205526274332417484999355160604966912,0,-7083878011974293564761994062449359878888847554232525222680114082500160274276726551543329545765975801247299265791410192590405779037033683248126483710869603700742517154342892457048991044775727221244579158283287882330093489148830626532901010198235204984649401907515640950225792530315368895808109772419024613717543461618793853104385596951811564541684414678049755998774653441821140903311205190351516958198109271114588191339247202386619823162105886932992,0,12928017155854567157864933555898659468420261976532142061890977502898969967915934782915367530106927089354464593785320868325225432931704583759778831665584352254599378743770702985071482302977820010244331557581225211595643197509758614410223064067448727843012689643331288662801241224003200926251727927497072585323193488512293165883577538458181569741046754432999146809130092851179919395776207878309374136019509575680,0,-13460771395218341195099242677270752549505678307064128611487453419421527889189583494018024002974898666577355568649105342386001650585806237661720514671871854647448404472620182469212401520912908660746018462751791119305817217086273635017136681622843810980026165426865684338268420753810343990523218933287147203393436172257743822574133201927245074044978309073376394639174533120,0,8749632743980853293783254535256773091177511646449166594884342368359597663177611438488782490270321859525304539455913676008296857804702341745904462236740464844970098514152068922958601832408465318661765976604796831427160682624609626124446976586253341954355705543895845093669828279087300608201829590506778137331695522810197800871002112,0,-3640638982236106950014942441597031581464285308224155840744405060216532170980833296278562996336559109617134538117517376024938749915115582178910418399164744454268739005242447934887750459804844500701954536491794914334128585734103394233775592537009417024056722538734211383447096253545882054557696,0,950737163352250091748027703000103149658873340690482572297842853276986145141060621133543742135052960718355270290519683726518719519923009541135404605004159514386428422807771853855837447777947180394051510569853644040796955362609380690834852399117760462848,0,-144317547164599756446211778216801232602213091904050795245090007857753168379385125998937522284600050070993877529426339240428182302642072555159095230296427074871515914260956740549011060423801100893473707237599870976,0,10361482464369741915747121323701005615599320144142598603300560347250533982000553350781401157312577174455321552252092827890778343922413026683590256274265555267121697790099456,0,-146311569899715844163989985254287680960221927494681440120487026305185346438881442705394243801998708964470498190698479829727236325376,0,782911717864768669009758818267132308505859662122560320883591763442000028773006437949374464,0,1053021603111031840008821488545039784813264896,0,1 # helix5 r=0
58810098465252882304531945869027098163646078815624811784259593557838533254728060493627392,0,-27636101322582987988577383543380688570053040002264424576879411218443354936491114496,0,5472084176705388488223681005761840422929030710053122607100707435554468265984,0,-608635462027893535123147599435936753795573075706117594942874211844096,0,44800944061353439530619023177958252662345079387069866307485696,0,-2439970311854602867931587821262070309650564359349338112,0,101034554965679373600171853147358971754031611904,0,-3134589613497475439343860633950171955200,0,76000349918706391531145255714816,0,-1279244808023609985466368,0,17653758695571456,0,-142606336,0,1 # helix5 r=0
540481901464677478154154850356800739901323511113848586836761295810625866624628154407249648845362717185272703352297790187511924014901451389947555375524538753783471219585328810250600095356834253439372454911486614603802501353436950957749989789428992795143283516289894666611272272435835824763446785862279803747616213059885767400623602139435883023328196016087838007554398457163082004036856961666999819681030873953886407168668588338338073093465264370074276639989984984574924577467197162924403037161968551055804020412700389547602689237897620141324506142958962350638354396308308755279552654458241550883333172875704025134286977432218059580488742318653008500499120124411278202668280213472524114256256059925041520904647400624015758507396854997837642989568,0,-72810293596392063328051201680363824956481504066474566950480304313145090171895628232140308928395687550475086117744168559844788555464119283378712893646203150935874924587105850105314661780893678415782222928450321620889664793412787364508090435559589191972680856840867625376081782074696341899049305211504235187499803397205741449617339120877137756621622119409998176375132092944190616986256141901616104465295129663707977502317441448538834814738319020537459085838604895563271641537537978484477139908178572526253951505574604325534649710794442972802968390700101484506962531345318367655388588787445575458068032505352039376449518493379970670860243884334007319628578638236401157523037859625304064,0,4456889240137487735588541052810419776905796121742861607747274781025480508245846845882263199480312479458698847123836214047345829744256738780298683979341717550136844615530505994786071285323460521170007903974056645814376831562460781806502637089907088812130228238372162895397676749628302109175206534642663650497810178896209728995075215722315982586996159698133808220486095172756153384416990580875658883911613454832761024605185860632948748546171048238092982927682806392809148733905081294876697948337711706769930604028308251377031677582125370422555612358560586001395146864973837560985247403051789014040993952097921142831838134272,0,-163660238976348919961354474171434999945499324583257479493433309545604079575065468484016973926630216731376258987130138105556934832718647068337657926849471735257594299905801088632441720767532094605823705474422901806469434696999068436918410356693630026408419451067282532409188697315335920347265503980836474542285803173234447955929074805457886765607364045588802873240793548856138412419280412688739694346906975454092274594370566506462453949136050757848625193851669935295739847849839456205907986532191104948042357629031879507315772112078612533842524948823133183279104,0,4009678198155118170303059595213098420528277934748373799007787716863474712156658386096539503183480569128596196293883604246256276608151879921005836467546641058479512705826611639705219816578693352789293146180757335948316643482195640754118609793443393403845771249931927479366545230471951871986479963917070471398429803074366398752217919827949311573377459904653883116517963742678643672702594806180250251947801409820034756930426933102088766162099470567980428659142043489647938582539799092449357689566265344,0,-68974191727819818747753097942852899327757579743504861406352549415469840327033104667453120304264886072365025180404501470884077387698192506621084147660825215621143158845788658086246225711957486827520958062227212548703609318560649456854171950329112043772278046958260417171852116073730282994474783436677238467044802451867444544346175423553744625431482602287092808083320323073790530236198175744721825532350628839057338436662556698130320982016,0,853586342696726786623429729841234879300695653708539551444181794473005303494769483393720155609110525756009004085753129297831628143375607813851208326850256120626159560686684123571623817890382583390302267924107774770565431121245117282903029751702670465826297654717131488523792985517639552866344800484556781887712866176992407274945470800337372815786387142619845963114868117602304,0,-7654857978517905411092793402416034359756551321958262072925237840772582706990395677162118650166758442395169062960720920401577769793910901734082210600464933818345990004985522971111330024186375162712418543058443147797394618490233935394699132553303166938559059869771686895311720333260607005651566177350357663732465664,0,49376667354112254810000537943693032332991792712613737723003287186489511169593337282697750355679171255627146319759862116300049072507831921601251816722958018992014250464615820269111286708947282017184660459773225925718890246045469440857938836917376253952,0,-223518261089611635900490829173485756346092777105817023330497510858050327556193526665146475832783720441795559127651483533330291482939459516402136193241054217477255388931545418385381444812800,0,674522715487034462413032340560127646744178309976646543124805486878255809332236782884954559611133970181104915592470960688594944,0,-1219511781450284325707632513077298843388708110873546319808430080,0,1 # helix5 r=4
17658525807787792966709994560472156751100707392463933850605521594502332033099664992361259986732692286632797633310524843076965503427036577338752242905064711287749588039429325133960211621830207115373989432304604450345397971541806753637600156682863121734727106840196315735786524259859914611799245677889345108221111273313648985633015894085964095404409129666715183374003721711124791024511739675905722303888586210501722130296633392827268100121603865287738801902922080663117917122121816723292086522511910227226518692947608384459303934924107140635772013583978199146438601756426878732393971940480534837282807845898596391335571468950840365750721496532020432152865646134403512635485332126811172445247155866201887442228313543636080394023529755777864260840857253609453090582206,0,-21133257902429992033129206768157943516307737627529610428663276900830124006782445733705209247187732662322269301175232441052733506248918535068716863769983480390026297169341627457330983575951193828346883223578828212203625985264325041607930923775431792419969052220385275319858830761073267363165497376807855920687796539087547739222685041295730431144623399704816050141014746383051542602488881115314786932422423159577296717543769661277710976956771975378477710151716236835029514403160628747832282405513991565197641400950976783663458071957400426834987420470686056537026285727613707759835462273883934988863782316001581406384568872770760054977386495994798868894130863057373279101868201826331074745440574160882444,0,6909298854418317830289680270375461378138409893216910538579508398354682200621653831973507918122434397941778838711099351171223995444361158677201704796851677682127576697468901789613696729907747506871810607636785624776703379822687721061258216730824281108171445430023923927104472523150618369869040305370670886875059338414598032563872016482602090797615826978174534663095781619423085947451358208640299576978979347798720886782408601493405926993321976527043319350473317710779435505390324866497215162438364787696444631057784231425465346860754576204452764725818022913254634407104356351059541871254370573356408333626767846008439476422559842586153678,0,535828643707616251268866671962500984312072193343198072162606082013473045753260405901880520267722202668162920773431091733706382888142129874669043085385797978109044042699731635589583459035152789035689928844168144614221394896824368053346821326722807108657350325175194190030673823945733061307744303612208437880699557792937752583621199280265092053839903261558511210726783777352304465446441703015813811260315861331446634021918892012330312013869739006557836607593168068327102688998744730952044139444733524214483198694297098716990575529364766365028483667999463514796103873809850488,0,-57403840520670404300249539461094463410064238349148205552513819050840776188779782688876219905179525372295245490930247553966439608998547535495086157870573539270681856261500874169533346711576777829962938081651692848696589718931745600234526997910430810652349319276432199225004454598260425392214884446043447891396662147106391882512321699431477185204177790191541321778603826621614832595165575956889208459716229225341143796919102542346348007015817820412680041745412289545938085714826377233870847929362043594808604478,0,-557816116646423799494563056220306892759438427272167855923707684361548844939512413207200069380608884110994374758408873443439950416392201403027381316737030580847027326866208444159976390384006510600828492287211365075880504243298111851329590651579893414366594716984331508594939653643771021702499933672367049342621878477125031762140595242700337864298917285648828777755148818183177044159806292753347782633344020399080132714724355672322921100088880329740,0,257203204376919715990712366292212277345414801199245627253678580910418419042475997226909822220204902316727518304954256280141695990456643187016530050646316470217604655052354917344752553346220374459522008616961540703648469236918591322409839947064549331138378089446484088154868929373095519352760088517239546002062194650340462948599751410269067019269816617761770687510648353428097373580824,0,-37045292349816262321986518431994360668544090050859854381350479058468555192946520323699648213783625274984128215858156293077754622937291629101442118570265855596759132304699049342293605898491655860299845851803988749493983108509924392784541950232056869062395446639360943226459462114807085276479753455911032634031402056829828,0,-1960141535878780207551483780060328788055421965745950756534295352068951316059486303765457378397999450816896588960961025349192537102057379597544798839329045831896658415483342075110839152310243689757457533715485281312264328997671975396527885137786516209955672,0,933536793738337595828220934195323898288923920634083487915538855886557560472426403038326444307342728528047748999316633023336442157379881051311359442362527686090755906959204145540883748822166704,0,-14410500483217760878541275114334756533081110073859460647014066514345798071040992216735519974330344061007703891885838814357316612,0,-13482622750793810993302470565632404460177985040461990394174628820,0,1 # helix5 r=0
-42855825736468556425284620464609916032999363110362898784986990585909453065636414807343104,0,-486505909266500611827392886822340933135735680133206228218189971433660572653261422592,0,-2487130472404596851088065020885370717753846533865511691810996228804269886668800,0,-7605795238271553399647337233034319870100058147955949724234828320440582144,0,-15500925640686580434824201843075803064946862105108160507504746299392,0,-22086722744045381822010915409386006336046778195978911196643328,0,-22343247523030960214857750068898897218775435886286864384,0,-15864813831444316941610107117053923771492736172032,0,-7577648115321199043301067863766275090022400,0,-2203783784208927623835918186611474432,0,-298870730879230425855319605248,0,10483271336984576,0,1 # helix5 r=2
169226285165872673583701730461662476103511721377326411094615398797267643615669646240423877891368075714983012929483970288405339370836984185334395040923465545263099767108272877437615800589881193083553930009990125661304632299847354812542731516431521802498328705571749872482534207869697096464187480450115177240875154301632174351624166132963346606537547573018197638460022620658902349613123853512049888085343941780954772268254231825376024209702855080978903187476310498685193177900518550562839643599818250990000000000000000000000000000000000000000000000000000000000000000000000000000000000000000000000000000000000000000000000000000000000000000000000000000000000000000000000000000000000000000000000000000000000000000000000000000000000000000000000000000000000000,0,-6664523510262989827222864236826225737521678846792180993233597892819528093254632166050593777468280158750222078618981630430082222137246965552789770259948414948156307843135100562881131112793179887668533346573492861519143580191648083454744745102953690438913253981819488064960317367864525502720855728138085735242165593225750850231826655707093741862388416550335673525763924478912382222342801469783868255987957301566877947216093462039201797754457161986642265732765604000000000000000000000000000000000000000000000000000000000000000000000000000000000000000000000000000000000000000000000000000000000000000000000000000000000000000000000000000000000000000000000000000000000000000000000000000000000000000,0,121825375130452123125147326925275574579042102790004469519102886152683966231008025738450678843125107572255649390317046308732963661888616857244898387619674815442052450054818312733202434178032722639517938958439921441360778277619842578417113605897782445943563788709726693164364855200762392626712826264005887949839090919128958598226582343700284821506095996640054794663035238810604695389455328653020516037481265774740647244730600000000000000000000000000000000000000000000000000000000000000000000000000000000000000000000000000000000000000000000000000000000000000000000000000000000000000000000000000000000000000000000000000000000000000000,0,-1349767777666033458320306577153243320016662518127873626490548988292119146474725125436488914103723622090291450360711699822207677012284085710068062246237487054951800917778971567325160751782806521545519930153858962281585761886504143909793187359464666984892737458879659568817705452807508297144036095378003738534260522732416251485916853289473403761930953617373667907382262119176777486840000000000000000000000000000000000000000000000000000000000000000000000000000000000000000000000000000000000000000000000000000000000000000000000000000000000000000000000000000000000000000000,0,9983606593943645284612379207830994565897203076954499641413773923930995711783165898475497703076584991990494086135492968894730615181943983898375549861704211461322354997490978808598348878191654130847912454846217769378445927698972217236878728731848551777923369378135925756605257744892450990118782398587570675847164226616704956198091933333799413000000000000000000000000000000000000000000000000000000000000000000000000000000000000000000000000000000000000000000000000000000000000000000000000000000000000000000000,0,-51322059173120715130226481837158893279278461660031465257777332535801883047391014302140230401070142272584142891493613444472682859803476398500476995200014165853034408462483092229542936613139621950235265161445097312843845464702362906087956515836741239490163931074560208847978654904252298183591497976230000000000000000000000000000000000000000000000000000000000000000000000000000000000000000000000000000000000000000000000000000000000000000000000000,0,185428704875610757654051026567626124437957120571307619988053660659667389358207991063196658376652887993440646288916208315641543096740249023834693057551207142670935941359066568964925570467724855127876793269085172731291663754066425211864079452804086635575592432020000000000000000000000000000000000000000000000000000000000000000000000000000000000000000000000000000000000000000000000000,0,-465740203961517373120452819749120310581117910677661845460891795014913730260988257559801468563923438064729576630579250753088192024657457839591738398124811679506154116686249502298032073234862911127019909193867670285601648000000000000000000000000000000000000000000000000000000000000000000000000000000000000000000000000000,0,785600371657901508822642929341817496958673109299678690434890423934683748174667821985330040920468670411704451496613642831010731941695767555307046067305931277353703957456074464859700000000000000000000000000000000000000000000000000000000000000000000000000000,0,-831723663729663511818970558628411910906922518703192086680855603421185999349004888417671255755579012645738090536898838839383887485492119040000000000000000000000000000000000000000000000000000000,0,490502796803242084961748555746380250734263632455086084556140699748813592147063372470062745970944000000000000000000000000000000000,0,-128084875541385826733499133153132261143462312172800000000000000000,0,1 # helix5 r=4
8657914837772230729373316012761021467988527177636423570520374883127886219653958835867309980650737173397083358283299682168394522051965347239939825775447973184121711750729502846934038071752223952723964233372611828104514245498178528534718470137290823421325491711292755669348364358645147395723553604169891706606589633336139696259818677161015638232590009052035583210547858690035266753503372916051511222270384488824475715255848908864413686220327967384127329776770057431503849425562361939117497297384161754251656687832430332417899521416854859318169420090121643239788749338610153593416308454054021868216126958065388109047776935936,0,-16464798479791071177428743912394059146553780469839718989248078997044380026437705523501371954194986364958385940387478842320625575946610228745254576396877609140506081863115413872729126138598564358146737397937988193862569476623435174280768647195263824338994207535243880279048534057633095039225477418952871158212281780112960618875884364676338565802658872461620872003155228880083818558567705840564081772213273125835899610041194320381624817321500848148751845388667204671681038742425549019876749913955058816881625741846923183563275407597770339358433884137608815423771842392883200,0,14207086500698124987296569795254441822046553713994979457949568462132672823307113195145791572424158162319481093925250861827568901903207904654284795279385273389461567683825244937447782670491698291081844367553999023266477247649778226066684313481589227172029758005861364996539979789108245922693485213271039171041616316722104325621173267688295385405691897869658631862276289262234735665144057883028540224567523176429792313670242128278053588253126219547217541157692470819184885607992632448865989017032187744762433812033102151680,0,-7373760390613234330803167955796378619223954762452696816479475750802233862917617059132235253243735466458083802863479046725622624147054165690103160758427513759327660081438234889444288863717637071502832025305422798268977464865334990908036676199605432280354661248472932827196982511518951025824965275935148188790029883113802774232077101098146173372534898233791057793893962915795363120846518982255509600759906663259022769942574164471318230736195411242872656680045379105849344,0,2568851994146835436407570357908459402582885944997027037729011423879679001686632923445236609050208377805904935176110699723728663958192026805715267544821955028009371321395226028899666651853487869358950130916354961729614436541885075372003142175224736041904258767151506046371165446270475510753345772887588213358536012073937966894457551670829908079197189479292382434287393396633069047779882393547167859417477870853178785792,0,-633283145059675305875081448673710057928680594791307302988632432382810167420757771561640442906064581162739031762539029054444609894860948247666587245147143674156748161400962694039200008295875847319307027991765800605000816011314766652189662159263464704467352168919220639759583222843497866190332041534704043351545589185384879550187977972091077964682368971787596088737792,0,113145019172988926747254603298804453446563145790676449716229598689747260829270435844965573081285784559172562531591995350635205603694404736686836666949889103448721137483100958363032034389990497895714216499992740068778107978019522902838016877502242002749398155125397695156384707151421253131090349135339748997019467776,0,-14707004570089251039633908416714515366915624262356191347308625430733994242941809918973604388427074680732197829305913231640399744343497037772740737793032063755938870974529625715609990556523487808403463901287959122308571237309519330842566818772357053237821867819008,0,1371309953449401174795494427748511165479087355886406259203573885432115823311817064126228524463620473165597091355064949699770275381399355084479794622798728015571446620522569689018342647706078153057307496409989120,0,-88620809619961936699648321090710571955987289858975872927808183995596679612424604063826410993476580599902242301849179766161414385645218496814943457996267585536,0,3727727610810580482195918483154795412456034182473445455036568381414124920366069990975997911777913868386304,0,-91087358357924096066893965041954707223973043752009728,0,1 # helix5 r=0
1718818079146402074953094684043695134459964983814848160555375984401529564754033125407586996442456172707891208883894958594035549210917344716463771433654436971005211165416276435015634315038221025329452926797057430951521662511370637426540157486696637564915728484167676516445899000104537590887225751303020982866435881296023712924351534969365033975324758704994274552266855078613869017339789312,0,136916288560405238825917112262565604072857439722918436130682573766254502891259951964783792036751482340922216068060824822175664127038249386383468312036624053081805352957567034956842484116556349798773232843773347914869992673092563735319431099514553466560532232169783455358242146602719797835375918317886596952561934521768083444137661676479295060239055797092352,0,4130308531938103545218384506171419499709974171494563654435812903156768643169219746923166543354305432701062708614311883401927818992978125992491883837754177658013779206044217804704703904122001226737158249636975800446184219913026609699078185351611101036318809931921468645696134516594463882911667755286484735500389280831498092544,0,69018464488963187506180238264143892760996968233292461118498494690419816840144806193500788662252185458787717337544972228061551210861816823632484329954926907595645216163191219601442898968007965414174478144285936241917258054883703542072959481814047105863604092118992689109403742063650304696516608,0,739652115379007708499852716586176056049973836092766146913996059249908140964592996671445897680836992787343783130420715087337036281405006070296596061516589257698910979350460517548215415963902242459216866557902209663445271151819224843810956127434719319579684765696,0,5474228791290431109186771029722464244528735279278866040266797774845177831607805469035223249907439739296300992475805291365946425125701366240016249765568907056728641098956888967208216963527615847044193347808504004012688700122071040,0,29238963560084581137309668079939411260316800800478976364288254532111710636808848879689698637400915814666809664918194493386712110214947927641786039986709561261998711783477407811795548816658766233600,0,116252772796173488076912143853895357762853010016464589802085625127681977268055164747508914750846192172608943446919255093530908271101858164894690512777652163676471296,0,352593580318654789886043250773159322329605812007300422129126169926980384633252504042253881412425993408055126408918627161088255328256,0,825288255639328855057547143000940283564642492394015539205068790230892130241476024050005827420946432,0,1450761856211453625016891580625852327613905650825203991485450551296,0,1713599523741605319317121816068096,0,1 # helix5 r=0
-1680459646638819192371026422989003873896426787148349964540646806064550884389909769344086190543671328135857064254026248027621222389070848438933076050850565248056641312572366866851320072766624285821175856589236593325684553057119504582416662863812485783065813764472407256938199487365218505835710815852999419813460852385247693753729658939034351965218471906088930936,0,-66610052043229033260592703733960818038858605105326150002376112889804176988057535022071613993181485342846190508102036004478202691325349148316011025160787338918763553785190868464738060630880703585485681473561263219075485495819494181096147757041663212547116293514047461521794892831325119403299181696215789596261303284277178845802887120,0,-1163325699084907519355555261659963548726297415292510598687743647841755116310618743416953908005940709226277206060793299841113624661020076847890642906317527738322592749962671304038105229706234700513604174214621753515177450513119957952600677646333043411514885347689654026831496948473299051295251692287525336,0,-11837910281724064572061647434167412914201342072503726390701013774510499976273111920673893008701359424857652441737840995251288716842459845705318230390318428243776257042905011629364671841942710677008588746193283045196286627332791439537065240411884999804842828744098825222904560,0,-77949515848476921586095680444293399360778190005042763820922844740788579978284928451985330251265835357903864991679247480074096482032874817990415717725791565889012479968080796776571006001379481874471202604553130912604429595153362920772852736819684,0,-347702886250721108946853761127850223305296327162771657427162200105984534174010918365876927746454507502087189555955520752552488904121223309432159162130270433741256646802418326706456596476563522311686988207040217799920,0,-1065313796099204525225175296176944218770134481990744560341114123204290579279118090150574864796785101015551468775611957132114206914119192122797314058883081567686715266535695753049742203276,0,-2215353021265469018593955271395777590455267644813372308469010372263687907438909580201633698243932563403345750973752236992463626306466840617406570997834943360,0,-2993550642355446909094383931190997326569947263905247369447110848455482759466416641965147353185575210331803727994160648212487736,0,-2373378136245204058781015987706088620193376532385291236925546186077025401917800375969536896261520,0,-837264616166272708599687062536830010770936053761114869671467553316,0,1390424010828634026948439937791080,0,1 # helix5 r=2
11401236052120501502999337065198844855937268005484624788170652123100791912315311653365382584961589789283755501262771710611417659544442026466862663616887004507363938420888931068388476667423065739287882652573244055382955873274441836078753425975390078091285130804840641457761904586905519968335495454539656779042206937149965265976107674716795740126047680204142832197485435368249913851608244730793352469601706595032582738666035044651169041582389046556639206912459864960524187444224949242735733021450014084044554316570861611709648102897734897952466481032311168016028569105378962049440179698249320714865093671935700631552,0,106149518246954691671860083173894844758159485228262309460705293633979035078493144861640633791527671507074780899478585495050259845397133857634405948382081255046532884651356072333879431462301016908544818391352124008135445973522784071787783973535601117583538183893781606226785183538666126978868755900268622643209360814650626775220374413909820566870908141228639236685664880658612748702065128350746061598625387850148824483216068920288916424070244353810594389431291516298298258782207688942579545197167318745073615906585417008518356555644349305522326840184010131281805312,0,460305611146772193510837091986342946779616581930086941257214571260228549056276097179638317748971765462402245337844377100488954746063752914453124952465120537079697699915017605158336651885335691532400927618463683304871061659570508352715429896178424987239973527955968232849763366662209378807568765668861556019052063703935425201601800559394423541264233970349494698951224045719351838866205058697295752791212280827396765905292260758365936592823721234779415028848928352869752067819293034209529360370133564067358785404928,0,1225541695093624807927161032954726769715926732007015831844761616446618904240000398980167832116362126781636840225291627458750642837493332055924594357038819998300398373183724267622995612519196531394268662649271827392700382406297231114178208243140449316589484710280736174840381351911391337500793617357308365906905659628726594414927453414159475465746866706978864478494371122818289993104892812804703088398976124682488512360893433844961611071775571219353398227385712640,0,2225882385452765242337575193740939865166472931323524033307673674407563439598843754538531510963294935033470877434139761150378985674097704152455164338918645871140447138440771539452413766942491176826056858899884249407138293125796751052737477805329412583859615479170987115553003715767369951547128704541124605660409704462577307155191712352734153690750934535409628193016068203520050751490021413100518014294750943772672,0,2899877335144183776365398017209578579279518207874097293254156623649253654893331893382769176102193963016926054994406085059149137070303803778264330726399495588202728821471387733169709791159968146852597946711241733329794706203241820294608097945874683948111537549741342584874271504593272304964451754108580009995152056196961131161799218475878575015437911055893790720,0,2774524205503945853204013289531650658921046510219018748289643752459285129080532002335271430330730038191480140407334116401871599935606492323059330690951958921324755946365522952026781092722669060257972853024439555486889281125335833703899176629434446560776857453623281244023369632652876162362888439764389229232128,0,1961824047787444675975346897958249813547854078295732173396181427348296351084990325316591240687074885585443430276108860065874777442144706242972312509876826932920708631365042563106389067479263406654973357743265878864853128367720737548762291547035079992227659776,0,1016359030283457093322728826351374082091204150575010419455608308080616299268949069816335956346312560672262613744153112163333974242470733314578024162047029238448241838257884859832513015069887640742164915290112,0,375885348752168216893024115770369385488609565826018213966808163218954163453801639525565007154431461430737534607238352727774412786841699542900048173302022144,0,94123504648891190636086034843027053527936905581881733681020165317351220003421251238502599542609419436032,0,14317928176685954861791274488088272111720172443664384,0,1 # helix5 r=0
191541853348444647821412620831037789113038059388565287126296196330291932313766970683016254716246017310237172629081868365287692679289164757970692757461951913907289593065512378601753982451910718662983039262426366139604281647528456020896395409779876134848189911522087740097586702853463296734406312592104336252956981021328758263794935080770904199742192247461712168657719973081803356562767419472601708898345232149834293398708358567943271935777743728654666963917437685255612546923909096646307063823907374647018470510514349455612572696343320209685097767364482614890492963211028510121097013921913181784098344511177170903452756406314578797104264605149469414190346168095630067984994482093479584489583673344,0,-316970781416958832091510903753774822387775281803552377432520370134046973650896388415376538621671452351775081294484236722457847607615031512145863412439071173312763438330717476317421862567369745406756672429605751805991430154835245677463018803622488046672522266704935824146480302953705149950702162860914711107172190373953550158317396218073913878203740607174130806319000274294029124012736121689974483208592847057825023547796654599143914611966000280068980375320479764221920666224853039535916234315852208119267330849585456906400748158955571983433816727735537125934379820194445994249847654452858943303600507929792681609763136750585678810042073088,0,222778789994441515222568947846890082968223283187418743776986334525609798210613838006054246367363168121287674113887691929753082925900926150945410761904602188694573572940201199258470907983257623489180711025388151155448587483708469834622610251713671637362479811480612133958897104837863403019775611150710040440618003032961348960554783710261831593964201802255921277324032942008132760151455561886957772173868609209937764235753420364680537714426760008312670699053718298214581346030756099730847588007912995517255739309605781661727926835416425025579449229542476379406982570674793811709788160,0,-85825164361707429037658275359868532541596198754586895705162646598603732230540775293374009191034247390004204970006564660548272124684373175523978019210749472937112083888595953020270105669341346878275992306112646289439427424786019517195245449579647190440536657481180371318430293782635767418520752035673509514508572973952675082279615324372395084394663171239473580883047496611144426657418604453655306072930168369702754089445440820656741512646046507213584256779672428174926432900163440811658652403357106353832804937010021608194048,0,19311465701055700712844038488150625422784152940772785333712604303965082548681189228354478941423748000882974645033922703528336475003385557938065262894416010191599215293574674782782141524181155800826181055369295856922350172934637548903182657630296697162361178765985544896828057112687926773371719324741379552944630525157443652024753516073961500960962235674834291287434052689407837110665132238549565359735394111139167881390104811780345869649039516646109491654955903221760,0,-2427873785840715222174213699476288736020415057986465026052689695096155624879579556753104873314625541267611841497618986529530658004880558367329618635683496559113307159468199376137299248890104265549365971351519958034927429604092780851552046840633771066443382971163844634840198672663025820576539077629212127673389578646286382300633667631396434061912703227964554544767953906041234153069672074915795758110027546624,0,126465446706591079172601141403384593002458157990999181606526056148134226431516812370178488772590142512346599034505469976310583580537454629510791314984638155984519987336156176318931905313104209598642283533846277070910175494900761088056181858831423939401789590496299193272505982892511167097793841401542891466981364793257403459985513333204381529010077696,0,4025097427595568835298223199005277593706754235015621922816201918990761098881726077465315878318819896618331755665721666490223654341484333221698280918713912623784859084990471331011825735578433437055839935797014732188074743971888571909211802351867014479847003124006444555474062671098240703660032,0,-499682388005182042044543446057541385234271441065502969718451049428144183303010049426176668769384433796875970334336552712619817172204271642469969522861085877753504040253703272117249306132157147156849517281452511823210472799078373654528,0,-24212326613762851993295981688887894292141524349350283743828981851967334167065063581357713354429033205811909378431265171526003524350788588274352512892635414035428504331698044928,0,1937347997268590266793018326145231724201221031303903636251026742829198892262814433168538009807143826763995282457755648,0,46256131510820711983097446212312741254848539627713481146368,0,1 # helix5 r=4
1144588809691414946267156557753703754353222093014755457814961204044603834428035466494815151640113944636286144792126770030929000619573351676331737581655148873166222814257684810647574376672019010715313970539500385394882284804679139410543890281922285430770611481985286230138196774306810793151644306300059728766508129111299489242226666169795963958673236629371515996770765980358718867033808354129124099119434501153143588773194743496092870219619666464704315468330141413974356529064784095806400495616,0,21434266220273077282717077716945204557144560402655280215368136199107654297015650224841833632490754830929803033680240933417240914007671476950879249524821805704500102205350172860713301017433989714086397295054935388245801853188102854985290750061261298485784342221872261553607259741285561701228388286610054124660795761529892138234626870036158082981163930101467578309263793701983827702651615607872792820298478329451262547213365821271369786150790123239768064,0,168730335113795383136540715687546221572687435969637851935740676963111627224801389764308126326402694735740444194325060344894249010911168336461764828437453847294937415876879532338452030623182500236821101081615258448393968993329183015912170358310225061444603965202129540391643806062144240642024451597665227839727176221609690134833436913247825404152018040904666918776718654643089462107050138748155259126373442125824,0,3699838043915978564397044307157729257388584186814469706291461901357738917772415104670692734317851592085118088940418462732863109400038941546362835337966887420420652786983705682132395127515416439381894756951079890154093947895369427940661933206568994331239382889755404464228593954941682471193788391586877805758893137129926756219032967670277558758601869464879798093894123520,0,28100509215179379351770130623203647807501082440138946013092172426503765332260410084702521187714537874474009786489342258612196538360717749579977579165246348644382939581503211485191606243243659136065507312014875931739577660341587184053649539587661597346237199991496500832311554451512966774780767383600118106273823969775899390246912,0,111251072157385011795465421873104421809288248897986278830256898801122161828551968803293835440804194361428293004407879887846289407299535746492321924738711630162974446400704992099063823743970873761017552382877780638801354373881248264578395333312685556793117653130617751921244531268322852864,0,2360676179336368153166199610708698265957947175011801007241757463360140380106087156241333587552691137773955265569501196101841655996588412847974220641956396911290605263052206659251612662099065800887609966747778763994430860318984037904147877277466624,0,7271748746134510214752837566933329186090548083104373764870090271071744786898874891903812635420960707754386132053958053384971838569396599998506487713201007043191275702672365481346816747999896099116925583360,0,138330472836777646912303227136277019298025876828966774319215851921228211776606135563986337880792257374161048707918443329226911104762302120471669874988255019444207616,0,223855892486916288597449071346993118876378147503339258237571629875595332773484447219890814046395199148611820074171350646784,0,22375956497887047054037702408541002009624027563543888280097492327513147718437437440,0,-47226946038899513093828438795990379528192,0,1 # helix5 r=0
2784185783277571768882021443897608987800494584830727779010948222354892376191879016052221159182651506979756666164555791591877872444450717957910708504556795093566585481642083410013145564598308071545443288972680918888199521635513085553100928147824682979674021042044891909318369951768669506257543211235987949424308856560483811932748864594332833555969100334826350567405639689481749903326319172567859128445848935248951246493570640572901290522625472803633450459655047251443897259907859499978353823310501438644555482299469911638588052952379132109696988568508374019438048017144779745122639217163605063483705888337891977011939382737557216396366013604481133610164875468297154448487098605730195100312628282492956036321277795044662681089997830712799372850850385934032767363522952627359632167475825332902380351126851318244380834395927188888669870662733652961949596934359687065653228489525344557191220611013853315072,0,407197468287023427504733022338745384426641530886297186280585355847733629846570186870059287554685242826679948696351593393204666846489488989823516260370966253695369518645464876090454746097538910116805129319507427228055051507434198642963342896435253980454872560314738374471736382269683603387928781502349932366620324789146801872973237925516985205588788019328543707923439781748952100426263365801214221399839317293350155130009434945392141195898549917190585091096535616336284608143284272913828610310179274652448923177103112037501361513920336367217748540945417193357366407218174684787535366771792526097878079136596767232207744573400074381209572922078411429306993087966539971993458733415822648577418968832533954170783372947480244986513610607623707783377801675523556116427904756832656056648370725960425365819510963995529270880337133568,0,7066449110488330912698596113097101980652047372524810526413682922551646391526253292186088984343410091702514677523539412473493787706667067027778216856514580548722930209262478428281463496559115402022862461309119505735156896353714525259702028126900036122582600381505977240278685785275224464452106817803198142380289915584982475530492507607839703545462004792077638047647186725201686580155321454615407633341277121385792844699021955362249526867937400094426710544800865745655753297808837408684258062316869210744311695021809651407217435569066752968395597086608043028051027284110934392080409460043134236078940859831987402652276101979239930033143033262620907243640550885439845465126006868499915212909832938030212048290881693330507720930472080759036813158920486912,0,-2058934817438390829700882570803991080736656434375695614448132226131421419395919932526150780065493560779727237398052185927230982916666808509616521509655501698258395408563700021982327146307541224239226503091867178813358195759450305976820228761883670599864577696276951669455546392152580406183523407310356287026875885968220257006885317271984394721449251434977013652315330882444186803322784670050167305106057951947676487831776766198232915686420463311265969749292723729588602374802491549068555787389798860724675459886300706600043208601169378970433948073723753336648748524464306537126298239803277229813021708586664191709986565222293889081565470594852345693047779335622914236703834112,0,1165866253389099422404780533715995631217827270814607000656941614735523784343017656162842962254706243684893999868321140483830842293101299655315317575642705948577109669631537576242456227277513932127222109982404736055476289021144526057471557915443689213132066912146314102300591091687133423354667397963638646780583676884305726026791612959717505844395120567984160951260769644445542926842706776891205551741229205869081701512368277466431229602526354500970151788196838377447568092235059498968070807964958802757697268916557900009542113507835249271138522892985152344115332557498377621101750715087127284417560576,0,-6915304846924979171383420570115240684549488358383229471462320053743689490838310357304703931022878028743836065792363676738284954543407453385907657826540485498579156074277998945495430203955392228717716076310871647110829663341325813466282195772168907408059412874332924109167466697227162045666550974933251396591039667533408005522805675343377517081155441966395188728813841833110106085536938138243259596701321522906469065890068206830562900228084875262762033675507494982668989476215040675008444729852842259235428772582137921678606336,0,-5539380588718670169747378539515268856035879089913498661221454419454360171767768754025499086613251390430158614414307498461021351582973251534645840815525637139498650195476498839285797538448955341245060474125376386138852303437051318873214541996281834674271768441765471754987210011190583868657802744103983659457776052214541091881274802475456943854237889166293340946588267504142543988312144861381184395956239588928356640706936570004651804576089358244773888,0,-2778270700552620294930364086921934747619798649141996688062114311611038726008524828001180896287898153924851752727828333660867898244717771102648242386510721413351052951217299100750836183448707326888541750181151122541868784520322085177775140671322899596084646376136284729717943103817230114661143473388407997754255754222744919033468733500714982584786327144447043464098857682468864,0,8594787527762005593148624080678302017485718438723108967889229095451527532184007420672717700207658006087576509266266770809191000581740297887187376973063284151222814827143057860408378338228320107435265891500801303706899894394580868095337417595663170695771942102001935492558006081613486054260646535495680,0,4882326154313753378092089538313811374160983250690158537753839705202811637146514868087163191890704235340847067472069717682077119679428915812874985764314633034133026246523600508981702392020145144446139038531553005464964791533568,0,-915894171656910999315883641940831541215787214555366604806771705947777715909430652198777858894770983767262552275222493555944638047774409480354664546304,0,-1207760962599750334153108569784219980418103864949904575570144977650559483904,0,1 # helix5 r=0
372118136025255829790416278864924125296575389918590781590523874911013990640640258789062500000000000000000000000000000000000000000000000000000000000000000000000000000000000000000000000000000000000000000000000000000000000000000000000000000000000000000000000000000000000000000000000000000000000000000000000000000000000000000000000000000000000000000000000000000000000000000000000000000000000000000000000000000000000000000000000000000000000000000000000000000000,0,-12341130036165542723436509303482143222463474074857003870420157909393310546875000000000000000000000000000000000000000000000000000000000000000000000000000000000000000000000000000000000000000000000000000000000000000000000000000000000000000000000000000000000000000000000000000000000000000000000000000000000000000000000000000000000000000000000000000000000000000000000000000000000000000000000000000000000000000000000000000000,0,343212352757864524252838361320031707046851465747749898582696914672851562500000000000000000000000000000000000000000000000000000000000000000000000000000000000000000000000000000000000000000000000000000000000000000000000000000000000000000000000000000000000000000000000000000000000000000000000000000000000000000000000000000000000000000000000000000000000000000000000000000000000000000000,0,-11054240781538203604820319592150212884007487446069717407226562500000000000000000000000000000000000000000000000000000000000000000000000000000000000000000000000000000000000000000000000000000000000000000000000000000000000000000000000000000000000000000000000000000000000000000000000000000000000000000000000000000000000000000000000000000000000000000,0,337182143595830188032458352154208114370703697204589843750000000000000000000000000000000000000000000000000000000000000000000000000000000000000000000000000000000000000000000000000000000000000000000000000000000000000000000000000000000000000000000000000000000000000000000000000000000000000000000000000000000000,0,-7518411227414641313112042553257197141647338867187500000000000000000000000000000000000000000000000000000000000000000000000000000000000000000000000000000000000000000000000000000000000000000000000000000000000000000000000000000000000000000000000000000000000000000000000000,0,120393045983539396106789354234933853149414062500000000000000000000000000000000000000000000000000000000000000000000000000000000000000000000000000000000000000000000000000000000000000000000000000000000000000000000000000000000000000000,0,-1400041043778828781485557556152343750000000000000000000000000000000000000000000000000000000000000000000000000000000000000000000000000000000000000000000000000000000000000000000000000000000000000,0,11919780662446421965026855468750000000000000000000000000000000000000000000000000000000000000000000000000000000000000000000000000000000000000000000000000000,0,-73175426574328125000000000000000000000000000000000000000000000000000000000000000000000000000000000000000000000000000,0,310331721093750000000000000000000000000000000000000000000000000000000000000000,0,-817725000000000000000000000000000000000,0,1 # helix5 r=0
40194197720871499938314005159115037720989470045574025624013042804420267493112814092568368020664724214312405673372201659567843621438750882484855030079781219242986489920135183094215780457422623924431147289835539193434990466287258996794249328609368010005129679850763413717183205473599982035994011331586914937596519191995438536361604714300402128336253728284571011815280170144809926903626061013656051265249492325847195732903424944219416549664067212187952447475002516331310573558703402568168806608502390901096967823350305692007499000623288043038118562051622714263008797638378555794113588356474207742357828693262390307177103360000,0,61525487880999098742415313772497905965479665077279654249701711316637882410730185720828638722230988250865310329674635136616086603633395236242534886575964728418451505765052227333640126650062086177838956179600825915303073192641463037646468119950177781813087886900907020569488665340154069846126310973920028623192116884166779935160175073424811567286658718017244129128695688624835059761963197556022100119595762860863703909883078836048962621123827492453727519378107335199961459999968592957219289628749384968597436093783659232244993935946671570828628841846825073468515775676416000,0,43075825288572722149815400091230495169678990326127942116997987488858601413390043828445776444759419559206252608154895741303160307568957237167393457373122023413070939523223044792155473504660612709077179637017405616872852653615461476605312288428923458917388372004105934053494025977931474767142382221118096983127711405801308424976911069414697306253138118642526576797801064606061713742694311575425129827607637971248544115108926751994479616907771146467301872525067166072109153835983325631920323755945584604054395584342130688000,0,18235742785656160616605934685889798691820922780002239078376541269066933324924583527967560849234296198117544662964981228510106818626098307431433741352474290509515578590972559074237146152060076791676684476613830027815425430232746851594314324978965568792141576486613904886222706092995494577398323522995229479756518801521064342053817768387562923982911145196405335570772566160742069859249945642171189494539077659297163367193382451631343068141910927572676447308216600688066560,0,5200267213975362587256060766070506265242635864730942042585616617653834923720682459903901894677937806939753790335176589008003205624787748005434256973612553956237639278528072170944480631209977469700257861115261405581990646522068874562690453193479906691656835187847430199538345247105256999961403218052171603466501903241396862784472168610725453599753630690092917131728477447875941708107140266409965138339497750916545642496,0,1053500279372469221118881668353972496695406863359116419389693062727320538080615867928518089047686820486667830795879446812054575797116319216055103242985031026184412894264972341134457959893910599461941263693544481868391927734688923349530690245621298646341221539197744435743767263559059670583215014606976841794073790753195070289512865506516170618434863645010721991819264,0,155824913907333799039629852324630338392181170772656235944915656254853432848462609420502941486641423469146882549452744124293666707923834941759904577956159262416089822088006955404773200004524520686710927740805353671322614028238222219154660201661482579872171767462959620120044849004742839474435800095887028786466652160,0,17023575801396295410898002079148744357431452018052086471003868362607638059464225570634286267099951210086089696511695533751467238894809871653088915614654600768827677444418252968028882243342149265622561018166533746573095639797383618047038721329604277311071741542400,0,1371458474717438746959533209991316083377348187055964143710891954440753861936532601321665855390793776266064631187579137854531889951155105037212473816768237103219248903951811173139051528758165494782348876763365376,0,80053562954218912881278147620787029335131572639552983682702254275574046096621614318509749875894113011609869732902679036455596493305582864972721607760744022016,0,3238159182631270482605015399376854745600799172802904551422419713802265842197260689544501403731663781888000,0,82073064138468023656254561857379180963649828536975360,0,1 # helix5 r=0
182376474994303441180983389277937519371181990758660061169468976092957497467402038429265646284477828482975610025308558549887188494754717854220065725961805121760971728021789198062030989508810580404538953483323720637193945297920796530283082584857954580434126184494197603498168752516752676175561282308547087997798354635447713230216843182604525503466566708837436392846910688138721520211294111866550831062008513181918523960160389690241819602271501526542977186908131980358343857102106205386518791184270485623634498402394505144153259052166275303646539611977788192373099838059410542331694364922234796620531444225700509512884395777550298504975080098796562066940484871071452160827247525959141606376842404604541041140257379239774318727464555492224558132363264,0,18980643981830877718494991454464494149589330657746094175427091735060076025156985953321326519745828870092342039737674944666161083004597457942482024904790234386662352034255265202375386781320944705027140177899830068318598099361339515615687170605559065743515833681372796778765344875970291748750308176681038393578594187672908385281805627006687211622444101898007908293852462665698742090866015472887021846454105505217273532170481164600880344002799252897025801785247456141328945041914659682394736835469246806174984174720589165972537861864504746994234504782504979924203161469181438262712389462692278948895718377150017486111157342340680446948825091378392489003704811595157879923053577313414283264,0,637167819138655135431223615932499487608227560871665199879738723350767586538806279592613320966220375456572858670111440769486376073175596757042270991917320360966589630433176219984311719306748696058993843140503739472899617598019030478014441801468424250611911361898401779882354188670598161668008464308710684226508226354616927409697492629466862457509321313618640649778941789571636852904142821658876795314107463474704453988357249690670327794013557505165192850508744853109472070337898637611601946605227263332891733996237217637850150629458066270098064538772850087245251814253845970183580112865200140616875674628949718751496250589184,0,6490913259335488556848113445934482036101859587462089229958593923346443503410735058091089254718169832765752901011895307991322819690575881879851543684067514764379089103166358327032531049515971171908477855076638737480498192994560726165840412750381997100197564481358293410565868612809983159848125182277835354005054807872406840708484904724554220479293353492620556652940434797631531869732777912114651647349999314993562823705000248155700764602553060926281717435604544344106794744829821379146324192988151988704255420728291469382932308547622803203855720220061337246498816,0,11153165194698863067507158097291667448015935497785853085656354984855998831126415136682813215454122309534829124835686327649201255058267008239562386291775403321574753844158206055308580148942234916079605078835874587853464288475322376574907549844881640017394113575504017325939269443494859690810072907368107185629763381318124128356553579305888038457720138532007243815165642556351336560007157476025712373903581413593813002343425255706480354232963081137626787917949838044848500967330377122433582748863037440,0,-272240528148757841502361264077370325385949514571882294633654582105458410228454512947860742087906317556899592954605389589999076115318036124725535183999175603247061575519591947669127793078266000175008358541710099314444722357825281747394216596315767647647183351620713966910064965391200355020148030967824264224172249766268536603733895830833401483631956634653615136009483735429995695983330779046721024826231467782578000114516741225886097866752,0,355531971724686968021258054518300499659429923794638617831274101376733656617904011213974284538142722798797166807621719444963764589874207148219872524919874106771688531720228103226466277869887998139370171195298385435631127960594831772964505916741206606826308720319772646044002174092850353350695521081380611888563039631993689566363834791270082484337870909815512549912606427578368,0,-3549120653429798079423812507013181470463040764599088814043550989933973029820417504274984027222525869777480750197685421040755397697303453115385151955481266729798584974265921686051044557853095635983798773253775868085779048671189051374244822346766771997264623716747270396519272267825303891699005488250493684267614208,0,9470430995004244741757061418481010811129110160756451564416695428254200097325667463667305311222839584816253215962836328203438215238278330846572931357187061571432989490790736944463838372607650587844715529968650112461971062201389492935291761107591495680,0,-7948174099402664081871879711375780544041346486812750366625865644921098195724939760600244107876768731267658325768251819488615774383951543806977858541875023289695593432299447970654297522176,0,108261483935112360007294106214164720424893322508846793020641508358248086974971073510732519291948371778823359094669321453961216,0,-356083488532650325852337265431354081385559957172844186046562304,0,1 # helix5 r=4
59453689850016928351780361555901381172321468395050070312867801530306083773782011581464673980103512659401737871001474824769299971373622401866631909890071647738192813713381171729696856418751502252609524252339425546522194174238522993899049818057576490900959249454329882954766254106391737134259069362498232769516477051391809187187088039891975963885463029182930372152838470303768756567449759606829904326319894198307139452917949351628800256853914229464003668478477755070255403985696272971504933287514791897900379953642941923359041676146166611638315311210161832900573930692318625736607367934887485950084576898743137694365433893102079385939459681781519422126562387378507429686768058204836887626726618420024948754175322489802505084633376799062832790958541511017700359583350455596286011229984927424258336434651994261377198024851882184687602362505766512459304518696584569635073438899974224982517750456894,0,1451349899550304785939766790450766415121715487153010799701219531181455138255631992588746200027447848093595851083063738893919032822196629534977465569557040060101731656204877180954154054831636899228669801730671543042058569450125359575333030755877047944999075351139082688546327277303462137130412002763947487115789367981055427503277429928262980149083855767064055319537718055528228966813076029660388168066959444134335171704756921189258719052509328303587883445442752871121595905693368415344995512940946051706802801953761844142350410775315084734397740812361156272541043923662666655708930356979158543309644090771754430903575167351462889568094507797910033021550805373324956690223674419825692174350122728846436330773486931827313684433791814411963305645819960020688281389461519444086196818812210495172566918141379880149346728485592,0,-56432317881224941036677296486754517573256472822683819069964914037745771700653873498931800747471973726955880662693469335144233428705907280919400864190584312532737805168580247750085486410095700215024197962493037084406529576081684718435210433389258107303127865720961816425052718166188734803755308766369425795370048046715697426301795133400266503799213947986353792406302820391906098282264265857613540040386662179442630649467604806483032975627535684169715219166671512459677616339808304526041295310864488173925121503537754760470473101916079687125568579392110550638005126046231480204560591074707105257787506193827280769237092565709248537971864644853699970062246610096361658667090911982026438831797447303310460417298893957582848926534010594979604629088292,0,597183911761800856245254520771651975541573186944437675850379438320492778552723069493763294975946961516117801782780941003187572112620668455428648515798076387027607717033138181935848310667731275353899291543086356387491706145108055812701077858938322899956895186556228427198082208782395876074036345325671192995193996914838193064243858542229058542699504821131334512382956350257267876950636614135440068993326929940466629306023771271894531165665149202716872868310165234321300601867892259630491989286774592110416281184230899878705877306876336471362397761391271222656070074131551198443149394180274599484258354750948221160385362088352031271962039813946599615737605457985085213315656,0,-2533866413460170333306836405810683099905664758426352481243042712610858542518104214819723715709452037167249072064607636449892940285624180712147830717549856806292265251917675545520788203134989035455822506735444809027487341795536811613490352907333679191328111635158352787609094400213312942826383765206410307202146621747516003678321524403943581134835756458288874552036822263818625422440941615330803398643133058008051664185515199544706468541122022145933464520931799711707710395046657507775124174878983829754122548939023890108479679391582875599080423145115537256433303045130596681471707315243257745048012,0,-1501190088987015675130544843600513522102115793138318113581449715414418927239795545297646912571163168367277367250732508279299004085385380103242437623894669550689395775508216070165013853760533723194457083132984715930855646114675545393363997651778173136715841021601560428824178221973198977877974310270260788404791694475622850836075442798777064942180133369071963438874490986972879482274333404297993982498352331436711736833629605664579314315565930406797645924204073549116757490656240507001271090001718738226799408078898714364092,0,71363659003917000816963218367772146076130302730284077553617512968891620637402741465016239486175811940620775161048699700463692588214054765784632324228373449566620288319353821464783988024556558350648994504387078157086800677992082332034937444945231850328454717338374397263169736231545711882162688731461706886125226070410561006109183938806994029263341662811908734303273539262826358825228261584073201853455762850132512898078863920103573099498217185014182,0,-399381011111081861919969277340547758753176428142354200082986845510753828965556111065917954150886986918308303657330622682173311576376934337251502655519009463265724043538194797604597637308646791926343605588410475372169974784646289738472603611746789048279695444309298973792395232073248044464555995202981490581897272224842862243281245801133780063255932949973973078351553382331332,0,1262282185562889319357576506912360897443900026846994631206912364280928240264118094589434422829813374029015061008282669291879069112120245881304309818149436172533513022710295930118826945925410621389264509917762400427256248018205534081320140642492269533340088150868488547161359655571228470108451859511190,0,-2582487102375847622312614478043845341581698543423518592789867656914378621570797783704833346602626463420354662057781249969338051556303158496940205896068899103144438903209876144741190005585150632978021444092853372097370399512564,0,3434929849189765090132590819227144135419547282171022246771839650979223821936636727922891595945193504889951904448490521209460515490016491152030698298284,0,-2736242597101416744744626096654288311241695514208946038025347751389077938404,0,1 # helix5 r=4
3410842314240519765827320844070604629813392109766747621112995363621990841248178453790685725841829544050226086208026849073031238326510897839,0,223310397151309646162581845057033869420898150768925510293740870982954624009703820164509561183233514497054228496432838611111792912,0,5963654352231502154177812007303088130996940161566281922724522930103983081786287727294455060658769800766307749575475415,0,82772615906646112956612531895294210030369843553078825685708360322015299396173765771710856075218158861149808,0,632709237853785656151118330070772880819351494489300414853081478956310624158167739462117326774825,0,2741202848780146112355864871573204452326418792492360271314451426357345523758807401228,0,8126260229168689465055012020393307921038993955116111132404823706904610788,0,20017483091519070846991356389368159794954827302506467770046340,0,41501536548458708226828898791182678027389952459526,0,55431450120923330448347723273108097852,0,35946141731996448904310511,0,7979312391444,0,1 # helix5 r=0
-1028744515452659967599981626012509927963598909270145031886714452997103749941282117731865236638798074576734609557240687922077962424105014641830383637521925000616795679934137698558130949721866502884395827699538352381769294228025434539188009960824527575185701932261418234642227475656457674579435255284607996363552138088349484087262425412412664498306583462117922696741039669326808449771806056768029965456750842368019615712003460430046965841677317903842696790403609850782454998492668547139192524942967464870441138132658642694142486573774394148433686178538976268496471724623065467474594775139985517021592061529110655699737353634672511452187056999107942529750448900875079150632756382637442301981997791803936795671949611007546038806676969806825659321501807269873070376994923579496520045746830577072403548704470854251600135150649526197,0,7349854847064135325799456995053801913608791634996530844563548773297261066266747053546924734218678172975831508793872174158902244687292749222694069254446999861182295965499262376865391667484371460786849158852508508776612487181850964177622336732577329912321609167784666001826116378092661388045218612129123194452510283400071107352375041223503468925310079352473475204670746658480444850443211654291498291394781169697901774893488561095281578134576768757444704864604396895887610595871557486890135072833737849219702216742425370158476775742059592706007578149531745483810841993506964444652603209833847603156721771296338396038778837544283243046330963056552982216563408744376087691286945474803760092598460429556416644597074750149802067869998655729657116672626210968133912,0,830977944563707355267264379496202711512245907382904310287819161325475349329005087030991939717091328552219652302247854276598680422279802962210194027222268696225903447996106399148895476933546726665518437999364089301354288313933271673055755383392595859738557043790223566556727730463560412022593535778547759856536725824887197314982062281094698350094266627785338122899919935999721864287008749243807025736175631515183470257178057730621137630220098003885126480359701361943248156810121063483202397425553727681318299894948072546674471562101526788486729874829818049073340247342786931225139729574187706857658484935942532900765037334799895055847783680874635672981276965371131560808836270248664112326,0,-89924004559550488207906489252888123571284893792426610753940999442701147269033636958149946269450787766256884969280766170403942637984111673082629564862801545451200272490677889537923134385251245041802463637829143090961908386298996422141652958748882476712745796292507219527389490967386155862017892066145812216611431110394486857038929347799491219717447391069641621466601834639360173823800504718192267409861700520675762693667985129420339305823028775655830661017562724425116330108614712775876374313918548488554821799809628036120884508209374013209515109065898031862503032901782561842913719367807435063590590546625224696880679456,0,102266138487534295456820861470693206122107908380309073894061841854111572105972212579851370173580416239502718071142655174118502934172976668339082683151231047502328813831539226600118513657142749266372130897986711497969600568354045584492758920735632092881472412282796513867215121392604843819330823848763900008516903410806364732950548827631616108983508762449627758168989255748419075069175666941446034267321985202691334454391980306142608566875620064093959589106517277138421592132739110022306141952246323572144707089647689674939976857294560782649523402002768,0,227524257767879810448512784170781162346308487825470574145614078473917937333396710926828936931669871874894063125137648874548596224295703369031341234044807353400811512035029397213900969422500773454927737068185688628860866954899493542308506832380684703033824649093331598726731220674906934919319882987616837381157772167066462997300290154799317486095692537319469046726071426697309641403680358691965068010835579330585511372422353019534407327736954137237159342051798040120063581847405190900,0,-546953974794679716494288210425636270457842270106635357246736896699110043398021563036626381666942167654516770168691410211403446570596759959395920300010750925818632679487929639957809199450143840043996591893090597994199783553582944122717293814476425436657544463090115443293683453817830076467424693697836013738960919501278258172525301698064408757200874507611259520888378134866897363445620997963248124346860345404441294,0,753015014362668854893168182016696985577960003046223254991077204473863078129000781001563833290134577120407021092471337011573526690878275984287916140353906093960203236008852250090865406274648686943128240082715091431040067541928310553330155865932728323672197958707782985628749293682668584790001471120032255064121351923650138128646130833392548228276,0,678971732321320466333427952752833640737275668982276082031075549307877269229252249220097221029922921720975877112944583084617673062453032493977344721192754480444328977910199920718299611054942635695661974045178412072025703364405183918797086199804447992519690368089791310701597133,0,-867199471157246572826131076824641147379883507670127608534736798265019599039824011770560676973532851205957294409506455611571903429860831004872006193020368307641499658457160771134536434001255538371664459421676,0,1776355544052571193858676865644422026975771104508979370202850161750877121611451540733934220408705000488453350460607681008761929844433197296,0,1207130708486501530739574693909032995714954697215376626023650441769072,0,1 # helix5 r=2
-30250047308838987595174840652969266669141132504587054742335835072758812574555078353338734948032161078523768830127387402072152158508870661243743781420291227034102394724624029263161330305367112725296191991987494527095358795022071987307637644759241013430560686174344094658368812683210046344423407018122409995116573571952639630558336531217280939853954634722903416085097765640994641446069686012488185373898078518253959187143810765677099159900309528873381849101153238291092742865468076215969220268549577764910688614498506306405646046151958056675350346503740248758160430343402166379504048342999817705593132939385179390497496836897666184528108204829585445787018291300620831705153238430359752063760425520876113566470055143027213654010231167703385783683960958583765187950679620313504035922847726158480719280304725353060892672,0,-2251566375006811133198859751970262425424204997645381222577490218440274979622872041311949173615694773430715056923069784933016918952762321358372640013279170781993483706723360354088581360248297392429339117406288709838247024965796782410206556568902661614414689826928320201530025224201766867350469396540859286240555852416328543437652751922390859618785381199182485569962370002178075296284531589866412986261412362869719855564469060463196721959029316438548481472563540540773136005566697442193010062772212925762091790065461340715357801279308134755057844098889808002872763458882244659771705764430342737538726524030674673383862353812831362987774873329107239601215096691020861767435863857709849578566976060627651129201528232847629003847784515938374388298022912,0,-81713206389963517153754664234289478156194371886567777472100009402023588498020588686196403003210346294781393864802817479535535473534002874762176425705382985357012201359104274966940233037352190437530737998792386828706769982685983143223231037708765394298743624632477087619242698090335512983501828703640393597214901599915651290432516982639538066229718822438672340364652488104939553898179831023101977319560855085401944747424350750127425391777048129802095024389926763877897199321901267631320417051784327557031317724962445066496185872305571690154041781373347350222106865539642379389860360257226687964522808003115363917103807524657492125123293720643272532747533715114190855009087522865152,0,-1873799037225236301018268301005461600099936448190798618758824505818684696777621262786317621374925513328475163051807212720670204416004725385741985832947624091504304240355109976486419609680819132395668339270504670323918562792507057138362918849390358400322577928521675357598838469997319868787848287848577099360178058305565849619466279621840158447881861569658201669110536272087184909302659273990729510779441248033025588624717154137656885812229189845993820941305696020477614826501111634493454501028520940117785534493583505701300876227999339920568760665245808816889008166773275066276248731032232534626664455933341466624,0,-29253842302113222634859997485401525571606693060121827483275836299081798329391315155507129241269321850888811503658339260930959434343134455940416036913296711964332344385636465824425021903568178357055054863783052142647488604003885732483285162908945139849760025546890131946232826716684432794454490893173896203142530601195465412639631011216667346855360679022082723715939710776542738975844370857022898054128539838362440034121788553364098741237959821062795318213221520162914972007042890148288021924825375131031601957545208830451637834760348939111628800,0,-298343767299375623737277822047671918883013399556343414705279052942087548601492851888785928721843714501400131904122432375387893660914205020780275383657401598388225669792765215371046456862457731033187007707728892453552919528497507482533654650137319423982060052581126894016065418657765381151067544693878799863371919338053820483921622840358410003861092146858360153819119691285947166632262701961053608118908849655828397956027308274517568539688194618300437734616923579282172749545472,0,-1114363805061554300234765779661028221231140565430617881268863943595368600194553009994205579287394887082486388055408956801151036085137602375906137444148973205003638547135938045578858727111916629511951067715958917633030730970363294603759255610882683583834141636825277430739314076477015160375308535783346487710536488943435271098786561830851059467112086868605461539456360884906929138169212535583478374602287087616,0,23332706706131895854275539663134214172247743710803017821196466545232966413180555956573191752376116054882057411817679195507059609212084056651928559400342044318826556719339629885487993089346889853954407997686832124061237851590473253564005588273164644830038275471333112419512617467819573604221054821637427466112539945819279410603197976230756352,0,559506600608327790462661891311195082079670095385925975714865149745041317388345957459382026231010109220899286376375487879183907720804194798846939139650993434758839295913197092401926874765441464873032292786847199720221107969957416524652238807662991012445980715062156207325184,0,6719400749092462664255091493152301822607595291945551458850219306662312593334942515855377820284009311458082107743426354659840975999115871100347381155930286866599095543969942555745171918934173918896077144064,0,54800397306659233172050241669026545735275483673901318078797147255474395216213801577958661346684668148673121442993703544352834061445627904,0,295592773346878343428178114435837563334569729346129959429957830574080,0,1 # helix5 r=2
6841153506467130265532383714145202597946976389793100119935030379830959897290884832337364112164211142576959128093082012777201818223995720287784577159695110012537670314309932197976873882679247180738106878520531032682754407135909562454876204231492545560400584782010166117947384037548938112838462848813573926616802934987949296102518215863318099185047071077145845231530785891308901068569086228218669829572076091925553242211916819010405350426946377816799533171723299817179773373925554449417176442426150566706485369333792617678433250933618826457089641482540839497164087258757866950510039041569508769948197864138781793087952663269763640664853909386716093201168669356006008963741837978487240614818209761732818884375028263194809878278563464777183175343336619806987086697361625435136708812837387971719495671094902767830970696466432,0,-391331496154420674384069355691764977577299790604305881580164361322109059279600316421896911138345507345542475044969814301650381375163910213291898092788491956411644543067644039901353301403344817842357601304244704690918927621027435969531820869855896933223822975470193664837218744485625613310046424345272778596916476022956478238812641270050148490938172608896558134056727875591011474735349621843263996036976165620377120885645157062509428262198582872609426433517131050019714686032085582359012844774337692495766549516050472913853046065136374748558781042371593062399361330322844782176583913508753908453881889100219825576834311311698229670066630424259586470532480845040377141557796651458076080838633513222167689276365475142125651249559131363959624467349965373440,0,10255860380174452674023626040058307520216529973121071559645617462259590833804022613906475300963635859544355788923466218320569938983310401552924246857558853790829341296911577397803908770186299333104842905479298775394992392895400536286940929324229353949128648784482738975531784544827240927520118202445690506187558017370437396121631197072915728506484279087266176864978940029264666245931267416280813762980344815571777657416705348839078166091956806901237245735937814344517276991989783582960025152793211380503611403902134748825003242845698293061600216327615996517019138197342628714216184087633856755176148375821202903519158688494278782792379438982105708162114584803094588547925364804969037824,0,-162891556208878038532260737411355987772120059190525424403487113649694907781247082897370662718099618660669436708546559835357976270095340796528926229641504878541640998162378524844576074904231487188836518866334782162736997842514971861017898948763721079155365773090746249847623440991578066778691092197111201911597879709570657478567599129136078424105868345917090441836907046622644627047892200182656020655682749943244458494726879953155820873321818226113198687926361613893675076876726219392448422511547219081151755187398695047280397319792236910225763484633193306968208584149007789618854307805604308381148035712648232497577984,0,1746926782107340129582581404725568346344094168695862067210384951768531958340004512384184457355143469475304907932303556134224908818335011752463635268780817437500240338480352225972405466164249423986110406698120370902807245622676669302232538104067563467468147982520366831121969677421783668231590111229118645409873130653184676155962205558019382153301031349997610428917592661408597310388515582232007764658282800836014642276514037813238474406129922769102761291547391690662219320855813747041010746413964052833455398238035487800537689474298889558722682552320,0,-13332321725778572502209474517398187906365635666226034418991744508800679871647793921883302675989335052396435838334148853366026923901215896656835533891754100180937610123207390633097279676094148802283405150596453305059161837426326917202453600520971217072590628947574369697184709692920717514534860689313485238971538267732442253550483163531132667724821720244518905322709944129444874253189666041195003400410995808313445777327527796154901608280803069640519153877991286418357482337312178176,0,74277946704822139681404750784673693006339255011727337631732142615226032458107972905162596284012499494312310034696685401119128207915080678212992135776821450274830664548198777660990830211154220326358519977648026284280613114196817024026417495247211101886374681522048344139136412718894117541683805417156622197864607316944864675867861333231738407303220472008809219795724990775093844366447704141442422631876440130322432,0,-304509153669688587458292859971471333605438027003875205121804284036423286595791440810459376484620880723199828813675186928485876551234214093147733460172489674797562143641539587533771929748753596706436822631663900668891871242451268095448190882544246111389285928093948021541367159812792397442005126567363378020768330740591314877400772721751286087680,0,912082042933710592193842300848366242811082411647263502140116794770536576484282663828393379401472852666730082486611958578954084866868645430555690737152515370213274551736769088838436273058407450214757229205153507137831440455625600051259711348976995685394024172374816046433959936,0,-1947411912593573584605151734441472480730672287558907992737241936069703548823109662344215178038725039164660674171824265367364131742745776795551684561309914351843350562050400469441991074047511907307924773404672,0,2814642080258073965134863950329461130385145790546204293186438546560833199255600045373156387175945047457154862485212734880613150458579517440,0,-2473565436044586875027738987870297354913219684080845692203403684347904,0,1 # helix5 r=0
-1150127363537789032598439037285542075971385957473984671157270360413797185677749333673303144449518052560039498048468821541441048895507039105513715554338223921752834602676987758797309039967872560664826422722258933948533581317100424241508792422911192858050544011736835779329200965872340870188490835176696158396989051703111748039373516350766972928,0,1307093270773766613669370068699094448241622168936499585589386601206661455943447618435779522836284513392780809172534770975412074593141606139243315248027206554521630157994096408153584158147601810667044973327214079984059003143887735864910485175799965363538225498355976312608507506056721940702943369204484445353503883264,0,-283957627400615999720434227031819466020236661163714283491830324082652224419034777456470322721473093618180746592374740626306201705222520359896806263273547196898367740963821102594504105682765381180871879762271287808220947564261318620220781607770532371641925026509180730775869335707968339968,0,-26815907077687343880477543897937347880708721841031508095474493709158187021574215036789367941578398571025845950013476846254197173111439651479229514881794439391124184931089381103949389682070501634280500518412002620032184029754019355592284590146330051226885947392,0,18798755428517782627405467743087125464329745433985295352744008225295768723670274704800759204164884229563444567175898940529827168549195061413466726062282305972893779665583755023075269712107988291140393610168090820892992421318237356032,0,-3091644506032629965886812276733983645110726253010726925248333283527094614219616309240146147260354336395439384318522865056711186217668497873697861839012262063110219389878522047665106570436303110153571401728,0,252479929571079072645569310696462204563037897274460467615842620145890471797237935858137841617654087952144621299779979483117498308479785260219581320656672994633709744039577780224,0,-10827574016394625669463739436081293291050608247310972103413872349571645705310233764830544133425358329042555394746780486725831829267506960855709253632,0,213129209367490615216768400210438416613363387268508003577294134674145216160036415202430761111480752852806338526910087168,0,-1072259068456719300200563991030954110356044359680486651799597562882225745655651625349414912,0,2355413366317710429647953777701126804111680189109251560439808,0,-2432864259512159104739863166976,0,1 # helix5 r=2
22035805345151907694697752625801659640686680735528979554985441323391000972465536131743955664130093618171016176308209350197,0,135892465031789258573172119793808596482468313787307617313438227065469956224926835597203947630096786732634271420310,0,374390996037321713067261812013268034622371248520269781882120610495717225120209160203275380133338237668820,0,616169274122112780071053389889301030237421587644960894081327063186798422595428021324576884564304,0,678548503734567676507565334103122506387037584143485701637098646321714633645893366578545,0,522779827225472730943048475611897706017017484530996353247816205938870352738944,0,282084123642013160543276188603109308124756789485531321359415882837080,0,102741583472298434325106460576339205021355141827545025749472,0,22857954746552535311257933655394020154589396247343,0,2347694402893556573537242124366172561498,0,1035257339471730166472970420,0,-66466828756152,0,1 # helix5 r=0
2821319700175906667601712444466155123807121278118882795240893455783391501921624407262492930780232887598614603071056242436052988215307557959335700556503818829483451631662942561344435383028652551963141213442986989181801568571037280181971555496354237122705937826601206057376408309512836837166152383059215571186174999464032804722247195701081735230706812379506839841448981410661915818938757441640441624523683944193523624714939357472280992437480234683954267604463547399815288330374017855257759905475809718302097769503881868993214601791468381717355182359162169130035469922725592998540893222003453224,0,-2135764210643837060179288713174573174737697672620609217916605731251688600169375300638944116522748882115238374927154491929567693393100242733300002170339025419158838188787139612002341338303848665666194974930165166147580463730005330659538225402669562356407753584019474390357296473955344540130738602416259832999126950413211478540143175751874096435772214798315998585552109021512237015651900381021401400024702482029210032541457780111806032397619255107235939363588376474045408680018222174680651986312608906239568908154317064383222351195896259434475824,0,628644330563965592736448034817511776961608034881212177866058604792272257902721246576195903371785073512084173356938217502556295019247890187064251326265216134704211232989582095473530995490514476533598518307087955836600528187548433487412929643093732195024600809741579384423235348805031708196282092426232004825556789159530657072822899963059443717462552980181223379079446964328555349827744309034137324716850533036970181812271658382857837478411706955876396733839372270758864274712963053570989363183948,0,-85037254298567316278150806330918626494575137103751040847843816617543230620329187692919571263299517517063328688157418631486872591799182782888205579057150430728356515222060654075064784273339129341886458483904279912709378288100836044029549088952013220750775664697380098353477440061094738032214295325676850408678435758875861185636567863903575236306834644188326637242893578693682682562998908922771441932980266507077387855601918731541881497080773217684,0,4468342116752796893976722290414090344760193349363800541821261401608544184149502885599012797211887710757142966802521210246704578851531226330576231669374913015311032872681081958873987777144241195788115624777729624195169982838631002750453535175602354140933688529874949719887808938075746939186007021429760323843614455183503636057991963049379618744982568677419154419944239850142880337490815966617608301,0,12144529580693950288013749410511021456797975573099126476957773704198400664985000639605882682083630462622361108280108958232186044720324379386248109459482262679059037652509436847092003518065653675185609636274695984563341794171723356733583617891157628714555335966700011140653002640274304729184220039394944287985021471883974028814191763304413781544446,0,-3087423679438390304005977468307165988873932243180710692994621932074521490325562520581842821993212171804336868860220849434845638534572281377099657443686081856914520688927607675770840996611272412913286463345693102321677025003954159632627160306140763902096651449136128556643844720190334607822019866359,0,-28614206953505484068536972601049400326223441532796002455363420047261678533910317554084266274676546793061667626131224403636672163976577674896415282319726493145526921567420089506803700494681158622287372485295189272792767368653143346532512757878667102,0,-1826133696239027710640954825412969184826821422256300015758775215112900774220438390539628663324548262766672752980575378274229287100085851236888039809783484378362642279266653121293791697386456701451919,0,3181431345644161012383364169370582618579688251179527844033479529875509123722951702170330972182475428605951234441689703318718515722959310818575219198,0,3873459315972788655565853248552469760247365576806081849770135709351604438563866399178181202651703947,0,113641162534988652305145225356206275144231184338662,0,1 # helix5 r=0
-242372513231434465153068332793700000000000000000000000000000000000000000000000000000000000000000000000000000000000000000000000000000000000000000000000000000000000000000000000000000000000000000000000000000000000000000000000000000000000000000000000000000000000000000000000000000000000000000000000000000000000000000000000000000000000000000000000000000000000000000000000000000000000000000000000000000000000000000000000000000000000000000000000000000000000000000000000000000000000000000000000000000000000000000000000000000000000000000000000000,0,3850164250869307232513237171136000000000000000000000000000000000000000000000000000000000000000000000000000000000000000000000000000000000000000000000000000000000000000000000000000000000000000000000000000000000000000000000000000000000000000000000000000000000000000000000000000000000000000000000000000000000000000000000000000000000000000000000000000000000000000000000000000000000000000000000000000000000000000000000000000000000000000000000000000000000000000000000000000000000000000000000000000000,0,-24843572059971429865650440505000000000000000000000000000000000000000000000000000000000000000000000000000000000000000000000000000000000000000000000000000000000000000000000000000000000000000000000000000000000000000000000000000000000000000000000000000000000000000000000000000000000000000000000000000000000000000000000000000000000000000000000000000000000000000000000000000000000000000000000000000000000000000000000000000000000000000000000000000000000000,0,32121574787012468849341909396000000000000000000000000000000000000000000000000000000000000000000000000000000000000000000000000000000000000000000000000000000000000000000000000000000000000000000000000000000000000000000000000000000000000000000000000000000000000000000000000000000000000000000000000000000000000000000000000000000000000000000000000000000000000000000000000000000000000000000000000000000000000000,0,468062931091530897292803427920000000000000000000000000000000000000000000000000000000000000000000000000000000000000000000000000000000000000000000000000000000000000000000000000000000000000000000000000000000000000000000000000000000000000000000000000000000000000000000000000000000000000000000000000000000000000000000000000000000000000000000000000000000000000000000,0,-2152841015353228069642901922240000000000000000000000000000000000000000000000000000000000000000000000000000000000000000000000000000000000000000000000000000000000000000000000000000000000000000000000000000000000000000000000000000000000000000000000000000000000000000000000000000000000000000000000000000000000000000000000,0,-9537845771587730368207791592800000000000000000000000000000000000000000000000000000000000000000000000000000000000000000000000000000000000000000000000000000000000000000000000000000000000000000000000000000000000000000000000000000000000000000000000000000000000000000000000000,0,139811129265612346620611955000000000000000000000000000000000000000000000000000000000000000000000000000000000000000000000000000000000000000000000000000000000000000000000000000000000000000000000000000000000000000000000000000000000,0,-675712809778111991338464843750000000000000000000000000000000000000000000000000000000000000000000000000000000000000000000000000000000000000000000000000000000000000000000000000000000000,0,1607597784772869181250000000000000000000000000000000000000000000000000000000000000000000000000000000000000000000000000000000000000000000000,0,-1560905558890875000000000000000000000000000000000000000000000000000000000000000000000000000000,0,62290500000000000000000000000000000000000000000,0,1 # helix5 r=2
59171585531780535011001645693704380606518465309553920077154266286583889601417712046805099437933798428700183315263719714838760317825570378613272873156924238478051042072103571507880863868465688653741970511227379378604425637752526995548501353274081949999963575170029472754021959240033656199870612464626507676090969091981536917801912124099776256647566435385098937357702467051508035678748978484657650155321781594905799157569817180464676560139966949525675274342309706695639153095640890699212831567134677947908096,0,-65652259813210750800078919643242545065677738396354600098375454201236948339644038131261329539642499923120047024456431414116313195899829770843586577444663896895557601127942318975615757825206730192950225633141831524689199075013143861311638049200987572589411276318846208793089820202517489250274864530639929176907583062591723737061861445363973867284285319961157738244705389456502280279599810152154214839447465495189215912851279465040094739403510715264152717680648912896,0,77608969083656824249256565266025886664057006779805480289716702935334512513955407348238494947215238737240028061290000804288040817511622963349054826425095214808740254334234752254449756728354651458238758553848116866852817364034797838612868869418156795161229911001376796372648980195768319120180111879578240542085657736275770957133652137292262223986697647636803865124582393153674353700294640814377487883449538509065237190148096,0,-62985754451165952661132160132201013763284373677868749520536211162774673817085006371719460068650919377713445248174276776091050633891963354362459050120741250172924269702860972144539412157027289783521940750313036157167120009316496148023280037654152109742022784215167767729647096277227550346431827906270870051063917692282445780416894939671687281453357751571227128776055170170483638272,0,39850902807562926031911511225822945591935361869536694776873083121058013135221530001430498646516035091984212014149849439180977614672276953633457074181504535615095221309228125805857883560852858232218822340347598174868777178317961377111609499916936378963651890089968575049355561666014048835731495864872472552821104649182065317322610144444416,0,-31454941719282929762116344725493038337482022221509818567093300424353500320180150084859897357544377872095462223179136037961619405724549418626408434294706795372808074914252942366749106347972703310068434405612556724132967488532844395818094627602277819017029258231748844723419257755229571018936811520,0,32030189744466661108269663913098675871232196804161703697173991390454618213353853889785279913439420041973608865059836414112737448331568513953541409916002778172865053509092351863702625427702545889396872736678792488445162594981781411119983859586513646911488,0,-13020213085881176093873223326338242763864689917146423022204285705354244963467582669746613327623338213121086047245508511649475085248797907675000364114948380357611078613579094922686745018389697918916355583874433024,0,5524033760069415000255812175087058629192733742026206387450594579197962869058448679633008588710480693798898885760690906032876879747973400396417785937253039553883400044544,0,-3644201981474743478768637475447786964681340512028697623324449741380165055621738933142311166960280527535796217211700947321880576,0,3414120475761570568602064303597266978955644405599335989358735838487148948748062687232,0,-1949356775411603397827936408108023966334976,0,1 # helix5 r=0
13290722328831064017021469050984968902818476089156887653616107984136514276770380405955189536776503733966523760052987146435378103885153548478048564389679828214025901256083430536375725123850247273830636313046039531204915313142434716070104137115225596084163605753377380356049710556342992577723100542782032606725487376171233026919995744091294929407187240004419210634923638784546739217791303113430480047337995869882676322551957712039053570660720615694499274764830472289972083045522843363846771454541967581298673467486145933477176130787664601247537395915454565494733,0,-2788557178063424813078850893277369246675853290713732561425689088381153513901394701507793150665368483000333490302485986465607382101725464971199281610933154780507097129746500324866510599274573583666617482041779894470569491509631755102819763743220451698936950481243784555513730822872907956921990291907465660177199631948261806433191254366814954124095417123644228245201766124661907048324279318893123915138189617311284797589076097471652568385698617796544803422486082987608688425094607655438383886501870023275338625901042,0,159832684827782073591185750948339079731568426886699409219333719412049046021533946826243887576627024896297286398651558442502503729434697409505314160673396581633150221524108773713541509337540161426622354289517494176973947094393979712545311677580922668927816407418954295401394086659465169913518595847389871813322215486211676751501434988868036005782375926008223069541188819944722701519144276885924323253164893174987520103546052584039222254555067808975850330490843007682945,0,-1853576361351176601291893777658605404639007151152889859742573865839738680793898933550402691317673462951987554014995387098827623379019648515369052750547929381424260530182725328176133269258680483652908091688280492601150596359268951270573513384337723146181303988967875406615273269201446213853298003227244626811458051971170807582946365543400588352942384270766395139726697425305747015713645831859672663903696562949700262855680,0,143048300313829818494422060769611097373734251194125856902691608261649708361265128142758811528115506610354945164505384974763202750482394649328592986633857133756320488967894577111617934876065417439049014724708252668008962285415502993932253332120324542214799467465480741003904431066907913535997464381406782349372566426851209239575746414897354633298786077016618857595428970736376,0,-31294508339268794422895787851020493323544682438098990018507254888055633973671287526457105866037431159446245966279493842014195639662239471803530321603902610374263891891542260953546054873647168537223612351203447771752132619617474934893818291192492137240184811098714840600739570577543078539935444935303207188887499377925755832688758,0,2111576852817917981221715945901840254985094987147946972738186405417757621512851269562524590698727605706514480127072254772513085394214873082604130438079298488973833614755542973831935022311404603351095891524925898289015442563026512833708333987658491846272232104367272131374116845009407,0,-76929075833514684084273853465220892271980507810259907758141788480110830413740283864238409846934164081846320901662397429020221498335431960835227390064665886415365899462153185785377677959327995231806669528171106141762054804471191662636826,0,1702474475549873857429996822328866292173065695725028184583320495690934359406921144956231442335037954703820691037806488693128165911984358971960007916552630293366150538706799345020776455486709,0,-22599966870421266299641888163541327927238221762355255614763112637174555771655880432205868154660628572556752820000318803977309156853034286047262,0,170327669868800608351054682928474080146297030397768835031542708836419460729344344618044861407596,0,-657809636888762563275250640282580665097375980706,0,1 # helix5 r=12
2416987030639385389241816429116396884847304341561920102915077249973956715789757760544370556730623433342773356126890566715215234118508380582528419850148816476115743297176081807735671382438617437414677185543291326967755585312833621316126582912288968349221395646558986192325458881254590607030308465981805606443089697335625421243617798268074755290956110793056196268419361127526126072016103901643472833498462364414565048460671870534319011805152581981497744267315770594496349114450290954406761364186408644540660446821826263617091855193409736619003377913359652425818743100799953631431512876825011430873022729650667477998691,0,-15927094635896462644192705729190342282146809025143444373685039862223769632892241541183466899359363259403685538263020064704854758440574899467539477005295679537851368803295780592212672689045393152597494789618327139775809703096667921604465557999057679788548323256179990169526337737016378457483608638767026182475104578855314209558922252152763622207593927286827617026914316986043515405117712397597899198122285395003049072014192057951449083278556130698553622151838555067357050096923605445099954911463175828450964847278201693232981483840309445936112003946631521201738072294,0,51212590276574847044059647091501227802754040025505059616099607218380099578644153105408071359325007859771771998031188346130378359615056836405433891827483121212286152349047419742868698822407962973527846393008318521527376139954741583341033743898835429943527528805221440677431185644658617721456611796837867956254187540973808394529843417004399207759940451108114789075335206745406845056609920880566911811609341074877031753480901977305832106486275744317041086682114768131171368482171935842520667097770450903373592147477341,0,-101337160353721608691151591021359714849973782174880580950188129412480223474091859335498351219730524054992051323283336768331841450594455748012193946870297779137588043966237815461052493096770674820612670102914466436046580335531406025374197278989033594912111918919818957064594038943842676717490120869073615438216499291086612260247816104424421315314105631763137297869695463732291801615031061442052826478851968590635891591770837813799466511385683050411885680030991678412,0,134479356410411224167388688918189080943044709978063931708516450516972588982514230259730031546054967525639258419834761619660840955478064771952910508840448936663207123214351616227306822793591481386329476625681896199468534318322390753894122672226384334855369070685660094306661002236649268363615776958500260406323207205423482427195570513997795896538305003138484781776879839585512940502039322275305443969786098741922990,0,-122653503033840009973307570133526521336803059668196960874032451333224189000408302744288178334883450272353917444344205345497674030707512206697424882820158178049381543504788969754042684007474438955633795590107029243884633875680342877962546250092628268779030971892647317696043015741441909706502578362104153627747104945163387844951751036333039277921046577083557809860,0,76269913886885715233708128285971768924933044913211185445391177552901013909387825583561805300985346280556769127964115145235060996138850482713489705062436923078134667039132471107786383111122210497230410945019497107726629593311560584291594672767896908485649001931905331431349140703840512203915800511826466421163207,0,-31360183434773368854088763160458220535950416415097454484542055734645469015038597578390295040709366408219917402776964863281374249217214489603441193950625291818666341111396518758931812049641026639169093784364248213869953830404372803945396971773421606922587821366,0,8626309655577570041245466917009729396534728146392352735914188135055459175615638752459785967533259272230839165211174639339355679947281329572419918505839064620009798297195045991069162960627072841132966783461892,0,-2031672934546689063572410127778161549411710921849554465328610737203242573480662363128423498621357618823745395107495247459181178185377895980703281344384202496,0,513113908837101176720382729247451391773850450091288206475125307677834036953093079203430993616433980341891,0,-35255218577544106633000314667982924761546968175568668,0,1 # helix5 r=0
-17878662069472269112366364183386582743332674940447183746995077718005884410937958284409176064,0,-1857638938058267284349284018223489904399756661581613165491946116562915235980711559168,0,-31997221883355224102629493341460077484185734190350510888854008404387878125174784,0,2024523248864022975269096279924630367796960362950651275064895832854626304,0,-17912769460515674954653531043067336844025288528849261361283739942912,0,4327809934253133667549358446604746165461087730753021648306176,0,-3017189898327702850342718712265161776423446251015503872,0,1336772866940660086016092167583958714060158009344,0,-12230597689177793794405786423180579045376,0,34819954552995036494524672114688,0,-25526704219654040059904,0,15023765192704,0,1 # helix5 r=2
41041099800431048616938996793694999558366316507563779345289255071615148749949542426826335584771123718285479510485086345644234087472415395851483610364836056534679979998249528289564004533900414638507666481138582966706034949494753954504024065957842978858958259216698150030362621226073944377385989424311299861360877833233823985559372309015864146702326690620673022220492406432125975139878543164490407499286968728869404266914096987688070982803889699492,0,121662223354189331063263131069854282842923688989541381511535484670745724710168509720023245138064938902193776082630536888723738148836218826464792459277039440697386029508759551650881077461383471663987665865531827761540376287186822803172504583116821047911829974411630377732133716332132440505205335763459756103334244583922443240722051693242299153379418331175460473686367888325449652593933895698838416785941827120120,0,167173419500695348126993580921168057005158920381443452322810281356149849315411098237893004928910263141265206887766024025530291614599752283787129043636577812766871317458700338512137757827915670577879160891971285804668079247460528940230717787034308998856065387834441434477599061352584678496820350353928330186684935408781151978579539375292387899124490077380939335290586859865836,0,138333018551994294150185385344531457383260779021161594479192325237681566005169948171384274001107896364524847016658870001176691370032364292831544597443020351353367799619108797477198901075610376981971987094898847591202859392343188312945526746351116313710267188649719384647942678301391890623549766964240588865127712104455440307791079496347464,0,75562405075946918252430994273842169661411298503169692566202284452842520926101931598078103243700841345046564246333944673564992650757706573303475898757921125416162207769654640076181963741036820226696775555188349653537066260026045352858640638066963218472750758810382280792694358404008950313542723293134856,0,28213121688137599186899976593228622367331038847366258639255128296895152847945852918818175195952020315222966784224036653657711251065814841079450965080499100448230456950564958149441200285797712340770152068290648854167261111952089228333679857845464675267071696898562816,0,7226183963904581380201018896743586961634548015137838100413529134022242555706007762582933049153762861405447551166598112180758773385378050491806343890747261612646597605838777172699990651923906859961790474382447575309730466910971640,0,1241197694007247594232069556482106178398219214399124390701069196363317746467541028379981744606943362532157740647257116340469509325841994583156562685889133666401181409544016735486407535010452324,0,135259491870242919672700764911057055443688122248806419826934877308036922954704677025671869874399963293658895549903751626235123952555952364988712101923179200,0,8338829716268095686328338401312981987396504081359470763709224789323258505516883232378621533454233794875952895873802408,0,219509025322523770418395288781002635086310390928049941958725846969151185041610752,0,6428451130563198242654397470542196692344,0,1 # helix5 r=0
-78531605060717261345066010877305356939908094237676567657803645526332772090557486680813788088417643137076679113182539181633713821814959050073029687816616984305620045121401529530874989583621167179873414126119468138496,0,-3344719437262081158156158895020053403417012449686612950102664439833989435535606243301557106764714991667586310206085442375986832330844639598968971094022112506947835415927883151751583124524106080321536,0,-63561767894228718047303331496984947993997945920639811959339324564116709656560518578306635173472006532348676577630187565564287366362708994208722887789611491564225212181136433028792320,0,-708812559619160793135777001681757175930931810290838503442376940684754107490268751197432255409368093937993619405212482308694751223451434997090796773254142606715125760,0,-5129036331131618307138702231126201694837286514722526684825485967837112271476177699622019631577786586730291589588115478497571359685291179712545030144,0,-25120986021209937379145582330343488502839186161074104727269289301637850721550518671117242991938749728248524344410151979395447783424,0,-84168703679320899531428328570562148440834367171670683264944750310792618811777872691883033570294197602010754187264,0,-190039290239765566320007651496282662348174372530245031626571880012494958959134814847956653441024,0,-275935851441771192975842393458322370340205941847396601269783978767549305192448,0,-231875131437120449870513615076846386402387993384007734657024,0,-85198459504302770140010931342637570981888,0,258542647408085434368,0,1 # helix5 r=2
-109493951990750907237345147345733584172397903749232524664557400123070110365639108460260479439873487529968645232066111474877010213660778086838311639415973122040976249167081505464254464,0,-24918179633614238982128207156914178898606964943348449645882153086900366624472901773637875113746145677409641831637123852179738114711274410948075631348204268358022769672192,0,-2400187671090688220555865835313010543483017408876129323717166356535854674920342212991777325646264671365083870931125836916392357808429046406606254048049889280,0,-126997263718366106182595604426416727579352882783758163760847262126636696119797181410552393950146398160925660473421108283109322357815097925042176,0,-4027722245268482894278864946074665374926660728787145722402113453429921589645931377602120924606508890769090402876512293174728720384,0,-78415821025197377518491627276130450221533787974519706657623007688141879327474537596336267710971686268120529857675264,0,-909213757255794697825273673909596026775372350775011038395975230156944637100127305523927283078615007232,0,-5607148766725122070174959571969489836377119376229646183523353261874828937283689615720448,0,-14152837917997925161510670882029083199105670545970780032321283333440929792,0,-20543630313258977823652900406011913614854501138815543934976,0,-19540520264877503574923188717883096039424,0,-18842456325027157508096,0,1 # helix5 r=2
13929549730772216918007807133803635674749422547595539430735534864357849665037330618827301488596023300928799550982137043008994331466624850764340226571076634830330362893524721227209656893816869615861125470175693758337886762251908609993741101616056082708923439185737407282172213792573180079353920132400540787039062866895583578273653485409024650974009776525929624226470175775239502011816163612109342519163239663347633974838723618578234337813300758383995854288877693310399632882431515405356210637229803986563531062518648937182954350176097320017781613418687711707209943629342765140809377751539747837997130763647758055312792710693712427436953058496913236629831838098852868728008813162113854026547200,0,-59958513423133133591942491338205103615408158578206062888909151848395546918436951695086387826277810016213293651867167278716112440726244174024592120871645491013563146519521011505627975525584128765864115462461641173497942205615108135374705827426914546810829023849337868098853884633600122557490998370561145789288495628977096795714989901526509043390725409034169808374908731898342862065732538744479606985775645211727521464457131499787106943389760527115055373972445132790320091640326793597591049603632239828336106834816324975023545480851145756319689470803633984492754970547202056834394337204034739639882427239798977191800993881027491733176320,0,-198686501865820879244697254965308690483865725130307360988744791187736067164777656530812193114515486827891336488785750103448616479883453796367883776621158298725167474590225147063327141897796392038181674569500768148480743739203460221383110669781029491806118489392359276612656260599257620313423387189520119965530175412833592713058376383177977367436918191413615438098286664309406843471660267295409263181292273123695410324027850717065144539175018181708562183332165314599305267350484580666459795620798829407524797404008220969981818697023154093090954675868171595359465027450366865702912,0,463578926964054381487169596805144571184085843140141591136174252751661017276886618550654881829276745296599053262094043077618748337482139411566941659657507587505362323929280510373084982760758255319249836364900273511757086403144429425461576226773416264337050305395063110959776898489559828003627978878882906057423184246481870282163673744945271625035333293311612259535141134859266820478338559215360059090607050684666133538421659275448423795678112007949128366461015889634380172630445206233608359276870655741135261563332067328,0,283654264840761206192645418016355555155980092554218079909873340271891765369544979541390614279365295100982660309772378829492745081507319357981966305102774004981182570678736078257145912096895776854295785917777249285143119152376224993413921335034080144048770946429416620819778517726147217036577442124372788240395461243765243486419999572580218918227884700620065273854551384576236398388227114529123327704778286873565587470413895334914307136232490551284249464034501328896,0,-1535989761977378745051746217096714530948988374830894658992585789516966072010013123719969839002981365064459954361356211606801259359736404365856001902158533360724944861795880376151972479336683364944324988641213839513831404487845895117380963809847098785213104301211463761057812109029294374073233157145532283987616737222888636823430990930102625498744288387790317956611458679630938884287817540661831239240012267520,0,-8035053087179657067409411251979605328559226480785408245854189397534083414795814981386774476699265210276316648629289628919630422185704805632373494528375739736104423343738675602306800090024032341445783062418558648108794403883037204526978212529384484513044259377635213770541026476240626070008431813813011620701223144360925619085343910027511884276127760384,0,-6160953422920642358406960592317387022025859730124694163945398574136323610640878794328481766239868879862937459097242875714892149498686657536792105495330529522090130767484685660184342721852600407949806673021953552825667736412202118215513198168962777313162578561898386110716628818276916859016052736,0,-4064397807100340099322394303272218344316466523487244123263868972857551825702028653065407409001958967170956327643815603149959016409466030489292939287237931779935840774199364821701280410759335114266986710690354283349365746727291561300721664,0,-7225467214191942104805484074069484142304038864576263507568349337306716942439207899896623922830513501107286708067705816501658875511478723129094817768836719902790126470453094229475328,0,1345059384507021823661034690604318105847080332618770874849852764856214274571079021001084822448482874971420629032790487203840,0,-13601045014239384176252128155292933060110609507606786692087808,0,1 # helix5 r=4
25635992779281431010617867198544845192679269351989673808436729250854527545467447922339061498437273166100462879036737597790450684347645470249234677848529302182708593162073877250048,0,3153888665457733987932285614527783468663950231939408241587352742118476450973888363624190113816488195569533168333236642898064317187126532746734968309266375643259469824,0,172377703121600246102644922232122772789313768201649995258065287076248415548516965592959392724805136827076998384517446530887534785079050748280795400503296,0,5435642518950531331257458101055131274638058483266040154377866147185452881633204768677534392942171019262130818328384406621742197237939699712,0,107920573261603450337448036232381906984146751411887137094718846011491865924432996095070763079387845068020178680063965966368768,0,1384313223727590010510792633976392027394389153068585028536119371286882467606080498390386129826913584598178856960,0,11325793382736137447095514991803915900290517546707779090293955593023773206516852620340871252934656,0,55785767598273139659644299220929162323237498304590097178765386351687603863592894464,0,140701892297416038588164222404222076574399526919780540555143082409984,0,95616206163216172083365629358068714315843990372483072,0,26456400894571351640685394201065553920,0,8964890047304171520,0,1 # helix5 r=0
101165077006334859279703971626349751415886830569997379411656135567779756309592921017074464214350936568509837278060832330209387617929822237973203820885388413745411293034040374385763666569353259445169655743666401686767123047386526961673327939614323256359752789971574836863306558473861751519473737929093588150370677080587816717025777200005868792859663896554644223688247870888281406551774867922054888013057427395118887496101274427879982355743782803385111775905608983687025689589634784102108366243133395263224996285061399721990015212580927030050632756987096041462331196495172684532412332735799051635192767541176927969665140215069699602426498724574839957164591604665634674248306394111348782858357532176165762497044518126944393668790712221069416530937472362962334263186926074480968,0,-21076457987060621402805491876380484449346986742017413147511086445416718405887348389687279073720038447380013119254593981538139850619589724465651782568232740650142548659222981010100390574257099111277752406410349807429624609601719565734455131538905731226775711391927246330980487706746220973271837017728880980106409871440417117290075829549543903200477633549700984038187808112808926335390632105640898555675947282569746672339686447685611965078548602226417897693893895050707605314960242425971554980907642736765278369497120083817662917979258612690200915449779436970156650015459876150045522526470518219160339159432870587712419020131742827914881048333800722288588602332029054150604054611831000157217855324644559919093520,0,2687656766802472960743937774493121283989465311692197604310789520016363210377989582809766417433471250583913837403810216946561144872203083680619084474311647637334426935301592665703169964413090765699680387011523545194922449811116058153655481740273765492516345718794455041067403952285413279132511979137538316546582572957088937126946552623992677853260896146032336348144434416204073732401473241392189221103701803364281465260635725228224984070774563581190239743431830305271777583389227027639086454909191682064736694078835530859486750251039309279986148233566377700468727995203870618087740853662719105920083804023271173830013125578577587233464038463644520,0,-229110593980687750201959154896826208361417579698627870500261760672160665069370501666026492524213867011545085132698312978658054846592602521013561051360826043898115882034753947163656566376141058479782476572526604626331706359600875797506077565386202524369859333932125840345756345637422233228855727493807210036967335180547483732563841027284006893674808168380777449080393799895048434597879854170649872922829621144195056619973153852925617564632580160675504404047957100984476043280911663945613967593064363056150600250622073859046072557882354699763149940280165867270973009437061390477761728,0,15352804716191805793107283653622080589963408818351280842067879262317220395073946616168035279401119027758100144843804983410238568277396858388883150482003444212659008027019875467679157517249111164963223855043483739127133789468379065560430633652306079720256371023620070672404254206370666776462995410456855700235599000749335305928286123198610578594552343883235800350196246772676940132990887830661852254699348311267808579059191508385853241562548166590253544721815283303495539964546040030851639719962917332513480674312196972,0,-867213547690072652842144931338450887637633629290802506027448571598022730698770596969973713937872153588340301462416597192055580196272343825429991487965953111275418486477487432059593661394814950508275271246119597310935354565026821883219944441488398565216647910829512446465270868161592346680433113720033931023836261511133667136685888412271436556537946668491448787315078652315070973222105076427736186994868478441507877604856695112907303717812452852974054872,0,40436045783397378948412228286192499311124762207687138651687836277175749354004003690927700610059063858517182852832858374762761401955647993896431389519626608071359425053105757990577241916127967206779476659252382167966581360202124327215641631512462101044601116334032054468580508119809431523299500640461294455994292453844298487318198521639906558015857861046133606487231570851549078037605895600,0,-1524287436829347739853999812774794230667107572216934994744144048220304533821859959958347917994047989131673948052244077376012691440281679710087656117547618766087177942790004446744560511717954978909337372369775646920438551598479961781333998911344903723192637743587590674364381805307109224174916147009575947901691278303696118192,0,46571154483765670739020393146336803510344404977113163226089969012892127069002133597169062176479826380154994818301698660892523458078520057375212043330206828429953817269624714396590600718468588571904936464739713806496221598829364007441144249915466542478553398448,0,-1124084482215432363871659278914768952704030613452667591785459127607247011565809854833177549081433866709407094832794745698063559616271937787519252995169725010197520724025404620877290491530197361100,0,19554025628122062523303985537332565155760663731931716861719477504023376947565241254586296445655293698239647170002618276467646952588,0,-208892970844111641910791324667441574585894268343637193957773981788,0,1 # helix5 r=0
3130096269443516597963635392348711489761067642142463766933224849056823543850050441783359140604568745738493332662160183427964448914358190417891966044929925646013159871827155346440320326615331072704760341875979616665032554959134649976079729853953736314916387010157684363173594590891911931783443178663578502483509755030478813350171097388548117751090380027808902023947868979480431900955530041598948093643603555009083590542627708189096465961642109410973233669302752635699848529149861747095094218698229189996025616097951678737509207428796411787603621151695208476616595823862927638631101856444611180060895461096689560326363797962977288895141960684075126585692753959236891514127528908061634420446584441608884698147853716028398101020571411223858857176894196959660588272851986475109893925870531852224156625190741082112,0,-1844656933670627632837966964583027918935183197683692942952149975981812860178887468434142778692422731150702229974139116247975579889199520024702964385471076737354312670581180103838659753727907151424063336096429007490137024658356835682729768120084551633361915432419278579004951351877493892171456410874477702998839841586269077541232890114648795193308992666526745680917302865527378531410681733535619095014191624382761144527792751924024019968130880550662577803500110319153175188787194380111074922793036792642876917121933508491798239882430951168409908433811183478208168900604957718567360331912803211541846457455837611547481909768239626511530717065599244587562017123166651908313809579685285594907426292753433684088698055994232285743711917689444237312,0,497379504413986969968360796632018424812591028504049022544001202007263764785626578855470544644355010703612430484788119923572659002375403387989510476492887024616638681032638481302507926235399462561446037989358725948594485262243243652250530299540593806988578102035291793290980518106623052135513890112240690823530129056924810838298381156633413203916163350983854453314651801191891390913948377719659224098939508973833749738723345697103546556850053574972246354401959444957877918848893959113700154328547064470651316754497502639309120246868999593662915386512824750586136449858089440166327437107953319241550960167899238612271378748108906554936068387968316016090929014353002193221582848,0,-81356367185980663481909017207043082621475842649001994021518402818953483837150608256805089342729969138660064931961669185364465226249655014177506829959105056103147234434376089242866097973165260355873564809506300050240305857913313860227932759312278797497749888987563514072711260974832399100947215296018394609934292788261135934918243412149190654966640909880608885894464030526364061559523832340378151642753748569597034999255134458470192368570955206074801557886836984038665610242576558830167522062304828872712126515180109267018119103988834377973121945200400261052828401402676747694107332001776602988555641441746944,0,9024356242218661321183978673729416238563549624511923730722028530492485990712114489283207349004765129785828561506054767720336307054057881438471906023890622899657426954181601149501357190612523129134039859424172544911934278557800611633475695889057968630012393923240354539985170802533080033013384426692998276959007576701772355935799134220126364897408190981157636842764326897732572823677841696792806279791372808954886743177828442028597675074012295436219302319274958219816278523205199075213705360544300583395028012772366787688084986393373867769856,0,-717873248974441424869932156009699278396592372180751756703440078741519748000267229657236557482888679023029488556324347567475257032880172702898704358848861944941915476142441379737610451646198880579317806185778504806641750068655741067786567910423297266835244645527298847525106163930451573780566129006044006592355991882145144291590555859901322845133451093898388351523906915325838666008043053965652693428772864760791818886973188655076439433949361984337179614032246563636309393408,0,42124703646284781282005014621739349298432011625958070611293751942824122199576488345005052209101380557154214380547909534752278124580201142061563681243797733443134330975719808592152374810324083886377658052870669352867477005600388063227640811107991683114912068681757805670087631790194811893381931505546215125858826285047615154702928685570287961158808185912349753775131592362858605925302311199470450050068381696,0,-1841054876110242313139962085791639629038833097422332232055735747180767933450565103145128550499042315487816396964025381525454018372330478412146782320610282902920005180509004236720690430144739748309033823635457530844078006189897003691129964808378394590284175653180248256611661033763219970225937634423302370983173351193925185986423261562404864,0,59543489264466987577400127953005610287978488889974907549967397489681247324437734415906943822971797140695147655098319830797191662754722401643914322191575126818215679860996778046643599415548198705194292613273423822446390625244149769486156162547328153127704465616927862030336,0,-1390319610568722978336456863990997555662043376376497680822208197523163863505280667226135750170477082089755501332611306642491064354776461395301482755067569178291804833909177667913005805306040213068249563136,0,22244446040895009264633007989208592409524926990492047210185431303649752719166344726753937320181317637163137735510730978112561542997213184,0,-218837372712914623661944556380493851818804219315134853803252106108928,0,1 # helix5 r=0
57076880397150540909417577459936620167003176951768031988675373470562467358740268524720983983668560620869645783066387939117331409586596275293266275035985139099946435961124331941490333333693318247241845861179913936658479362401587471556420388607921658418205265139560285908245761966000658566720082723460706422944584417184502643834605397364801865158473547002137465736381538485960278395404867519363423362928829086659904812146633333470144061139763753441197405038077698976379390548716193335491922721309741380886116641914736295478922192817000283244105531983462811360528199703976757822978051328469633595324025252729363815046804791787738565136326844718696091375052093179996627835222621995709924949513469839191283496706839162495879560938551024619051,0,-28086213746090608921459486177082478232674081366452539263361377043230077155160707527844662532028861425596114761363970294984779180354054419643047667923294037092595111040379453432608739290392771248559167136863193513807785175996351077042819689077248519152010022991011774373803658720795403536586318535710993261982649789641473940478339645764844124618101995680918402278209570162367606677347870187123026462813741064088976034981473125673400955569960983058412918855380837722464736813784092255415986822612813046170304752585773211111725894511599324892971902816204663277626588410453769412991902919326820933003208436718190360407644142914655486259124982565713936517908150030253750282372839022,0,4221014106822844809726826637661122304850946802055944106780269707855238227196798678651501153506975655099335868921315215988976544654190650331317247125945949626299767917457568993033950498301921003459294201170922173507129284700272577500024881250403489790398988539366683532810090066821386757137207878272582286885150199537742349376718193767635050204201857138306318219262398147234205828996689605041830341943337535119081941227082220878511824694621132722300709585826526137144401612867356194909466913622655598010151503145433640650025133855121555441762114178969276498950566058780172845782069487632309957967357494023723746811153,0,-195671232497979079386298057342365259300301171030896035097140107999320373292086745738931938833413874926775381783498844517926719220626053845468064863731409148001519626354783409031000062814805671390355590647349047576296996847515082273792035192201471494628043973346476208427747557123739943930472942046017948568520209925619623470635384239324208817556883732064397431593315688495783178361919300219709442270264653101578780239023673396498366715196003063269253740253602868232337522920586158949455722939756339173262658911109492704986573012167170459294782822170261864,0,16067287508239545056710314542397782630292281647664519434381410375483810175654979790843892736277413533806107653608645379536628438504968325546995710641402250544840292931205876551697091478299535504280253412803383162923589895381662632158877498492399531930265440779263114592316360066051341157815713912453001162832402862727612460992952723324237191815402775862186206947172730817200310194284765875612134889055997265771371893419915665137908212884958162556318537165506074672220236937091460965295362389220,0,-715297201052034648104731201114937500756697608080367657057158810099955191703524087812769260083226351222015343340088486230333576579453126659593527379931779037137578774242065969667667068700962842021696561513030138476361155361610053759728802303113203701663510707030551679466125497212049064078832841706191721912963573846120553679220415693166115644037425485719495876033821879725815261528278002971060727072827087256811078199672402417165846,0,-6170214883422984774827113805144385641703090485290348457296948296779881548538584414711702220922017264043557399917880924040763969465051034980153368269544000794123961210955619713409300186537960477312976674592300168997623384058514269184045892484366697640635870898862615198095394425005031211468994542884112348557790195806011401932255563385283078166567177272031262697714623479,0,1241065707856529913035294756876777530853809852330640208194107489169798347834962753591959741562268721740199665667975109969552275497469874260945632777704138453159479680083479653997827439400758715591707606645125265032585103496827782212493227265358849090885414612825246421959606970311547407501026504483915682134112,0,-26754782508056174405276932049505907261381867897431154776503391293282438286707214535703363476073551963334675196813184499701392057493132250057868812728264113755255865101493488621775832249392293561814370916405420362804785306822746267086602540300050700,0,-166979807239119649036123377960907780199580161294562524052928041905101344985027708003439177899911592622115574374127630170721206280628821749656202212042283707371974347777118659966214510582,0,14225501486172741196054497919619151001869554846706364471770979508266647355918835677159209142387708479615899070209161635339217,0,-203428349207577016927321865159046827732855648187701657789974544,0,1 # helix5 r=0
941479167005938868327129203690634716632565252412516418887194010429894563426885130827125007386242532893545577839853858926621327954953618394306584111095688744603471797180377858048,0,-134744408108985982575207708746041011045875728343748556962934012350889587653365817459162547000946621131944461514259840584488950590903204804358290015429021647058763776,0,8519737095383750059159711273689496050558360609707898337990766271159334322148685169945000916367273623495371315222089439469313162854437003725737270706176,0,-307544811336731866175208775729291508141239074575510412916486020252153232254732862367565117767617842822065849918842997554722746204575236096,0,6898337026298175784369495956140018455129265775881936296913871951407155754280983626962594381012789563595124328488759835230208,0,-98242546927140953050752773129829037988316932226395058945358178307396374167187624930554850680317295497698082816,0,896382340079368732850926739262863271539149164962687240196588280671095706688991637011024542957568,0,-5483135613475988562431560982640938190923893000294864478740020099583752568662130688,0,22580727141951340899384162668484064282718651704619422495659878514688,0,-27151291027977563745283347558753439208645138843697152,0,73397224099038788658761327469989462016,0,-11459631353193037824,0,1 # helix5 r=0
728192499144435296828961532339875402643784064203647573168395715920650398865663772073016022663196649798016043256574600113283828315348166045582725296618925844295969606174264482312294834381883004505818912300408887228031031395218706579423352403908889282457833509608936095991677138494889127076760028805831268538252441194101783922218992374530568426326655491919341179825142309403687283703595467977368345835651914656888153960176606090064316908164607811643686465911807987107094363638714803685259714806058311253997982552,0,2719271392958025839981707840125304752866545580004906281629625315026445060210877471412566222634256543332206970146962726396581471796565217796005054617600373883935348267543595892152860416427952215270060890215320695552377277352383096884821432914531950188149518309241592760453813012576549428483546566243818696855577807562188900246880877175901601721712147899654593323372929986471605008738305084158565239259870887971849073035014483369303923456298542163972001598863258565492224,0,4697553737448460925351274840767724415328199345312561485590548991421021289162416820314925719597278892424534398774858562396160480174544524191621094532606543410821435351172536179077372900977008531012353794869921819670127731840248036375300337791193913930900803229297463216135927994771918363822423666289364022652409987368702918861395644097460225734239525645418243289498197531683428553372061738456579954316628158194138051691043009064,0,4970201676104010505234362558197947898013259017412416363050017853347953912886360199556415249439852919737733432220715130112847331407254247706841267242851719891697565113748029035347343607365839770379323062639645800407139198886838851232261106012957233969395951569741802822263735065612226167607442377210434013866298906948273595988628307366536938955660535533380242962177101412937196904939504,0,3590966431263035171791031705763586356298822193152144690076458380742086559044839379305866567106308240871163196032720079735856020028374887908950540789173175966081721105874931832224714725158285661301975757576026645279267871064415519172894492228223392580699615913439589664408266836607999901958637844324826058202811522619806200861049473256207155320,0,1867070238246892649551758776523888117895744091580939978123346676914951668284002473591059748905423293400343868336419031191231255110418340929516848550877249294795914528197454857971725438995651481278062477287354908679635681000918733980599075061674618020708571734314275543534250680478495647447402622357328,0,715686573944642306160591594187244052724352105871119233851992579539564533214977870757080649458557403143061406887124837241990772350891109195051115280213578991155693429174339794403582536764943881363081830540479628358111681193427547572063919576392371334694291568,0,203303867668965544810563174096299283987218670333581156298467597045424701805045692744034309521760854202997457745745410017944181047559149095975303574365100566630645035679409513693803806551074445367057534040498658948944,0,42316260768186259044612740870944409277295533984428307838401045014241092685743601232059567035075778452137986591776245163846583397509725879686021586530251531824393750220219858,0,6263837655875903216402738291772843771173208357296683930200811312060926031472905631701592594462214699371987204006771022330076025844,0,622656655315976129246484650149039891042371605940187115805997643028205112299319494815738,0,37130760419519010704386631069525135423752008,0,1 # helix5 r=0
42972773580932561190863247933287556195952606467680420295098333186838078516110108956182963936462885459179969593922381718172919674829067169121747451853430535301285585441531485726398468127768571058540356497256334823492262294046740861475515308757617690615204307466372381325219774558660078454436478247425170406393895550262109608682559475865447835684531337781701475625971803634997153970788837011551794389886117147573878374409195591239748274810391865847071180435422769847832783785616418124555346301131864248926001078559484421956881879419382824311676982998269432799343005251832217400375226672026480215643419871002828310260570050696259741236873789761278133692887873217912766651854844656606137566808928004302492341768812180624385448530837241856,0,-69378231884813459166308297159152045228029309046808283647364231271741917027863889967698895614025097461121106688273147351580644232813857962810233411201234507628763000401774450118376423652790639252702644017062894157565341845979647132191584322473724140982475100578538622270072005502709802656722753711363743333373817159986054814847915482526467505924960861998002424351838189535220898552502100058549497501508715048805006375972288130041224657622480800036348826672724534002259332175910144427464166786205108973074227710576593333255734145905955611406262218447365194639061867415179340768279531726002999115747389091570005248721425964309126489508529658696243273136300543995638236164653056,0,50419042823817189871206656240775272087291340761282273591296180852299679182985476478001536832493698901793568843470343664201572472967371665436888521065735470481087333570417655389816736965931317797604579293027311493585149269389206873375865242762726249508251606771682866679975374159032779659408232254212474809028680203143089556440650150580922667016437134545956482830456333107068892581356609377468460048967108452186499291991817989096723159380251527154850237678432429737499316694821663556840811688276068538665324636610274561961251411901276807049962225335498517167965804618581434603225252172384986469760239232569336397824,0,-21618870230456805783394247889532693640728287917755688386076475934543214327614099322248651978690707818925356357993283095972287188480160350889635175489268006862952450505683345875269422187724171798362992933770714783328508445690781765775588605118096388060676107151284896855952621737675973987941541181161005097410046241638203505831933029283334688730908777309041002172319908865512620345503079465904820056570100514966793575100620343946469791927966408384033559576205060797614108731369936994199460210187284155740336301510217308435593893054112750988910828462276608,0,6031336752468105750083153884685715240952661436571175640597433727642092511777142733214392092402513120831809138486737123863812154433385222890940786690691826225429350648847184939369717626895712209762433760611650468688780884146175959023214585688516330695860557448233707095204727575542485806816774038079951683621097907838192601452085678994057973723639798887453572644873466037735912273068660189091402690602610574327002843219178370345018730249368847035300723334604707918585897033535573800882049908736,0,-1139639032705427581887380563851207538965932182283478907210924894880398884505893882858630930409369928509152808616095066136991982141457481888315361277119691573852429600176124149127935669816782020643554595431426616829772860897057902564427474618443453329286497414094741016685941523801348400189096896185343571227739619228143075446835340030778840535917198860360858159151165824221207091576094959223387701684646108088437415022723022255554560,0,147272393788676844324835875469879440116178652956029683644595630175666143169523802771733189352090997084933597432965195743448314160800665528705915350545697084386100794398983529956374142461392897240824036073054571439893804541296652821188226253390466352505271910100716179293164102211397593901027598581293211741845943088824305857907064073834472924825108332075467833035014012928,0,-12835736779009253275440168853781211245832601936804863110882651156423151902917566977306977881896259378046747973782893230009915463513967798165512708295587393940186191062698801444555949062239787976831523489707814729674138742482002163251562267257346980140973957425365777662814902638813484574229278156233701205213184,0,723154248720851183319692179085033843812214296895154842762721779935999171098460518255026148128238201663669327608779734039090494147528460214521841100666179658119218915287743509415773904652804177283650842810000735594383627391336567800646199589784780800,0,-23972617090706003816048998876987150130964549854456312336929235657387574378283081758962690581823958569807361559706027887775371032727027141412777734893451307377438492551523353146136440340480,0,369625693563538421444970624550812002867710808615931664414590137209136790724562596614270534655597498994674425612396534419161088,0,-767794457316923198881682037422941550989835743077206184790327296,0,1 # helix5 r=4
536750347942060746700182799080177208293482817583869128452475749101603874426041850893265013950854408249541372235247804250721330188143531125280013728422527709028156530408249007409852438240693403237603571641868675110061542838067987459114460896919198200133447137966410043266281433222630921645642054228654698720497068830481854236575340863819904303081969489302459573668480025767416003387325322672326155804956078956419434702175638260223414438594397582193567865963059516337846918892201550914060254729690387108014166721640160167200022927464871984549195248747254321984,0,192270361601625849074692300780101262943580162563466402900850781502378478742297611805225523074173079001124853470755261256087484782366517013857339569283628316029039755584321107028908758444065042061546890569106595623483352742480701658672520113471413220438154611293117191848380354526304945767978025503735125505209216966522764262048479937957947904450199873124084271130403429493663198968117332379459805535407272442716573562058531521747014232521136497835339441076817872869213147744445434392243529795410694764922782178880,0,54034397492100167910952480804477526293307400169288038897719023379375984277161291191474859525351007842790795711981178331562162975213900996490986200044870150195981406433216768852096765394276371757889542961287450583093938913669853060722291006573099475375315206596380014554015210966239240163001726514809653084291254152726512767542025190489840165265982604179283312119569433141261686050667390081104404028316899452058055888963094461139480573822300353903639930929888654674640,0,8882513058223172179265191113011440079657414234773246351824109556535071214113689872896021290150536867742993728063853670121523018166039120771157240576428214817371431343384077910719602574545248469657280829360144788049398994868537471849400661467725605913886599951963334051628393128518310797131802140311218333560081785380072444823634217303962305998488035901199618843332498143277030550921895388435723953500177300294055494881456,0,927524335545352323575553782269508242631415867446855563937746471620882748780785234974444426095134477425795397674850116648198897188312473843624172935894745954026308895612329539165339877722971980376050781885042290804498767603247324847615591996041764751042764240412874161968451352818630581291211325219288167977399741530466286395217737441135502590365230373481813910012140232947268,0,21115911960655549431080784857701534421142975000769366655758756997144487006013164452504125532953397229493088350725490494088599391612623431948776333781177118851850308001474607980199390398202938723111021261489096047721498460737769112936565887493617115370041037529257628598730360454265095896598404265715330566875233264251233323431728,0,-11907499702918414100708738533973245027759487650790932479818981809438006583341319286272398367055937595244002828363338285928358029440860566346083138211433776582565114679805818648330318108734256261634097255425463532055000335206344707232218725054682620483120332147420829988168072346694588,0,-2396551253162699537876270449261529466886850336412075319788168557869019207387381218432602413215231549654135170020245100602324233189576544645878376214049241405919206573007295091764391950606929977085326120621535216472621817941387922150517992,0,-275279966896537416019358178342105911068010197017527340114801087100918274500140881603210863885751242062708469841452727240234893489193271007102575091212191273758612697062423924735414257853245222,0,-21409895046182711621939808358851179882771396894582238606470984009934235884845122987088777301490492526942078666582440994763303638285467409826532824,0,-1112402196684925769687357611199735911364319362136490034858955731151727737147514378505420108217568194,0,-49521599390905028414622892723007478737118767262810904,0,1 # helix5 r=4
573790999948928465338613286394959664602568120345732889630136316795218110781184487827486524127335611938949194692434783760577995402695860336283611380053767017221273421106815456607949110066215073133758884667786606085381177908282982668403486607085098395238400000000000000000000000000000000000000000000000000000000000000000000000000000000000000000000000000000000000000000000000000000000000000000000000000000000000000000000000000000000000000000000000000000000000000000000000000000000000000000000000000000000000000000000000000000000000000000000000000000000000000000000000000000000000000000000000000000000000000000000000000000000000000000000000000000000000000000000000000000000000000000000000000000000000000000000000000000000000000000000000000000000000000000000000000,0,-8571393904164670337921574578642700213090883367936675611350419960961105788173832523247793338235726025803202794031492238699653796449432356940166343775971709035955073630427847670798825108020684852438683471875111846096280673516688236347392000000000000000000000000000000000000000000000000000000000000000000000000000000000000000000000000000000000000000000000000000000000000000000000000000000000000000000000000000000000000000000000000000000000000000000000000000000000000000000000000000000000000000000000000000000000000000000000000000000000000000000000000000000000000000000000000000000000000000000000000000000000000000000000000000000000000000000000000000000000000000000000000000000000000000000000000000000,0,54788026042510805518813657214515727324300490582684739624626016477230911104508368675002878613612912305479029038942408668903602633906300955522456345017560877363140036373328349669813738508913173072045229433010351369093120000000000000000000000000000000000000000000000000000000000000000000000000000000000000000000000000000000000000000000000000000000000000000000000000000000000000000000000000000000000000000000000000000000000000000000000000000000000000000000000000000000000000000000000000000000000000000000000000000000000000000000000000000000000000000000000000000000000000000000000000000000000000000000000000000000000000000000000000000000000,0,-195569105227198118925609935951269718075095191481637242656943541136721534654309719272540611971683572915056454807682683776538026216326250135852610420509744528045267641685953171015698538710646231819878400000000000000000000000000000000000000000000000000000000000000000000000000000000000000000000000000000000000000000000000000000000000000000000000000000000000000000000000000000000000000000000000000000000000000000000000000000000000000000000000000000000000000000000000000000000000000000000000000000000000000000000000000000000000000000000000000000000000000000000000000000000000000,0,425289823748640170133517576081731784755613736870401970520004266907741619611685483674954916028793161724076056444617567839645006177253297329457433806937936448840833426233583479029760000000000000000000000000000000000000000000000000000000000000000000000000000000000000000000000000000000000000000000000000000000000000000000000000000000000000000000000000000000000000000000000000000000000000000000000000000000000000000000000000000000000000000000000000000000000000000000000000000000000000000000000000000000000000000000,0,-573798223144449677698694535108935043680154936899578423930160352258747680285763432221036367795245590132751715204352941045953576538159631905773051959873155733913600000000000000000000000000000000000000000000000000000000000000000000000000000000000000000000000000000000000000000000000000000000000000000000000000000000000000000000000000000000000000000000000000000000000000000000000000000000000000000000000000000000000000000000000000000000000000000000000,0,466528821091903723123941156412362419199265864858963275099080952616545506931583584222211589322707779024919545949374734282893174172477548396544000000000000000000000000000000000000000000000000000000000000000000000000000000000000000000000000000000000000000000000000000000000000000000000000000000000000000000000000000000000000000000000000000000000000000000000000000000000000000000000000000,0,-212299846233052499935598306265819139023382024864327966485714834573473748986648029823087600602053607503223507540552359870464000000000000000000000000000000000000000000000000000000000000000000000000000000000000000000000000000000000000000000000000000000000000000000000000000000000000000000000000000000000000000000000000000000,0,45327033440639183099422977717791030883236136983192932370322381922963461893143265634845817262193864867840000000000000000000000000000000000000000000000000000000000000000000000000000000000000000000000000000000000000000000000000000000000000000000000000000000000,0,336900946729547919933746963766789893054838546720730342055957311377286208575399526400000000000000000000000000000000000000000000000000000000000000000000000000000000000000000000000000000000000000,0,5728406827077922160335725786016851244440263666192654134836985856000000000000000000000000000000000000000000000000000000000000000000,0,140370841342030754005297555046400000000000000000000000000000000000,0,1 # helix5 r=0
-12305881067757756815943454485599963289097996169219548647835068809156286746814726459675970612434608657438302967520840720680097648282450706315190690565350163567275358756533085840833037568521520471943655227447473769536561125931404457749392357677468007376129033175990486464037395534868648194898584756363833399289790799021274737408593570104411343037158882589635076847596112073017855945763414438619472018732219342256719290633854086283423508371302845206575860461343246210736333866397506740228215688900000000000000000000000000000000000000000000000000000000000000000000000000000000000000000000000000000000000000000000000000000000000000000000000000000000000000000000000000000000000000000000000000000000000000000000000000000000000000,0,-108166394355116463298815629791407196634716232854457465271541116232043767464426462383144748325883603396057971165088889505426111615779312401944924879683783148648492889723755942967813870297769702689784363340523862904341547238048826111094633193296033701216748156714020822701249731164002228919695598909686885776438548946915152654865153534628339529449761089454659894572789445946109172519080009065356407362711853511306746973250647067895048578205170030279075512000000000000000000000000000000000000000000000000000000000000000000000000000000000000000000000000000000000000000000000000000000000000000000000000000000000000000000000000000000000000000000000000000000000000000000,0,-432450502026757031177317829818389624944537672810966461855023873092334295913522191591917881922615818925037153034291754230207221127306579355003453779388884302991142481880507718583509903966738435979126713484809407902844426290047417061869583912930083785321555558441273316386151101314104347377498106162278085300306770425440531694732313601943846250442151667616686891886866679326429250950168557095515602079928074835221600000000000000000000000000000000000000000000000000000000000000000000000000000000000000000000000000000000000000000000000000000000000000000000000000000000000000000000000000000000000000000000000,0,-721707735830893869132026859290778809060905618422141364697607593145813137840627183046150954389666335303684684158414324224937391295041150272916388681333553883159016806137886317308037698547073387894507995067026022996273176482940802812501385349644218779219550913189843700933913474570439865223460889710679300460409664414400411782433585213794554406429625696458559558002498426003200000000000000000000000000000000000000000000000000000000000000000000000000000000000000000000000000000000000000000000000000000000000000000000000000000000000000000000000000,0,21619321239509548507577364292583488565305371313785764777685818348060946873595734121200824690241438014767369606706928989219592217382729932262352499453048310503079897656158181716469249974929512610087079185750537674555214593705732720192672265308267801627095380879748009156943825778139060390898938595593852866786359927404417009104350464000000000000000000000000000000000000000000000000000000000000000000000000000000000000000000000000000000000000000000000000000000000000000000000000000000,0,1987778237372547643939796871515685863961967207122757007924884326114962061148158485820712614149583931440071731759961565895372691449603089750764756618014671206733321791649393760673724197785640988154940089165854418083975412456400733679748967029203011766726519506810003323506958150818051283348948480000000000000000000000000000000000000000000000000000000000000000000000000000000000000000000000000000000000000000000000000000000000,0,3453202544541395835712733102226359938046610695344059528391928901372686996964436980001079784759192072131599639999188238119530192700027341351317435298270673897323806623395437797676217382441743709669938533755760316558348612033824533465993791570856281101497600000000000000000000000000000000000000000000000000000000000000000000000000000000000000000000000000000000000000,0,3065189306413379773469489509306895694504713040864992252511100656623370560076348734951276907080071429137598403793888017194059088059550389670108022212545970688201334135481368662157187729459317051426210587254102392064000000000000000000000000000000000000000000000000000000000000000000000000000000000000000000,0,1651380813591119092207360114594300468994420933889168572686391086963629615283744568058853756008369910607629718078416845556298330473624142673634743218952948903021522071734492160000000000000000000000000000000000000000000000000000000000000000000000,0,568498849613766745469680794827502219326019110862357808919656863067246633220207290305900059487627225786185338042470465699520638604800000000000000000000000000000000000000000000000000000,0,125649015573560492770529980681629999300990047810206099135256934238380432615493160444931200000000000000000000000000000000000,0,16511462072058166470454487032687747832608416000000000000000000,0,1 # helix5 r=2
415514226020639242432857982754613174920911082022629280666475670589762930532869084171322843159680054913336360904987274310991692709919208334540907113646001514542539449148135361242695807385073016318157839934830184788249330148508919228422457861623824290411755701093410200044420334055840848214337157224960032871527056816590390425958329331418459990745857211514224499025467222828921148699779775399142321952612849082785539960228009182323204200221317268685161980951810584559045337052753782124128256783121175539014696739220891231059968,0,-113697482863039088060076983833430199789996134380212302836182579714689288928417523892261809231629116267885605781373210311515504549807885748478153358602580640213916810029385389619779448421583481581353270878374326026624827135338318086836770657369176266316385399793504999237711186182540967324451517073526147190063288992444219254831757685652496470887014910651120912658970829249304426020793880423110873767880026428029910585722284042702536324390292921904144261175035525550318898684450832384,0,11525059337411073216891525479286820072084261667490002134872565656105361876388820743109026359841496884961742479392693881881077453993417147463785751220663516887546163795378610396533256952810909186867801561589120274626887767927335511366276196784585968911145981078796523195222048961973575339251492284913518476426343346186322094054427676702269052127389530187775889213987247956307624659585930666586120870497941941749624807337461980228936544550912,0,-514531634113384119987455753194488409862439310407319764803954938760670518644570342278083759027786681449511568195898960398946221742032236334637830668756685283455122906581067947756630075145583152941325361489030057459217853051610583676394388021588644414582010669353301402022736839082065723883967962504077959578683460385772957861695016283747846476592692549348333841503687996890162200869041888426983424,0,11103015445092599804213636088730799788343788638790812502989790949415934137072446899012759968852174842720510743404425618435984732111238591912468055767232116439265306377373961495919863051977412649049753148520935206301749585279884114198032678981176119743927331595990656908546208600089442747874058783678958116353497531134248739299403392345341254222835875840,0,-289729364392240851148146661525378543267080571187412076603866358925400641461706904119611738434083586932837932261285558105704546499965540032606531474859119673449461096275547001900251248507621041424710278614651640868854189151208556281520528700717349344122664910624705995384190216675545521413450355700525437026304,0,5029579193660663256041343768385936374004503795299522284600500126154922618621822556766908244381683577468614905524991273791285477376850008148915455052262724393744541324351974836210182373634037134724203633172411925653516171851761011725144048966720520038957014803546112,0,155126618370171939360756874555940725292811539311404242668144478158695802670589298879269420059113152312254116271617598267530229542102464756439114887937229606232967221616313283353383789045626112845122582933930874986670587904,0,2853679860080281593645428159673096437966374566051182362260044949582614200885258417580275970227747572761875920555429502480858025880418928208781070366531439564056529297738347577344,0,26997871147531755864795552404075129144606826742727060300256300664000126166159272953372347052891677303797765889817183262508346268188672,0,163731768120589127966852801832895127575677697614408922639881209950736626758649311540543488,0,555067125808315031854128257803444696014389248,0,1 # helix5 r=0
20373308449758778894813902655571469151814701640767541324512606605219680249979142835122994258992879237159196564221564962645629021513824365571404480005481660036839836830508061214947527653147873516465080836569746578982832448719495449935952449354913716326861645801098569494536383806736332864355893404261354276688127504319648245707228094816209685948135580308108329746147266477998588095128525495010927637226551039570519216095441735750387928379253366513021203328655903969346278530769997806950749402865866822163105980871246141329383562898481245025643226204386357423675753678403122050978049237211789417519772704224208785552519645770475766038973892521039222428159035121963309359343253372173801002181491297734943835688418304765463531863011460606454350832234389874519716444958307136041611228864040242371333197767625672983396980500482490368,0,235631033984532782187093063953927361264991918208373804331172598835638962522796619635092910303199732151990560312772114411724119131071273968994946717564770648021034128958284327967583940980859005930658255021464101972476417706932586108617087208629095171333862852522041165373604088202041774360504282727303521607983406825545814133657555170391318675906414097195209679831857579159147596489679252269237802038028892091731322321249314542799898225376730125958449353059586568228274987447989352415282562853854768660855627726260289380720391887317079380509918757196896023020507537400370710041590882490695614208839416844761501547128389059880554467246022838056794602100950158348314096706905609436069076178691601752807249384713385720497091228910990087784449604628323024397926400,0,-885985683034204782368798026329448084567785478718031545606390873705552204404776616292406427653300228929284848346003381858001983259300957746553404624226560049348809083731764212776180193697587153219213776555581677931864124340063848004121214623296076820876649494932860428913482293364287953594246880429463650578849980095936171858667601173231029260539187053906394231237976239050503472912586093458212195083947981789873926493698315060911640815262531456862271333227560901694463706569768575264457886553417865604302621823598936050970426370451359276419673542974864910925361204017394073231800377397158568098082921586486378196627318118921416174290390216146036781808946883152682333646776567826340441489408,0,-6800823748176590028048188872225044101162164586947000663371021735522252518259735774176989823319291957924253299360260413737572095828367637706284497750200427691691491449333114072313248939120133789497886537222127523301909687063730340885626058562944911974351705227140509375122399788534519220341171251755477783816596694128010586847196259068572242337061177393879496143319471601403134720454588467062806136391878352715084184998240338387369904318733806308400686098942883805430085336163826910358748716826701177281132460587089292313343752912820008964475522078083098099623797123271171616842790861047714187965649075996403823803459698688,0,52210949949694850346401117812540933315949353984644553009665932921413513902546847175644814024450459780798823922960883308747966718540240280342253487155099730223490615202955512491003120824903353716092133625939238054055126070840285403492538130568211603535727305209056740546314734218955438792848907453300077362783856426230503563195868144085905688438413109190376290123581857609542145211600823048281297679181927391317198128589160793791699194061373822689695077052465971034376841432139515415975228009506792657499208098361975010384177848978264312206313833250160640,0,-160529192436712789958623279987729289342786686066351323359022626497311461224458406502566234273577128599816392156579689245007931573532327298314326107632735630312037851201297446149048076022245085803686754298338185492662404371773881468195197817941024970016490432231612614258202588684412548087637914400736812223319598548526457961944592308321705692303122867187511766824983385874887264235553441242252634381897273710522093191292564672077282575405469833895385823240355634358483043789207676911616,0,291439249506887049054132748242470754131116476317309497464990299200978032230852316395052919245822168525099699693583200038124588952015809916590680569611455657383535851232172043647738279164603222326319671372538924139807525663382250084513438541559845602382045449571757869367228919409269486617789907893897819158198639666260080051824727616666672662864304976347202781057948331149030457588488867241619395546211125976646025216,0,-346155388938754847781618610824451292492807439704182009008048630400320935938920931770137314679213739092569221369727065349145931555224054095713675838643707388179257804959755910505489159109199779234790379471307176348355657452195526658010327792473759192963678480204445579380750206433967891277718614617660357326125809507512484337859554814818312578400256,0,278061168751634297662601174977306717808908295875417373101115827064167415942357065345065972256571105903494118644440828408926055310350996134960921647986733250324265363648141351104032418546478725372185353585466482175632874419214485769166553955259674727721082327268978898804259422208,0,-150541106312020939979516720563354208404121533170962558729549313503300733031591284419152891385900370327090364810250877289232077232241464073263433622088572787243368953875746440618903686924975962415724760380997632,0,52822565935673795658958396127438018903220147113087755390875605638291302804287762788071793501847270605598073300007081573247169962159149940736,0,-10877441235561150892559129745098949271525395783320529242462483818479616,0,1 # helix5 r=4
391029445052271994154098654409626895669114169486481074158533767682827838611992636286226358768999515854952260751296988610599238340336640980636186666593590140398300056632883197295612771561657176780603337005894350071794947634814992212832282994254978354148639093202637400364515952479951117733750660778833628121542488749408679740373880854954611782687198399768814748902621355344617627488489845732254778656692773774083384774381802660875008912768598998843794777633225883104920810731625968287273622838098141370369332477938773464160049327105044212771814229651031837777158574384263134902140116911520019193655346388965768916387847409096637971172934079110136456165228224525223137977435476091095277871876858673519958315385451377819874289081325787157281709102988494802348693,0,13292878301886100826650999552260973987817569465390338871191917979218203333479146953216151473878521622833971006862901948804077957146895151195646972471051751491222347412897641229478168715074485067478285319235737649057597630253110308345438100574300160311620167750575457617195201219273971535465880993767544227877053830207283947217356002422343400489851398560211277827213894245810967550146812416609874788089585780300762125304866016049026157803025559726490336694351754908658519067633698271610283126120563138361087044642885528208878633458882165655228619561026506277871262549172544837391689871065830830938413118185711221086170720318164937484639803507914266241642796107466117379991931807562148939096640136580,0,162517604012800948741812570125749153351445663224407601727039528056031716890966082598627152914050834470138735512794183453619723950162668462032568968155170252564588453037878569385508949388245051976482765663123044524632084301337350251446367006871115334776692448852450632168650403109992266320849653984874534107953045312601132277873469350393313984216630473699795046820526761560493533463125351023951341645340131628702203708440301509618771946605646140262823254392854443504939659319609973370041971588709065158528387125978304797176837185331005075011361852418508276609680471940763707859336286358281164997940707420299890742348039249254158009293180,0,918454656899427021680779575844804912392544660206496316566852327609220015233870667957357641808355745884413149490551795447495207076244058891374469138764521661427926375624796035603620358806332546031532166898489283753549283218460264365894464410937602938765539002094937044121321489535912891534101338287347734840613203108920429204518160868438847275543281675704194955946785471043091428319494487153889284892977974336948301167038312409034887176958263330899318461054134256815779792932325998255259676620094471901104160622081217801850324096717342471203263605848120119049145338926531172,0,2935796455576949354932988027837141949412287635392084708226925285420121445793783753154174830022909745518766455220030558743453470906466536640488768029952589226853021134956524057669714061262452641337833746318958448693418714421089812856538878258862305414778887313871616282788385590390105199500520529048564838207513621881749542430788289576113327621369134328506023051742045625362323433509533121915090855472431710381616129265922385220234419321556710515244086893965551714343794421332872048277999634652538468731228225015,0,5059866384825237883475592196565399314011308271909127308868451464655646041380521400683555960688496202731702485344929086575194874840869393357348981355136430217555381114294212943081318410214721755215669212983645146139229581590392217801094203862008432429557998308329105292594890671238386984968574873210593002049837038186678268903853489439331497824212284603641741564438770322444214920320016536907829611770351779810890678607498234605760913775896932794132,0,4528508023620231907688323174189344052307279633004079511090990877975543533093120814626639773003254057634954538895206519666095186873311891611163775055588089699483278433008243511077008608130133638884562430025864620675761631984766353552758821646614961997682096146910841286808295234880848858974119812967173823973340474446279210697700707333557724690257026220204436322703383779353414667994924,0,2468852148475109122153025977607640285852222098676405684450450708465263448221896151842552530831599544172795589044823831796770865558285993078726486417947815222889922230162729297140996267734365208859676381928887451388735959404621012428581792337455699952401217247128175012988487775625369662564253571135768020891100720969075320,0,2202068139092875814763441175222257890903463891637174734815995323237372650083138793498754834219168563152867069467556201731707037139715397214978400536460915621694780071873246833440227039934537764584056159283080405793170452417277811130633764321265460061643095938,0,-24521425631757940467482535490580392111808610486465851073499918299133910902621168075849948182417136590202466068908259190839558691397012537889849260249659772867677131365885935256309016929760406844,0,-5229165203219006871074015249400684826266135463235138670006782227062731331455594650657485462392162346574535536349610247977471962796,0,7333519723264708356805738840132305784511276992537612615806812232,0,1 # helix5 r=4
87704607080307468118035475519670895027326428574027921001666390139667476691250653681677418299682083493404204464880350233407986147198885903973089732465657007468332274026679366434967092300421639009542893242575458890092700641720129387406161459224800587898974117787827335296536016752076643186877437398082729375974189621329010962702707490044280097792069108438337640869447555619993168712961036599610962523458551176891987709751424541995154690983632869959024444127433650653102858996135182678699493408203125,0,-36522751098968267234971096172885069861925694449390013408088108050783407575813775432955522822203825262760374185921417361544018266436037343216886339993425442187047696782318263795212331611299423453957810585804538893425775308605971786911015476795911904236842943336522314473440389654132658207008114016284973585940794321564768166552562527141503885696031964629136118166182599940355373233465914822035867615762875706755265746428218420760458684526383876800537109375000,0,6785775268572411210114301131010783205327296931387321475634549177679642732303461499515290804798868584624656551495898358765472806535737110480272669664433449172581484161959656730828256963060393131757000388754272928239194519992815984358482970376503322636233237539539246084416313624492214499259368921001810128184770386475880916387317367741261650868674970821685075323514274841379956271225637465249747037887573242187500000000,0,-737270189037188216928702230095747300091994737244880671239009392430107767230051611812596815853784686676625985342280173526664718364013364243799682342700808195988463298100359958977794352665680449424354879748567971679209680175179503296227034726809786186486174293126446266507731255608021377688906306675088894895179212959046421288743380180116804289980336761800572276115417480468750000,0,52016790986663619713457858883498660366517450339344291425130347664534029965815570418619795627822333336437059227683614018315290486429002811723008960254789716755491310261785646688102392021010306407037976734657976566181648109888984587309060439068516209504704806998863753759615057027402102962559878604822949377251006808364763855934143066406250,0,-2386916332793440017480212858405900365658848156431215620437692436460020575537205115212664084616635623706769629170846752727206979757938638675644170350069101406220255608932668141280290297975938281909019568607327280287153177641741910485950379485197879021144296701750775469008658546954393386840820312500,0,65928309667885367367372919594803103510267620421289471197746012443997466141020143474578356636694398500369787482049448860985251339488325082327059147091408526438670328549382375209758940834010726226368452992688265278760015308812114653846947476267814636230468750,0,-1031820566393963652005379970735929403998290137855371676524337652678523079092927562616756241188830819206802147670717239306749138592954419262194624308968995377075749727012509218693203649763745488598942756652832031250000,0,7302193257692752612568276355000433542726071503821075595022608087668852247176009230329824210969450553290321724017876174710344714478675066937629622998429113067686557769775390625,0,-57643484619204463751598133535781794862147571920658518713227051463870502068807214527638039386348012271810148376971483230590820312500,0,2284662094978088293887041493768092943970464967287647972682407271349802613258361816406250,0,9956565330736768373753875494003295898437500,0,1 # helix5 r=4
191892791086511445033967636807239906437462586563293235806421694869194024472193814867280017917482548421603227208776343865955662780595014056741842092282690271628930302999068534235056948565255219899474640896,0,48658600012096077614765791288074779264195771850262759292824185605494501100579406513730852915641825773118468356622667447404930987333868350466946946448270535032634506672674174027419571191808,0,5367818589021164756131247876211601035727346777574597130111751834281028822748315654848567799704957012755052368231981494380432479617361783213934462164463628507969829690408960,0,326883336154542055909167443661819474305243914290843136542906311080588873221892136922964977432146964540862792411630933663072091072833466069976776468028456960,0,12026400935912115342214179678712772829489264922615800453814094730341235268981121093922366747114170082557444014974827415145628966972309897216,0,274657203419899175484859846434324028054147023876597756293974465052674059054518746923364916990486749087562550796569844645888,0,3784197702311977444059055985596631233330929687598437133265665577159106191380617310462615580421708515901440,0,27690786916257073215848183177224569814298364835674605897043480367622475535867701889073152,0,58281784062188013326531595782151121246416111461499679803727772347531264,0,-319970572590357235865357780559865811271577365448228864,0,-458118785717680279865696564797243392,0,648518346341351424,0,1 # helix5 r=0
-45983553398061879050556489868993873081488225461294662561940188201817215072890602746278529843784406400526367147031184902994617191542744492782220183745863140720833576764880647988724190890365722262330893845250208870840408428869722878600309059854658350647819980428411915221920941550527626827663575843171154983403170995917244501283564068359337962210571887924211623437635153699878410478521136740793935442037324577839102716876847442235596235505427269834079660307342619780807907673853226230134255929065496600105922763643639810119278079441408492790847298561667052227563471993322296198786541191663132601594043343510623989163509532932483788882486391706529190302110390801130058876184180964929447683306797653119162438664162548317926602526386836038895794362803559998726929901416727675272036694489286096836036431764394027634020412077113344,0,412210236370837569350985981737951798049098546907279955402409513182331628118139848934410434543611872080750830343166029168725823325728558673568900138999424981653481717616915434983094253487659109846392199380654361373235480360598046112629340510627425681766043649833228903818111612384140886464794676947920227376620517272146583133351991605276658159817164637581236426649536939958924009730485394944889495884714319552341820209176857688663407817405512656762172116629152623946058759277200678432425425874161549432096757407430374197576247286614598273867720341736005874849742985563861315835594195141866937437275413631981228745188864351124348056627761101078461855449017025300020431391633194986037140173373177120156426026638935758352042689331857740374128160150346541301760,0,-2240945820951985179182583701058927450313561943531283146152713861213420681041780175186218605586515113857575793430233282690674086669331881908175230397979422146199772291410951785129894723489835032069013185383980295929365592167535398711857957038116521844392464434687017703549292602597090913644532809273335029609904754905994772088108774668573087717709316695782807270214130693635931900242492396289706759990019755563671036859914548697628316209753806098500724790148557875438656495043817434987688368759054260202571042985457019648976765727267026780941252945369074831096150897948783383184117920591726321054680711483810047916346806803260009480306503600092055153803291397464686570963701627104970932224,0,8435836835731531167988813053533115192613008530154551337421300095143320798631116643661481285519660831263993771957701123027611923404153254907481602497776472680199273841135820906399039209119189029791287586634603836105208408425004130427474505379397230882692956797630802258731125999290276919273819060091980951556660148083756439928541838117240784087223486236096477616603336737322918047729505909576417836382818275573562773623888564745835098199818378973586411639046389802452429454666443739562949782677260655736517627275482484392826716346097811063512569653280191624155360227928585960885224709652739021516835693464987111371309056,0,-24123737503466643369021384326267828579808845405836718464600535191570704290044252433549882147364580370434396136011111542425409408561011818023230718027574668200012304551744154780234491897086350343804129255312856356891615616248064872882161882884278965005220535791743871717497613890823375868772436012665471073936772848132767232084712514354193873929902306055640536992763944786187772827770288516494641309163283436003016024445356511758697658177969782979274897017227599314470885154920887277718780579803839111191424784716266453357546253732623050420609206976512,0,53832259492917516815055143867721349190173191403747321586621850128594742735059739498930256798733547013902808577229204991804989379503758114618665087933505770539402691462253604475266093962723358637411106982689987605576459737811408251665095549114527212966731911548837913193008467378499738735689632930701325860568823561194666368615086217739947363829185251782815632695967061423192925322128803915016735221889083771244198427039285320752909063860394260849068695544431176528193184480305872896,0,-88600711330294055020052309500742347033644572453227708808467331135801258374550996836703886254229236803507088741062145380138067359890986942144835059711137405767656402865630407800821276492722494915304721147128445659916148807381482359184549514982698405203001037713833097150898858084284447896222095052911938731712592412088540683494039356342282481480734815509901022620448795629746026801877366711251666910745444965416960,0,101153442351794403113687357794865811993505782462206270981774563410451761134949969094931853287622755672234294094561698275880719906943430242491412730327404326987641202828364716831045214886448410385803563165879087689686506781607483993497597843333188954259564293438205466133858028972187357862424069696008351835869569208133364671464622348709587320832,0,-18892062481929541334995219741888371411236022273176489651689142457989540515108841096636302021654575925485632165052255291345939052701752721741861085298591515498986518205185009157036178368860789925601946996848437937028202136564977190942588462305543586070099674885137025472659456,0,-171962004293825622709982499723596842248150646345966568879389565534019108116757585708891613621038357894374105027000343418771325325940600843471854992562071820416254771450089349096668809963625374344293134630912,0,663258407989643795780663593700180352716822248778642096826233713770576766723390395628309239845035608203946146981058970764913354013709172736,0,-807530399589554619862437828869340044997235279091989017824871036485632,0,1 # helix5 r=2
1066091764253692440004675156053506677538588750740748437683401619293824321526665939720321240802170494175358293136552390760076390629351277641268716318722281572642254009265342898681738287694549518625829872026525740711483879091138597431519264956315860992,0,211048374331013545587453889403842693372123117350770486346885222016375617172427039030867944926943281850459983582512121954852746074392429985413151520633292640488204699159453893024011048887396882426661247555578252032231938394601553920,0,6779561029576874347072990711774891867289904850361459007569801411245206654438968788692352272040738971721228899231388084746544400720313843687616114047082492844741703216053041841123176618228481612075077020845867008,0,109069244333887123088802993821893690723507636595423169008008834174658518597878104352951589963468785836382573282663493641247787708524036216119665239036513859482336864390628820125065167408988160,0,1005557543600963053910231794769361552295079329827298523186308050388507867698638347816824941739902383199309740446096540522908285698451840765221528030697361367099836444180480,0,5442485667040419168990468610283931936112941452040177133354322858206909317508075904081882919789440216455124139233644212647128996324387413938580161036288,0,14820923660357319539367975672009991549780251686031417192705287512519861665557129142165362095706409095617360929379937487031604609024,0,13930357702397767735895811709969219013706805971341423134795711203299692567944099179025443454751143786151149568,0,-832289089259788534140015988769346878555378981789945458841086339282255099632188775202816,0,-146430319644717159583340207742490761168422285076564547911307755520,0,164960000609514160730999124343446778759086080,0,-8988176049914979024896,0,1 # helix5 r=0
1074305436493519938797056590539213811539876414842171390104827302631294586762931866202837740516599756949055091273284438623032894920414020098934152623165270392924282887034531006256688664028224810891034721340058805822575007474871954684216359849964087790425938308111781938872589041666774382146654810638828823215674699848517316010855435455048943827782228600187289942846327508121511032852573464360756117742226223746356275425339015265650122598490856094513155625,0,236999272907303549773724320171053557676313187763138109143889472063004964320346551164043829603376109090328918187218800162015477097279376523380537510880532134590703348800604688836330424785314974839904959819909432842522608920364497227307824990281219249501822563329733953977789726089673140983096990023816404432758902686745938818981927670804921487480675829855728677332140294533730616250370147440679435572635048745132884250,0,15292523262040223065623964475589362355170107041195786868364368831897740159739715674650437274097240449186667003740626957890446259133324022799717227669794200290495997103088907220467884399296881245984835478109577437945265866647913623344916874262632610598493625389686095167896188587545716226910444618777992980671800550657499187482656916706070468102269490326257703189155231118657134200,0,58220951841503477961575136038341547279575253035945886276477492942454559104062204834960521942663443105093780635373979738205083291433291264077069637729817794798375851581705992460453623023276057124855722877346051186156366547258850622780104200067591032952176582339917486673644000161796988883467092499952840680975036964296716194326755935639508030,0,-16396291848730288084507516672227136124514966406090251813577279705758478819636104914513922725425059113302573964753544646109452250587259528665592618765958949829352510873874113907080884476470526592814100468945339951083556880164523134759403963837512335777256928315664692013850494580637613028245976050789009066,0,-81985243321668403909770607371985607419583652433011995295400495636045478855012406824390352489093613172966193522314623987632801925319741612268652973247135537111319153537641433072364626269884709773334205977306244795197554435578835163384555645814521755327319399348951378,0,-4976936845673153744443739771771030508449738456620155497066620195477169931537628896037390264447328752052440589132953106447167517564948710903720465283795995028850260602783744519997264701202075366448651881077858818910617858602055060,0,-42541540217264227754413469432379357614805418574207852282340337080690808020121480679861296689815890313696332967629681622471279099393837356686364683157390802389249703242619046131455156954045056,0,4968446320773578391218414770795159019408947978240840620528005382221819396085257873567733231486527965739514299187691005705279026101600633279587836918997165,0,22040092238862749821232385881253962186368945428387885103103706968578048547821907586425955784295315800748146517784486,0,1291061582523014817627033133606034204739717702830136464510207585652366581443698,0,6944145472453099687412743642769454856680,0,1 # helix5 r=0
127514006157318239489374698989448839093567007333085775785333754048522743808887412057424375232258314583883759973077941611925718918270301750474055912025049281003457180539790873691304733575305158785983630601885619753049154513930616370569510917823676552674637262036059479737393757881905963442553060007191806455754410523515293016515913355103029064758877908329565676837589792290918841328770520846948092084789642370399474870875940183436882738283484740402160276898472455973073617587500529158645180686795490304359794960484701581678303377719234706275937187809387922570495507952681663480003617136175391593745536269580236872745131311454915997622216143564949990940072168916090176347264518103439577400753565485306505358166123833263725870597669958483956036026024664917713649055649921700648483209673318415889677830562302373117130468975266497677717621980893003994085678906098069161377792,0,412912395990065927251741562288655095657516254200884355625573709953588681315490322049624757429161395940453968409628472165343357487691581514132437257431137328255542583356266420450001839477358168758971647512005759529567935093123264347558362806101236171612010280096693617052636386854355786616058895031397946034233607902992354264616709780296407337146135660651785727362232042535095421625945300127529819546237779913270138990760430532807719195944947479523907674990584981679041689774016864680665516035058952961590784260844437007198472971311924191059625226694244822039972223963621635006091616084346182654331230643085210806039572046839377213438108957968872000648393732532003473847011193512534889032698564265221559240770987166886913804611340760700029925513771576914593555146542052283542791384643922738643206144,0,557006751390733308411076603128294914043564913777766052486835565778977769938685824990898895918976670009362811309687653380800416475344021287227858553143116511996000525207693135545559747808715188625077372278832076568554971763101782031696490710158886195132364691313635851059286053803933200278635645015224109162282683504172347703454918243572078047425454328172283124254455970699534082610325579022560602225521176009628253317879402960189656196791570828832281509864139748933481443537705337575619521971114404718996118376860166426961755601072872314169229282741062321918925322263166063104431483582640303540224254111090316195554306080457298585740268582566255647716546720389583938669437313057163836638476328207302263286397602618558528880640,0,389130423987226573521576836655307938134048670871877989226736766092072408186047775389014325576087890578294618502672205446738472842252486998412455180201549282799460039210321475142004200142100553365835131116756239865570528733755934176977576664730233322838994781677739061518471728991213696672428367781439502347190298730895619058559128138260279142963673303575488355149488763527284029231722911156832541426124423161609556971662015598350895103117607342410968641310622734731827633748186891037256260966041986351447015445571938298789332812257439489257706180117771201128949584693668790616041433854277028981894215280686894709107007584254406979792930476299293246357504,0,130085602535471880300082863144759501577633557794521970699551236484851557228179802244518105063508682006505987430020950973771669235465486710174461886277396948216834193248918613818952160945209166883006587145765600548976140283683795908420321689581486736556459209700106819520117235768412329822491877669805349256154030871265802010911803066475279504910872051409161118029450484249749643466851868566446291228263271515020806889097877431690887316157897177575098455755608352213499439077976040615299774143155342390985003053747919999431880114396686926983606432173710366445344820700009663960186880,0,-909451805207668527750194440446195524467073253344849291545282581600717470076411538305095994035788005726139171490944408171136307326585808954744259066267288734113620590517047343414471132700948673863712632031605631768808163507942186287099797177054359365099060322379623660998201189670807964672229126026680531940179269091098625933097923118293059331771533679745995213120727098441497347381901862131543230935221990334544933421914478305571888376056698692878065054452107070762935456258596544153529377607019110615482368,0,-16906139864065656872478184482820054870795267360092235985687956685250778716200967944298448346021635642234146546117092886543989222089940341920509124907156637686102380985169047602863529973496250966332687450641363706928159159677541356335484995182682010623955945493672921082498527035121350630885676058282514821872783223762199877902757964929716270858681476725929175891112602980409516296762823967786608217109991405850646643805103160134983483392,0,-5021071958367260339270025072769394312293307476170456620206099600601577009641596598013324362963036402759278699923834813228642492421930441631107736840001233479295603455178936564953670363774545716098943003401447635517867872072364983527108537840383154041647283277878465295695151675457777157077863776476817597843479472271197514976659420637192203712406339107164744843264,0,225665556948125963337119782146962622704361296047114386935407889489142464931228926906837978720800546500558372296547543030984940316078573209440478858968463601425617660956096728911298741402067052045329715780227927691135545091287087520260401163543460425165664874350987176391051786571265265893376,0,495855083853182973246253632073389366094559010520062672596495374110860544201025170745304331293861893856645841246797529020621565906810308749653595510453030655013377975505718440798380379911699443786550088616868086479323136,0,137915928231036522173722977709158030854702224803000836829251196998106148352520065326429691145383583877388118017620465904121588681745456178153914368,0,18094527519199344168418085452031331759008375773273406658969720601071058944,0,1 # helix5 r=0
625738907370032135135443529332163260588652915436736531678969154016616423944234814115136250141574879290807123811145870411088972750549092458526637014474618269041364944131504224711094031820986048662488558695285316312796561937821519644662131112875441723807888478332402858928765194871819525885405188062858006545348822325788672,0,20208973992758436308028036515558353804245017421599848722441080364991007286784076593587435637632586782238761684205566863870984084983961533890113283238876274973601011609755854836062014948279172179650649829398037888252922163046260560035641307187885070926223393888201188897983519218573026006818357248,0,219108152302206180223145277600310934925345897194967301288009870567429306149964900585075087194205655111627940917282690668444389987044779508113126184713828076249423861834308452265037924798742387889369355836221573622561225505048935087615503323395361785411160907599012954112,0,883413340459347399919264853299916472418507313112469392671286960140439902720268535951298365410515963301085586719660404960237319260770781658105049822763924230324750111719980712955672334627329590358162721366868068466922822274643566497301172060160,0,2728810779984296173255082905973142390394095007374242575221636711054702018475122383156546959541404035530823167295618055747354522462323302086486151216413167456618674101718578718379602958550450547124923393545771648286720,0,-366532463572405345981133503628192592841828831015611559849988107420926589008894185532750578591080210039631639303419844818389628543014725763225467022272263554135516460812831346713231372582912,0,-1474789833424748545794286599740032703732954566877013176265152950650711974362333502021564597256874291414766215307736175508340604596406662698605510877845165822705664,0,2599737467682001534068172855384861477448770219859549245933299196462379322413376354959064100043352487616642301948111697296260694714351616,0,3367176633009998530836549479701441609734383646096953860573905779504241414072628887630934311470555991424106496,0,-653329650984776682196651123359239452816824742525768178528351168316339075386703872,0,-561556907420970904721217368070744950380313925421891584,0,877075682130413466249330688,0,1 # helix5 r=0
1462433856702650541959294073477803824772112642053769464296073493413798159880558268986652058171193632206262313513192421509792713097416440222933130192069131960148809768905326681306866040806525023279667561117715646658716582197473190641196337219894439917591845067033885882946611006956934276161091701008776454970728447973225375609262519537849545885318588941110476018441203740169325332955723724317841208377344,0,-5713977528175625691864324587190399494899454245454055913099201908200526816760216711980123922751634928451636754502999264171839750831510925167847524738127619977305991243792859123805779131178387970627146923893044598756715555703573035743388510056965780706894732881938530950068773039573802456533218014862084494876489101888708930376701396626097632285049458684807558830808367104,0,10229545827936952711200951839653123808423080862751248840641195130589128963399755857853017649006551887119863052743568114280913543567718014892022980121592900329861832493499839282023183802090212722516236289058047822549272747088780490630293796848549911447100817476013776895454941623323714883497729931177279493114715409748721524078482416467968,0,-11222902908381817501603938431536894752563480619734994060813698970315862141130262717217666101119201094867474788405462541923617354006074800093840744001419031485476396214951437452516165377351668136496260931280577526028971159875643258806400850752708762238506725711885761470532450511798951837811547145460776960,0,8447487609311918396240952148959903996406542013944195502869746272065882718496768909949754271614815807646039311889187803397219722761268754000051507174397894636589016051108007814630217258096702300921771558043007185933217798252091520625033534398367316630538624346964138917888,0,-4399921148250618614495088127071791986626540755295429709876966246772919794336768247468784694695623720307139581437246773871822331168608771923936263060358889040178987027603510918875423608681449822687139028010527933893406596655425673077194752,0,1382847044443582950202418470565303331275110192908929218592256142506731763622000801098886942009309757802675335125839100871631487272653883945821640775954536674930187641543431367323733208843672301111192059904,0,-128467019823157154453451799878507816449722386909028897557020203991239835148287050405523101662403364031068076386464546260446585826912829523256587644092205856034776344952832,0,-48259016049657449354502012757294722544749320770434690007331148585106868970739818978423965143786327629171307723301965550947858548372013056,0,2032519562684412697575605050624723938063541329575897793310548228216197164375049077356241521681675321344,0,4054176024880828096250586576628928723952599886469959820035687880589312,0,-15273231184113869647579345757667328,0,1 # helix5 r=0
295625861603688011656528024478250579669798125403840913877424222226457579056623135634878818233457389971513572211357708732857645532948563076981008775686796810824239731347682455307207134246822489203917306644982305618519271544442732754006772482718399952363852944337680490508931279931002577701437196022314743538671427090457933145754653034682749028526732196608263962365579048705396514288090343042571535230168110285898596503440055565209074044526039257782521018323173934185269685384037714756305762510078239849392090699480037711700071928277089785586516678096715774659334084310571999302826671001642810034727227359216361699553006427990106073339270385212561872,0,-3474160702002784478715766729407876610636325004566240985143847958630672539677694624493711398101832449579663679531026098887393919758852753945216210013882699050017259229748635512759942153949904254634594630545077144682202304911315270072219765074156153485222066949049087186243508919700123687279929976492061444355575393118871394305357932929450070642564789712469194272154511099955757516659036391322237769279849164138277120645632783402480585045942667572374440467837469615171530156854571267729390628258749190997102416870848918628016818093646256365053207613178603404347009693104068063428634807278761013360,0,19138617975052815678583083634841789975059654448402174629775653426674016723780781157011289673042368510481753785580697768092364904035633989433334421628155351343124825078952858035485679057807743450521538453507469123413519979295743822930133860917244703171950894474430043977037118595908409026977111726352524738319296008752405836752452879578735129909350466603179580932706273273465528160970858806537135779317273527159220060188279775273601734227341161011393958804015627146061905918674316216830422272259286711422054297808670843033352656958302540957624,0,-65457288120668898935731354552388082698748270002214333532574448846694456221530283352426985751443405657934097003254930432027052064508715457699533079996090311336673672664770675483485498396167760696037876766091189646534656998285212589097083235261138178653264888965371806212462366600218625949697533686608216880511754815685516842238324570950902420363026928964182805377504071769866080013100431759952014423524401959087411781931085022439022943296334976788848914908746987052609633986292313002376984,0,154788974018836632734270742229617157649808680516592233878653857447511674890113775535303819671080091237393414851506825514214237540061507871765411882608436663102432387081148627082954346021822737715735552282324428208842874946581036011769076977359722908173441959429245996467868552556038355649570035698622479816947302586141686800681280113085753742587197412072836029577081029025146536188857931617120193536791814423040175125682803292162316076,0,-266407349191617401991254477060718318725915138781651504869117021349806089051279862394311320788366897528576262002134146304682696340501847442615880878762447769013571196864837790434093641595937011841687735485948602381422593921211879110944953461996922108529433550942860094321462299715768391546737735456901165470495313013721571114309506633064360408735575128041562778626941492980366241940,0,341869436839371500673497626614775027731673017187102776816445223045563040253677158751072201080776721297818378661268594204358296888202494662874245895609057242669156715157463766152806303692804404443333435912602963649111322377823644351224208651888093632489927418240806155436482482999257266268799637952444529917281084375162004023586,0,-329282987265977725672803673846040442334741501883974309739528549777456554773289552579570762398699877113041051093088649302354903243434011788703488442353260095747385748286318609333696192850915229653875810792220249544024152445732244189228112489232187190251331158268128026847290,0,236073643375861502767307469436528238849092456336933884734637513900745788301530451171375326168777232415776479025736829292201593268145491159445945279133357609586960907391714976056920743617756647199771701370980196423813521,0,-122771238181810959257189722831298218818317824406840883983412978966399986107183977717325356274029517236035049418796965975499172873390768328240343235914593767783337288,0,43933187474272151900480327557832240619585925248103864598182325337133819095532198131794705634432913784401922228,0,-9705324187693771990931422862813962335519213728891968762,0,1 # helix5 r=0
9527651233189690700081813916398627649173307252675180749924436994689902569739087684593906373670300187966542052880032091732074582313702412433285142937514466078563224264678037145971109502829092459906908382362977640431091225884820215380307732510218265358516411305401144808745472987341901552214143750478307973345922244578197879123923920127540845931812531441175188290350892793384709735231232556973906717648022805497019767434983398731269589100105048247846893826384275556776536817388442124677890884031602862363018982579495733517669601685037846906506601786236034725976233173806905832133302476285290262459065280449023449538259455948718823492527008056640625,0,-194989957091292320050667281031393097599704437855425452134019567836386144455801575846487872010023262051710045097755583964372142695990003356776674106282230987227183677513241681112241857508166828948572570300251388275226168756615180916408230379512894810965810896330935138799887304024899871707490484274668387801036794214847032278138267470492940589698389071279312072424814396372584760971246463253720046471089597736722479773285252078323805929823116014625298322962785710890519371820177476931267222763498722559527760296692705196824724497142706817704847200401841247896506104098079958930611610412597656250,0,1794488768730323723640189907872529570133350156124424189426281492748134431738569009009821166802912948355867454487096919336365014716783805596536281609827845485966192939412673399812707033951204560990802235594365601710738716560609706601854566581960527135660237770710667676573094060174354489498162099130342292508012049626105516698835797368169948356164453313214904753721210818514509373274196322540033700033499945714661096917911517293630545771687086762400311326159996231988400966675709125665274862646393974618952427135809557512402534484863281250000,0,-9775970675925349689139811702474494864762663215730126343593936586606599016830119456073521365771791741296166862796324985193433758096318040891334625898715992806810447424272527760866972080034165296941246970788319413718553067239702604361560046786553053565727127519595765158363111682583993498109110004786507983582116983852843277741855185689026657727608144121691366086303192054357076985855951425426816773754290661270235298485561508677135132682809148243693875279802796285366639494895935058593750,0,35000865540449224625180276325314909442172398887658494363717543371633750618528884847885343879003505795690119704974826608247037368266725034772002961966644034380229565770391585881019750056614461964726107833241122606105893281119583900154225291604527368775436651182996159302256871097999272262988012569580639252174327334811777298258071836062878633319295740374953304637544874876768255051086543174865099714576643918917397968471050262451171875,0,-86208563101077946083428642486904380118149159191365386233029965582241875709858182367257143408815340298497491009040952891895001109105076427630527867729727149468913743178367941863220269280910218974055413396081965774027688319205326212390567162611297457615654676346489864097525029072249118738427466593700040624436797798888079451847757654381647005048527887538512004539370536804199218750,0,149311395102632526390785636764941597572396411938721510557545378716356982482217064015979377161833182361981403308312007620145198134844780194368996495158111836591576346476079515292168921124280569186093108460543409810544753882160616289207907016943612493088520542274216293270916795357579906836087424437664594734087586402893066406250,0,-183055175567709400760234481382517032928505986483007878640799386162548295178472821799454599075454720305281415082742952391162238715424446463342124493965078509648631053603183860888238119841736010237509588216833105936398372375109838260803796217146555136423557996749877929687500,0,158256418064396839137417173379756970790681461941646338016528035044876230659907925437239974712713564455474760736946823701879543816788781460591449109218915948651578062750496167987099283003260552504798397421836853027343750,0,-94764625366846814613600407088961274509807602423541004921866764663028976872470615352536564477071714817934979722718319119091957558609351508494000881910324096679687500,0,37658401143695693431252465748146483459372626060926831506674471231057509768910699209284968674182891845703125000,0,-9016741801109557876550854579501207728884486909863281250,0,1 # helix5 r=0
39996048544233754247754716195550961020297513176819194097388986815164242015746660345722103795989956238775405596482350003978492952491193398986760249116531385569564790400126945259660851876476155461400510658140423901833029096743919596178080570689511860214078238686421391943960800992798054787309694515185551959582396145238652623449452446220198988207926626939264775830362425848659011688083709401608367595914137448864758329067192358807120751821324288,0,167711870922472010837847574699785707238453117174167923861598113094838763350380991270170105569724998760995909560294624701493367324901428648121210784945926207302869199763318737863525485758082855583783297726085400109843392569812815439379173475848821517816557191382943156271716878007334636685456106743914951102411350107641786410650938334721993352595180772516165400468797173121207418072892056611151367764564770816,0,308458220439744040443469249369710360581943417886379359715171727126325604660374778573274150644739528264698755591056755535227746796767076285592555144095771437990266205931964148012568116840751871829764709053891012496469961536600693277680932826427555291224835941698352220376896704047640255945319861634271943259917714439823410547247761628005547752092837611950263829402981761024,0,327534776298458790931260198952409758042953293907526473643638891752052717214743631482864313797449067369687181961452915019354198622030401359175628250602189359286535898633578784437133962664265299445751540393945274055028487986774691202985263471846351430216588870326238917353866035421041005871471937712960531326541513098127774175136468434944,0,222388722320397792021100675633154922021741719038049033971383603902432576811906162277682526795161422838652305022217942291645821258365711058355631112636289030401203581457075503922293600063765427569439825406714829418161493609698647610907980510636741964992231001677620106600387239710254456845580049055744,0,100969989663385517974944874414075728863787002375419453094708824437713048270288278468019991898794739015608287198225536026151928583994366368163623203791821547703750219762681951352985202567666027580272139067670162076747237058000090031063594860046234044055386819919872,0,31087046696386522082386950360672603532217784518651192387243680619916900977593193751303184185475074508825897533446049409023060317942587994076419139359885034144993189132831042695120741517776577956869517659439494750992525068075008,0,6418952017512960210057678802871290463068062614543227172732682501276226407738140275870190301752699043986343583570494944577115353868416888913838461312851134936708030662232360586589592273027072,0,852732820825136032147363644897271618468955216853442249311976893034641599356267562759734358623175458192425972243492160048043342069678959228048956165455872,0,66101166528505115760917148823591987366537447460822910791943172091360568964397730847367741116585630328388630014328832,0,2295701662491348878504245051729453515281837229912913858000157670743768448368640,0,809954175408135564015914918139536605184,0,1 # helix5 r=0
1000880125253563244055730887357969136373654645163031235057025171908505758365319520955521811266729822465172562297416568566254517151569902440218970074056097803297481963261160403412349009488859354112456951070230794216020385355786429694852494291380150839981803946628878600097012868969488221420575755407054389456256402713660963036219505780593816476803089680747814672362044008558195592804686389885449925199340228742277991246914516959517222091266349722141031194981989317370080794567189733336875802351022883804446167291831164332860254684290094394243124406638869391053520602882046199069698214001665893747284649002954546193113647132008532774567990879941365049891921667114017559686946134600893141493715945158647252943762118809160234407584263611890401707273783862274119644087086634500096,0,-297798029339423668351562786415670614634989439408089937020727250350770763137610570654467649264339986974382237523750048321950629018446306325462045966677673757322625045791926653563999785509032807143367885273008608039951767562094731018145549359875509172411369071011297183171336642733885060235972414478457038434189730582911073763164365984618939785516020867037161984205507528326438377348575271276165344606654735770795170196306841444645369271496807989220038386251192361344689281721802741348274321254375753567456693016112603001067875354603448679595233451219115737799754927498663171555013783837817359110731435031380360905232890370348727836361225351196307501892976486877469097724048031690721758136914040019729921343488000,0,56527839505548453888686954859015242984678405230102286350040989061334938795780766570947924945946887403610188240639888840004545889632731884724296314086734521179433944156211648591844204212424322377315707507720186461658035404741466862862849414706521676780977580823539851558703776346675503030358494883880873582111993082582851105071338893117398521797400864761225995545511038570489811308208314712522099358452402610306288335185290069993516252718473074131890134955547021207237771095382052377131098071828989308519882189037723417473639024525624783923218687314673810512798029812267402897784501502217894052144309263460285798356915273028698434416060085278081024,0,-7636014036835843745386941646324629265458103369642364853865833924349998580680830125902432836595826016777579383193592176417123884698166022138040712192813615082675470774212753306341344411199048390024344687969935318409469984941627020957481983618984034833798077131358050211823861900625657098742838058252027533200203678197547576177397419119894173439124629673399645582278764492771817780054366893164355723145005611468592494199336339658263334001271384070608153144954980920400993298305581881291080031665426046921458319409810761492714717126595373834086352280218904455275152428489735044656529408,0,687647024419077083044329897967179103658412905966267122103844233137884165881955365580540881798999875604878412339037337064193273761250686404468880279543462991426444446954962771634426382403270595511223035647889015277980125874319305247595343840280598216323900723007056231688872389695663521370539175263591144347235213709181767287251729146157555135035482639431079438143113424289463675994592568876073208484378997710536894077204599345439504520175832582477003475445736352445522258883760639422813699252692411269921618353134239744,0,-40205828286909503494371500537122657357310335156891645434020036493985681745881800043903905995049972434400791993660333085314937172647731799149934222876317987840948929532596497130195886804998982582547905110814822985104043718352852712632994084913725065132864808696967475516849275030082735280057639387264232082062297161843698026751493584169611237175970565445509287722178766205023373617097614218977281824160840550548233445064259324019898924282478170731085561856,0,1498750026607188375361170740374945548399366161817292427332935030917328027593762936618505870007692683310967458163918649953537780990762582361170553455149259692411851410163313029353123970919362592841101340959063047966047724586778732599505921629821986299718153331284312924619049789868882184275688814226606702523996096671423157860644838415065308856734927610607039280380569922341724581250828599296,0,-32581325373067139461149030507857891285536722698852476630563908697248926479978491019040023045289055413561320887824118652605170782718581212328738902720057987179748149438303483521820535696590359036963937096161748864418697702395955832657067397169363610337438102798762533640857750063143499224467257895162396315088881975957693399040,0,293868383976918988914944063243084835090757512766350928559376251059975032230004445801301976683471185629847387321643424328820230093270094605509961638518496733002933445948089373788035427186324234567054730344960409990702639642669035458379297077944999761609463169024,0,1887647283950028793601942460162427725595885770295520714540657356928186417263234628594854015872212694873167134611367956539828065130787273346939495214099837587912291502654830852306628787029554495488,0,-28726650326969030775492428288324282235062837901764924616555235777592044325809084211366144554876610571633962789187719372302316470272,0,-147350252905705991215475309824346199086544154703187753806407401472,0,1 # helix5 r=4
5216999354857897074365738676361025694646027875325896380040004778305933100036388894394200811487777978842236173722895897100515864584451514261194223715603287225910822890290933361936117926024930998228730188719397098013282128958559364905345302470863810070846735479524669435577595646546541963374467701304911041396733420737652914306544207019878986677062084895723606033391011262219323725091985364381618208261988813830903247747362924803209272460815005381348556800000000000000000000000000000000000000000000000000000000000000000000000000000000000000000000000000000000000000000000000000000000000000000000000000000000000000000000000000000000000000000000000000000000000000000000000000000000000000000000000000000000000000000000000000000000000000000000000000000000000000000000000000000000000000000000000000000000000000000000000000000000,0,-382698577663309372598050534668253985262549605480463276564046205283112150088233549075081822871957557147851143609391446466873814553003552329787371505446138752964319382151366191057977364464066169342479904250268936444798537263987948298197935975320730540993604772212527301926947397968050451227256625127642041051263454072624290373453280986027997606030538983379733430489064927498759222190596442533767008387162796835924344832000000000000000000000000000000000000000000000000000000000000000000000000000000000000000000000000000000000000000000000000000000000000000000000000000000000000000000000000000000000000000000000000000000000000000000000000000000000000000000000000000000000000000000000000000000000000000000000000000000000000000000000000000000000000000000000000,0,12430762832234219523778177993874281779611886756140770936864478686772656140888997682704382953880184227015812505702101081545672284612430161161471443236481525544884937777117621471332844060833244158337759434401862730189233213861492790725041201526491119120191559154521436938882372051342803154631985502901832339302953930596804386943516118454949849439594095673471361798871502396164658954240000000000000000000000000000000000000000000000000000000000000000000000000000000000000000000000000000000000000000000000000000000000000000000000000000000000000000000000000000000000000000000000000000000000000000000000000000000000000000000000000000000000000000000000000000000000000000000000000000000000000000,0,-235996163245453234723760231219127323602818821101401029888140089297787838602347921001486475574614315369759781191954884324198145170466197424363922502765482216136301937831208195771327677440900605406195133648496676373683537962922938215398130765641785665705583569900185903405770878500583432584295467011482304463039440253635875138990710999927031332864000000000000000000000000000000000000000000000000000000000000000000000000000000000000000000000000000000000000000000000000000000000000000000000000000000000000000000000000000000000000000000000000000000000000000000000000000000000000000000000000000000000000000000000000000000000,0,2912942201379045944908407372688149980412152407741708769249014295619340132117944179549261628216751747022889536912068627111191098930896781104303784041335503033774936596257422372325157549012094818795663132382523628153229300557957326100501867207177012677806825592338858163426684753599215348263206460030941187276800000000000000000000000000000000000000000000000000000000000000000000000000000000000000000000000000000000000000000000000000000000000000000000000000000000000000000000000000000000000000000000000000000000000000000000000000000000000000000000000000,0,-24607959799173314748253669173682137461814433130177737150480823195522856447446294469082303861658788653286422592724305132740786076057053060882582778765460891409651669259891379246170873933603917414288922203086950200080944654460634599565185806488403960827678113900512013189120000000000000000000000000000000000000000000000000000000000000000000000000000000000000000000000000000000000000000000000000000000000000000000000000000000000000000000000000000000000000000000000000000000000000000000,0,145736603797777298135425937020288714281169315267091779295862004222465441852844138227667212789014487994569963843543841337936549117542773918296396323547116889162916095217233924784732192821570179587440801348857139461402467512263261552640000000000000000000000000000000000000000000000000000000000000000000000000000000000000000000000000000000000000000000000000000000000000000000000000000000000000000000000000000000000000,0,-608246745594957594400754540835681015269306651110356046122656644805007326750100167932932197205761274686116821223473343152351556360537535742649264308369634025362208886542921803556206073901069683916800000000000000000000000000000000000000000000000000000000000000000000000000000000000000000000000000000000000000000000000000000000000000000000000000000,0,1769054098833128020004201307697708305521891544781329741198846824218288630335561781492143601821530186727539441715201109820700063757150332025766426944060501524480000000000000000000000000000000000000000000000000000000000000000000000000000000000000000000000000000000000000000000000,0,-3482444470517274414347748706092640438648671874966015031528467960699453106967891083352214838031712544841547599004330622976000000000000000000000000000000000000000000000000000000000000000000000000000000000000000,0,4391288218593270498073809937458257806702151725043532884880001619660977828379649638400000000000000000000000000000000000000000000000000000000,0,-3180399224178957759523616705205967844802560000000000000000000000000000,0,1 # helix5 r=8
-450790230367509121830300831440559889081518560642045208406304916292460126272198167873397999630293217255589970579058809545341091547194672133670716057263905011815713816475155655369913327185591105851937061718584790073609798064545348676885756419242480906160563040758864945498107369888997913857176689936090563594830375225051487114568378183775617134575800654476398217847412156436621860522569791833715461142749357443160444005214728638661114522361242822966664806596482284227406926494892269992396928816483908030231887971062131854261067092113368397740478717204845052607004723818186193946740821987603033419972965682423617244719446854103307422673,0,-126693585121464679245180179350518801863834972862014367447660379801885634495113161973427353285654692321858732729946399775781269574204678802100119554950372298601834886204227563359222069341117731355033966651390765418395786016958585954758970088184116802163223708189453205174691190636044548642037111780717748365180031852970563991779670507804515953726156588053147068456128570798709471824740832498899449183394652415537527264203822067799126412556582947883712758828749156452374823806675442836440345327966975336923302649595376565644707976583958208889065121374117869820861779720627569166097276,0,-7611508674964794912441515337648662213247573028020527101086835666306760603579876899737629028993077570334373135948622809948688339223413715577434284553041482833387463935597803980762467384001566319739643142306343551370112736518501753935321529143550639052772702432478699716141449965776120104211738848030124495793556607354253467683364959057334659483242895126285205961609294499608818916232360218576746937103805218352917096178491006754451217861213621575042592673014103129796091339447809989608821229538821555582894416095547370558486765598,0,-155196658053052381436854009193019571598790705301536021028235885273999875113819053734375292399571901554955268663901624211064075071295038161634621112105118928119796970642135345727152653279456120960741639246899504976334864858421160432026734083668196999905419876607544772287295698899266753184039597646511620307622438123176136438779324463802255362987295372131278656995147310157283164117378934617896071132414720743799138144169411516065335372863361635863958842055613859382010202817524,0,408858962266754959147459278045858130206468916506023036321096432891264207131096907811191352869128065720813743160338043351734093332752186388302557362612563826279205530880592512752108602876395393442352363644746604327666080011574471660585751308930982411430076402239649889912752167025631303129222251044882833372709778104300294000501660944333166368231657529296339631038314079996046673965648302816029975637382040045065527145640951,0,64160704409703851263635053859109764295440363937889018400574414607646613359244282102756586507223121476787032996630606968202739115819270027051140335627823534180723425411818624934489799975658450936196900610194238822067677449243867583032203759684261537829792687120530121927299465092055780583724719679113622317940678592865545090750048745546119823473221443347930667642656089248,0,846752370917636716816500621729926556085289738190686645858261219499115261116369978406170609112908959210601960771848261297359589814911308026041262224244073578998297284243055321645889108437324776792851038487566871315175461405389576867007914169362206077816706788197085882375708872808950573043280170088916961351949235394380,0,-2393663273483362383297152714001372792488017126128800217026247376727218592886349841070335998267451504216142791065657447728557512882087613869693541245066593074048223138611365504303070397551666362347631938001141337919989416117510449727655453429462885401442407156926528,0,-158882219385094216361195119681024577561944709960947797260517824688877186898590350605798069215948130072109563787954213228218686139914522142214588160581448334177042769650677286806094773365899608664918265102982881491,0,-1207790936993180685346658075344173598200984591444871841988673972865314493255039333665527811796935567383288745945002798624575685979787999996134965883774031076228,0,6505687418749257420719810773350368045741291764662693844579566869409971655436093144228409280285618704345698,0,158330534716311157505527027611385060121627273760015348,0,1 # helix5 r=2
-32817721602296902737495240513823231773400025902170882840018713178465617307949209787194979807689401545421443765131147693542001375098775862579952776580512980540846902445319154035702941569971941644344631378827920875250100326582244554558463522215464832352455193904819588067798749912208609832308768978764968415907254514609464303658367787510158587973020287743126739982120174666651951563524353967495859128346577965219886203684106685887712055002284911894856401987467327351737725509291887564215531035418644264780400768055177351187130123712567948119965511395514290980974674747449869726485114963988120340042388952711493992440665326729818259644298313473406472411787130843624472038256720284079864479340814672931801007764412544382308163580599113577365979111555979821332999783641430449712692361281562357369594394477534507542692942165085702336611555916349422546211,0,-6865879989715835158812098834902237033054034179520167538151763400922192876816743200313420242271780961901346582898736006662714983201643081534146307636558303646193596411692749192566035397062986174209877109485991498011688224119682670102424792612859019991402595933741423527836128915667034181484100446134826719773083217516373819360898623869520813893146961039008148603937467107860238112990559474192666626686535131012266703488840691526949563715803930930462331460636694838086307399613594967355434187697597697068042397096589009559713437516065443170465227276954817865468843398861646639161774548799136711615775494715054849050011710642561562341334056044219496989575962638440478216666902391389788224018137610220124648228440111994022674010280034080722840560777749631224894349163110058293104072,0,-665801894563318353209358176958648983669222912872742339043114638965808014681279172076411718394671408810136755252500194524034214985197240287543784536371237602609352920514889280855081819774397580316492779188811992115207405721420556795366903687657895439409194411140057694383791625441566373154457857543734269897450479972001623352843884905306236691881670380376944215741053449082773780995034916980787765891832864203751382742895864567668624839907108580963988124940589507764473386954118514836730689457877410148903920239890022169017425308508543541281345702245498206055850937425949406274749305737226409131902976713688394163877100405079342966217471693076567332135245407961344231709111938533856971514937044518236463955354,0,-39126471315308158882654388148421751998540142648442035126493287394792330613894406410055003248071073197098652245694172695487886264281524148664225356803156467828330399023640816898387919337639566495848691600314897204895682609938290605430578881068422181771884558956063560197458510571969150624545468622614041181511799811934643349880884269617082847538354101752371228367067465606583976711771733246596476446327433585269714714564353553866170369035694492938261425358424848014539813189179225075186140705793318530127786534545284377967409298370410018670998351979316714345552600205809323535015890151108030690748895600370450556321412641285205192040703380,0,-1502959116818179703382740651176642845570229224691699004880647064921562444366519849423633054546591152453313845717379597683291759212308910858662541901098830894653227055677297018146137233856284542077818321948371326769226642046340411574139061505778440345362795761437011797765308585583756188566322993255400871653168290651643733017211726583824319976558450175457033333683363984552400221682044112513868664816259524900139829716413267024898312427875232476901521233802148501518957406192319384008645822869510955207899129640629486689966131631145842624292304377202888911838259674327,0,-36707710304600060584228042009628082257315147494532436207598635158282803549879104683952496837436592918002287357587983759963422010800879750948799839368415667711924117092766897380424186498489814454992117498046642346838792194181086682206020567872245125242076725892554061167821831281978933273673938085184719687638774964648181521241850226568203670627505451109587267775465291101831665470432548157829049679260113979745319178663473401037765175957306169166978823002830189609512340942281651704560399060602844,0,-436968690292600239199181173999728621095175099240943445013723232472318394258929539661066406510546754518998814601908704424952397395330250210007622086647887194583879479772125812685620280015771444963386486205193636537098219147626525141493968183263106756493994652859615178928165547432621749898894106833460665576160041470424624669402027646950648458328417492007506323725300801452215089331542913329094460453622530724272868460526866358,0,4213435830649733419461192574451336211975284976693188395540236126708995098017676378926303357966442943336856178628481092281194687324521816096676294392770952085759010951898498088962519600154955094006757309598214222903923860218175234231869582720648047012516844807335776743445368486117055114848607298065661043001872996314925908019765753638644687984173711521632,0,286446871714576284731096459408088054728034434862249611837927959277316885127208366180048896623201691225524273879791619489665515316866764778678123619387042933174355927425545654869969656885047351770043605257657434583069516017906160499917584722367174860177860623038056474444422233194159994,0,5761554846600175444279078107391641725039832716610021098657902016900854122480229088344134427540289499660184431041776088005690262080785884623293092201005197730348935464079169007646339533903535181830338410617780958980,0,63457465800491133668016397067621165200456817471033041465556586167281694588045623566426596914725310444582258897584581185636337816236166647938876,0,383491236545011736547959107309372854108368622867469821412424412034554888,0,1 # helix5 r=2
226718558827707694795314406100000000000000000000000000000000000000000000000000000000000000000000000000000000000000000000000000000000000000000000000000000000000000000000000000000000000000000000000000000000000000000000000000000000000000000000000000000000000000000000000000000000000000000000000000000000000000000000000000000000000000000000000000000000000000000000000000000000000000000000000000000000000000000000000000000000000000000000000000000000000000000000000000000000000000000000000000000000000000000000000000000000000000000000000000,0,-11033225272033275819324794614000000000000000000000000000000000000000000000000000000000000000000000000000000000000000000000000000000000000000000000000000000000000000000000000000000000000000000000000000000000000000000000000000000000000000000000000000000000000000000000000000000000000000000000000000000000000000000000000000000000000000000000000000000000000000000000000000000000000000000000000000000000000000000000000000000000000000000000000000000000000000000000000000000000000000000000000000000,0,242647548827567574866142898500000000000000000000000000000000000000000000000000000000000000000000000000000000000000000000000000000000000000000000000000000000000000000000000000000000000000000000000000000000000000000000000000000000000000000000000000000000000000000000000000000000000000000000000000000000000000000000000000000000000000000000000000000000000000000000000000000000000000000000000000000000000000000000000000000000000000000000000000000000000,0,-3211802897650527177416993973200000000000000000000000000000000000000000000000000000000000000000000000000000000000000000000000000000000000000000000000000000000000000000000000000000000000000000000000000000000000000000000000000000000000000000000000000000000000000000000000000000000000000000000000000000000000000000000000000000000000000000000000000000000000000000000000000000000000000000000000000000000000000,0,28850187079381104455462339737000000000000000000000000000000000000000000000000000000000000000000000000000000000000000000000000000000000000000000000000000000000000000000000000000000000000000000000000000000000000000000000000000000000000000000000000000000000000000000000000000000000000000000000000000000000000000000000000000000000000000000000000000000000000000000,0,-186784112192201475144678853360000000000000000000000000000000000000000000000000000000000000000000000000000000000000000000000000000000000000000000000000000000000000000000000000000000000000000000000000000000000000000000000000000000000000000000000000000000000000000000000000000000000000000000000000000000000000000000000,0,886909454458456576429726388400000000000000000000000000000000000000000000000000000000000000000000000000000000000000000000000000000000000000000000000000000000000000000000000000000000000000000000000000000000000000000000000000000000000000000000000000000000000000000000000000,0,-3021440660606466141532399626000000000000000000000000000000000000000000000000000000000000000000000000000000000000000000000000000000000000000000000000000000000000000000000000000000000000000000000000000000000000000000000000000000,0,7043951898722543987857963230000000000000000000000000000000000000000000000000000000000000000000000000000000000000000000000000000000000000000000000000000000000000000000000000000000000,0,-10584997418473504881349100800000000000000000000000000000000000000000000000000000000000000000000000000000000000000000000000000000000000000,0,9543876992158280715055104000000000000000000000000000000000000000000000000000000000000000000,0,-4642660756288000000000000000000000000000000000,0,1 # helix5 r=0
4539120384544507821760789208780427243019628382734635124584152371259253834097670779047782370640746782922804185078490246972836684999775122986822624681806371340913830896766028329654923132813590378678312964102115877181245105856436818380299551092672238801644116087653713422203052043266816503079954804264516739623303601075232014629379404226447801759988712467409500152113937011346275821983848468159929711238657262358368817213668507148199808086041462307027960877100580691931407125395005403945403444635918117370846850875690068877125700139152441618297807038166577945013428252350848421068927189648334391687902698475776018744126739351587527357551016430175727104884394840727382015651799422235721406834854490717617296800613162359264467571,0,51339424659990043541912953166403584036878370049009934698194761038985809795889451311378578341683035330873202292793802564819051842511971804327004941152421022212357644825892395775412085773327299503140752628848857767076412355741722715956734947729447961639747299156908293150052277843052446210973635651080944575853820434910528338654548014342134357639256646259919482111661414559658392515460047364971527292521160531484225539886988873960936216673740253402023219925456118018005914168706131850912867850014310128314557895014046799667279523703873469592073792901275665483766550029612619200718570924485831385404989329294951435048132618470192747446331250007304825277782476093154558,0,252095759852461507029567982199494734936787814082265126198804185648119592030666746610311751116098906294629866258268213014095462347675936828504857261276314459583554288905623833437160218684300358289492221293002622825190859138159140383888089095877732748478470084950139211239476213790778519572522138382058504464758581484439583688254507242418586078266627150796563206050531990042757029830055863263935117303631045024210577302206192805736073994377550915120399789672029098258906614865118828039156992851554413218110817203975656386355524046391558596576363317697704350242858522198931215704134290020997726501025557035506,0,702169672811729621371926989183976306992167913643217265560430126699560940942797922669230354628508733390358922157403338956708204896383284756740096193868656409166683609065585362206370496984694033490305930565190975019512594308577535291895977178775695981252874881213991695050830516457813363483749750236231775730302731982059889438539104188755055161817077375977220512629247168226646150034445405939106162161709622063307708656477844017875681701769002983594646169513230282780870262357150310666804256798486444417313188751675784131949695332365255990195709118,0,1213972799176943477008885528963644840991462114544558886398005649803182733525860833642099997090446652521091538449980156362465002013302378705386970267753487582374404202074208325092941594225682739297265507877420895993519401500876008702965107175923538077679081476315072543075016944804180608730272114177984967581202192680773414132160827839301798398365756959077154154084774312518628285706149328295661500602679974953634794512914143000666220717005244109394972884355565493312645451368433727343354,0,1335609753579682880648782906103527315145793474560562214429266912595945304570980115156435207731580067129529647203653897464864485923712509385515895181509913614096208304939058927303327386793405913363187461172528471121688924099630296935974712802059897331532760508091414568952079359791686410339668815995990999515916041646850757918869451211280962304767634286448767537734954155307108041406822343572962739697682098300057895008815583602,0,916633462752269532177690274948783297422394160226576337019713030586380894630915200109443702216044098729074682780882540727298724706587331174252575475671183553030451627879707529561099334304892239716553585682403849778856814966425740961637028660537902636097686983097646130559942022199187738345176204228913959315048035871125295213949721675944734037172078780265674435665431,0,363832398503793203647933210459595188311175263893532481379368169232064212724487013906558424209889055311468324367041522657378414822790413098634061104075794475744448549932322166191588852024367331807916399222828709842457272396418626151858403639833366290036329473133063279500238280939680320922412691881239097928,0,68766038047028406496674998586108381501378868239882723604961922393894083061390130077046166087346115670857393891752175154131735938118690692454488897771087811071019187895437784500112211818095672790333835215364816190042210419625156092164056374266618,0,3291876294621834405328978745629890913654994706001284115117650747191046251226003265437517021241815803669060509273415384157983266333223906445041074302802988217358066015129971594366749570,0,229230643005527206566406740496634983712985865374282690910892052072768491915231323176576278601804991030166157289369612431570,0,1042428572274604912781640096852140030411533863169796422934382,0,1 # helix5 r=0
-3482029254016751451027854870046560353757975845780944489322196834801239737299547780655421375683338624141108474844447836577596595421030613744987542196056191985447065750935065639791327064142212178963242552561258523591123544179744063039957725725692629981795049885134589670655250978898797226063586675833981602309475071035067640436421252895780881514708783229501462635885696333671939630912935650254953582001440565275917541299106879428059070982554222656429296620679038725940343726740827991261625345475995695516498657007945607930782213793507546895515089002223969084773714670824062847164429685937734772534231406252628513228446829285205514319828447355238617979102613748394582813482179100672,0,20210442869389105577748189136427791281896550173894967549666866625737718986362851927385531136603731060105305796685863097566152999983676873080272102857652065105588517919020376188007030448491197837110739866231359015928299350656049328822602968166326945244882042045851873108997298980866744519785273799085226650914660441216973921411750878223160622362428606490602677726176906940408625676270094196044331573444552236485117523017489605840459623373531694334036412460015230323439877378518157812339321998190950063666595752728214497422654055247191363465010983761607312852508888359653508565729014297397990625938586922175579066104905990144,0,862279570709127769560498788315188655060787625230201701179617850143694248444052502986793386767508713500660238394505831091545085134338935024099703016130890105313992461769669115164836932853088260856662873228977346778831629232312258387118867220026149913606060104682496928775643286601270315174704779843413531269056348195656856302007179980724773731615044379240992102322588755067927845907663361727861857638109407759751225726732582637802784852387524845598293695303680275723638226387839257411087843178102516935328825476123072652475477538464631097419159352378322510922895065088,0,9133167389087844221180815774366191353228669917920505223394527944681783584759853735340536979562758509247358537721288529876665173851597347987998271201320699070363474858060922518994428518205278454210976291058728083321898391514286557405819098076228092971687405189103787395202733048286136204362777351786799472505790877844681225958282022431602920376005564015463175284562817072986839634500385355758081431073521183402929679583646959956053337668495681210265477902049241114924350373979851069539204170143588829801320808448,0,-86059190407444439883246730392189462438035176523344990870160169824697844622105342895412490515196997683180796383560047898839773321030177550876908143026221405587064716792447561082781176789425122743873650452864999261162011277307161686114255278375385725383871589830782309569001764260908449282071283404952897489452433731165700348904090774943848745640507878810825258474896815989484846457559480708447083727323462847130359101768370481235669726937007127369449734144,0,-160475267958250065918713190239429824961933103629966729083688606518772019652138496806356359737830289122481849120867918630213825389581593199871855539559039390344694743200639452038727885968652537525592957499350104349940171711115906505864172249386304802548015674211100824485478375958560876510636837009130433907817042555597902313543750528837556762420019439040745740877555775395756626803662550590258413568,0,1536377174162985172889178121386646872432236128478820539140958167794857659092997120485608973163006540377478902131969986117190852401166919591668028589707588752377892126107907628414583362329055546093333575169641801705141871634770188180905413824082260162992972183313421276008271582949464482870575146342779119667309193589885478968898400770945187840,0,-372845520044974871165485175370795378424437132935552653256000841870681389205974420174466284331658298943201050748741829215223597546560061981410624233692867422913693957026696796483460518339953153781265451807179864767868196333518793104046094533909597283984925229461560456337725678640168960,0,-2276289298695836341813526694860639361866273812963170670573988633156664765832568416050091759536086694414437002274937264146864088623777953184137182420106941365453169085015070436941665991553427064880740858730260513894985181190684672,0,17707092357373398190708461586054193925010623476287691592982109542641061490742234082090405051952553901024681096684616080168121902573505643540923932116066455062680854790668288,0,21640094327528175387361777734402885572149737811280816345407068205922878605294936680572207077810974643671934072520704,0,-3972044033490276497054794973797655520276243424502374989824,0,1 # helix5 r=2
