-39671582420680127,2136870037195038011,2006177082753842811,-8834534235934954389,-13210450335074246505,-3594663019989110589,1771951153333413630,1035394227515838269,57884039195565078,-69036142775725584,-17058431976052441,71242370536239,641748376643624,105806663109407,2087550452971,-1638353627892,-274457112123,-20709821952,-526434707,46134456,5565854,286258,8438,139,1 # comp 3x8 (3*8) r=24
-3412645256848832,27294642088119872,-93853058693233264,184825960474616176,-233290868219438892,198206228326106676,-113260802946843272,39150806086649712,-2583742094416873,-6095112967484791,4428494453841311,-1870928920617546,572397663761276,-135295465674238,25388964199021,-3828987340443,465896982404,-45638395315,3571399625,-220123408,10445076,-367980,9059,-139,1 # comp 8x3 (8*3) r=24
214589987502087583,-2248861062050494413,6269547114133708551,-1940905055907973151,-3581771553080487210,1350560370907969050,644922673341553270,-252603813366069642,-50389716193545843,20908314294347266,1883526109235895,-897713760406944,-31138821281396,21433740238464,67196678304,-293409955100,4505975397,2334237435,-62193158,-10572288,357684,25066,-966,-24,1 # comp 8x3 (8*3) r=24
9931449344,77993107968,-225894616832,-48077207552,397808987968,-31136159648,-312497166672,34912561760,137159995468,-10723125454,-35711234717,1195382731,5574650652,-5942329,-527645374,-9047849,30450181,767112,-1062253,-27831,21586,471,-232,-3,1 # comp 8x3 (8*3) r=24
-523821177101101136,5283401055578621232,-109681554797930052,-4045565669326651424,1061358529995962860,709804866060027616,-258550162113966132,-46859280768269608,24412282413848893,1047719291022728,-1176543313190640,14303846155178,33282174252165,-1229582425998,-595528594208,27873876664,6989245732,-330631812,-54112180,2219866,268225,-7990,-776,12,1 # comp 3x8 (3*8) r=24
1168521001636351,-3508107546062845,-15674464145657480,-4535126547447989,22397676606355641,20576866746271133,1329852820038162,-4958961463276308,-1873816514892413,94073091165507,184334447229618,28743906945944,-4609263149840,-1830665336170,-100157026420,33595911282,5789252104,76015035,-64299801,-6541072,-79763,28988,2354,78,1 # comp 8x3 (8*3) r=24
17625184508968228,-167843811199496864,-127201875345143328,244562907746941968,58494234350470512,-131894191075914904,14917771236215624,20858448962790316,-4943587087987860,-1277410169791872,454481569026180,28255928875796,-19862528644222,299218154152,466158143709,-26816256498,-5933243775,531607016,37200830,-4889252,-66600,21216,-303,-34,1 # comp 12x2 (12*2) r=24
796192545107,9362148223824,22018719411760,-45512403996690,-76382353476935,72627657124482,73268024963720,-28724821666164,-32587626242252,490484381508,5904783456328,1065073646538,-377192859551,-138574174914,269865668,6078782196,790474996,-64879884,-24303716,-1688778,121513,28674,2084,72,1 # comp 3x8 (3*8) r=24
-5844710299164,114536860152,61050677900143,-46619694701098,-103661150594191,102404434756846,41033366631067,-52499333319674,-7408202486864,11841027821522,946224601905,-1401178564774,-109021483416,92513850002,8970433864,-3399796336,-431262875,63426804,11193371,-375306,-141857,-4074,622,48,1 # comp 4x6 (4*6) r=24
-96630322965457278059,12735432964181679882,208399613170659909664,-75138651381202417698,-81156788733316631933,22338463783223227518,11316444749629183604,-2373982448145333096,-728348892640771598,125833307302469082,24220546747775104,-3786033749199318,-440204291917633,68324778670578,4404067752124,-752710643736,-22330549358,5032191582,32297864,-19742898,183427,41538,-836,-36,1 # comp 4x6 (4*6) r=24
41911537924705149,-1346908226136815244,2106735522435610406,7950889545050382732,3629723736728721763,-5999900743304344824,-9385865666745545692,-6460196749327216284,-2760682045825843223,-791152685173622508,-148576949085711022,-13981709201302752,1358681971550611,822451683860424,179460009732302,26136497240124,2826219864685,234810970812,15129605816,752422992,28393231,787020,15122,180,1 # comp 8x3 (8*3) r=24
27133681,0,-1420255126,0,6322351585,0,-8639663258,0,5525526322,0,-1952717878,0,412891693,0,-54388718,0,4536262,0,-238186,0,7597,0,-134,0,1 # comp 4x6 (4*6) r=24
236898243315421369,-790415861224324896,-554584059698663750,4337185667542235616,-4791311995011263227,1360010050032482184,565064148976470834,-327931387026872676,-4036296024461916,23483412440936004,-1618892964431436,-817196243050356,80749267787869,16044092748144,-1751924623396,-189376761036,20703741499,1360804344,-141527036,-5756736,556855,13020,-1166,-12,1 # comp 12x2 (12*2) r=24
234304477634249,887210198704719,-9974688944061726,8677514822453163,19599490047382575,-3614065211305293,-8751478463543856,244917732803397,1415800023375312,8005064752641,-114188293277280,-1495969752825,5230703561234,74269812276,-145505650647,-1988551691,2532517713,31616565,-27577621,-294831,181512,1472,-657,-3,1 # comp 8x3 (8*3) r=24
87565273005918414720589,-111219493038199371406984,32801134907406285369794,10214820379508775375556,-7052779236957956601312,637971573970393598110,328925574865265566554,-76582356176934124596,-2636800722451226771,2442148021016390428,-162105821986601638,-31186854421046634,4596017749271839,75180608903334,-48724708231060,1998235118768,212049497134,-19831748694,-31438260,65423222,-2376861,-39502,4652,-116,1 # comp 4x6 (4*6) r=24
-93241622239846084892,-54956186056187677184,139644695835947952336,33202157515087612704,-57223713144174727092,-2973650577990948940,9459899571710535464,-524634099578000108,-652233275342845332,65856574809249906,21862185244642755,-2766080909402314,-389912690274841,58309326490486,3756903813303,-693240233094,-17381968473,4815087122,9266753,-19199954,246489,40290,-915,-34,1 # comp 12x2 (12*2) r=24
417431257382324441,964011144367499124,-1350617251893187350,-1281710965073677532,298405967021246775,345275501777754828,-19303677391619668,-40042361745655644,149855644066761,2566221869929284,30651929884914,-101663942337324,-1285655316597,2623819922652,16525489182,-44891296032,146620869,503613576,-6988644,-3543744,85911,14096,-474,-24,1 # comp 3x8 (3*8) r=24
1917220735798704,6164793701781120,-5083890482042928,-23127314375293056,-3727158339134016,13988199591482832,2115416918000976,-3745232943842760,-226231437246224,491872460805288,-6164136721532,-32243940046344,1567841337301,1164775880836,-77454043670,-24597948820,1856607223,308240976,-24602944,-2221648,181555,8308,-686,-12,1 # comp 2x12 (2*12) r=24
-578322711479816,-7903322882193568,-34046130335943360,-51916978626222144,-15848876477813396,47213843685020784,72616186070376008,52552109300382480,23100992821382310,6361898368914600,967953071807496,11195409952992,-28193600213099,-5670841244716,-339704270278,47847208228,10498053017,590581056,-38498996,-7448264,-337497,9764,1666,68,1 # comp 4x6 (4*6) r=24
-5310607987,34801795272,-59841190626,-31749935479,145093713591,-20838844788,-135633870962,33484080627,69226015845,-13995336661,-20809820616,2439156252,3655079467,-181689042,-377526720,3308962,23364945,302349,-868600,-18912,18807,403,-216,-3,1 # comp 8x3 (8*3) r=24
33657050023332445,-7985944659681239,-80227359950434613,16895045906665890,53739012396844185,-4013844035832590,-14269509772562115,186084395959927,1852517230590832,15987145206995,-134407597802379,-1992361079093,5848986680398,92295252585,-158640212605,-2378811406,2720455162,36506601,-29241699,-326968,189541,1556,-673,-3,1 # comp 8x3 (8*3) r=24
-15646100144950058463,30385350604968645708,-15588822747697216627,-6503190411773457232,10195768129273955801,-3934276689248280789,187466738655325055,313685341553545297,-94766494745855732,3899269830973992,3272369218112709,-674800864520613,11376255842088,12939017775266,-1667441609242,-12496528396,20205785044,-1550509221,-35042645,11624227,-557816,-9902,1976,-75,1 # comp 3x8 (3*8) r=24
26919924886676800,135406962883834880,-34952723234356720,-174384871227213040,9267312550862261,68554378704788458,6349525022038439,-11588296698073782,-2537433853155486,778721367877494,301496997211043,-5239979917464,-14768351692692,-1647351322092,244349904142,67583455560,2680906171,-770186454,-111268306,-3245826,546975,67814,3512,92,1 # comp 6x4 (6*4) r=24
2848889228643351205,32658127215892110,-4602043276792005164,-1495953570500922606,2139183628843418503,1249177767952033584,-184969819659033262,-288925410576008076,-57157093023784343,11106717435904974,5735203547471506,489340575722058,-125878004467037,-30872328772806,-1297009627384,339241052172,49352531521,1227117180,-254161652,-24620334,-516779,45438,3476,96,1 # comp 3x8 (3*8) r=24
617336009051221456,-1786449296872637632,-1243614211682222528,1557555917503513952,242415467539250896,-369297691520041280,-14237839613945416,40780373085337184,-17702876810012,-2554333806418184,31501787604124,99934351942384,-1204067111591,-2560587064312,14532334022,43658881432,158504107,-489900696,-6847496,3462144,83719,-13896,-466,24,1 # comp 8x3 (8*3) r=24
-243487220498918225,477255468717449184,-95554285264553245,-228432348222323444,81934018170507559,42892266119915326,-17788717439454841,-4317678619690777,1907795463995929,263283404307029,-119518847186755,-10298359784158,4712286942872,265903740105,-121133540144,-4582744811,2051718421,52327791,-22615740,-381584,155416,1613,-602,-3,1 # comp 8x3 (8*3) r=24
-3684479100945383,-89630498870620160,6615799295458844,153562390633407108,-140991514983314,-62940508477492852,6684602800345918,10852929710517588,-2420902875857439,-742608472797388,287255734174364,5731681123668,-14229183213039,1550041145652,242858312376,-65207402368,2407735363,769929868,-108279116,2913952,564895,-68320,3518,-92,1 # comp 4x6 (4*6) r=24
-129426851565931177410048,365634679302008214351552,-311315478659196340429440,80705256245777578256691,30762621564403809367106,-27257197146120067672760,7219748393026078650620,-154275859653989440899,-458820313442928208755,156763271592500956191,-28095627577201457811,2889677851312056714,-85736696907757644,-25921986207168699,5440059885863607,-615097725852546,48786799841280,-2901273297054,132091765095,-4607326509,121394460,-2343255,31309,-259,1 # comp 3x8 (3*8) r=24
312051482,-2139272504,-33754097848,297973017512,-350095458651,-574432949236,371882122354,389712839044,-151721123579,-132392958168,30855267840,25564890832,-3228813103,-2949768372,150439378,205249796,169963,-8499432,-303368,201032,11803,-2468,-182,12,1 # comp 3x8 (3*8) r=24
343819850900861952,-26436469430085120,-598035787133910912,-66969705782128320,296085829580337168,64126084215978288,-60258250465546752,-18808803646418952,4959274413319917,2313645754691932,-72862224253750,-124228713840424,-8036658032195,3133523191368,407276733342,-33273374996,-7845378688,-8515756,70769314,2981688,-268083,-21128,110,44,1 # comp 8x3 (8*3) r=24
-47017617784673,-156877446339471,134285898450855,398552164573493,-21640860910848,-267344012536797,-52762335511583,64517135369292,19310702357358,-7494543157491,-2837189704017,469961821101,224718729352,-16128637587,-10608625269,267337104,310551882,-461496,-5670223,-52035,62709,717,-384,-3,1 # comp 8x3 (8*3) r=24
2261466509911603,8178368975982043,9718343180420269,2388362826931362,-3561511589203950,-2274420896593892,298218743477265,519053346210343,34997067003403,-58344574909342,-8593660740294,3751760775748,712639223284,-145141266804,-31462875046,3412196846,810831217,-48199941,-12441543,393602,110794,-1696,-523,3,1 # comp 3x8 (3*8) r=24
47907937299635713,98362833147443267690,537216862944176947088,-172103882096527603358,-324960662120493290617,163433913905088506178,13460121611908339572,-21831646235145728152,3559414311682864410,516776233203737706,-226258772569418568,18491624851026158,2624169167806023,-648416540560882,36732824640368,3350275092160,-657710066078,37459098710,395867180,-197211846,14165743,-553586,12968,-172,1 # comp 6x4 (6*4) r=24
-99084119483423534863994904,-154357933554880088893296486,-103322549554076664685776452,-37222878501728552134904368,-6714707533787316304516813,70442629392589100693916,358940390067227492561412,94472171691629768726356,12090387989915332275571,442820597179128949332,-124463177295351552862,-26238594097425055728,-2496979881286882483,-100121543313874498,6207082041846908,1365755554151330,121239282888067,7112726339316,302414596288,9548004526,223041439,3759004,43322,306,1 # comp 3x8 (3*8) r=24
3720457941766497,-2682364773078342,-10261038782754669,6186574329472827,8610422974755850,-5301145990716279,-2333399253205486,2007027266301570,383501521996,-279476251512813,53250107236140,12888169755708,-5450338493546,221092650450,177551037662,-31216929114,-264807224,638976645,-71319573,346434,623497,-66522,3392,-90,1 # comp 8x3 (8*3) r=24
-23639591518208,-122259332947968,96895777987072,389003935569920,-2525168845248,-366126924204032,-100464308044480,129584580892736,59042145322048,-15071955769184,-11727246014272,-315814651816,899053426617,137817906504,-25124226854,-7561854752,-52350305,153089136,13016524,-935336,-182777,-4696,634,48,1 # comp 6x4 (6*4) r=24
1625082740457284193,-1045385131511283456,-6149492956207509284,3905711637862475632,2713413774295780254,-1552216653022332036,-522445793272946834,240029844765267502,55183297486167159,-17720043916798760,-3297107593106284,671863670082308,109249940786056,-14146432428658,-2068055624783,173191859528,23064251323,-1247232348,-152850810,5156988,586718,-11254,-1197,10,1 # comp 12x2 (12*2) r=24
-342801721314119372,3312973269639872176,-7268195573185893264,5367947782355349984,-66912378980417412,-1474442742172236340,391985814728662784,119622452567499892,-52907977987000182,-2748517742391474,2990858468903595,-92504486205034,-86986394752171,6312703719946,1378765298343,-141021178854,-11608173903,1592131502,42648713,-9603794,20739,29070,-555,-34,1 # comp 12x2 (12*2) r=24
-1602204850789745596,2182996308536128320,128047487410004279316,-175003416052204285312,8273303624066859880,34689632162848078432,-4138033723069834968,-2737295174203242400,360515660790529612,112929414518127876,-14795524289200076,-2713593081913520,342111170892944,40100182916024,-4790515532176,-372940860624,41843439437,2174372536,-227788496,-7660132,745986,14812,-1336,-12,1 # comp 12x2 (12*2) r=24
-8792824783434853973,29174526524698401655,-28305334244764048232,6750764334435139848,4956413455995292496,-3410517356813421578,444948062804160304,231763554728166104,-93541491903167474,6732672374983376,2965794067483218,-730848900127306,24430591067622,12927770129541,-1894346723435,7415089732,21078624610,-1788510669,-24054142,12103048,-627671,-7120,1936,-75,1 # comp 3x8 (3*8) r=24
11961915116095057361152,60658403182913953573888,65555215486171545114624,11760370405730734674432,-25789875167806598637440,-24037442600226765159936,-10410008763395858573184,-2497052109915904660864,-212401884374619449872,77790124515228445312,37933191035027317152,9148530085971525984,1532334076540137544,194192864750771280,19282726698077304,1524618681198128,96590988962441,4900793768800,197834164560,6270406752,152642254,2754000,34680,272,1 # comp 6x4 (6*4) r=24
625481286515278582682,-692227394742545518112,-15163271786279384052,148016827826107065728,-7420346377395491446,-14032144894737658753,735330175361156387,777163106006602387,-31120397738214371,-27882043420123848,680510600527268,679254247792564,-6189502318190,-11454265290231,-52807485689,133638526223,2198266063,-1057131480,-27975094,5400740,188194,-16043,-671,21,1 # comp 8x3 (8*3) r=24
43335582900918020819639,48348654191078934588040,4473558746109458296115,-18255351049371230836861,-11736414507861230773184,-2663152609858673354453,220460024579557927398,287784197361239198074,74680131727357094864,7234390966140985835,-865573003916994554,-391953765552508742,-59807548719325878,-4088583108404672,164349979980656,74773569896174,9717231375118,802093663123,47268286269,2051863612,65562155,1505924,23590,226,1 # comp 3x8 (3*8) r=24
8226624395305656904,-3302236630885355296,-11821571131221450848,3417938541552588480,5705126469415579868,-1048925282928581968,-1149134906236301432,104053872807509296,114352870255357306,-1229170704830936,-5954471980555632,-286710101090672,163219475306805,15733788510132,-2148656820134,-339389663116,7279200397,3375810816,105891812,-13496056,-1010513,196,2242,84,1 # comp 6x4 (6*4) r=24
17562680039750000,-10256595883900000,-3484958595408110000,2034449669793588000,1486450081222958200,-833389163280080160,-278024184745203936,132129287729444776,29543102378061623,-10262878587551882,-1857782103670541,418999737854212,66676016217251,-9585095816434,-1379526119441,127660258812,16816297611,-997743640,-121396569,4460390,505315,-10484,-1113,10,1 # comp 12x2 (12*2) r=24
-10566576908075656151,-32416620999469001600,-7337805616633381800,17050484456617922048,4373109507318596348,-3220428296994254080,-814217976544892822,293513079900752616,72288531301084612,-14900377782211984,-3544418660768106,455730847291464,103128369528387,-8741954903640,-1840417791588,106304530720,20296311010,-803738688,-136569626,3573544,540305,-8408,-1146,8,1 # comp 12x2 (12*2) r=24
-12031846965863363,-694841618502593961,-3247527265885011201,39195372595813378302,-66460539213914700414,23561889457687369164,4661121585675004333,-3563745627010663305,206009657120815695,166593176731255718,-26431164343441170,-2530906017621852,831694428566884,-18249546342912,-10391910822414,847113072382,42198151443,-7996764117,157667747,26409798,-1606278,-500,2769,-93,1 # comp 3x8 (3*8) r=24
508724424621,-261910758807,-7832775277548,4052547898251,15322867361223,-2873609553867,-10227156386588,834726040293,3260473925244,-156762323851,-565677404922,22695572979,56808303646,-2111781294,-3456634587,117231581,130487193,-3847881,-3048559,72891,42504,-732,-321,3,1 # comp 3x8 (3*8) r=24
70757287668017247193636,-96537475238971499029888,-41054638769239472150552,66458303569701730194992,-12620907034810589844047,-6438400878732994206528,2814805028413439844848,-136634636430894197232,-125003276154186193100,28601667987763973188,-994423065801064664,-537167999370559616,101062182434316734,-6717382159173484,-204894321061850,76429249411664,-6637068718352,272740577868,-929193004,-540713964,32907505,-1043444,19750,-212,1 # comp 2x12 (2*12) r=24
15906770317659636,194081003574747840,444795973536438504,-564832177359583776,-985121973987061764,-124366753697828376,284514754860677788,98537959346178552,-20208872711028879,-13714937699794756,-804159981127668,579233177447760,99372711394451,-5615596524828,-2619306814050,-128317348204,22887117240,2787258708,2796272,-15735792,-835425,10244,2394,84,1 # comp 4x6 (4*6) r=24
-3586924877509,-10863045370728,21583448538096,55351390356242,-59482949619495,-66265089846450,54803676249328,24089200679220,-23502400564668,-1412417130060,4486883709720,-629250361242,-343093919543,104343390018,4462780308,-5495691892,590607924,79659684,-23023164,1362522,147945,-29698,2100,-72,1 # comp 8x3 (8*3) r=24
437339252497,-25356573571336,23228603617982,136667720469000,-45454012896843,-224626927563896,-42226451760030,101298080244896,39760891560010,-14536678926440,-9401067607002,31938699800,811206120781,111824748504,-24809332562,-6819369536,8811082,146389320,11794410,-956504,-175883,-4168,646,48,1 # comp 6x4 (6*4) r=24
-124380251699039855698154,-91547602945409638170106,51062218702225762041615,59271653107376218625370,10037807964600441900753,-6426349719466166866146,-3288095844647008821171,-439747560920515118540,87824090659762450793,44333420174946568330,7577604136748869475,489234015024362140,-50390140656404158,-15406183702558378,-1768555315218152,-111618918443476,-2562001306835,223357837578,27726032638,1593214904,58638907,1451568,23566,228,1 # comp 12x2 (12*2) r=24
-2261494916884245824,-5673591181949469232,21931873133424994132,-24882378339797626981,12902289175450687940,-1747235858046737165,-1808731980094855551,1311036020569789419,-441630356396492930,83583502569000095,-6042496074323218,-1235493064022246,431060375994314,-57440181533273,2518316815454,408420231546,-84618703868,6806093988,-144439613,-25458440,3093538,-178202,6056,-117,1 # comp 8x3 (8*3) r=24
7880106643456,133120724779008,100498865168384,-539729132756992,56979131242496,477019315509248,-164854995361792,-146743740412928,75891056748160,14123506541824,-13181281172864,588950437504,941402767072,-153347007264,-24968390816,7933563152,-84595223,-156586176,13670980,921632,-186146,4960,628,-48,1 # comp 4x6 (4*6) r=24
-20818711,90438516,147617257,-640651948,-33563549,1293567002,-480590691,-1115072387,657188821,465572587,-366669431,-96940702,107940864,8661631,-18467140,120587,1923589,-87861,-123934,7026,4846,-237,-106,3,1 # comp 3x8 (3*8) r=24
32195851595168000,175302751315712000,335124619710771200,275049389187052800,45183567138147520,-90634337948355520,-72302493468321120,-18802583722829120,2830084371372376,3286868516521960,901769938178584,74093119686156,-18502897913891,-5752855441384,-506650128986,33907877516,11368011679,808059576,-28005188,-7995164,-422389,6024,1606,68,1 # comp 4x6 (4*6) r=24
345406109904824768,1138490143861298688,-1234365697707132096,-1330335461752558848,268053701494404720,348799537469447040,-16665430298256960,-40191776614109952,37023296895540,2571975654312224,33250406692980,-101848733490000,-1313247249111,2627509827432,16455253518,-44927539928,151837971,503673840,-7040200,-3542208,86079,14088,-474,-24,1 # comp 3x8 (3*8) r=24
34025891757879600,-23048461506981600,-166250740044979440,112252999171937040,77529777263774064,-50440323390104664,-16031359510753428,9303884148350700,1904881843139601,-891159098521668,-140350422975044,48395080860576,6483705953548,-1552891675496,-186673173088,30028258200,3323794686,-348708388,-35940168,2347552,225900,-8344,-748,12,1 # comp 2x12 (2*12) r=24
898127609090190214603,-1073622809726784694594,-288897104439608423814,253107617915757155498,44715224053208699933,-24273483186003859026,-3802296312628405120,1266685215204016520,192579696694480868,-40352410823651394,-6169074932242138,830239831868518,129972728642985,-11321030640238,-1838297403940,102699543648,17509280408,-608631710,-110472682,2244258,441329,-4622,-1008,4,1 # comp 4x6 (4*6) r=24
135562807100416,-1834039947415296,3991966934351424,-1844552042218880,-1882819387224288,1628391704247648,184151610092136,-418523621788512,27884779353051,51045440276565,-7017635977161,-3441038005296,603055836765,136568550957,-27412158432,-3261660915,725172786,46692561,-11416376,-386895,104403,1692,-507,-3,1 # comp 8x3 (8*3) r=24
352719762050070376,1642249052597808960,141985063873412260,-2814575022072960568,-24832680769397372,1269111765732459148,-226950448472530308,-173210650560740808,51834763110553585,7015297846401048,-3920690921054432,127201921034672,114664738840524,-12811978232192,-1244923182680,276600810864,-2190101714,-2443691736,141840300,6915560,-910520,15796,1420,-72,1 # comp 4x6 (4*6) r=24
68865492351359608,-3314991393735831164,-11890784464991155258,-17094623251063126241,-12985424499888355297,-5198691292818558048,-452913374103380764,683096887080096983,434742521237345691,140500681924704550,27565044836779480,2780921028271395,-124666817629447,-97385198905890,-17589384229792,-1705357693457,-60721852005,8071911090,1577611690,143499719,8426047,335308,8814,139,1 # comp 3x8 (3*8) r=24
47699046568000,-39613129088000,-177648479603200,117396135168000,220032510624960,-101939813347840,-112256920402176,36638840363008,28428795385072,-6469809548800,-3970000311552,613556070400,324025442464,-32541240576,-15896815232,974445056,473001532,-16006848,-8433696,131456,86476,-416,-464,0,1 # comp 6x4 (6*4) r=24
-8278072395131275583,29910226484240706912,39812519549857621350,-37811919770816790480,-18310630323166906263,15152271608079373488,1844040795171106354,-2316506340200301252,102436146521978208,124156705276127388,-11254614065752784,-3286033636124100,355095142985109,49674321936744,-5610511969108,-456683437068,50572670743,2584997160,-270510616,-8719872,847123,15924,-1430,-12,1 # comp 12x2 (12*2) r=24
387102599827597,-2387797822346924,4138383225584761,-1615135323854655,-1997701594306807,1650101921822043,187777168998371,-436804546609129,32662711125712,53650139627976,-7803698304822,-3610359651666,656984469643,142559088011,-29378906402,-3384878246,766304848,48149139,-11909130,-395866,107518,1714,-515,-3,1 # comp 8x3 (8*3) r=24
-4031858089987615,23970242108449835,-44333647671733294,16160052977546099,31071819700976649,-30527564900289635,4365087597878876,5256362441750264,-2281298083385381,-23041325131129,197244482612214,-34682214120208,-4278956325654,1993182732126,-130375893476,-33530577662,6302848534,-131822469,-63779893,6884860,-110189,-27868,2338,-78,1 # comp 3x8 (3*8) r=24
-207998307416,-1355300673744,-2063359375728,2581220313900,8349555446124,4724801787528,-3175745641346,-4117947307308,-512448230106,970299187213,384110669799,-62917858023,-61158841391,-5237435343,3716102907,832126805,-59404683,-34061433,-1676611,478143,48111,-2413,-381,3,1 # comp 3x8 (3*8) r=24
-6636223114568800541,10490610492975347704,2190572712625051462,-15412829178913322882,14001285181764846656,-5670292347598889383,586131302455178766,495707898927869091,-269484611453004986,62535637831174636,-5212762089193048,-1114155369173617,428458215585389,-63150067964410,3687952006163,309385639839,-84353133188,7666620522,-246195344,-19100137,2855125,-173110,6008,-117,1 # comp 8x3 (8*3) r=24
-39779,1699869,11712699,8358211,-64121874,-103459035,73414139,219239100,32090010,-159647641,-68883729,52016763,33393168,-7962981,-7768455,450072,1009488,20172,-77533,-3921,3537,185,-90,-3,1 # comp 8x3 (8*3) r=24
-1415342931649,-10311056940888,6222400091876,112500146659682,-38092573384355,-235557658562770,145214179600328,60484278464460,-60447747980408,1534561510860,8864518331900,-1818088287322,-463392481283,196056236138,-4622720692,-7439974452,1126231384,47614524,-27450664,2286242,77245,-27058,2060,-72,1 # comp 8x3 (8*3) r=24
-22942449074749884,727554604430491842,1223868917440736097,-13728564646494251285,20024831375324724768,-3833437630259229024,-4797731743985479344,2031207913170664020,123425283490697406,-193697001631252636,27786301781463897,3415639397500236,-1291366413779350,86122298876568,11585865016596,-2224383909416,88059965163,9304280439,-1189039924,39651930,1477116,-182148,7068,-132,1 # comp 6x4 (6*4) r=24
73743508211346450304,-41579236103988620160,-42596870613404472384,28547631565977689920,3300636292436301568,-5070480154003788640,478719489734941432,353552946063357080,-79250860168840716,-8168941064032720,4233068528361410,-195558730287030,-95735471675539,13989297658070,452474789372,-256988812720,16782765451,1263057780,-244727742,10505650,528467,-82010,4104,-100,1 # comp 4x6 (4*6) r=24
-54158258957659718,8240253558384712,149606891668450992,-55696890442077952,-96378557454765787,50078821041820180,14674117333888522,-12106071854596412,128575213712965,1166493328028152,-170513776220824,-45013247771880,12677128075153,243617949060,-372761263110,27940289604,4141485899,-701053912,5642416,5488384,-376837,-4540,1554,-68,1 # comp 8x3 (8*3) r=24
-119806754960953787063,-38562588930228279408,131120766899723617044,50253951442256221162,-36042387997312343759,-18289084183083094526,2534192859768938508,2580342198078464984,216917407717571518,-136061697414713356,-33238728897232932,262445426455838,1098256638726213,155858109490014,628721009440,-2237873807240,-274908419834,-9922912884,990326192,157914802,10650073,430418,10792,156,1 # comp 8x3 (8*3) r=24
7400319989912090736,7247783377860785760,-11013603205843101872,-9465974642728482592,5369035513424700024,3559662351891074208,-1164830783299148192,-523847195112367144,123432607552887303,35328579904916042,-6777410127130093,-1203164880872132,200444178626323,22710042073138,-3377958938129,-250121878268,33711149083,1629512568,-201286137,-6131814,700883,12244,-1305,-10,1 # comp 2x12 (2*12) r=24
91545907752410571940381,-112942341719795047190984,33396611184818021344130,9800267769678958915172,-6894926983072746723936,613464315990470683518,328922456787073633978,-76113467296175949236,-2682983863737812035,2441141064265366348,-161761590014379718,-31188636648376394,4594118607874319,75228085355206,-48715903531732,1997284230448,212121431198,-19836389798,-31241300,65418582,-2376813,-39502,4652,-116,1 # comp 4x6 (4*6) r=24
129585689562481905258423,97177266055066554151524,-84405128300324142625344,-30670496546318826984726,13300728782400795545875,2851792100931186970954,-1010372257457483571014,-107290254339194325440,42858453172044702259,1220161138677430504,-1028530996702301068,26348139650017772,13269566311859003,-903157990768232,-77335290567620,9655303888198,32068473905,-42965758300,1450242080,60875338,-4657895,46456,3406,-110,1 # comp 4x6 (4*6) r=24
4161986374530415,4187347320656866,-16345727183926919,-15632339838728071,13148970387427626,16991750832865753,1368802595928294,-4016103211172466,-1434410630579450,132681838043457,157907691524622,20919888259546,-4747588002710,-1572077507384,-61473211012,32669632650,5020784614,7480581,-63207183,-5914232,-30701,30712,2378,78,1 # comp 8x3 (8*3) r=24
504127616101,-444690837377,-4808158713260,6280130915862,8617577602296,-15993894178034,956960091789,9170134715770,-3919883339345,-1302574929028,1130165281305,-61833785999,-112038767138,22915539957,4007235149,-1570426858,3152986,44349711,-3100530,-538117,60445,2531,-421,-3,1 # comp 8x3 (8*3) r=24
24733093685015025,-71873757150141600,-1167614237810471070,3575245906991521440,-3453862902800498675,909289640059790424,407297149208403250,-227858591623310820,-4220754408017676,16974731389254516,-1129377356935892,-619164332659188,60602520025197,12769976596128,-1390291685764,-158318942796,17291160715,1193474040,-124029476,-5286624,510943,12492,-1118,-12,1 # comp 12x2 (12*2) r=24
30964590678400219,143219577834342532,-41727548556014431,-178027017772450568,10349165230753902,69384958328156020,6449295180339885,-11625402678602426,-2552688951051717,776925149108314,301754045500465,-5117124762320,-14750600709464,-1646742605884,244147941910,67540981088,2676283908,-770519128,-111284250,-3246286,546969,67814,3512,92,1 # comp 6x4 (6*4) r=24
-117613784853024483345371936,-181052564130720482298275520,-120539771159598330209424624,-43798907543034782574678664,-8380580791781156825194080,-230886948730523813381304,316533243974167335463676,89231750788957018697472,11479769921936807095164,384278370605570904366,-127055487319214183688,-25865536186995440802,-2398137803252515421,-87928545722619432,7220322564201546,1427295452647046,124044201636051,7209036683502,304876533264,9593521194,223617285,3763468,43338,306,1 # comp 3x8 (3*8) r=24
3945781805301,37235526903,-17921813176476,-2209003942491,23272272348255,2158617710847,-13619760022184,-842979690589,4152495312076,198941879879,-707186477314,-30758809503,69962104236,2783044852,-4174611427,-146821679,153538591,4563099,-3472731,-81781,46606,776,-337,-3,1 # comp 8x3 (8*3) r=24
43260515611077004,297381386416422312,401322955697145990,-539349588746599106,-845961739107674175,-72610474943197974,263816791090864924,84411857873148888,-21195147061693101,-12937885457173940,-645410262117006,572944849508010,94984182104121,-5854124363898,-2571398868468,-122302404400,22801555005,2735596548,213502,-15655290,-822933,10706,2400,84,1 # comp 4x6 (4*6) r=24
-82944581890054274757118400,130837622837712310473954800,-88020480541886903151720288,31346847618451240931445896,-5223497576213989990068200,-340039273838776054359432,397033300470687299704804,-99288397773360986388200,12677816193834806134840,-502516842674826948302,-121400180752399168344,26546085286179257802,-2589771172227932321,111905784008355352,5214609705502306,-1305011170789822,118457037894703,-7016882770398,299959223232,-9502544306,222465817,-3754540,43306,-306,1 # comp 8x3 (8*3) r=24
-284213569629906827,-508188409798059072,3281642231128094184,-2590019100460817062,-261423650918111771,807334248649600178,-157269426971749596,-61077092073318176,19873153804598482,1739736881038444,-1018288981755648,-6726914155442,29080810034409,-783531232506,-518929473296,21536700104,6085666786,-275089404,-47528308,1952714,241189,-7454,-728,12,1 # comp 3x8 (3*8) r=24
923566810234375,1458448184296875,-15672069797184375,7636715585165000,23409461929134375,-2772185348952450,-9302886455455735,139235919912789,1449446671344120,13266556626619,-115135100469639,-1632859084605,5241975675648,76595921487,-145518423279,-2021959140,2531669490,32014239,-27570565,-297666,181491,1480,-657,-3,1 # comp 8x3 (8*3) r=24
77708666177302756,-139110674387608832,-304099875082057392,351560514443953824,111556789419561420,-196665482691960844,23657269438668968,28568013054132628,-7162062191616708,-1580991401798382,612734450528547,28276829430518,-25165149804265,611050702486,556716317367,-35666879622,-6665801385,637372082,38861729,-5461778,-57687,22338,-339,-34,1 # comp 12x2 (12*2) r=24
8070456294533771784,-58442598758006644032,57639904017037616376,56408141631902729184,-59884523763116553396,-172430362979949024,9415563553833712776,-576028669408118928,-678636829991617434,24972816648471264,28971049875975030,420479845329000,-725429248703897,-51508238713984,8783562300146,1281984849900,-6653640491,-11704018304,-788644838,8672992,4042705,257856,8270,140,1 # comp 4x6 (4*6) r=24
-1054295929465864192,-101713283003039744,1666191907976593408,-611314518948752384,-564180583715616256,380905131796569856,14090440199819264,-68088565838067392,15789089103827680,2882267323222608,-1865297586620128,224170944168796,43774317177570,-16655646920115,1624591297481,127707630479,-51019299911,5772423474,-248792118,-12394534,2444500,-161887,5885,-117,1 # comp 3x8 (3*8) r=24
6133733,-2351199251,3123562615,12701030596,-12529900795,-26079097586,13282820801,26487895693,-2597014484,-12019303329,-1018728925,2782912861,485260056,-363618615,-82096351,28199138,7308988,-1312839,-371535,35648,10741,-514,-163,3,1 # comp 3x8 (3*8) r=24
-270264325468,3242115548064,2995862386700,-86707695132880,-66003116836400,114331560504572,82065901994180,-36060424724844,-34782360814457,929554755228,5964301637708,967279356098,-402331852871,-135786943474,2299806728,6376045716,788327746,-71154264,-25226596,-1755418,118993,28634,2084,72,1 # comp 3x8 (3*8) r=24
74414436352,350926320448,-1155936771136,-761983561060,4023286905020,-2254204904927,-2055366290171,2273057938683,-31598799695,-684460612096,200329061692,71560513550,-43053202980,877542241,3363621031,-585135033,-78565343,30605568,-1193142,-457456,43540,2377,-365,-3,1 # comp 8x3 (8*3) r=24
-5448811600814048,214912363984048112,991895752412001676,-2092394283738436776,-4057278050146547611,11674245984650315276,-12127143763036955270,7360739567983939996,-2952979509792959117,810087142724818696,-145242793038865452,12059960235837664,1826276443243713,-899415009239628,188872449460762,-27018923446348,2890172324701,-238376051592,15279895124,-757061776,28492183,-788324,15130,-180,1 # comp 3x8 (3*8) r=24
-19719006515790218451,310315848968661912804,-1306099639256089822386,2503794817633471029020,-2667997540280434344429,1787559516488787690880,-803780365302586287716,246888528323207788076,-48937062835446424271,4113483022441930500,993655001819150706,-495123206075391472,116358884967266595,-19056546900379640,2375080091752174,-232811528353876,18185629315237,-1135077041172,56333476488,-2195807512,65787735,-1462364,22714,-220,1 # comp 3x8 (3*8) r=24
-289783544380261821,-1085825998090161,1988315901372142359,-1118105798549229063,-1648735589828121210,619229706802443738,409034233121409414,-133755562640212722,-41713660761355575,13671013863488922,1829625486405975,-679280657842296,-33981728699124,17572122605736,163529910504,-253047262140,3152152989,2091432555,-52489854,-9802080,322956,24090,-918,-24,1 # comp 8x3 (8*3) r=24
92298663158829259491,244823800920239908818,40004064952407839334,-169335606613857255318,-98355274433590063667,-301817770964494586,11817099093238829948,2099833390173505328,-403340030304850640,-126453602809104246,4128882958499946,3410995814346414,56656593324589,-52551918957518,-1996242301708,501615380888,23903752708,-3020479650,-154883298,11138802,577057,-22886,-1168,20,1 # comp 6x4 (6*4) r=24
26432957701530675456336,55568552555931853320288,23785570502595441183948,-26330625541933165815792,-35505212828805344198447,-18674873257212451468672,-5338552075379341303952,-752659566234214965968,21588693376226033900,31973745917534495212,6599678344032288536,640151456126476816,5100536230109834,-7443094377883316,-1120167734546650,-86451794455664,-3289285313452,50754767932,15278732096,1049613964,43005605,1160044,20350,212,1 # comp 12x2 (12*2) r=24
-196192331375501975,166334840818855200,667457340352746730,177905689778326560,-350886191664780235,-188915465319504744,34870738006320690,36217877948752740,590084957438244,-3030668260795236,-246352162967292,136468441900788,14486617284157,-3605220716688,-408270227044,58000434636,6437388475,-568105080,-59164076,3252864,313063,-9852,-878,12,1 # comp 2x12 (2*12) r=24
-102374494159107294144,79471182628134033984,179154766820423004192,-80147332997037645408,-74731377939068509056,21004982372862409104,10625892311112989208,-2244285097880230632,-690454813602705104,120387369986431932,23174304352808242,-3641531355101790,-425309948621543,66015030203502,4298101446172,-731277703536,-22044226193,4917071088,33090898,-19410150,176551,41142,-824,-36,1 # comp 4x6 (4*6) r=24
-120959969418970469,345875572296800178,-171637045916239807,-164993952473246066,97078410422651905,32804049363556738,-19218588035104999,-3543919227221275,1979751029461231,230359174101797,-121476877136389,-9523375624996,4737715089326,257906678871,-121167230024,-4618329017,2048644021,54071055,-22581024,-397418,155290,1661,-602,-3,1 # comp 8x3 (8*3) r=24
92905477578844993,309430365774487200,-163826937248383502,-1496361669880080288,-1622393869963904227,-447429823228017912,189360918095102514,109813661561674212,-2292621269593932,-8702587559802324,-570065500354404,346991840339316,33934443171853,-7900768108800,-861589288516,108398783820,11850454603,-903350904,-93812276,4409760,425455,-11436,-1022,12,1 # comp 2x12 (2*12) r=24
2184742368740234375,3409527574866718750,-6815718942539240625,-754054426514993750,2757999304836490625,308309384606973000,-502944186555620025,-102398237413194011,41657769397491025,14802193943646439,-571773318626939,-875620602598200,-110660197611052,12218597317367,4672954322066,422147780675,-12240203045,-5710626501,-458408490,-5435606,1704796,145795,5738,117,1 # comp 8x3 (8*3) r=24
1807880987070181,2774965510667885,-6899113682464558,-6112194442250565,6863213748380337,4946922750798535,-1873090590359004,-1778781000717820,-5179861793561,251580864526435,47419996996422,-12130012685590,-4979056508582,-169451432280,170041096882,28665360490,-476817200,-625798515,-66829683,100870,647119,67190,3400,90,1 # comp 3x8 (3*8) r=24
144777270151452861282600,285103435362438467601360,-561419134962812884808388,-1069971894805487004745560,-660424361643458147551806,-178729692128471777734188,-5103009662544910569999,11410463615241193684930,3786064202692446841513,594299159994289818892,39648021345763670344,-2863681233401868932,-965914981522395680,-106864653650071340,-5834637476850206,1625729513824,28996429160998,2756073535636,152766416740,5800011292,156104038,2949736,37381,286,1 # comp 6x4 (6*4) r=24
7416164530892715823,-41143285972199083939,104185200997829768882,-160803185848543035281,170417704070347738331,-132416750590788045343,78623605796223562012,-36693545776330858951,13732921843925377008,-4182087456040614895,1047273157402309140,-217263636579614419,37520530042718432,-5407479324248200,650567501484549,-65207780668787,5420718602465,-370934129213,20657305101,-920723319,32044742,-838708,15521,-181,1 # comp 3x8 (3*8) r=24
87657131679819884,-292481608743726192,129886613978336280,373281063363234096,-351653125250430480,-67355059054699536,163482907570086744,-29924917148967528,-22432571350145121,9022684561816340,70632880332474,-537271764900360,74411433084841,6870169392888,-2335427445978,94036870780,22304694930,-2485469268,-11778718,15217080,-759963,-13016,2430,-84,1 # comp 6x4 (6*4) r=24
-343399202458267751,4914391271012736096,9745767504992532030,-780367735899174576,-9638154241298411007,-4017615582871919904,1120973003581692274,808854795984143556,9093450640556544,-51374910329896044,-4001380190861096,1581183334103556,162129489174789,-27494563672824,-3042359342836,288433041036,31687362199,-1850178984,-192916336,7024416,680875,-14340,-1286,12,1 # comp 2x12 (2*12) r=24
-8832174157364617208,10213178278973082316,6015657777688562172,-17127092308716635567,12012263750844677514,-2959945976232702641,-936001790291558411,998810755483898657,-371724877963391042,73634559759042769,-5213916821155886,-1277903207194888,439773741656084,-60158200906167,2956520799184,373391568298,-84431123462,7083239262,-177538357,-23380490,3015208,-176518,6040,-117,1 # comp 8x3 (8*3) r=24
-130141305960830779455356,-117789333896853563344982,35319532781876259335015,60420394216098316308930,13866266950810551851267,-5146169592217380533930,-3213331989371560729579,-494807947069637790044,72703871415344942571,43390570067854389818,7876360293755312971,574273808796058724,-39778660325180318,-14725077325466626,-1765047038747048,-115408651651604,-2971923729731,198628387290,26739509946,1566525608,58164679,1446552,23542,228,1 # comp 12x2 (12*2) r=24
-7470389261916644831,22046264893812537391,-20591472326855060648,3546606973630614672,5083246151890832876,-3005312684756839220,272938335088741594,262366980129471764,-94716529077976466,6254138903526506,3037256246178600,-729920344730638,23503003602594,12971185375335,-1890144092705,7334288530,21026370232,-1788466047,-23246098,12024274,-624521,-7168,1936,-75,1 # comp 3x8 (3*8) r=24
3945781805301,-37235526903,-17921813176476,2209003942491,23272272348255,-2158617710847,-13619760022184,842979690589,4152495312076,-198941879879,-707186477314,30758809503,69962104236,-2783044852,-4174611427,146821679,153538591,-4563099,-3472731,81781,46606,-776,-337,3,1 # comp 3x8 (3*8) r=24
549568516619389,1690688324103409,-3744117535329628,-3163797610604409,4099558746142575,2795325845193875,-1256871209391516,-1069648824508688,57697850735989,175176612995207,24701403050514,-11316214917782,-3582690504218,42026393988,158526938578,21406930250,-1294749542,-624370767,-57116463,1230746,711391,69106,3424,90,1 # comp 3x8 (3*8) r=24
373163505128508045897,2283443016192887795568,1819077063885314980614,-366998374204136612496,-955383570989055317187,-385621438211882839728,-20180173375981819278,27473435764685254080,8084964672514393698,475799343091290288,-183071390186975138,-40378660798290224,-1858824006684059,405417442401648,66960438926910,2570431512576,-298425411182,-40960450928,-1657701710,41977008,7861293,401712,10918,160,1 # comp 6x4 (6*4) r=24
-595105141223037155024,127797019141625574420,654802337017543115009,-307147090571842533347,-153826036822128934190,135284263510268401666,-20313748771884413796,-8554312985590489662,3630713613926972446,-336293018358597120,-74659114755173263,21136741211086948,-1246109478282050,-216895284251072,41669252028792,-1863562503396,-192575737049,29915092581,-1367788386,-24636032,6168288,-340546,9826,-152,1 # comp 3x8 (3*8) r=24
27266638573201953,164100153951089904,-132158661963486112,-224957176523860896,277162052135793382,-15402583016796080,-129693911114609856,90825753957926208,-25809961992584593,649017719029600,1896334091517760,-625593956187136,78584478521972,4623282307232,-3386459989504,572732527424,-42331638897,-1158139984,637779552,-76799072,5424582,-249072,7360,-128,1 # comp 6x4 (6*4) r=24
-228380417504509,-609438489345062,56020224194848,782766890968100,191503675424313,-342465005784638,-121430850933847,68977976772657,28979018160160,-7432772167282,-3597041229472,456762004640,261465372312,-16050494918,-11768434934,292378455,335176405,-1361946,-6007730,-40483,65299,667,-392,-3,1 # comp 8x3 (8*3) r=24
-46079632331606125312,-38632125265813738560,76788126375181387408,35898731964465441576,-38420335346268208056,-11379704199922034714,6227138013632429829,2045985490645418137,-312504720458625492,-160133391181624211,-2653135027213643,5052628300053788,500854426737443,-59329579806969,-11974016377389,-99267064616,106400801655,7021922643,-218148841,-41864768,-1283151,44979,4108,107,1 # comp 3x8 (3*8) r=24
81709673463119421,185486918116991148,-96098340927894264,-201020574172934412,22755241644704412,76509997969899768,6275885659076274,-12433612262902980,-2696080574590937,811629514693048,317087806745702,-4351102641084,-15274300444651,-1747603144156,244996247992,69904359600,2956521241,-769819884,-114214826,-3576320,529073,67308,3506,92,1 # comp 6x4 (6*4) r=24
75205414230639554046483,-99698250846201404845464,29942734976368730471322,9876044829975524819928,-6818270184968841867909,618490930393289763624,325600656749490386152,-76285994290662011660,-2597972400145386769,2449873877023297240,-164454478086247210,-31280907285279428,4648314563281619,73287006161596,-49162986878878,2036549608204,212820817331,-20048015348,-24383548,65685916,-2401105,-38864,4646,-116,1 # comp 4x6 (4*6) r=24
1699,61266,-493803,21542,3451101,-1210848,-9486241,3259053,13280811,-3947243,-10504401,2706918,4953954,-1125759,-1430160,285747,255099,-43221,-27994,3726,1836,-167,-66,3,1 # comp 3x8 (3*8) r=24
822425731999500626425,2631186014453319832880,1889616022690843799278,-288178361821086565648,-816787268147003784203,-294274951003188631920,8675506574697532538,31488161152783292352,7987257964933075330,373135262396750704,-190335978960529082,-38886909375794096,-1581603618477331,409470015684656,63841328243542,2224739697152,-306522690542,-39603895344,-1505184598,49703472,8083525,405232,10942,160,1 # comp 6x4 (6*4) r=24
43335582900918020819639,-48348654191078934588040,4473558746109458296115,18255351049371230836861,-11736414507861230773184,2663152609858673354453,220460024579557927398,-287784197361239198074,74680131727357094864,-7234390966140985835,-865573003916994554,391953765552508742,-59807548719325878,4088583108404672,164349979980656,-74773569896174,9717231375118,-802093663123,47268286269,-2051863612,65562155,-1505924,23590,-226,1 # comp 8x3 (8*3) r=24
60429163128108413536,319295106149717205072,41985314362764064760,-91752465010534684332,-9724076176193499132,10713996664505721888,810177901559443588,-686750025889402032,-34193609082835802,27289850599200369,770233515634521,-712947849809319,-7283265426613,12565842465837,-60014622701,-149867176203,2573857405,1187069595,-32457521,-5951541,211933,17007,-719,-21,1 # comp 3x8 (3*8) r=24
1081752818043057416552,-1158075671806514073696,-335961148943192366200,262723194895294891648,48490912827035370076,-24707446780993249568,-3941463111754763768,1274786497347045488,194747085677977742,-40316183096410456,-6155043679092278,825496958347152,128730297320675,-11222796486568,-1814142506342,101670980292,17261304581,-602664680,-109019034,2226184,436749,-4600,-1002,4,1 # comp 4x6 (4*6) r=24
1339175568562552036,990607011331679104,-10380602579206908144,10995482567060730336,-1633882458306527988,-2387818101332265772,837475130746432616,157689104768954452,-93994520534436972,-1316405303076798,4724305266728115,-244023644959594,-123695528468353,10795481366278,1766710173879,-204398524038,-13269467073,2054165474,40702001,-11253746,56385,31314,-627,-34,1 # comp 12x2 (12*2) r=24
-3304919933868882689,-6133055146853990652,1635161104817054262,4783578045687382152,899800088378657100,-807925612829871498,-256065008726236698,51390945503167404,24308096113304265,-1175907445406222,-1164541772274030,-11122888205202,32772300443665,1157393412918,-584555054376,-26703699776,6852352494,319285260,-53088908,-2161842,263901,7870,-768,-12,1 # comp 8x3 (8*3) r=24
8240362518056514624,78509706634567473408,147620489622888322368,66975133745947667328,-39614575345629629328,-34139853606656480256,-218097793730074272,4334310817869576000,536488255311047644,-212384222585059888,-35087539998075084,5134881360186168,942137086142217,-69888799747704,-13081029777184,571417848592,102617763174,-2837066600,-469431526,8240304,1236693,-12720,-1734,8,1 # comp 12x2 (12*2) r=24
144165002244013708,-628165789740211212,-1116528728398938196,95631452621215094,877434718474624689,394823844090645532,-84624282346061856,-115826737049372156,-31749208557889296,366791483468684,2059063052024878,435000372282782,12461586892487,-8916557035018,-1428679912280,-27860757224,14608332862,1562526770,9625890,-8815782,-590079,-942,1504,68,1 # comp 6x4 (6*4) r=24
45466849919992636216,-393105600139783680576,53493890559123725496,103012215560391905628,-11278187235322748700,-11387321643340875024,898714157298522840,706276352342156028,-36805496023104996,-27500792215837464,812532192031746,709218123419346,-7675527512690,-12397294041525,-56714778117,147157953021,2523494115,-1163957958,-31844246,5848764,208302,-16821,-711,21,1 # comp 8x3 (8*3) r=24
-66328017892322096,-1209918374090717696,-770437916911818144,1298929864621069664,173806961914057856,-342759219801506624,-8543131978754728,40231378139818064,-365201036767172,-2614757445967080,45694146385124,104606364458048,-1539322917167,-2712118980840,18134996422,46386193912,166801699,-518042472,-7451968,3617248,89167,-14248,-482,24,1 # comp 8x3 (8*3) r=24
-3874055987048934289,1738027151497196772,18493797653652553824,24186741957055790508,14005642837926431934,2891294611890317355,-1242368038897976999,-1136087488343128575,-406535430000566745,-79320009735406994,-5832766454895045,1222315296418980,431329787461583,58413988572240,2703403739841,-394109399897,-84817151016,-6966197568,-162131770,24379110,3053526,177352,6048,117,1 # comp 3x8 (3*8) r=24
4920257617994484,16983778827816720,-131250551709462984,279144259435449792,-287880204293235960,123364424507431944,61171015690655820,-137486792828484264,114803403029002537,-63105026599408736,25664733175809808,-8100978111928272,2034262646860500,-412055944691504,67824287942520,-9096613247808,992919023242,-87753273200,6219679960,-348159088,15033804,-482712,10844,-152,1 # comp 6x4 (6*4) r=24
-73736038840533765342912,197984660626253379372984,-232214357047535829285003,154551737567649774688380,-62332948870583863765575,14056485592065435129645,-567385007390029866680,-744977678199450900896,276921282630282633465,-51745352778558444653,5176176713203327214,-45589179692294486,-70421774684052353,11546661604010978,-927738498116254,25670922365992,3104072302237,-478898659519,35483179556,-1735544768,59512528,-1428354,22998,-224,1 # comp 4x6 (4*6) r=24
98487982122815925,-373835794359357090,279139920329435355,366720067985333553,-556399284120370458,130020933105916119,141034050568046474,-100315160005551242,19182881834047140,3824240535047137,-2415300205714424,349161521945776,31519907111062,-17505312306870,2094730848658,46774564354,-41661277496,4895110563,-178242225,-16993798,2664301,-168834,6012,-118,1 # comp 3x8 (3*8) r=24
2649294137738280,-10154464150802400,-14449689860827440,76082394332319600,-92300701917300116,35790178744410816,21072412128126184,-32302969466148128,18063781475590954,-5663307055343480,954145372102780,-24071531287524,-26279186008115,5683531970936,-369839765114,-45543834604,10692320765,-632098472,-36683608,7571108,-354713,-9016,1654,-68,1 # comp 6x4 (6*4) r=24
96753641031574099,523273101784502568,-377455380068024253,-209827524108549704,139098060118089519,36188687946643926,-22431644524838329,-3523100391763461,2032052472522501,214145497801229,-114724848668163,-8525712256422,4252158206688,227418076857,-105995618376,-4082196435,1783596153,48574983,-19917364,-366804,140940,1589,-570,-3,1 # comp 8x3 (8*3) r=24
21228887,39511132,-216197005,-214623164,553773091,412080908,-674206579,-400283267,470352277,225248299,-203701831,-78033716,56758748,17044425,-10289960,-2347105,1206535,199761,-89478,-10048,4006,271,-98,-3,1 # comp 8x3 (8*3) r=24
-2415838573116416,-2161732916770560,10485818541904832,-1116958590581568,-11861578277554656,6672457030723104,3108682799208448,-3863932457705304,902787878932349,277163008687383,-178517881660705,21529911370888,6775168076162,-2505728629390,204194623305,44678930457,-12821527674,1137970691,31745681,-18195982,2087258,-131900,4999,-107,1 # comp 8x3 (8*3) r=24
-539662486784581990751,947270889863562993280,4049057451766930072,-913392996058834215752,668407302235084818812,-156194960349539901584,-20044698690579796404,16552848666273039624,-2133293703289368322,-357854056566127240,121535464041847884,-5610228690916056,-1918295538123310,285105304725792,-655897709172,-2949770076192,235942975757,2149199464,-1329953192,73183720,-308338,-133592,6380,-128,1 # comp 2x12 (2*12) r=24
-923176667801,9713630621079,-20575952255322,7445522529278,20027657855340,-21215842700238,639597040851,8324143520838,-3141694093971,-997150380168,801263809803,-27918461295,-82113828312,15057292185,3473252853,-1195129734,-17963706,38553639,-2499692,-503409,55461,2439,-405,-3,1 # comp 8x3 (8*3) r=24
824542561717,-2148233114919,-6906211343402,7713732477629,14641910339229,-5475640041665,-10633377355882,1497055544645,3528447535942,-231310774331,-623870601184,26815006031,63003978936,-2229998694,-3815730023,118820827,142280593,-3847713,-3266147,72625,44590,-730,-329,3,1 # comp 3x8 (3*8) r=24
109173642550488816128,266239222427259705856,48019007297484716288,-169138254823482012416,-98775173335757875968,-357033867655332128,11821891009349466552,2101528784725887640,-403106291160206188,-126459816515290544,4122000204855022,3410691455787726,56721383771745,-52548417511782,-1996459802996,501606598576,23903872867,-3020507876,-154884130,11138902,577063,-22886,-1168,20,1 # comp 6x4 (6*4) r=24
9534433457698506567934,45066225362695314962864,3855520725102402250829,-51669228636397283336102,-46998179875470720154411,-18763677092506797964896,-3429498304785536903531,84002596841205137268,192527507353424244669,44795917937779223792,4238470549832425739,-212180001949967836,-122798631998583660,-18508154223253966,-1558481007890708,-64907689611116,1535049148723,451507692342,36460196010,1824124340,62691163,1494204,23770,228,1 # comp 12x2 (12*2) r=24
1577850043063225,13743516469101525,-23451679555170865,-14270384930893090,25281157792930069,5599525832526002,-8913357943242499,-768300124474517,1334355532796608,53643906974731,-104626216292587,-2420063370701,4769460199466,80890758645,-133477208825,-1953118210,2348532634,30874629,-25925583,-291604,173497,1468,-641,-3,1 # comp 8x3 (8*3) r=24
92351497767237302574124,58220663859623477028262,-112092524414670082665225,4145701140942314798430,39519544993337231931147,-18062044809317991370230,1768208606989296255381,865105553329442361884,-305442810576645595789,30406685691308053862,3507615049472479211,-1336311088195773124,154533889776746402,-5027567579932574,-832776180863528,128768225571604,-8269575022931,206329742310,8801028106,-1053806888,48790999,-1346232,23062,-228,1 # comp 2x12 (2*12) r=24
41536439695479204,-332688983529035232,570639061148446008,478486814278882944,-945941894951659404,122566791914017080,278702393098737788,-96111140650004088,-20498375717386083,13663542737222964,-786596646718620,-580421056154208,99227075493123,5646157014684,-2621637405762,128444053420,22877271900,-2786399748,2745704,15737472,-835449,-10244,2394,-84,1 # comp 6x4 (6*4) r=24
204529792168,-39509966972,-4024926193190,4172306473583,11958909335247,-11042652036712,-13567115776912,8667359455975,7344349614763,-2420916607338,-1718329385100,319649120747,199475485745,-22707995906,-12533763868,908298719,443098675,-20347398,-8816842,242199,94999,-1380,-502,3,1 # comp 3x8 (3*8) r=24
1699,-61266,-493803,-21542,3451101,1210848,-9486241,-3259053,13280811,3947243,-10504401,-2706918,4953954,1125759,-1430160,-285747,255099,43221,-27994,-3726,1836,167,-66,-3,1 # comp 8x3 (8*3) r=24
-6330817186570342247,-9050371522534738968,1582972722073444464,5553671280892893070,1130466576071984197,-844823270988531986,-282166011818545068,50359158208682024,25582507301147542,-1052114244254572,-1204869241801536,-15533526712150,33718095528753,1246137620514,-600553480760,-27810270296,7033355182,327704412,-54356452,-2197466,268813,7934,-776,-12,1 # comp 8x3 (8*3) r=24
-120982939258030229663,185044869613841814160,489135800041594959256,-885591771774509898728,494167765621713569684,-80895237994538643008,-26421243096249425604,12731588818774912776,-1051882197205405186,-382404125279635864,91965804193937796,-1400774551885272,-1830551334865846,215022734266464,4739755070460,-2783490993312,186454230293,4819598968,-1316571056,65211784,82094,-142040,6452,-128,1 # comp 2x12 (2*12) r=24
9819208307288246171556,13329620833486313593140,-4216201797153299134040,-5412457945784001588739,1130766384477728335702,659005886324442865962,-166013038812858466814,-29761841324082814240,11700407303206385436,15142980349347376,-375185550793389653,37699567248482004,3860515011551664,-994558719201220,43672519221612,6616242877720,-977125363196,39608431591,2084185710,-348496002,20940754,-729884,15520,-188,1 # comp 6x4 (6*4) r=24
615202312192,-239023130112,-10018158808320,-9192333506720,23213563822368,19684100092632,-22907108793624,-12623804234580,10215708462444,3242791519770,-2123623129506,-411922974561,230624883991,28122297822,-13926923898,-1065036957,477967911,22522206,-9279246,-256587,98037,1426,-510,-3,1 # comp 8x3 (8*3) r=24
861251585792,1578821127616,-11086588178444,-16696847738581,32193316407447,28995873716614,-32243405637160,-16454507781381,13282849376917,3992056049330,-2585179322092,-487661253943,267143624985,32149286050,-15523178174,-1175035533,516176731,24040116,-9767666,-266845,101173,1456,-518,-3,1 # comp 8x3 (8*3) r=24
784250640292,-401830391082624,233279090878120,1472314236806336,430214811705696,-940284801346112,-449765834741716,204198553415552,141265535843497,-9929741805440,-18818484731248,-1659564267280,1122356161764,219109330752,-24305979752,-9561021296,-235157990,169914240,16390120,-857456,-199388,-6016,604,48,1 # comp 6x4 (6*4) r=24
-372883579138081024,-165965031959781408,823075888661792920,887058916068973596,-28027283342206226,-505463132482601465,-295665168916212437,-20388461101201243,55434207828649217,32933775679406616,9522752812688896,1436600783990498,19428619971422,-41723568097065,-9861667316027,-1142990225895,-51328711647,5569137056,1280365450,126049720,7817910,323271,8709,139,1 # comp 3x8 (3*8) r=24
-43584206435118207,-28100493376272360,463457170035109170,-733549490496961248,409334332286781093,37470536287309376,-169578692138596902,94105765212528496,-21242724518672830,-1221036297231912,2107219781057042,-572825931146688,55935536582101,7821755804528,-3394222374466,496906956544,-27337640670,-2811824568,757518742,-82641072,5610821,-252592,7390,-128,1 # comp 6x4 (6*4) r=24
-32007601751267448128,186686441392025611968,236927653851497850016,-121895638228289694816,-97769252254033067808,27520128459384955056,13596459553105732408,-2758748974253060808,-854300656766823080,143152551569154228,27556835466080714,-4251222331955406,-486486358805671,75656978484558,4730370393724,-820186601136,-23179094633,5390954568,29617002,-20761302,204727,42726,-872,-36,1 # comp 4x6 (4*6) r=24
7277450384928534336,-11394697759449807840,-19607439031564261676,29094221445403996576,5455392571215220037,-10000391293810668540,-2069518114236730990,997507115876997980,256823200963501027,-39379067559868920,-14279287822784948,386891039422936,401971368881921,16189793876412,-5611827432430,-517581011404,29307836125,5572861752,85909372,-22706120,-1298809,7572,2786,92,1 # comp 8x3 (8*3) r=24
65495447166561263104896,114484781361313060310304,-23407902421739973407772,-66280704247567358172144,-16067501812256078273391,5573011597810194795840,2918307741577454188080,207837850476839935152,-117396964373633196852,-29860133837537257428,-1405096464859540952,500256380264393456,102137938945957714,7278595702289292,-148027076883930,-73891726520496,-6650131105964,-281408169460,-1482773288,521570604,32510445,1038780,19726,212,1 # comp 12x2 (12*2) r=24
-373518433457490584,2238008682684213200,-2446955595635981768,-2687520204764468440,5332589819622159612,-2319951608850677500,-170011568295870318,299186597711571300,-17585644145062490,-18099858644409010,1266275615022800,716596894616465,-24765989037941,-19195524421830,-355423821182,306200229905,23039835437,-1949179750,-337374948,-9446365,1218881,128070,5436,115,1 # comp 3x8 (3*8) r=24
-437511096934902905319,2615170275789680027616,-5725666892250181403964,5748534797236517629580,-2769707412966814179150,428579271744396545872,201161498351807460190,-125521910763394562920,27642993306356283445,-890955719298463992,-1091041847462271180,326747312272168856,-48788967984910125,3746725330690876,40467049818154,-50597041538812,7257670804060,-633837836736,39038093238,-1760908576,58261941,-1382216,22318,-220,1 # comp 3x8 (3*8) r=24
-19197863,-36244537,219601285,462861711,-370780164,-1217815717,-61874487,1234911968,460904662,-568994849,-325824309,129443753,104459260,-13879173,-18476203,350254,1943836,63528,-125109,-6347,4867,229,-106,-3,1 # comp 8x3 (8*3) r=24
-4563621,35265483,1446078663,-2824040898,-39063202169,88355020920,-7018504921,-87019899511,26875171282,35684731325,-12058471005,-7557765909,2510086528,900042529,-290397481,-62301188,19675144,2506035,-783417,-56836,17797,662,-211,-3,1 # comp 8x3 (8*3) r=24
66373094437952,-72023869189376,-216697086016320,184149261430784,248809106509808,-142334105445376,-124564295944096,46535512309312,31349330523244,-7639758102288,-4340469827692,685288698016,349941425725,-34887520512,-16928378558,1015147328,496732243,-16360656,-8744896,132704,88627,-416,-470,0,1 # comp 6x4 (6*4) r=24
-6122291867391106839,-20082436357927136217,40432714286132330796,32826568534991280241,-35563862058942983565,-19214377529810061081,3139795871979327440,2262977479296368883,-82471921507605240,-120662983893642861,-930694688051418,3531791317819257,97489566658650,-60821527957938,-2307397962627,630650881875,27518899725,-3919405131,-182727999,14112681,675204,-26944,-1293,21,1 # comp 8x3 (8*3) r=24
-4063031733409163,-5888850362584791,11178434427368169,17625312464493862,-4270555023971835,-14661690021277020,-4508421322915921,1902623061373941,941847771319314,-105517910979283,-81062901041967,3302173631469,3875920328316,-78557820777,-112015239333,1660308942,2022623586,-26558259,-22920463,263478,158307,-1396,-609,3,1 # comp 3x8 (3*8) r=24
2279484415139518358071,-5100005097345554654463,2971597556101039290340,-53224389380876035454,-453020148354243267920,107211136826686667974,17265917432630771525,-9109198707176000882,362931117832121847,294809158563543484,-40423931502822349,-3210260525070889,1022902101493160,-27735425959673,-10684796867495,947954782474,31150212448,-7816075923,228253820,21165925,-1618545,14597,2153,-85,1 # comp 3x8 (3*8) r=24
881559565796123,-4261974209125634,6247546095738935,-2015953935186123,-2599920611959461,1899065786339149,234081110028647,-463066317078767,31359445074736,54487934610702,-7777192183176,-3598795358314,656111292735,141195522215,-29378750360,-3346660744,766876048,47592477,-11918338,-391428,107560,1698,-515,-3,1 # comp 8x3 (8*3) r=24
-95046764648747918544,-10942926096104396016,157986341068583149948,17467493360398194816,-55654522388106956196,-12026742693840349600,7046656665006120044,2506416477691949096,-208226027598908883,-199970717777397776,-21236481963366556,4759753395645294,1410253465915849,89567402357358,-15246879363664,-3435481153464,-243106174052,5246736252,2565071184,252052670,14258053,518502,12048,164,1 # comp 8x3 (8*3) r=24
301350923881115309326815232,773182967614155205771672576,875759010817381211817413440,599302025751634549008197376,282258543439437611025621200,98213607570175554878640448,26379912806583959195084032,5631717621338363259983552,975181299421832073312232,138944703601005165739424,16455283738964554676964,1631034547086139472048,135878938474334895933,9532314802597144500,562951319445247378,27916362347331244,1156557802342879,39710637249384,1116669747008,25279587592,449321515,6036356,57610,348,1 # comp 8x3 (8*3) r=24
12013127627269219381607793,35334479134747770858153276,-75453220267431831870209570,22349218833011353667725426,17881406317464088109025239,-11935618007947625460808562,1688915447545439840179970,611357455637356235498964,-326235188719799200877999,73969270049048277111420,-10470961767316492909706,1001637763185555051968,-63547930731640260035,2138078710887372788,42621792035380724,-10888694201472742,789091225544777,-36773599127824,1235252551078,-30785945378,567962567,-7566376,68998,-386,1 # comp 8x3 (8*3) r=24
45702230380700866875,-102136977057755028375,-521854773241760850,66767340279769420875,-3411655194479013595,-14561313444362072465,496827603522498584,1486343890201011452,-17415193513665101,-80488604952071281,-434231499853654,2467290049957258,39561883278602,-45011917483292,-1029483937282,502440345154,13922954680,-3429939163,-107755835,13803110,474163,-29674,-1088,26,1 # comp 3x8 (3*8) r=24
15273617036973584,-48764611901412736,1387511696877760,216786681946326656,-465399780550816928,516082382660710976,-356332826732185376,155289238698454720,-34279873148773416,-5369541675021728,8201802042607408,-3908342848001792,1227554044275936,-287078485890608,52228020884504,-7534682326960,868438291465,-79970781744,5846559936,-334926536,14706978,-477696,10808,-152,1 # comp 6x4 (6*4) r=24
-457622192518131821699777,315313032476097542641424,143861124100786036206026,-229304577413633789971455,94285164292106991261997,-8106275717684803532096,-7945633453810484096190,4062955215213874647143,-1014706162424556031285,147237610198384273400,-8147390575878027141,-1716786929235200784,562297137850586351,-90783163290430807,10271255451335430,-884982285154559,59868605664190,-3213806237114,136800410058,-4572101100,117603010,-2249483,30157,-253,1 # comp 8x3 (8*3) r=24
-11692829117,21535277124,142168555086,-158487149892,-482052931461,347544688440,425417916476,-268598213676,-165574520217,99508632372,33405815622,-20423708664,-3617878541,2472472248,193497870,-179679972,-2580789,7751052,-211716,-190344,10371,2412,-174,-12,1 # comp 8x3 (8*3) r=24
19393789243477949133696,-70096998966237560823840,65980937980091464605252,-11534386959173352581136,-18362333223915415024239,14681897620816483666368,-5135108562829765933776,912239116710355430736,-31811801357847202356,-23676111536303944236,5986815131720551912,-652931566038518384,12789859279246450,6718053726042996,-1106492169621978,90327230039472,-3792722282348,-17007649868,13812543928,-1006756524,42185613,-1150716,20302,-212,1 # comp 2x12 (2*12) r=24
-1200249159217,-10644184038144,7864101752780,94389425660002,-44895344713883,-216900171850850,143048862631016,56992819868940,-60135786075560,2104778421588,8774568802292,-1872312073610,-445494410435,196142467402,-5502016228,-7280734260,1121096128,45569460,-27100720,2259922,78253,-27074,2060,-72,1 # comp 8x3 (8*3) r=24
-132273081,177411141,3567684348,1068046869,-27957268901,-42342825771,12839680616,47452391851,5234182048,-20562707501,-4439346270,4570187943,1165665154,-576785896,-157632439,42823373,12168175,-1868079,-546981,46375,13996,-596,-187,3,1 # comp 3x8 (3*8) r=24
-4402115714303,-18420553229185,-25587248075602,-5375550908276,19234878110954,15881392088210,-1443221264327,-6512148026016,-1790500736243,957469801630,552226453831,-19046348855,-65597198004,-8891545555,3372541855,922291662,-42117554,-34687743,-1941606,480895,50575,-2395,-389,3,1 # comp 3x8 (3*8) r=24
-8366565263843277161,-33047383556054588231,-33672124211082073088,-9318433560021207912,4675599497323852856,3636808114755736990,555707078033110564,-210870591844529704,-92551432816097426,-7017926475756556,2922116573543070,731894923934978,25091859555534,-12895168266225,-1896863481095,-7446251720,21114985582,1788603417,-24591718,-12155564,-629771,7088,1936,75,1 # comp 8x3 (8*3) r=24
8547058337087611376,-19233346800772717408,-15101445083671940144,21299707884744166176,9376127996094725368,-7685974946939562336,-2435953631155251072,1050826766534082664,252163519438795823,-64042364815312298,-12576800230944029,1969038023112868,334137335247179,-33734821008850,-5083966076945,339406276476,46160972067,-2032794664,-252607881,7073126,811339,-13124,-1401,10,1 # comp 12x2 (12*2) r=24
99195799585819397,-2287379223007303544,7358967071337504038,18390109558280726904,10450666318956140383,-2038877100837494892,-4206125010258366720,-1452659821878233956,-11236449327633123,111575901907406240,26541472705302194,760718114826584,-630347438337989,-101169287418880,-1507759254702,1115285586144,114786107817,814962552,-603327868,-42103636,-398909,85020,4850,112,1 # comp 3x8 (3*8) r=24
36745862261379156,-122891479886542356,41381299028305422,205677842714376234,-159319955065600011,-82803273060759522,107058362783881228,-8451428924762664,-20402035179968277,6540157664827936,468845550156858,-514471405761666,62884478998253,7394945617794,-2200540005828,78654114448,21943736997,-2340957456,-18307738,14928114,-721809,-14402,2448,-84,1 # comp 6x4 (6*4) r=24
3654673672,-89065873676,-540937355934,6020553908771,9645865346607,-13797203759904,-19733897226120,8892650889431,11240494463467,-2289128090990,-2542512204572,292222476603,275363606305,-21162287410,-15961815764,877971883,523652851,-20244126,-9818786,243815,101383,-1376,-518,3,1 # comp 3x8 (3*8) r=24
-40659096797281,64633418621129,332945242114297,-414672497094617,-122305188589194,275700089952275,-23543686838821,-66922216818012,14678869427134,7767109427335,-2371518552613,-486028762823,193642899588,16842050303,-9272301149,-294689406,275101402,1148268,-5116859,43177,58075,-673,-368,3,1 # comp 3x8 (3*8) r=24
-1424998411214529574359,9075819550932885511728,-13271759166472819364916,6633812342156051686572,465880852877317867386,-1862549464751930632584,783401423941867067838,-86417184626500932728,-45142089971171041979,23721050671781752696,-5689756091146391156,807424921043944096,-57068044807748813,-2727680376811772,1328675693370946,-196371669495932,18796983501172,-1308309110360,68532673102,-2718118232,80695837,-1741712,25846,-236,1 # comp 3x8 (3*8) r=24
2551670373861,2562505196139,-12601123764957,-6956627875452,19117396585197,5090318787648,-12475915559885,-1500651244981,4005498668836,253130538089,-699435795565,-30840606939,69994271070,2556196951,-4193916391,-133040630,154282432,4192533,-3484113,-76972,46669,752,-337,-3,1 # comp 8x3 (8*3) r=24
170596541917,61651845975,-1335799682172,374928668558,2825206763760,-2096233144434,-1382819198619,1745717416386,-2046150561,-546605612652,143997040281,66149910153,-34649015490,-539938755,3071039973,-465091914,-85988550,28817439,-969434,-446493,41349,2355,-357,-3,1 # comp 8x3 (8*3) r=24
22428340797877489,-133587681631272356,56986911997493869,124938937144804170,-36488095450900387,-48510516036122264,3288671907036523,7910585923519937,294743297166745,-643373134320853,-58253253450375,29271258481868,3592153987884,-794064589209,-116161811090,13193027251,2208309799,-133616223,-25414912,791200,173458,-2461,-644,3,1 # comp 3x8 (3*8) r=24
-595105141223037155024,-127797019141625574420,654802337017543115009,307147090571842533347,-153826036822128934190,-135284263510268401666,-20313748771884413796,8554312985590489662,3630713613926972446,336293018358597120,-74659114755173263,-21136741211086948,-1246109478282050,216895284251072,41669252028792,1863562503396,-192575737049,-29915092581,-1367788386,24636032,6168288,340546,9826,152,1 # comp 8x3 (8*3) r=24
-3334005668,59770370156,-127952889232,-40825063088,249592335356,-25620209062,-209317337357,32658597243,98114932828,-11248825769,-27245945021,1500960880,4482199359,-54741523,-442531391,-5315916,26502547,618405,-957495,-24908,20137,449,-224,-3,1 # comp 8x3 (8*3) r=24
820590849069043648,1380856308173656832,-1525579823997979200,-1457610903220972288,307561865864073392,362154742019238144,-19666447964387488,-40478611089017600,209118640243924,2542895512524304,26348671349524,-99572981269728,-1149333396063,2553417154136,14653112630,-43588012024,148488643,489772224,-6746680,-3465104,83383,13912,-466,-24,1 # comp 3x8 (3*8) r=24
920710927,-10363349135,32070452901,-19208272918,-56321502105,73335581052,23883671370,-67831366393,6286079410,27597368329,-6904212287,-5710303737,1871200081,655284665,-243420677,-44328479,17433190,1813395,-716042,-43822,16663,568,-203,-3,1 # comp 8x3 (8*3) r=24
-296545653872478896,-1487895274695938496,2220684224255317932,3228771899829806592,251498661975517716,-766324784377322160,-192122924169381628,56031669028979304,21305886909732453,-1518077353110936,-1067004400957944,286593346998,30376391549565,920311279902,-542666150784,-23522710776,6367651500,292984596,-49609524,-2041434,249921,7638,-744,-12,1 # comp 8x3 (8*3) r=24
-71621896579785876403278527,-116821709636465175881436556,-80958805394536062796328890,-29699694969222830089504386,-5191638001012811776892261,244133742045246258855962,364890914441442459225150,93293689499322931102756,11896656557963974418461,419986063666341687060,-129935020141635842086,-27500535780863363248,-2693148985013030175,-121343927281795028,4532347932564464,1266697246146182,116798377977697,6962066859144,298600913838,9478102698,222164167,3752256,43298,306,1 # comp 3x8 (3*8) r=24
3654673672,89065873676,-540937355934,-6020553908771,9645865346607,13797203759904,-19733897226120,-8892650889431,11240494463467,2289128090990,-2542512204572,-292222476603,275363606305,21162287410,-15961815764,-877971883,523652851,20244126,-9818786,-243815,101383,1376,-518,-3,1 # comp 8x3 (8*3) r=24
-5754194675765970742807,-2175350866913194166087,4596675413110512808857,-286165618305950230415,-861099450870318458627,216155089466578276097,32195500523829715422,-17340817728617208157,805303094795434376,493587309764017832,-70382232161907489,-4155007615161171,1534337337176332,-55583415191851,-13448631940425,1336471172024,23234775219,-9155281304,330893727,19574932,-1757082,23262,1944,-83,1 # comp 8x3 (8*3) r=24
45702230380700866875,102136977057755028375,-521854773241760850,-66767340279769420875,-3411655194479013595,14561313444362072465,496827603522498584,-1486343890201011452,-17415193513665101,80488604952071281,-434231499853654,-2467290049957258,39561883278602,45011917483292,-1029483937282,-502440345154,13922954680,3429939163,-107755835,-13803110,474163,29674,-1088,-26,1 # comp 8x3 (8*3) r=24
882139699097792,-4003309605360832,6111402148712256,-2452695221511040,-2446561827323248,2235848372228208,115061758210992,-557200286781568,64361314702612,66199343302316,-11891844159716,-4329844095720,916607719883,166469077717,-38507301583,-3854700548,951884623,53417001,-14062770,-425821,120601,1778,-547,-3,1 # comp 8x3 (8*3) r=24
759054775819643,3464775223255911,5111852654782681,1712986735360958,-2319239857471466,-1813141306989076,198718242325161,469240200158119,38201416138819,-56760526407446,-8669043468278,3779826908732,714745198020,-148070401796,-31465791742,3492530894,809667313,-49357113,-12423043,402702,110710,-1728,-523,3,1 # comp 3x8 (3*8) r=24
89049528224741992220611,111861717704019570218794,33022706104069073432960,-10059709772193163744282,-6993605712946643286201,-628783435399299189508,328923035895066562818,76406209855965385956,-2654157158750671565,-2441773478711685898,-161976936776575978,31187511329987754,4595305015974319,-75198436000086,-48721407248212,-1997878553048,212076472183,19833489108,-31364400,-65421482,-2376843,39502,4652,116,1 # comp 6x4 (6*4) r=24
-249539634783,-4024752467913,-7136083830987,5346830846292,12664151461593,-1982994105102,-7212787288043,386383805985,2015067949062,-64870125721,-321064117593,9662210343,31410394648,-991126983,-1957443999,62851946,78611652,-2396235,-2011621,53046,31479,-624,-273,3,1 # comp 3x8 (3*8) r=24
-496274722816,2816773143936,-4254537434544,-2187372484052,10150277331360,-6270801246243,-2991162278027,4440916782615,-678844468563,-956052447692,399067103832,56315039286,-60365696648,5483913873,3619029603,-824311009,-58013463,33813204,-1677706,-476484,48132,2405,-381,-3,1 # comp 8x3 (8*3) r=24
-6391243700745064833,-25343079043192891058,-26968901951844927573,-7498783663862537962,4309879597447588981,3289649841044220067,469593553555782923,-220837496749387657,-93686164778271326,-7300666600452952,2901907375303581,741626908268425,27127041431050,-12910882447186,-1941206139904,-11846347610,21228356626,1838162391,-21494961,-12177585,-641054,6570,1928,75,1 # comp 8x3 (8*3) r=24
4270466498922261,-1333397569299510,-10865450221612805,4335301623162275,8975811160626178,-4609173382293415,-2509550475653134,1890252550179810,53863463740708,-279124289657805,48852750452524,13808056051940,-5426192392010,181097274890,184297137374,-31447859130,-354126656,656467125,-72931901,432050,620977,-66490,3392,-90,1 # comp 8x3 (8*3) r=24
22528386690934489,835914678391968,-172040295510525884,28390935426608832,362635851265103744,-132099294567619008,-137303413559715666,39346762063029792,21275588674525618,-3919584510825312,-1602163966018558,163085078005920,61499622253587,-3410430900576,-1304639938570,39479823936,16181837703,-259148736,-119358376,911232,509115,-1344,-1138,0,1 # comp 12x2 (12*2) r=24
-20135680250174331,1775700677149007191,162103090452767208,-5745616127260876495,4698008095802808399,-138365306721108137,-1169258609221352080,457109151976097959,-15663920566308580,-28371906723366009,6290682196020602,90695949037769,-210133987610446,25312290004346,1101028617225,-510250077605,37011571437,1519503137,-397754591,20935589,317896,-89856,4579,-107,1 # comp 8x3 (8*3) r=24
-8570418939264776120,32151806764742485480,-32319561480558168800,8646039478809820308,4760338211535684776,-3583575107592871520,528333112748019778,216126293703308390,-92813868047699690,6949083373866785,2932744284013146,-731601828436225,24923355537669,12903591451308,-1896255595517,7440162622,21105780985,-1788575505,-24457408,12142435,-629246,-7096,1936,-75,1 # comp 3x8 (3*8) r=24
6301324081323768317508,-49947372215183951560512,57596227890955577856744,-7559653163712492151488,-28804073612627924931248,26376612475933179635424,-11745370593376925428964,3034064032541876528288,-370150625142278923351,-42730497350260004672,31886609903454203120,-8325375749243127920,1442923756239102468,-186399843036529472,18736975502280856,-1494004069656784,95226116973562,-4853101100032,196556845896,-6245107216,152293268,-2751008,34668,-272,1 # comp 4x6 (4*6) r=24
504127616101,444690837377,-4808158713260,-6280130915862,8617577602296,15993894178034,956960091789,-9170134715770,-3919883339345,1302574929028,1130165281305,61833785999,-112038767138,-22915539957,4007235149,1570426858,3152986,-44349711,-3100530,538117,60445,-2531,-421,3,1 # comp 3x8 (3*8) r=24
1190036705369034349,-562058616752492346,-3086219278145829672,-723969110597152046,1745559749023108383,916160788629549840,-200988849958269246,-241863466402958772,-41210425950611367,11930785726015638,5125725903059778,344159198352834,-133905626751573,-29357113024446,-1037301130080,345016309660,47450048397,1043018820,-256245100,-23961870,-468987,46846,3492,96,1 # comp 3x8 (3*8) r=24
1610119406608,47910816627968,30741794225952,-241214366492672,-17921151298872,308510750028800,-83658210825256,-117289314572096,52404467564641,14385008286576,-10714651163960,187772390704,853142685228,-125546400912,-24828009176,7174956080,-20187242,-149860656,12411672,945680,-179324,4432,640,-48,1 # comp 4x6 (4*6) r=24
977252679243804625,-6454785998572372440,-4944280321674532080,11391770358533201280,6354371919668349998,-3876653479141416554,-2169920666379638092,414266164499084058,296734465287658990,-5919189054507092,-18308099674898393,-1341701599843584,480066682762631,71223328078770,-3056696441729,-1155388504046,-46244727603,5384854342,496376185,-143178,-1439417,-45626,909,70,1 # comp 2x12 (2*12) r=24
6584533907,-4159911000,-108999144560,-69262548253,272857772107,136939110572,-269580582612,-97379514395,133749822271,32343484921,-36892420070,-5266668640,5918187969,406554298,-559319128,-12585622,31761733,-110553,-1087498,17184,21775,-399,-232,3,1 # comp 3x8 (3*8) r=24
13780145289389001088,-44213595512396254336,-13120496576690068096,75351553113749348800,-31992876146243605824,-10769612308917625072,7410115677695461960,229042448981692216,-548973571257068860,-1201302541824308,22799123556351658,607439197262474,-573205151361399,-40734556473754,7555432903724,1037857747696,-17575059325,-10846956944,-646423062,17436418,4337903,263246,8312,140,1 # comp 4x6 (4*6) r=24
103167117946289485120,491587115372512063488,119883618096495807904,-1471264422032897289312,-607842030845765768352,235736908907540140416,127382660099674436680,-1568836174524066648,-7676400577363009400,-770515625924224008,166251991529593250,33262789071220206,-361306121013487,-508945264263558,-31643231770952,2493082045248,374922800023,7344632148,-1248359862,-86795994,-791921,134490,6676,132,1 # comp 4x6 (4*6) r=24
-193325228678459,-1142384557091951,-1265809977018604,1986653554881399,2119135657125033,-1894997549377873,-699405380604978,711910589084716,35860413213955,-121079536966573,15344260484634,8897001395638,-2523366863336,-122059425564,132485808238,-14720286694,-1741154702,570817785,-43363107,-2548306,780577,-71078,3448,-90,1 # comp 8x3 (8*3) r=24
-40994557792373309,229152811073465348,561623823492020053,355125526170142263,-72068420195939441,-189633980772323318,-80342791089299929,1997796394118026,13407179059333457,4968276760895860,615872144745798,-97241776509542,-46055399383501,-5824074571077,149735647604,136202309104,16007580871,299640915,-111986570,-12091359,-372673,20351,2215,77,1 # comp 3x8 (3*8) r=24
43812324321776424,222088641892325856,240523662955960656,22668751902964896,-84737160647961156,-33867707685203280,7211920793885432,6231710544653520,344267681859738,-462983077574424,-85920291174132,13822219212024,5196872585649,51706262004,-142077299910,-13645101428,1563772077,329979888,4592648,-2956512,-229821,3316,1218,60,1 # comp 4x6 (4*6) r=24
1056647508344,-2747415021584,-14093402613184,-8761484599476,16647202632588,21992563518520,1944202792346,-8981229409268,-3873290768402,1002590017605,946450563867,56307899105,-92051098047,-18725155591,3541957183,1351710557,-5391155,-40835505,-2796967,516759,57967,-2469,-413,3,1 # comp 3x8 (3*8) r=24
3677357788564124247813,-2281734121698214331007,-1555855359195758547539,1783911173442655236666,-470762862315417919889,-57810997775880113024,52096092160012622581,-7186232740295640003,-1094874966683427062,408015683090346505,-21728829883187223,-6476941793142895,1017315766305282,2606396593577,-11846533497785,802664294636,39081418970,-7140074161,176316865,19778626,-1399545,8724,2133,-83,1 # comp 8x3 (8*3) r=24
32268198813981669225,-195694331246601093960,378610100882201563004,-310314985256475780852,93048769616561019586,21159155659231387416,-23980078947425998762,6262244630336435928,101964721855983685,-446786357531818728,109146834917255660,-7305436393153440,-1967666292730493,585817109756556,-69462657478606,2631218286108,447401748484,-90451314864,8714619182,-548602344,23999317,-729360,14774,-180,1 # comp 3x8 (3*8) r=24
-1285056111574324985,1797631370873852899,6276279022919219923,-2286908534110937203,-4221894655265236962,1558292046628236850,749880308937242406,-289300592602437474,-57278301659440439,23471376419709318,2065269916341027,-982653589704032,-32672240705012,22933674914800,56724869048,-308829346812,4835854993,2425982355,-65018550,-10863008,368476,25450,-982,-24,1 # comp 8x3 (8*3) r=24
-6864165822542118912,34345617809486118912,-9133899847443873792,-76274642939421597696,12306661369872818688,19334009777163464448,-4987372831796589120,-1253226601473198336,486042484436676816,15476472278840176,-19933617371024812,1112549611982552,381602090818069,-45588691529484,-2763480553494,684933644212,-10756528249,-4457720200,263980576,8779776,-1247373,22756,1538,-76,1 # comp 3x8 (3*8) r=24
258353993,3967915863,13190905761,4344828748,-41284435671,-51602944824,20165001299,56120707305,5232921522,-23950347701,-5538438525,5168256321,1485274310,-626422971,-196885467,44593718,14615136,-1881021,-627135,45774,15291,-586,-195,3,1 # comp 3x8 (3*8) r=24
-482322913,-342478765,9029259655,-9231638678,-24014571165,32785039004,18959270123,-37209688467,-1190047298,16710257053,-2445497749,-3759466181,856176192,472376765,-128808461,-34927848,10481920,1542435,-488621,-39668,12925,542,-179,-3,1 # comp 8x3 (8*3) r=24
787406410992451396,262887746858931404,-1502397862392753478,282291321774059202,832130000257569345,-455025835960310748,-62913876711748724,120117462099434220,-36313814255189556,842913173104920,1952980264443912,-449342409526222,16516509904573,8755132867142,-1478254069728,34522849672,14572993456,-1614322602,13278856,8852358,-605837,1690,1492,-68,1 # comp 4x6 (4*6) r=24
88983544419701,-455424542168514,-3591825556305327,-141066493112831,12718578649895742,11979861680813133,-1384244496524770,-5397120799975674,-1917103551062526,112753557573761,198159809520162,31557179619678,-4691251045178,-1945445284140,-114243847260,34209449210,6075864738,95705541,-65457491,-6813840,-98553,28376,2346,78,1 # comp 8x3 (8*3) r=24
40276703528602659,-98145406114946316,5710937325622074,111026156774355360,-23759451111269007,-45261632518239924,2493626358241233,7672722693903627,314079429968800,-633427472938968,-58041767980670,28989879509928,3571409569204,-787847644614,-115852534880,13069137591,2208458359,-131792658,-25440572,777165,173563,-2421,-644,3,1 # comp 3x8 (3*8) r=24
14201425073962077400,-17413036588240191600,-39219904243768874120,15374905122815014160,29504006518615640124,3172708762888329872,-6250918463399202792,-2286234249179870080,156626389564261506,251395687918524484,51294855168446782,-1424960288295716,-2451777208751849,-468633528755492,-29996334086722,3918443351156,1185362622001,150774847772,12347353322,708610500,29019833,835716,16138,188,1 # comp 6x4 (6*4) r=24
-9945036025830302427,27040425746744600712,-23275003870532226663,3307145594370393828,5797438975256000913,-3257705214506914785,299681128708537607,264272433140544969,-94331834614412208,5875821777604984,3072118870346973,-719274241582725,21191524867444,12965715998802,-1845335544126,3079497960,20889598560,-1739685393,-25981837,11972271,-612132,-7702,1944,-75,1 # comp 3x8 (3*8) r=24
1035760883682784025,-2525853735215638800,-3885127808613123120,8959650309465969400,3282762731112373880,-5993547552277365164,-1299209355707446292,1394278500547611490,219049095730217346,-139482993106089304,-13974608158768412,6716053103307450,198441768998976,-165390687813344,5442052511973,1684128881610,-130634490639,-4585998424,772853918,-10849580,-1620864,63336,633,-70,1 # comp 12x2 (12*2) r=24
-13554106713925374888,-34645513761497868960,-27831587165327007304,-3503529502695385076,6653759732182321952,3640628397529326300,368399724280263158,-259298997357674992,-93605865816086858,-5576423310028623,3093653691065748,708808670241225,19088418126531,-12948455064650,-1802032128811,977435290,20749362415,1691036571,-28791842,-11930233,-600212,8228,1952,75,1 # comp 8x3 (8*3) r=24
-52416304040183451989,-44973639887347720416,249499560467370101782,-76199908259331980748,-90647532228331057011,24632566724778711444,12429252011533499278,-2574343878034129212,-788858427515867384,134364169707410472,25862249849068022,-4013109258531660,-463216447504783,71923878034332,4566196338802,-785894526996,-22757071808,5209145208,31018938,-20249220,193981,42132,-854,-36,1 # comp 4x6 (4*6) r=24
-2117426058894627711,-14286039701786582373,-38735302910729984298,-56028686365084842693,-47455140070002899331,-23610537286242950295,-5855978735108576334,251777970333070335,675165785709558786,208602221706179155,20653890696431092,-4750404033211555,-1983267395056848,-294378779161046,-9754737874387,4448451233009,1027768004145,125114238597,10247497805,598664747,25183954,748806,14975,181,1 # comp 8x3 (8*3) r=24
17659175024532224,72405182504416256,75722220006895104,-99466564532544256,-359653859482228992,-464405066657544384,-352463864311218208,-169457346418776416,-46548436739616212,-673232186549944,6098130055359224,3354441533575900,1113862531408841,268616936832316,49842073160274,7289357211312,848495174459,78705406080,5785240740,332735804,14652623,476860,10802,152,1 # comp 4x6 (4*6) r=24
-47655932935973,-168099925310384,21885198307915,389012328438380,72853189515297,-259812707156236,-85982313187381,61705203336139,25034281696861,-7131005647611,-3423439159209,446938849538,262970858630,-15196053167,-12195327040,238208171,351093313,170937,-6278860,-59598,67588,753,-400,-3,1 # comp 8x3 (8*3) r=24
1475458806323,10828465688232,6358471046064,-72002229535650,-70295111442455,142516980822690,112629691898240,-43957185565380,-49099307869124,-1297738707588,7667633308488,1593528061194,-414486107767,-175539971922,-3780963644,6794790612,1002710620,-51633252,-26017148,-2055354,93289,27618,2068,72,1 # comp 3x8 (3*8) r=24
4793769958344529,-19295897752942944,-44683465474517600,24406699441927488,71943729001762696,10548298886815872,-26197538633292838,-6386757596801568,4033576388927658,906981979807008,-341676030086262,-52718394208032,16328600329075,1481279738400,-441225473238,-22179044160,6936049539,181899648,-64167740,-774144,339795,1344,-934,0,1 # comp 2x12 (2*12) r=24
-1927583723510784,1313012925554578944,3029792204948606016,-9647010245772551168,5218794338616860560,4998544431101541568,-8906871633041930272,6276037866995841120,-2702614307360315096,776114581161384000,-145392747209477508,13433108519794600,1435263797400973,-831073870094180,180237996006602,-26192216321460,2829340880191,-234944622024,15133827336,-752515616,28394491,-787028,15122,-180,1 # comp 3x8 (3*8) r=24
-6862579622,-9707030600,108826699104,114846087088,-366354562107,-259515318164,331997055074,203944255740,-134045340035,-77717204320,28155534032,16497863512,-3190747135,-2068290668,182045834,155658708,-3137141,-6954768,-166952,176920,9331,-2324,-166,12,1 # comp 3x8 (3*8) r=24
3369370719599936,24230394020339584,-613576481491072,-168695533246728960,-386462117236128736,-445307708331076848,-313183939473189536,-135927471614085528,-27625858520736591,7161120507884176,8584761236508664,3973788590721520,1236515298756492,288059401827504,52313253745000,7540485150336,868741269910,79982497840,5846876168,334931856,14707020,477696,10808,152,1 # comp 4x6 (4*6) r=24
-118502166702755626697,-539583471257020269157,-772186049383096963347,-321963262840536046287,108019748149554943462,105909445634878875698,11334442144852973700,-8159176205233295706,-2166749127173532839,113351454555749070,100524117806170871,8434470117760524,-1429579465620680,-295196251657308,-7458389424856,2493940024020,247099550677,906795327,-1166004984,-70339948,-370298,130338,6342,128,1 # comp 3x8 (3*8) r=24
83053096441019968,164047190617028096,-90386399137305808,-193038151543759152,25696320690832153,76302166387160998,5087195719332907,-12978622651807122,-2714482169244192,863838888243070,331020087481877,-4585517500116,-15976342646028,-1860964852080,246889739598,72653322136,3288630115,-764883610,-116928008,-3899914,511261,66802,3500,92,1 # comp 6x4 (6*4) r=24
-24511525709915072,-77572508120182016,18987886710889472,149281305448809472,-7250396214556912,-60185855661734848,8115621443979152,9877153730421792,-2356551271146687,-657689188583460,263575167668882,5301484546596,-13034830649493,1367408461980,236294036908,-60135278376,1853660245,768580440,-102221068,2247444,600771,-69332,3530,-92,1 # comp 4x6 (4*6) r=24
16200577611996264834336,-12077447140801185555456,-412474027139662517064,1882311828736621510512,-124737500167540715448,-134264845202451260976,11245113179159781714,5759118003883095180,-446848946798289866,-163907469486501444,10190572406302369,3224793375806934,-141266131442489,-44429122912536,1141808321455,426021245046,-3995262251,-2773025124,-12766253,11629818,188605,-28224,-725,30,1 # comp 4x6 (4*6) r=24
-367512959788668,785502693070272,3128505288462888,-7436833262721168,1458207658403200,4521955999620248,-2264831087233268,-676916422417272,664305721022229,-52497042702612,-68216467764480,19307898514900,1056367666882,-1297130815428,188121737414,13447719420,-7487958464,877727896,-1827762,-11378628,1528779,-106296,4354,-100,1 # comp 6x4 (6*4) r=24
-185468537269335806,674314252337676988,2050743711738826564,-466686873054688838,-1909919216082693373,-534845322408425358,275290724890742316,132625326050593008,-7058402140311035,-11192550792566876,-937806554617088,404388470819078,72566941759527,-4669592438846,-1967689075252,-71947027756,21322644195,2190464372,-37343556,-16019138,-705207,19842,2704,88,1 # comp 8x3 (8*3) r=24
-72985570708042277991,-21958756164051652800,87650962518129657264,56869039683959374368,-7537752490869899280,-12377466322926827472,-849760778017259142,1118898928720814376,154444885189199140,-53105125685876128,-9120113781603462,1446639541727784,272082356977755,-23721211523352,-4530040748356,240276378400,43822666962,-1491844304,-248970046,5407464,813765,-10344,-1410,8,1 # comp 12x2 (12*2) r=24
8708940190675,493631904882213,-5512871882792421,9169794936576060,15901523411679795,-4410333126108120,-8204756581515405,350136103757217,1382249476059294,2716490944383,-113242495631895,-1358649315933,5219435532390,71942546259,-145492553799,-1955119084,2533359510,31218765,-27584621,-291996,181533,1464,-657,-3,1 # comp 8x3 (8*3) r=24
147918318396845451256,-83936290127474145440,-48614346619071531808,36732281235524790880,2160814568764082092,-5428240476813743760,606574231545886888,340852341430872720,-80610873102613626,-7236246201292600,4028342180590848,-188652235426840,-89907438381515,12910079699940,474928997346,-242069542260,14854886201,1311259840,-234454188,9281360,591431,-83660,4122,-100,1 # comp 4x6 (4*6) r=24
-117613784853024483345371936,181052564130720482298275520,-120539771159598330209424624,43798907543034782574678664,-8380580791781156825194080,230886948730523813381304,316533243974167335463676,-89231750788957018697472,11479769921936807095164,-384278370605570904366,-127055487319214183688,25865536186995440802,-2398137803252515421,87928545722619432,7220322564201546,-1427295452647046,124044201636051,-7209036683502,304876533264,-9593521194,223617285,-3763468,43338,-306,1 # comp 8x3 (8*3) r=24
-16659556566794097008,-81872611063164466624,-121636341942654995424,-60373617058012154560,8822796548643412624,19725738695206989216,6468116874020742400,-239504407774860416,-670342817783411144,-161354986052770160,-2430518312277672,6210759970182096,1296944048609224,71749515610840,-15050536603880,-3566385015592,-330844589735,-10056872424,1107607056,164474620,10824622,432752,10804,156,1 # comp 6x4 (6*4) r=24
-10794656569860390765,-30065319099442849188,-26212373215336742811,-4436142352349372122,5782245620694188379,3409967861557064151,361237599373638681,-253518977377574691,-93898632566274588,-6032164718547994,3048678772285839,719583782592681,21492718668274,-12952177625328,-1846792464408,-3116261620,20905245366,1739544075,-26257835,-11998641,-613182,7686,1944,75,1 # comp 8x3 (8*3) r=24
-42157948151923990839,-26126385412286265984,121627054445552391672,-63422319224912474880,-14216531403608182044,16083773852128881696,-751833894144146646,-1526007889429186536,195276765861987148,72835811208548464,-12089746382337570,-1938599405773320,358031634068787,30542803191768,-5772728421220,-294824330272,53457006858,1738437152,-289326706,-5981544,899433,10872,-1482,-8,1 # comp 2x12 (2*12) r=24
3572915973993,1074391068861,-16440441800519,-3995577096588,22100785081409,3182771881474,-13281460292255,-1066416514321,4106304912778,217028329681,-704690295625,-30789593207,69975591892,2707951631,-4181203327,-142242626,153791620,4439703,-3476581,-80178,46627,768,-337,-3,1 # comp 8x3 (8*3) r=24
766195084395704901696,2397873991271984894976,1736083220875936583040,-285620991320175839232,-765747317002620186368,-263806277088651774464,17452251234715190848,32664954348514155008,7971459753489946928,346838667295666688,-192446743165400128,-38578565763785728,-1521242957041024,409774441561856,63043779158432,2140690223360,-308248180660,-39248109760,-1466528104,51644288,8139152,406112,10948,160,1 # comp 6x4 (6*4) r=24
-1982463829208589641,7933524836473956121,-11817694228226812998,6952564920265128575,1373159033993402409,-4868909430196461717,3475118320042857774,-1286674223400178021,219789483316045978,23816464695773707,-24173277435504740,6571518185680767,-853668979065938,-11729017004722,29673588165001,-6986602841219,1003079826841,-102603524937,7817728207,-448219153,19157932,-593678,12625,-165,1 # comp 3x8 (3*8) r=24
-138660940774476535,-369326019325787414,-161930308441403360,176015942140936214,94989119397914819,-34509046028701776,-19005261465384761,3673586081192427,1968401924651014,-235861025968134,-121156464947640,9652584755178,4733438447652,-259238751180,-121161358334,4612420011,2049172381,-53780826,-22586950,394779,155311,-1653,-602,3,1 # comp 3x8 (3*8) r=24
3938331009113633416,-728209349127736448,-8258699129617806208,1378736777125954512,5086477098990968172,-699453813619464064,-1057173278357497704,78872862577519360,105151177192441114,-854536060842016,-5539174189798824,-261531920451788,155057480345257,14688563262240,-2091073611434,-323626412452,7607611429,3279387552,99279348,-13414996,-986813,1120,2254,84,1 # comp 6x4 (6*4) r=24
-170829979648,6112295874048,-15002072361216,4903180854880,18259322917920,-18883249181712,-75782052176,8145651412128,-2947908189120,-1049447308376,797317132152,-20922544050,-83769507110,14954847591,3576145251,-1206045943,-19300683,38827698,-2498422,-505236,55440,2447,-405,-3,1 # comp 8x3 (8*3) r=24
35625119746719265480,-186155535369080981840,297164816109453381296,-81511972364233492600,-138483357755399518044,37427975217059285320,35402941079494247464,267508181413087304,-3212904759609407374,-547381045999088356,48591764600676256,20948089803627058,1119215708282775,-231668524255970,-31933020983476,-28502500252,239658315449,14244342128,-340801272,-67988014,-2234119,37510,4388,112,1 # comp 3x8 (3*8) r=24
-972291171529975471,4039712004353340242,-5548110509344606811,2686212314192278833,698561749080783896,-1332792966660933881,514549024356215566,-1374434215847850,-59847031233836262,18300797580077849,-779828010583168,-809993006025848,213681447833418,-15724869025318,-2927424945122,871920068994,-95470211374,3310179271,454532539,-77425038,5912505,-274714,7976,-134,1 # comp 3x8 (3*8) r=24
15249305184807029733,95874997390981962669,110967280797349041075,-52405841446202243370,-42963340717469367205,15327161784425781024,5088187159933582093,-2240111046295122673,-124076790384584984,141139302469841567,-10624080392825311,-3381133346179499,590818408739106,10171228092679,-9440932009093,593342983956,42956316430,-6687385379,134716111,21339580,-1392843,5150,2279,-85,1 # comp 3x8 (3*8) r=24
1128689262626589,7017089595947964,-99527339426070402,298796315384881836,-442734338603102247,383538629514381948,-191961127903042314,31629352460581296,31458374879336902,-31603492449791396,16315740288709438,-5890197920375964,1614075190015833,-347605712196524,59846236175946,-8302824406944,929983688638,-83834379308,6032359282,-341529892,14870289,-480204,10826,-152,1 # comp 6x4 (6*4) r=24
-535303102999944,-5595238271473056,-3294831654453672,48656487599140992,-67644960160415588,23747495938943136,24480273140257912,-32791327145903216,18060407465701930,-5650528154892200,953119560341518,-24485218724208,-26143811047337,5663150983928,-367932115046,-45667321108,10699037513,-632511512,-36658270,7570088,-354695,-9016,1654,-68,1 # comp 6x4 (6*4) r=24
340874552,-8794952832,53527310352,-62823977824,-171685287204,149979128784,173323639200,-117298772160,-78858866430,46603643376,18519803208,-10595179128,-2325549907,1428850716,149141538,-115467548,-3464931,5534136,-101180,-151152,7503,2140,-150,-12,1 # comp 8x3 (8*3) r=24
20213868622377763448,336149775332455941296,51786350366487841176,-93867914002776756692,-10772010380174482600,10823359900154905372,869406743535094850,-690158256645453334,-36113376698510972,27371392412726841,806439545517719,-714496548911365,-7649026764887,12584975194113,-58853338691,-149971963253,2585553583,1186812291,-32573911,-5946191,212227,16991,-719,-21,1 # comp 3x8 (3*8) r=24
6206856345162184,-61598602135183936,115632336786027872,-45684205462985744,-76752821022283908,99943683246701440,-42293948788663656,-1851092185237600,9550278200467410,-4385510018332848,925759457419696,-49478888661380,-22339952515855,5701181329824,-433561006026,-40321927404,11057667645,-718537040,-32604276,7795716,-388773,-7520,1630,-68,1 # comp 6x4 (6*4) r=24
110739200255646256,-66656405075320800,-2384959256769133552,1434458858364630432,1016729134589155224,-588633914386262528,-191307778445512272,94412637279544584,20646123037540243,-7497766338165882,-1333604952706533,317835864314452,49901984389063,-7610642196258,-1084638866129,106389590588,13917429463,-872521088,-105671777,4086534,461703,-10044,-1065,10,1 # comp 12x2 (12*2) r=24
-41988755055833600,50875522154571412480,-45933862840213189504,-30240021409403805184,36917237886245511648,-1898051379026160064,-8236702417855166600,2899869416337550400,126878224834038892,-285175905898565040,62721114186313018,-195052556437680,-2431678085301185,506232448047152,-38377771702318,-2863517950268,1094772306223,-145203771280,12100435774,-700877912,28857093,-833648,16126,-188,1 # comp 4x6 (4*6) r=24
4793769958344529,19295897752942944,-44683465474517600,-24406699441927488,71943729001762696,-10548298886815872,-26197538633292838,6386757596801568,4033576388927658,-906981979807008,-341676030086262,52718394208032,16328600329075,-1481279738400,-441225473238,22179044160,6936049539,-181899648,-64167740,774144,339795,-1344,-934,0,1 # comp 12x2 (12*2) r=24
-61495641431594418215,206030725531664827740,220095841550471774896,-120784074917948143260,-94254256550073608645,26681390482080789288,13174853392034641934,-2687789791285517964,-832176191057748098,140093110689860964,26970461877794236,-4169802566635884,-478435453556773,74381937027288,4674577518634,-808550246436,-23039001254,5329646748,30092084,-20588628,201079,42528,-866,-36,1 # comp 4x6 (4*6) r=24
-5442882819512067,286965893423507220,1980867203872304742,1906815068931249828,-5603938361607772557,-13115368196713354680,-12716088150960308116,-7402857825711069468,-2870265568194996327,-757751220894570012,-126950017396917582,-7596737243408592,2642902663241091,1015009381326600,201711938808654,28142799987996,2967439668957,242502977988,15447687576,762079680,28596231,789660,15138,180,1 # comp 8x3 (8*3) r=24
820590849069043648,-1380856308173656832,-1525579823997979200,1457610903220972288,307561865864073392,-362154742019238144,-19666447964387488,40478611089017600,209118640243924,-2542895512524304,26348671349524,99572981269728,-1149333396063,-2553417154136,14653112630,43588012024,148488643,-489772224,-6746680,3465104,83383,-13912,-466,24,1 # comp 8x3 (8*3) r=24
-1085932592,30357528104,-87808564588,-9013528652,207475146836,-56136131602,-195577995749,56235153369,97504529626,-21029391353,-27892432433,3590760250,4673286345,-277106743,-461384015,7341726,27328657,218121,-974031,-18146,20263,401,-224,-3,1 # comp 8x3 (8*3) r=24
-12241613617960923712,19983765937703450976,-5271288690014438940,-10766052901421268489,10847092673939803392,-3739921482514329765,-263152337950592007,743136117531589071,-313093249694572914,65418488839194075,-4614286799926554,-1292033691359370,445439822846518,-62659669520133,3394803880842,336164466906,-83956068960,7340108112,-209773973,-21323484,2937102,-174834,6024,-117,1 # comp 8x3 (8*3) r=24
1737035161028735262208,1236673913237251942400,-420778170513599872000,-277027143359914019328,53730378828494664640,25489102798527327488,-4110769397759808896,-1289266302711632256,196395831053945864,40179073708725472,-6086554235494768,-814764084133480,125893641546953,11015647389404,-1764663098406,-99584074324,16771754303,590839032,-106182604,-2190656,427775,4556,-990,-4,1 # comp 6x4 (6*4) r=24
106348018341376493367205,89585899280725769992970,-125971618230282848229344,-13939607110722035334562,27950639245467712253159,-2852590694154756964416,-1943732491265569686006,469168682964439132164,18898845632130802897,-18059959450264920982,1812933798932942458,123331890062822830,-37610088692506029,2091836770812830,145131723438080,-24741716571452,925842126189,44561589004,-5583899724,186791438,1262613,-301470,10276,-160,1 # comp 8x3 (8*3) r=24
737200732622056,-6014519621139104,-25700348522577312,-19566821687908736,10741629361612332,20012940807800848,6843706456148264,-2801206830773520,-2979814957975286,-875171754554968,2772495659744,74916690692944,22240370483957,2271887840620,-292690157926,-127713500724,-17683724051,-779766864,124171732,26500408,2507407,144220,5186,108,1 # comp 8x3 (8*3) r=24
19610996267405971,50827016102869868,-22616257636736846,-103205251837595568,-12810313942435051,42870321834929444,1755956794781041,-7481362163908619,331368737139184,625537437802624,-57884699954370,-28769897588948,3555115747632,782924702454,-115601582636,-12970414267,2208457759,130331538,-25460092,-765937,173647,2389,-644,-3,1 # comp 8x3 (8*3) r=24
14189359202012184961,-3542672069467493606,-15611548519887162184,3404759814593440338,6278962549979894991,-1041115241985698446,-1192375193836173228,108121385150512552,118122282139104766,-1294651163165710,-6141092946271320,-298980996815690,167256396142195,16258517527854,-2178323060756,-347523435112,7094643046,3423532182,109217232,-13535326,-1022345,-266,2236,84,1 # comp 6x4 (6*4) r=24
303526084,0,-3791624224,0,11341750228,0,-14522681312,0,9367365385,0,-3286734712,0,674717380,0,-84892616,0,6679738,0,-326824,0,9568,0,-152,0,1 # comp 4x6 (4*6) r=24
351277889007651720901,-411180780281482319874,-71775739642697473312,300971344204888917009,-136340717431746151824,-5378266143911526520,19709697408845643488,-4479256709356189230,-363836721292144065,274992376080193947,-25893323604101260,-4436373098579500,1022708235914782,-21351639040059,-11454054345588,1023959468112,28403321204,-8123404160,264197084,20027323,-1630400,15967,2132,-85,1 # comp 3x8 (3*8) r=24
-5796893978299767169,7080334443262782828,7128386993038289912,-18918108155066806476,15177813851418831490,-5645292179497459155,384122526338944329,590157246766724199,-292887275852249465,65841722323742790,-5415543493324273,-1119296273670576,427024084393119,-61993077764688,3465234938029,329665396041,-84789723548,7551737208,-230640518,-20115270,2894038,-173952,6016,-117,1 # comp 8x3 (8*3) r=24
-391133410111421636,-810907025998728570,3291835613831807199,1225536883448420297,-2488768281684940002,-868576237037144022,533806178090616892,185478582731312826,-47084729991909516,-17071954080354064,1886336505872277,783936224199300,-33102567676526,-19441555156776,121924454232,272755966988,3779189901,-2211053067,-57118802,10186320,339900,-24586,-942,24,1 # comp 3x8 (3*8) r=24
-74749033039836502074680832,-119413319829299001173598096,-81035649557787961857132080,-28904785595016786997143016,-4692990476740502436126376,412270258843383354259032,402971390785972695222420,99625729822985616618616,12715522334188204020076,506627105752533634470,-122067737414020480636,-26866506268440709998,-2647614764226115045,-118500119447814028,4681378596607154,1273034453211302,117010696282507,6967504486734,298703285548,9479435518,222174877,3752296,43298,306,1 # comp 3x8 (3*8) r=24
-10520384624384,-206643888622592,138457828691968,725176480664832,113951835195584,-572353358971904,-215312504958368,161977438262048,89490372500068,-13633440000448,-14481842199348,-814525269448,986634427413,168396544728,-24941489162,-8327327456,-119462453,159931728,14324528,-907688,-189509,-5224,622,48,1 # comp 6x4 (6*4) r=24
-441585447054591472,3437233749929526824,1165768306538032916,-3759614267888381856,684972889117779992,741892135940684272,-226800129057716096,-51538517980009800,22872747777967393,1289323450718952,-1120987825019148,6751166790154,31793654732977,-1069448034854,-568372239616,25631588568,6670381024,-311379228,-51813876,2129530,258961,-7814,-760,12,1 # comp 3x8 (3*8) r=24
-10437957405646301,43879006626534005,4789838902408663,-83732967140258175,-16518492881223652,34971129019269485,3295822689292087,-6590855995268732,136192683838012,569561307233527,-44704510288809,-26534708596085,3000357665082,727177274457,-100850163053,-12144159796,1967491108,123534036,-23161099,-738181,162013,2347,-620,-3,1 # comp 8x3 (8*3) r=24
51749989207177,61866216914528,-176319947594416,-150913467199872,213647406243582,120095131126048,-111254005528464,-40465562934784,28486497364639,6829434119872,-3987429602400,-629292042496,325057479748,32841936192,-15923097248,-976002560,473320951,15995616,-8435952,-131456,86494,416,-464,0,1 # comp 4x6 (4*6) r=24
2520148240720475,760030605049475,-14273870833982500,6407088645326225,19131072013571469,-18515296827551501,961038988920602,4686627418202720,-1710445820807993,-113335220908927,176051683213482,-26003637777412,-4685683919016,1743998324742,-86450230628,-33371200154,5528969986,-51485679,-64105693,6340924,-63647,-29560,2362,-78,1 # comp 3x8 (3*8) r=24
-114095056717575518182256,63280919866877639239726,64706414883301019945999,-56153251551438888070738,5583150654105072146159,7782466008298699946106,-3361676475608544049931,385396551336253555452,101942305200708236439,-45004264904677395242,7244635040248882619,-402925271105911604,-60723510029729790,16031316160288786,-1766615839999208,107486194901396,-2137252332107,-248527343802,28721165970,-1620004520,59113663,-1456584,23590,-228,1 # comp 2x12 (2*12) r=24
7392961,0,-2389485176,0,45665108620,0,-11132562508,0,-401586218,0,11031172,0,94287058,0,-20776828,0,2269957,0,-151736,0,6022,0,-124,0,1 # comp 6x4 (4*4) r=16
62121076081,0,-195379029366,0,159108953829,0,-42285219890,0,1291851018,0,998218674,0,-118623747,0,-1886526,0,1038186,0,-80738,0,3909,0,-102,0,1 # comp 4x6 (4*4) r=16
-3750999842391233,4152396951350870,6906054347970610,94350630355778,174371299104317,56448155835750,-10405745912280,390366979152,-10140368527868,1085434495526,1108115212486,-146552282906,-138076996323,13435751522,10779909656,-1104171992,-384231936,46861426,6061602,-935014,-32679,8466,-92,-28,1 # comp 4x6 (4*4) r=16
3502327637716976,-12306453411262560,20648346900754720,-22302943545415440,17647036070793620,-11025615035791720,5714092551189548,-2540725566208504,991794627955657,-345131951994928,108178584748824,-30778380629568,7994623044428,-1899064938976,410101059312,-79278974896,13408196878,-1931783728,230617224,-22162608,1658968,-92664,3620,-88,1 # comp 6x4 (4*4) r=16
87937776745006996404,-156049798382068239360,42766616429743881840,37268790818342720760,-15348060920980107680,-3064099530422616432,1736827067934589772,93015858918052020,-99388977053637295,686990633663544,3400737020171524,-138217184265504,-74821244717344,4799185153248,1075305107208,-90767311392,-9735974402,1047084696,48381916,-7224648,-64988,26304,-380,-36,1 # comp 12x2 (8*2) r=16
35575187065622638225,0,-12393722118042442496,0,1864580956369506222,0,-161337838507934900,0,9010369658345625,0,-344788617618296,0,9333890238878,0,-181106985604,0,2508716614,0,-24233636,0,154940,0,-588,0,1 # comp 2x12 (2*8) r=16
613222667914151952,32853865719480768,141755354839870752,8134972794343008,-12930440748140912,-557832361019504,-1978080265755096,-114735097529520,476060400648440,23632234397128,-47709861648028,-2177755929236,2613014715553,105586773344,-84221784722,-2879269196,1661701687,45660200,-20244136,-416332,148079,2016,-594,-4,1 # comp 6x4 (4*4) r=16
10239213721,0,-109644903874,0,138478319241,0,-54044637610,0,4877555210,0,-145531714,0,139504121,0,-31127174,0,3095690,0,-187550,0,6921,0,-134,0,1 # comp 4x6 (4*4) r=16
-177119576986992,493372886974848,-583900552956608,537602196426432,-426629527272064,308927985734176,-155113330851616,-26498957432800,69508001136096,-22462180609776,-3907969056744,3667712660880,-488041256056,-158646761408,57748950464,-3210705016,-1553590918,355393368,-22746476,-2511692,632465,-58968,3018,-84,1 # comp 6x4 (4*4) r=16
1303568918283536,-6356410640142720,13596140473298560,-17542298402992512,15783310544132192,-10782068479011520,5895938554674176,-2665220997047296,1016063760910552,-331525534956832,93948615081696,-23572520718912,5390515769696,-1166895733744,245762149728,-49739738272,9190569481,-1460969680,190515456,-19651704,1550242,-89760,3584,-88,1 # comp 6x4 (4*4) r=16
6360537818362936,-15837188801972256,-2728318812786368,639166915098480,-1304219329044,-246237683196048,-141839967251312,204678075430992,40363541090090,-35532028969920,-5069579263196,3157250759004,368373879749,-164746291584,-16721837002,5149140564,478844669,-95315904,-8424736,1006692,86463,-5520,-466,12,1 # comp 6x4 (4*4) r=16
7304467569712756,3697120359419616,-6888238694978960,-3774632753243640,1686207228790032,1151002636474272,-64602157124100,-125843230896564,4452166326881,13141432633416,389125502084,-955221683424,-87086344448,43940554656,4668797256,-2107639392,-360521810,35829576,11273020,267720,-113036,-8880,148,36,1 # comp 2x12 (2*8) r=16
47537246615076,0,-116204985551520,0,103169180295096,0,-41004266699812,0,7675711103776,0,-836267052004,0,59217827049,0,-2867196578,0,96253259,0,-2201172,0,32419,0,-274,0,1 # comp 12x2 (8*2) r=16
231916406929,0,-3404003983744,0,5338661894958,0,-3019533785140,0,791468355993,0,-115869119224,0,10668177182,0,-666850436,0,29343430,0,-896932,0,17852,0,-204,0,1 # comp 12x2 (8*2) r=16
115939605938168,194527591367456,-299142611963552,-12417515649144,157289655229721,7456588034732,-81763930142226,10181817962628,24322364120693,-8279792394696,-2386151258752,1605794441784,-52656258574,-133689934208,31101680804,1168627920,-1566586590,251391528,-4104800,-4227392,724853,-61740,3054,-84,1 # comp 6x4 (4*4) r=16
12995007346903552,8081636132514816,-1598972036415424,-963594530730816,718707744744208,413308202110800,-156275238156764,-94576702965072,26322907615652,14554835403276,-3026926679794,-1605061597050,229543142353,102272835162,-11190295532,-3655719624,344791551,74494536,-6535246,-852834,72459,5058,-424,-12,1 # comp 4x6 (4*4) r=16
25,0,-225832000,0,1775539920,0,-2870461300,0,1911726474,0,-621818752,0,110802206,0,-12351140,0,1057681,0,-75124,0,3650,0,-96,0,1 # comp 12x2 (8*2) r=16
4585592089,0,-53409057208,0,121276937350,0,-34978266380,0,1852028305,0,-478933888,0,293087294,0,-52628740,0,4821574,0,-264692,0,8644,0,-148,0,1 # comp 4x6 (4*4) r=16
10329796,0,-148979008,0,517427628,0,-642849408,0,301858489,0,-39886968,0,-2263324,0,354456,0,35850,0,-2504,0,104,0,-24,0,1 # comp 4x6 (4*4) r=16
-20559816806608851,2632550306539812,10459154358160152,-1094505393793452,122320590647518,-25279613699512,-256034793190062,25204772941400,623817628302,-272092325528,1989627418296,-231712873844,-208756259365,25406022912,12415966440,-1584197388,-395204632,56245108,5909352,-1030160,-29277,8888,-114,-28,1 # comp 4x6 (4*4) r=16
1673232646801773915025,0,-393690916008872029120,0,40916394216137137134,0,-2493749119708506868,0,99682365832679961,0,-2764367639873464,0,54732728150750,0,-781798798724,0,8011045894,0,-57482788,0,274172,0,-780,0,1 # comp 2x12 (2*8) r=16
22429555225,0,-1167374191808,0,2353939985904,0,-1576618362548,0,461760681930,0,-73415398688,0,7234698302,0,-481551076,0,22601521,0,-739220,0,15746,0,-192,0,1 # comp 2x12 (2*8) r=16
752317266794691609,-42921256459940910,124335417656958012,-7904962198571310,-16337408522965797,778881175386770,-2944825198680208,181976054785272,647572772125770,-33499717069550,-58768881872300,2741118832990,3028176707731,-123801211586,-94386646124,3238005968,1822964402,-49847074,-21805312,442442,156323,-2082,-612,4,1 # comp 4x6 (4*4) r=16
144366561936,0,-664635609792,0,845962665600,0,-202302509568,0,-127095320,0,2246199040,0,31815496,0,-32364752,0,3269377,0,-198356,0,7378,0,-140,0,1 # comp 6x4 (4*4) r=16
745893601117180920,38153012991501600,-31531111304818896,-1065019540130784,19793112985900860,998448881779056,-3421397876267240,-160720690473136,453258384652614,20902147826392,-42874911537644,-1895826318728,2382492446849,94989368964,-78090533566,-2661128996,1561660361,43058064,-19262752,-399632,142795,1972,-582,-4,1 # comp 6x4 (4*4) r=16
-303869707063181312,36370717045363910656,-35912016400707462656,-17179924786826712320,16913042282379486592,-177072509634985216,-2073015840409075936,331390619970645472,124917748161128816,-29179641012259456,-5585614107983120,988689780568352,159261611933984,-17119733733792,-2720783213270,167837709046,28143931671,-952990524,-176843218,2987000,651560,-4436,-1272,2,1 # comp 4x6 (4*4) r=16
-7348997918384,358754769697896,-364093500785246,15650633346136,107227281661519,58496001767312,-104848895253318,2459714054372,36765884470757,-12019660313824,-3015386711972,2227951867032,-166567242474,-146717361088,39742637812,-77047056,-1601649798,289998072,-10551790,-3647792,693947,-60816,3042,-84,1 # comp 6x4 (4*4) r=16
797780025,0,-21539270550,0,30663199105,0,-12950983598,0,1653770778,0,-182992278,0,46399329,0,-7068642,0,747162,0,-65226,0,3585,0,-98,0,1 # comp 6x4 (4*4) r=16
111471364,0,-37062854344,0,91416182476,0,-25107809916,0,393891604,0,-194922076,0,215114469,0,-41759062,0,4017235,0,-231468,0,7927,0,-142,0,1 # comp 6x4 (4*4) r=16
797520262329215185,45438799676411210,94927370953896484,6260953947103846,-10816542555071905,-494532181049514,-3387263814456000,-201719891274456,667115990562314,34235800544962,-59243199694964,-2754152637318,3033922513879,123908040634,-94415555036,-3238795216,1823049786,49855854,-21807112,-442482,156335,2082,-612,-4,1 # comp 6x4 (4*4) r=16
71688171906386093556,101848358273187132576,16629204972272344560,-26677083093806016120,-8493984532262493008,2423506855658514432,1056989279745369180,-93933087796095924,-64795445189298559,894589883460936,2367985511045764,62370304854816,-55780565187008,-2967922745184,862138161096,64772584608,-8457564530,-830511864,46368380,6275400,-79916,-24720,-332,36,1 # comp 2x12 (2*8) r=16
172676815936,0,-550528957696,0,241923290800,0,-24336254624,0,-2277051860,0,215387360,0,31150765,0,-3881762,0,408499,0,-52444,0,3427,0,-98,0,1 # comp 6x4 (4*4) r=16
179881744,0,-15847161344,0,25580889888,0,-10372115104,0,1561634376,0,-224679440,0,44963024,0,-5550920,0,550329,0,-52108,0,3138,0,-92,0,1 # comp 6x4 (4*4) r=16
-20315259567920,-281762766750720,-288658382196320,-116937442217920,-28037831043344,-90756270628064,-89414954452512,5551072584448,36818316191024,11384810185072,-3142222827368,-2226043074240,-164722899936,145917448432,39349706416,-1731144,-1611224508,-290764656,-10591948,3646532,693929,60816,3042,84,1 # comp 4x6 (4*4) r=16
2734348681,0,-18724332850,0,22619740621,0,-8486618474,0,1429602898,0,-288745786,0,69012845,0,-10462162,0,1174894,0,-93218,0,4393,0,-106,0,1 # comp 6x4 (4*4) r=16
161829198400,0,-1113703272640,0,1281556990384,0,-263306596544,0,-8983824815,0,4330816712,0,-17454452,0,-46667816,0,4708726,0,-260872,0,8764,0,-152,0,1 # comp 4x6 (4*4) r=16
1951851483610140533184,1821036740737615876224,79639504216371055944,-527408625296705581152,-242580316896524842929,-18993057826792825080,16826599701785435331,6014367916995753426,627750884056028410,-86644959362375238,-30606329518297073,-1994783400004674,433128818117110,98235827630742,5744652210952,-617475273804,-137025243830,-9685494408,-14189669,55104690,5173039,257526,7714,132,1 # comp 6x4 (4*4) r=16
-21375580129777930584,11323955348009868344,17567388555385781576,-17256780686952001664,2202265651906640876,3379292120111585864,-1688258464605795460,147532921657170480,97440920469624546,-26892192478940330,-921490079385328,1398007696600374,-192941166203039,-10031590917338,5525189793296,-518999506684,-13617159327,6784691730,-550461500,8144622,1784679,-154662,6008,-120,1 # comp 4x6 (4*4) r=16
3612075988837648,12033403229113216,19537543462993792,20856897036292992,16625522655392096,10617269487019712,5672129689874304,2607743285708288,1052038739696216,377614599223584,121763872333408,35489320341440,9371765301664,2237420018032,479235670912,90868780704,14977242025,2099988912,244522704,23015416,1695426,93632,3632,88,1 # comp 4x6 (4*4) r=16
-4343805807460296,-2829875368098528,333962505763832,350187632789632,284144304991268,89331996367536,240104847183552,136407890468592,-60948704402482,-48776246381080,-221349544386,5087503171760,665622566057,-235922309652,-59119258956,2268904700,1946026090,146483760,-18978268,-3601708,-125133,15052,1714,68,1 # comp 4x6 (4*4) r=16
443987041,0,-9604460158,0,51825440089,0,-20052971114,0,1951590562,0,-345396190,0,152481161,0,-27763090,0,2800678,0,-176558,0,6637,0,-130,0,1 # comp 4x6 (4*4) r=16
-1854396023394359,-889448206974760,1377148424199008,849816802929620,104655585433604,-16092994634904,164729047441098,89897289307576,-35678135214626,-27842592067140,960779092042,3342118406740,318724876415,-198633870876,-41676664464,3265928628,1681836864,103476700,-19764086,-3264888,-89579,16548,1738,68,1 # comp 4x6 (4*4) r=16
-24675089090511296,-843753544010432,9496132681967488,518776235333152,887657057597648,-27466512217536,-320140325124864,-26698808657520,-5792116724804,560765374420,3547696738600,271837114682,-340632499713,-31875604190,17916988280,1966897184,-507608073,-66519784,6885408,1150906,-30723,-9390,-128,28,1 # comp 6x4 (4*4) r=16
15349475449,0,-68650854734,0,81129227433,0,-29775038454,0,1644894826,0,156742930,0,61041049,0,-18077210,0,2009194,0,-136818,0,5673,0,-122,0,1 # comp 4x6 (4*4) r=16
5944961452298584,9883569520204368,332554140529592,2957346077627760,-815120416651404,-448298594234304,-44137331446304,-102862865914800,29619799160082,25678413959964,-4226691593938,-2576613290628,320087820839,143584701828,-14887975882,-4672147332,436075521,88919652,-7842134,-960684,82257,5388,-454,-12,1 # comp 4x6 (4*4) r=16
-494938092582621,-5658856929978750,5321309559616779,-282406768433730,268651335911879,-33282837649386,-17837007713089,415826118292,-6388262450037,-554247458350,187577238625,74378273022,-34860620574,-6341080946,5811823342,712086652,-272189089,-35916422,4989650,794022,-31013,-7810,-72,28,1 # comp 6x4 (4*4) r=16
-9109610250616,-30727659820640,-12371628603197,28989970276526,5475479036412,-4295946204906,-527989628235,-215537269592,-45771829050,26248946974,1642650731,5899350024,1147642830,-988219440,-160037800,76027808,11465995,-3654294,-519264,102768,13867,-1468,-190,8,1 # comp 6x4 (4*4) r=16
72722097563134,3729715238904,-43812299259344,14971200388384,29085478453009,-1560542133244,-23220389434458,4940102979620,7867932562145,-2588464880344,-1372800019472,694762060824,69061378242,-94576201312,14963933236,2970669168,-1376268432,162419616,9478208,-5409272,786989,-63588,3078,-84,1 # comp 6x4 (4*4) r=16
90034172674051682164,216659563035419981664,88033724860635177328,-48308534972960962296,-26118343593256038192,3516573235740974304,2746567635867685692,-64289011216956852,-147907964326466527,-3766625794048440,4761916022875268,256403498046240,-98256102995840,-7323705162336,1317981705288,123333092256,-11049468434,-1296406584,49785532,8237256,-47948,-27888,-428,36,1 # comp 2x12 (2*8) r=16
14139112464,0,-103670140928,0,108463361632,0,-30471393024,0,-479172648,0,578695808,0,45461600,0,-21318592,0,2437193,0,-159264,0,6258,0,-128,0,1 # comp 4x6 (4*4) r=16
122184515924925221376,-141026823101782449216,-64322131714250989392,127031378409728158464,-68456994133998350916,17096738170037218074,-220773316303079046,-795165864269014854,-727466596976883,81020585948213178,-15368067762937202,-1537790866201696,951195208951972,-128426491822758,152218091982,2113309741608,-286428308798,14708641478,445376338,-123783528,9344880,-400212,10408,-154,1 # comp 4x6 (4*4) r=16
5028145111896552,-14154810783933024,-2084229590912832,-1002057056937744,-421949620660340,92842922342832,-91819631704240,173573391071664,37265076378990,-34039271804832,-4976560590564,3116449861164,366635809029,-164072004480,-16689937194,5143202388,478504497,-95283936,-8422392,1006452,86439,-5520,-466,12,1 # comp 6x4 (4*4) r=16
207676921,0,-17003203168,0,68315260174,0,-23729907272,0,1712875591,0,-329254816,0,184546604,0,-34369552,0,3375343,0,-202976,0,7270,0,-136,0,1 # comp 6x4 (4*4) r=16
1575414156870976,-7367177278412416,15292722894108032,-19217385511657216,16800144670841376,-11105258187526704,5869975517444704,-2578654364226040,966473765145361,-314529890478096,90029475591808,-22978964649792,5346099658572,-1170639727088,247477743328,-50023510768,9220456310,-1463125680,190619840,-19654784,1550284,-89760,3584,-88,1 # comp 6x4 (4*4) r=16
15693073984,0,-51967678464,0,52103882304,0,-22114301504,0,3900325248,0,-84708192,0,-46665672,0,2186120,0,385889,0,-38800,0,2090,0,-72,0,1 # comp 4x6 (4*4) r=16
2937357801389531556,0,-1413377398697487840,0,286670565904939656,0,-32424680865117732,0,2297022892491856,0,-108950462719324,0,3594215131249,0,-83874494018,0,1382061179,0,-15723692,0,117259,0,-514,0,1 # comp 12x2 (8*2) r=16
2200735744,0,-9744652752,0,13197455844,0,-7602681272,0,1880881128,0,-130608516,0,-14919375,0,1174802,0,163331,0,-17608,0,1127,0,-54,0,1 # comp 6x4 (4*4) r=16
-5381060053880,-30280593711424,-14402538547099,23793540163114,4442930204670,-3279079357834,-390499646491,-82374158584,-15946589246,3684983890,-1715746317,5097935192,977817524,-720737056,-119054956,57229216,8751995,-2985706,-425024,90544,12171,-1380,-178,8,1 # comp 6x4 (4*4) r=16
-4447419549158039,2996285127396240,628686268354856,-527898625497300,200651023970528,-15610450907704,241871210366538,-147591653121432,-58975520945354,49218934988124,-382270227786,-5083452074036,669678749279,235316119668,-59087460560,-2271635540,1946799976,-146594044,-18969954,3601368,-125127,-15052,1714,-68,1 # comp 6x4 (4*4) r=16
2380509862254976,9773340477236160,18424547160357712,21568794292684144,17902504392086124,11402111755743896,5880036539370212,2550876957112952,956269030027737,315479966207792,92787119916488,24637164991552,6005553490796,1369671632704,294742786064,58907835312,10533621486,1613561552,203674088,20482512,1586400,90728,3596,88,1 # comp 4x6 (4*4) r=16
705929742366401680,37722472515484160,76616353571676160,4703484493014880,-1474524294721024,-633180519408,-2858159140251096,-152595807055632,514794376729412,25071336033448,-48646688025332,-2203338389220,2624380019329,105791888224,-84279284402,-2880700492,1661847555,45676680,-20247376,-416412,148103,2016,-594,-4,1 # comp 6x4 (4*4) r=16
1763496036,0,-7692453200,0,12307551920,0,-9166527044,0,3502353388,0,-818283976,0,134157901,0,-16126706,0,1438343,0,-99128,0,4447,0,-106,0,1 # comp 12x2 (8*2) r=16
10118146921,0,-78188764120,0,120753534006,0,-4054542604,0,-7713985823,0,714300640,0,199467902,0,-48017668,0,4679686,0,-260820,0,8596,0,-148,0,1 # comp 6x4 (4*4) r=16
11664,0,-3514456512,0,13316508864,0,-7385395968,0,992060136,0,49320576,0,-7267752,0,-986256,0,119313,0,-10404,0,1170,0,-60,0,1 # comp 4x6 (4*4) r=16
868044089607172864,49356472727409920,50185959394061632,3769449495467200,-2517449587158592,-68418556788000,-4049895471200268,-231259025419632,696374889890480,35338140296980,-59953591243760,-2773701745110,3042544120951,124068278506,-94458880604,-3239979688,1823178087,49869024,-21809812,-442542,156353,2082,-612,-4,1 # comp 6x4 (4*4) r=16
61220711163869628804,-79284236242853514384,8722833521926569408,21975188437869010056,-6144240594496467872,-2092908709829211144,810774733656672452,88569022048171572,-51640723216610407,-1304089651000200,1954886086212388,-36428264096160,-47736600814000,2265260988576,766415872488,-53946073056,-7837690154,733793544,45159292,-5824536,-86588,23928,-308,-36,1 # comp 12x2 (8*2) r=16
38015640576,0,-142680807936,0,141867820224,0,-50625243360,0,5164764948,0,449623644,0,-69074147,0,-5114526,0,1132971,0,-82808,0,3939,0,-102,0,1 # comp 4x6 (4*4) r=16
22630388356,0,-106799163984,0,111448510500,0,-35482275960,0,2162986089,0,662162856,0,-88329764,0,-1614312,0,819258,0,-66072,0,3432,0,-96,0,1 # comp 4x6 (4*4) r=16
86302380955554249,-262377811445800760,122122338854102616,178985380543434580,-51487136503180230,-84230805974721056,-9690180521432228,15959415251528444,7083510661112071,511533519112624,-349862460864016,-82491352226792,5177391954132,4520548298144,585360058952,-28595392136,-16721029889,-1868824920,-26257608,15933108,2070994,134112,5084,108,1 # comp 6x4 (4*4) r=16
-24693866445102939,3261866840553258,10283304318935559,-1024728772598430,381124250491009,-60253956149030,-345442897167033,34134432722676,5702753581385,-919718076302,2183276139581,-248007344750,-235723649306,28479137306,13491320926,-1730001308,-414716369,59591834,6037082,-1066414,-28921,9042,-120,-28,1 # comp 4x6 (4*4) r=16
-27040884310102554,-2531829680819496,13808891401799340,-1153180790959788,172711272043585,90951960581864,-225537756231254,23061089406580,-16884542347927,-71469090320,4534398693872,-340061007032,-391474956238,36856853968,19383160460,-2154770072,-529896592,70279480,7023764,-1190108,-30259,9544,-134,-28,1 # comp 4x6 (4*4) r=16
-7897981332875,-31526980517920,-11270310452110,31349297406736,6113328969225,-3805395118756,-366047585104,-537152985880,-104316988934,65204009188,7426379202,4864424288,1053928382,-1095335020,-178838098,85913188,12957209,-4009780,-570044,109060,14742,-1512,-196,8,1 # comp 6x4 (4*4) r=16
9697685345902611,11323358570447622,-815146930618350,310432380815346,19577731646245,109209508426326,-134143421062288,-135544685765832,33011731993596,24896768748534,-4078561149042,-2409212615202,302030668881,135376501914,-14113485156,-4461149376,416764800,85920138,-7568322,-938790,80265,5322,-448,-12,1 # comp 4x6 (4*4) r=16
-4937819076386451,5067088799042682,6524265192943257,-95875741592682,178938470806053,-7356144966122,-76833813918277,5452047788880,-4679735687553,547120612142,590301845611,-108139070554,-78136209650,10912521482,7503550990,-929980748,-304916977,41170798,5253932,-857990,-30667,8118,-84,-28,1 # comp 4x6 (4*4) r=16
2525464516,0,-21375761248,0,15530977932,0,-2791634224,0,-19991431,0,-13311328,0,11711708,0,-1576448,0,208490,0,-29888,0,2304,0,-80,0,1 # comp 6x4 (4*4) r=16
26699038819170879888,26574731476705539072,-2688580500816126960,-9651222460320105216,-1597857946058756924,1089839613404357952,286394632210379808,-58477431381710304,-21456279207348256,1587981246027408,933725168292196,-11805110605464,-26189176613348,-654926364552,485781388008,25613932296,-5804860943,-451147068,40045484,4371252,-105782,-21156,-224,36,1 # comp 2x12 (2*8) r=16
80381322256,0,-231054849984,0,198479238912,0,-65427272320,0,6381019944,0,538286976,0,-75723960,0,-7385328,0,1446489,0,-100420,0,4458,0,-108,0,1 # comp 6x4 (4*4) r=16
-71927618981549,-417328363821046,-395931785543666,-89011881777402,20314328294961,-102985865871450,-113872024206328,4490207569812,44066309537612,14166104784526,-3315183393042,-2566847074254,-235162509271,151468810862,44131718600,773636840,-1605377540,-307911438,-13692758,3360722,678533,60354,3036,84,1 # comp 4x6 (4*4) r=16
-16528344702990336,-1562942499121152,9277968752131584,387399345856512,433675478589568,-30750937636352,-180760499737664,-15165603608608,-9457960099216,-318811362232,2706857562074,227875183706,-268548445951,-25119935890,15372770408,1652831504,-464483857,-59494300,6614354,1076282,-31489,-9082,-116,28,1 # comp 6x4 (4*4) r=16
-4458154988296638,-2436544203494940,9272003728028958,410260469783076,-305353406663181,-80486044603740,53005070924310,4735656971436,-17328669361223,-1621866749208,1771219976492,187699623752,-176020680690,-16804738104,11949500460,1244008760,-403430028,-49870860,6204310,969876,-32401,-8620,-98,28,1 # comp 6x4 (4*4) r=16
93196279843997058043360,41652248219912895455920,-6379492126009569565208,-4801164212070991466576,91702313816363891944,256864183146233017192,5261396508292260876,-8477992184364434488,-290857594753597812,192796673472349060,6936693082450910,-3177483602796988,-96959245775506,38647581416814,807239288473,-345201348938,-3211837789,2205553548,-5864970,-9543476,133946,25034,-609,-30,1 # comp 6x4 (4*4) r=16
-83273857797799296,376894689698046240,-475121698630416,-227612005398023904,109716012911226672,-12432268088360832,-8476076496830832,6242249190958896,-1875232044469736,12606557571408,154436856658048,-35310653568504,-997421534360,1347247290546,-108366364073,-19706497326,2942136097,121361064,-33973490,-120720,210790,-1866,-701,6,1 # comp 4x6 (4*4) r=16
151633138801,0,-712905263090,0,955105580841,0,-292970923910,0,15023855554,0,959654726,0,170728073,0,-45750842,0,4084114,0,-230790,0,8089,0,-146,0,1 # comp 6x4 (4*4) r=16
13558528764556207810596,0,-2673838535180214548000,0,233794257546621731336,0,-12011016920923672892,0,404998669442334496,0,-9473087650807384,0,158066329240849,0,-1900022815838,0,16354526939,0,-98389352,0,392779,0,-934,0,1 # comp 12x2 (8*2) r=16
1770539042051429355,-4646769330506004360,-5982045728501583639,2655534755601429804,3932812874235843864,291670297623516006,-641751103696546062,-148262468983145292,31797885996035917,12584418327851892,-251733785719208,-462858707006922,-23545603183103,9138977841912,907136663827,-94329563634,-15212851163,288044724,128841937,3033510,-484391,-25854,409,54,1 # comp 2x12 (2*10) r=20
-2004757772951086172,-554956436589759008,3361384832299118144,402330177631090240,-1626881395683699028,-176776585092631720,344348102157660096,43680976239152616,-35368615939797043,-5241427209921308,1800670286309236,301001361289020,-47621487268924,-9127383218100,667879941476,158249858452,-4107401502,-1570069676,-2427764,8677452,157664,-24668,-708,28,1 # comp 12x2 (10*2) r=20
95818569466609456,-360302035514957280,230602223205865008,319775344413068832,-185535959839416288,-84243193841094424,43590252993375392,10704843362468392,-4566880403787494,-855275112160256,260906011380605,45164299558258,-8855230317515,-1570869807340,181681772829,35839349014,-2043571407,-515511328,7191447,4157878,53343,-16732,-481,26,1 # comp 12x2 (10*2) r=20
-49680370467280215900,20211899587017626880,37206105698429464608,-5575294792062471840,-8119444670376895512,835667603267896080,870149028326542836,-83298218014589940,-54138080684310756,5474577332009200,2096462405638776,-234466122709020,-51599979023732,6542755158630,787751020479,-117710551430,-6697366491,1308170580,20433682,-8188500,79194,25390,-621,-30,1 # comp 12x2 (10*2) r=20
-406422094763544388,2883513979519728768,3798788355069034836,-411497511192212864,-1454500326127877652,-171206937263384164,192082892611286688,37548730267434056,-12877602154660856,-3307218922594654,467233262698839,159965753983442,-8053351601245,-4558348512582,5443374231,77617995986,2160903143,-776125450,-35614519,4340614,249413,-12398,-811,14,1 # comp 12x2 (10*2) r=20
-1036672653620798991,1604308529028276360,498723624481763448,-740728312417405224,-99994837330968186,140223355492065534,10232685506394012,-14759811190486950,-561843875397434,982097923527228,14432941157295,-44109486652656,121991702359,1365298079706,-23743443257,-28459000566,859550397,376115070,-15305375,-2884962,138439,11454,-603,-18,1 # comp 12x2 (10*2) r=20
17848734784029127696,-153295481035679670720,-75098883776912550848,158355029048773721568,-4108429134954068480,-32883788351623992528,3703542737337470008,2670520593941463056,-376099053695444816,-105397183948410456,17197495590575412,2182194152795348,-431774739176307,-22384617978348,6361757452278,53824252288,-55358584377,1105781136,269655432,-11341004,-613685,42116,182,-56,1 # comp 12x2 (10*2) r=20
722913867952278809,-614951214823272600,-1169946230972300376,742098907380927396,652818084820498890,-252179642310082736,-155964387782512024,31700151450272100,16618025328889929,-2072060004786576,-949483554768104,79642207534236,32478400642026,-1903987851424,-698751833828,28555405064,9485115070,-259823952,-78703804,1360272,379756,-3704,-968,4,1 # comp 2x12 (2*10) r=20
25512702763874956900,-32793641700581455200,-40884300830006448780,31949149431505547520,22845788937886356525,-8756366634059821704,-5106204562050016322,535189748476097520,386660209240519581,-13584516404597424,-14419323421694012,169554643225920,312178487649036,-894963966984,-4242411446122,-1764377640,37097884246,42882696,-206310772,-171720,697036,216,-1292,0,1 # comp 2x12 (2*10) r=20
115961057921668612,-621035549301017088,590610978378480432,358367710884236032,-418157821877863276,-75189870774145400,96672278495624376,11035440246345256,-10649378717712267,-1198139457053252,626851921412884,79434321179388,-20567043163956,-3000234529292,382466366148,66787167188,-3545978598,-843996692,9753020,5829964,71088,-20356,-540,28,1 # comp 12x2 (10*2) r=20
-299582606659195043100,379126697829868542960,64720820938653194148,-164017410513838129224,12159983899245067848,21408443895593802780,-2694958090412088348,-1346377253065639668,191285530873916490,49064461427854770,-7172034448311017,-1134471149583946,164267195975329,17375807639490,-2439418511517,-177891330714,23820078877,1190821094,-149779103,-4911702,572811,11034,-1187,-10,1 # comp 12x2 (10*2) r=20
-531173948917356436,3973409587394963048,3077820760564906220,-8614257209334070508,-4888801237361913902,4687754717455550276,2501454733338865593,-288102676965666778,-249525469992966883,-606280278527816,10750860176336800,504148737352892,-247436251307520,-17982811022800,3245280008234,305514880180,-23462342846,-2856411544,76247796,14545136,6278,-37436,-611,38,1 # comp 12x2 (10*2) r=20
-7673870007656975,-74619667561379400,-116070501596373720,-29209744452716280,35467596776749506,16631355210298194,-3847768656629896,-2915910827124258,115776927280758,270544039656792,12854503117527,-15007353522312,-1582048663117,497271485346,79429063179,-8625117090,-2126372703,34749486,29438125,1021458,-178005,-12858,225,42,1 # comp 12x2 (10*2) r=20
-4738360015843400444,-34833662105575503520,-12057341700476315728,13620508788790814512,5444773598769200192,-1763199447703521144,-780301974373357164,116366017801358876,56757031974054180,-4589514708505232,-2450604878797236,116850634048916,67235030903242,-1996443209382,-1203130643617,23151620442,14011326033,-178380524,-103255322,847820,453680,-2110,-1061,2,1 # comp 2x12 (2*10) r=20
102426539121695385,-6024074656358880,-137964448483178274,56966822138056824,39856105670037795,-28303674762638592,-470423750049410,4327726146356894,-874060571405601,-210418558607114,95161645259400,-2357894246548,-3987076221565,514918044266,93484860057,-28852014980,1307874417,443956010,-79183060,4290452,199872,-43370,2727,-82,1 # comp 2x12 (2*10) r=20
-954241870811956352,-292239337616024832,1621685805926842816,74843110234598784,-705130069248834784,17021245096556352,134077705840918832,-8154260811908256,-13169031084855464,1141121740465968,715087506923412,-77239178868792,-22336231985002,2856008146428,407669099409,-62089485054,-4027108727,791092686,15939920,-5671392,37041,20802,-477,-30,1 # comp 2x12 (2*10) r=20
-164604625439476336,-1099042259999564352,-329516130598740960,1702655838705957248,392799890465467616,-797695166131187440,-50760185333258408,112853555653365248,5140094893284492,-7591197724748264,-363112977098528,290379827097084,15218399705829,-6899032216804,-390754448538,104034448872,6269102619,-960526688,-60040660,5132204,325107,-14340,-906,16,1 # comp 2x12 (2*10) r=20
41191161167109184,-39737067791046912,-266024188599660160,-145631452836561792,85707727272829216,54575090434255872,-11832925620617632,-7934108631986304,1017279583885044,636676031632560,-61509990650288,-31825564713624,2680362853364,1033452430392,-82992904748,-21681879780,1747300013,281410800,-23190308,-2093736,175534,7992,-672,-12,1 # comp 12x2 (10*2) r=20
-84176236903254876,-29450974000688640,428071230026989344,-168380702061477600,-168060989946448440,45189190179173520,31119709393669236,-4426991982405900,-3226968217570020,204688153353200,209525709002520,-2263409123460,-8962784879804,-311717977590,234454255167,17003477510,-3391640427,-364997940,22875346,3731700,-27438,-17470,-333,30,1 # comp 2x12 (2*10) r=20
-50256715081068909,105521150658913920,82496534325164397,-103011930035391312,-37960844299123518,35655881071410864,6241391348129568,-5564682183345354,-447585825070779,467988518700870,13382892096193,-23999552213228,30019176352,817932084342,-18239832423,-18636726648,741319531,264532450,-14042198,-2134644,132378,8754,-593,-14,1 # comp 2x12 (2*10) r=20
-1216701678341205468,567371576191461696,6799190744500907040,-3073799487118321632,-3107468954024200080,920970590877617280,571207558244414568,-89119299990488296,-53002661168315684,3220219313196284,2691509632058272,-8516478684316,-79574036502092,-2697201084088,1401679899580,86310538400,-14105539538,-1235507674,69022951,8733074,-88931,-29494,-383,38,1 # comp 12x2 (10*2) r=20
-130068040294070000,-123349555001232000,25744033338510615600,24443231835310010400,1743599842097413860,-4132545785456691600,-774405707646616496,300210561238009560,69455495846775216,-12393629285627988,-3143670134795444,323455726310880,85383638346618,-5585371377792,-1480564575511,64422139542,16574206609,-486923376,-116949646,2283012,491500,-5844,-1103,6,1 # comp 12x2 (10*2) r=20
-57216457448110000,-651139276967500000,469487814815968000,693692864870894000,-219008006690046400,-240891629736685200,32196530124605780,35930201542627600,-1799884278047866,-2756981313282822,23242035692235,122964477687658,1936550968277,-3408699174998,-108727263553,59648540842,2619937797,-639641154,-34127871,3915038,237775,-12018,-799,14,1 # comp 12x2 (10*2) r=20
1286316394516955684,-2539738014625188608,-24664572582512988160,51028113530843430848,-15011000266787619392,-17321592785301946256,9424453008079247688,331925257871793448,-785507757839656948,40345983896737196,27638938747134880,-2253914780097092,-515774524023540,52003617133240,5428905181724,-659223553600,-30677958836,4850466214,67587471,-20199506,115103,43706,-791,-38,1 # comp 2x12 (2*10) r=20
-21201401113397144604,-57779642563626905856,-29010381312038152320,12179098325681616384,8647482294253584864,-999536806044188352,-1017796169566024512,41460498789581952,66933238276388364,-861560362239552,-2767258407253512,4265002619904,75296603224828,183605536608,-1357760678144,-3822615168,15884758721,27681216,-115419212,-85632,490262,96,-1100,0,1 # comp 2x12 (2*10) r=20
2314030530301341732,5675417926166025216,-9527818283977524480,-29890805756356828992,-9041010086039600160,12567387471370603440,6573188489229368328,-385626689042139496,-584366471553437684,-22608059833490716,21769468252716352,1579626538508804,-429479169125732,-40070363450488,4787516791420,544636088000,-28879139528,-4248807934,71426551,18599714,83179,-42034,-743,38,1 # comp 12x2 (10*2) r=20
-529150115837810007,-1023671803856515344,-131126183872665912,596286609653899656,177343494353743392,-114535239193740252,-37453413921879366,10831417074770046,3623969814173310,-614641614671184,-204920469942890,23120591821686,7537099756052,-600314697158,-187967960565,10756246142,3157165737,-128879100,-34138482,961940,219852,-3854,-745,6,1 # comp 2x12 (2*10) r=20
314922754507759225,407979210080952720,-20458509841333671840,-26651898241438633416,-697019141919400320,8774274827985785724,1977771404143721816,-713560998992608758,-229913490579037782,19219679622243528,10423438900714104,-27827662367622,-247349388065020,-8879522316348,3371367388377,204821392794,-26431138743,-2193057504,107771830,12532260,-136236,-36420,-387,42,1 # comp 12x2 (10*2) r=20
-31864987146455168,1709514971663616,89323487865189824,-7505327123666304,-55605508287579104,3451046371038912,14092028447909680,-304175171411808,-1798702356572264,-37161370623408,128871130533076,6880700806584,-5558921652474,-442966090716,146500888209,15377177214,-2195848631,-296018382,15860592,3058080,-22143,-15522,-285,30,1 # comp 12x2 (10*2) r=20
-51241055718780121,47698021244163520,74194648024942109,-59796613184605072,-32737076739573710,21199962720444952,5331634305750048,-3325308215351018,-398037413661895,283391886023126,15320820246337,-15143096003228,-269214367524,555508587190,-5272133911,-13744981432,442322515,211312594,-10345350,-1841444,110462,8138,-545,-14,1 # comp 2x12 (2*10) r=20
-229115996936913024,3147016903079558400,9888874689609952704,-748928420241835392,-5358784038169187808,-409592683030955328,901514752217131824,107148204157700256,-69462661792457960,-9733251441817776,2826461823515732,444032203368120,-64634481757658,-11513173145628,834363773073,179355016062,-5336855351,-1681173966,5105968,9129504,130017,-26082,-669,30,1 # comp 12x2 (10*2) r=20
-415047658837919521060,496067671139053912400,72864674563454556164,-202851186371019270152,16146227892835785664,26005572670839407684,-3354333097396384932,-1606302573818960692,231361915366797464,57372030477127678,-8458705645308377,-1298075071441450,188988596332167,19432371248846,-2737253168701,-194316798746,26066869519,1270347818,-159920847,-5119990,597365,11254,-1211,-10,1 # comp 12x2 (10*2) r=20
-10302762381828729084,49714934062239274752,44083103393786062032,-63566746457706963072,-21029898408723196920,13410439620392612928,3594663434884378484,-1113217390516880928,-290700615369153072,43241852181433920,12525608090953092,-806024282574144,-311332384100439,4742150038800,4631387035542,78143961264,-40759918701,-1669670688,195274716,12531264,-382197,-41520,-186,48,1 # comp 2x12 (2*10) r=20
79729807572107300,-792197443514705280,1200060919924686048,-157863475700932960,-435592556204625672,54531942312066720,69816633709476276,-4453224916616460,-6294168816869796,92585015988800,354998206702776,8159371943820,-13018798611312,-725577403230,299459887359,25790249030,-3923684211,-468805380,23783202,4342500,-14946,-18790,-381,30,1 # comp 2x12 (2*10) r=20
403742797664039681,115696170709802496,-291793798105125936,-75786244003546176,77680416115004904,17061287812470608,-11352478781953924,-2057537186735592,1067369515319454,159129958555212,-69176891106104,-8332904645052,3128778617322,287768572000,-95918860940,-6245178704,1901914861,82286748,-23347432,-628572,168238,2516,-644,-4,1 # comp 12x2 (10*2) r=20
-5190254920561812336,-4723842297856550400,42450743605642660368,39678803103557249568,2542450844352574756,-6455516360068382256,-1164104085516116528,449548316320875864,101262643063354944,-17701050999160788,-4400367218259380,439058572141056,114092342066238,-7189804477032,-1881984799639,78579114582,20010487273,-563025216,-134173502,2505924,536992,-6108,-1151,6,1 # comp 12x2 (10*2) r=20
-2352001851329290000,-41213185493752580000,-53868400943922416000,2480805187067230000,22688278837227439400,4233883153110811200,-2697970825281634900,-647231270089602640,153164060558880344,38694878436897882,-5228639368730445,-1224825415048618,118593311505287,22989473719658,-1837479769153,-266280088042,19251190347,1887479454,-130840791,-7777598,535165,16638,-1159,-14,1 # comp 2x12 (2*10) r=20
-931594670406045855,4215494215824331440,-4644475073126573559,-1795058548723166376,3907971080115625668,-107466600461440260,-986587530331895088,77508764641686554,102579525145726580,-7253037136675582,-5385752374751240,289721915218018,157455695356609,-6180665430790,-2722641819166,75695815580,28432052611,-538719944,-178403036,2178140,650771,-4624,-1262,4,1 # comp 2x12 (2*10) r=20
17666945664711336,-29598831662822784,-116744424796595484,28471646048424288,178663968122739648,79383173044776624,-23844518833457616,-19232769857763064,-684728828071892,1438754027516924,180569140300228,-55733987472928,-11083783797866,1044231651668,341866873501,-2935198858,-5664220139,-215076064,47986810,3481724,-161144,-20320,-107,38,1 # comp 12x2 (10*2) r=20
-1070329297020313482,4905488121096418752,-5184836164961140119,-2695084758561373464,4972576168251219648,-82447514690886264,-1255815182809852680,95696164292272742,129541548662601164,-8949565805412994,-6668713080519392,348711059961826,189605840365765,-7208047964458,-3175603632082,85398600404,32086351111,-588414440,-194929916,2306936,689375,-4756,-1298,4,1 # comp 2x12 (2*10) r=20
-1866925439518093920,5925418817019528960,7953790213306507536,-42325095078985783104,44794894773236282064,-14057154854046898656,-2771091290851359912,2026931194253280192,-85710798901714958,-91536742377367392,10075550275741717,1931208413328972,-314956760277428,-19725117644862,5084601750277,45808084734,-46837618013,1042546326,237333562,-10846860,-544616,40704,109,-54,1 # comp 12x2 (10*2) r=20
-7228046610234401447,-20234835682426461376,-4251128070406320888,20168613402389909456,4422096118048188128,-7981210175553742056,-443698050314822870,1218407293016932370,-31585846932043952,-74323573651398028,2612236325617486,2400274820583718,-58760577250070,-45605993062358,411154198753,527322039856,3069419396,-3678802056,-66449848,14786926,402808,-31022,-1049,26,1 # comp 12x2 (10*2) r=20
302725962674016025,381651291801380400,-424463728326234720,-355462470412498440,147629353975766850,128384220605595558,-12709493698660736,-20264038126729122,-945996395664696,1506260678606592,182300739218151,-59212567594296,-10796170767843,1205131727526,332680064763,-7944633090,-5704865985,-140199750,51565685,2984706,-200727,-19326,57,42,1 # comp 12x2 (10*2) r=20
5640877495818734409,2569138901558357040,-25646511528802155384,-2105008622551735272,12568927883237743032,-1082276683583374404,-1764005408123021574,219274922223168168,113415339975104418,-14457252934530996,-4215805814587170,488516808860508,100336444260643,-9804805116460,-1594297210762,122705136192,16992838915,-944743688,-117993644,4186996,497071,-9372,-1114,8,1 # comp 2x12 (2*10) r=20
-340311983182711424,-1301980690823143680,4266354484238078912,240156457571340672,-1997872650589527392,98860752253032000,357832401647297584,-32234365579131552,-31324408119278408,3562285882047216,1476162404826292,-195283982082552,-39422546000802,5983496261388,604240548369,-108958475070,-4840137623,1179154254,12225024,-7294848,79305,23442,-573,-30,1 # comp 2x12 (2*10) r=20
15324601148063226468,-16882087510588996080,-55717511628829967136,-20934182516426137176,19486078240502420388,16759142162418751536,3387458266665007260,-632571685331394604,-311474135291310863,-8111019847066396,10525433099381524,972178237071452,-186330779819840,-26055541464436,1810284251956,362297020004,-8237635922,-2905767964,-3449252,13356068,205372,-32404,-800,32,1 # comp 12x2 (10*2) r=20
-1202456472002690076,-6811044725002427712,-10991579745591189072,-3107941208197157664,6064848910762290504,4859452136163053520,615506995822105500,-489291593891711592,-151598027443114968,9353292007579824,7911813706732164,289780511925168,-192104598020819,-15183667184868,2499954176442,274792714404,-17181229461,-2567612184,49368716,13075968,53943,-34260,-630,36,1 # comp 12x2 (10*2) r=20
42409272625622192,1821709125730272,-6213534030987666112,-269561189773871088,3225691489425767252,521392985909051208,-577035489942050460,-152462164739959384,36693583747451949,14948502617084340,-463872361724524,-644334797443292,-34640622886896,13424499313308,1484962234972,-119992399788,-23362222166,50391532,166362668,5728732,-492476,-31908,208,52,1 # comp 12x2 (10*2) r=20
-201738641911279199964,-49993894063300019760,99886747593357379296,17902009221359266320,-19059169947593357016,-2827653885428272740,1883377263011808948,258030966092885100,-108111005298650310,-14755061414909200,3797395176041157,542995415367690,-82867183988399,-12972325274400,1090892353485,199557055970,-7585526739,-1902697620,12742003,10349850,138783,-28360,-729,30,1 # comp 2x12 (2*10) r=20
1663738499522094355,-1140165637473784100,-4953960429479554041,3349711946915141766,1547480069350306500,-920501678617288832,-233856463417915193,105865161042490160,20158347599528914,-6635803515607902,-1064369658195817,250376022673754,35706146586202,-5875719444102,-766659859196,85155982158,10350499820,-738074182,-84647320,3663512,399648,-9522,-993,10,1 # comp 2x12 (2*10) r=20
237934416045210746249,141777046091359198816,-86474394149817851152,-53467614631630964296,13374638587613767384,8214908361100487848,-1218044889407809404,-681216095003380766,74095197101431130,33835279714702220,-3110823275795936,-1051330723648838,88908315913800,20623483363036,-1675703730163,-250503328414,19891386265,1806404464,-140080014,-7426388,560696,16004,-1175,-14,1 # comp 2x12 (2*10) r=20
-2135142911346667191,-17513358357096169920,1447653024674190576,31693780634770793448,2751609611514490920,-12946775066162536512,-1479418487906011356,1897864459693138206,219040733894915802,-119262818082081204,-12612836458892720,3729962795748038,364085353268404,-64510670877780,-5888810634099,643100119518,55381227841,-3693494368,-301597790,11976276,931332,-20316,-1511,14,1 # comp 12x2 (10*2) r=20
72392382552610071025,108123801015085097400,-65813600601500661720,-157815630870454120440,-40867160249219826750,27329345908624386258,10716319368176383864,-1295390290431308322,-797172313918300746,6825980408271192,27375931222385751,978782857795704,-517909321386893,-31476525745374,5736504689163,459830460510,-36617842335,-3750484050,117584685,17388306,-70677,-42426,-543,42,1 # comp 12x2 (10*2) r=20
385339197554658000,1670413430439707040,66594739275098496,-1440697549927629744,-81237993811314480,427623443474726928,11685995481549652,-58392923289791792,45686509004538,4195331531805678,-80049960923197,-175909905661210,5589449938769,4576645352686,-189526449569,-75069724906,3711288177,755205402,-42564967,-4349966,270563,12634,-847,-14,1 # comp 2x12 (2*10) r=20
-1020528453901198531,5048941921911157840,-5361791919835316119,-3036070634231409288,5400926255355558180,-75283207284540892,-1361875178785273360,102975054609837626,140038453675591892,-9602894694664870,-7158634917321984,370794525200658,201602894172537,-7582694665494,-3340573966782,88850078492,33385792243,-605687224,-200674196,2350748,702507,-4800,-1310,4,1 # comp 2x12 (2*10) r=20
5752142004238782416,22524858517687040448,6635866150718325024,-24344913658154125184,-1191050686727306512,6567403758635891056,-136414653222409688,-747242889648816128,36439502661254820,42219540667411832,-2541761499877928,-1310408483304036,85104579066057,24393176972500,-1632762056694,-281940237912,19029337323,1992814448,-133547716,-8234324,541911,18036,-1158,-16,1 # comp 12x2 (10*2) r=20
19933212850239824,20034544957336512,-484011017393190240,-488712475588698368,140213671173731216,195237723457513840,-13376299776036248,-26723522737079168,1086582142006212,1897963308600104,-74533828696208,-82931064764484,3514971927249,2383775774644,-113168488278,-44513844312,2372403579,511376288,-29605420,-3391604,205887,11700,-726,-16,1 # comp 12x2 (10*2) r=20
52270538570804474944,112745948627770189056,-86412431280125410688,-85882310825265738624,40910795158372617760,17304336748279206912,-6002597775983873504,-1618232483711286912,379203208725417972,76102073677635600,-13186581987488336,-2022793620762648,282215002965572,32629931170920,-3895272955340,-328402615140,34997159357,2044369296,-200349524,-7530024,692206,14856,-1296,-12,1 # comp 12x2 (10*2) r=20
503618767312466521,282431384113278024,-1052155594912960584,-519982837274911332,541458661095012650,175430380382396672,-114943216332650888,-22364436000554340,11741237645794697,1493402377672608,-673853845695224,-59325780179868,23766056261978,1480431893184,-535113587364,-23317196424,7660591726,223381904,-67181660,-1231632,342348,3528,-920,-4,1 # comp 12x2 (10*2) r=20
-989210960003234817,3046979360181221208,2301088891722329961,-14620258937948166972,13061830683504994560,-2170225351672549974,-1640798575256053038,586507715994074700,37645474589662813,-36491406656720172,1697027931856192,1026926374566090,-103086693092171,-15064707990624,2323057457731,99673693362,-27895433687,146154804,179364937,-6320598,-523595,32982,265,-54,1 # comp 12x2 (10*2) r=20
29632401432855673,76044247123572720,-179912328328706976,56015539335150408,54593662259279616,-28072542459229212,-5529934700213032,4709634699426294,88936459370922,-411579287774376,26458175570424,21056651784966,-2551679065132,-629808815076,112681017561,9411492198,-2706743319,-14097888,33871030,-1365924,-185052,14244,189,-42,1 # comp 2x12 (2*10) r=20
588310898615549876,-16092002846375118000,-30861669414990202188,16924805424746227760,34415631438481631292,3737179705810803940,-6514169360571797880,-1289625293542598696,441941006607953506,96433226221611922,-15649385947002201,-3230954530555922,343053480512621,58461208019610,-4906838260233,-608312421362,45408275885,3648350134,-259309735,-12160246,852755,20714,-1459,-14,1 # comp 2x12 (2*10) r=20
566725115512131025,916312330874736600,-5693797455966814920,-9430586984506748040,1110875636378440290,4152882153409188378,647930828000737624,-428720539754355042,-106049402465884926,15466178212568952,5737339625455311,-172097917483896,-156403322415273,-3121908505014,2415884560203,119755717470,-21381441195,-1563643530,99424085,10240866,-162297,-33186,-303,42,1 # comp 12x2 (10*2) r=20
-1325601408249005,2026998824413800,23119194759482281,-36629805727960524,12136779431167144,4602706382965434,-2723458031482702,-50067561514548,205319162695117,-2079675137892,-14772102253688,193489548042,1125734914217,-111892753992,-43094414093,8360770674,412800397,-213552804,10882337,1745850,-216431,2094,889,-54,1 # comp 12x2 (10*2) r=20
-5206568735447359452,18976595273747677440,1766224976015939904,-78915335017262159424,109584166705234013808,-59735299556761324896,11466662422445103840,1679802586286612344,-942042096054650108,46406784557061256,26359309011171304,-2963208971675792,-373912606435400,62339595522016,2755876101916,-707703632084,-7202004347,4714043644,-36882512,-18238988,341422,37684,-980,-32,1 # comp 2x12 (2*10) r=20
-519468210080346544,-3760565692818753984,-347208079971393888,5446089180574330880,318608460446109392,-1980882578453048176,-82021000475237144,257691899484883328,11730822433122852,-16238009140079240,-855316333030112,570220803952644,32999575010721,-12192276678772,-748338293526,163424493144,10407406011,-1338453248,-86559484,6366644,410895,-15924,-1014,16,1 # comp 2x12 (2*10) r=20
6255446191940721616,-20022928031748188160,-11992759049948428512,53255578460321802912,-6028567339412791728,-17644709002362950464,1477055051021091752,1975879475653696072,-114437078458795424,-99800590754666216,3523401387204140,2794536924197968,-46163456021870,-47649876118330,58777690479,512347022914,5755486593,-3446592268,-73336278,13794268,398988,-29602,-1021,26,1 # comp 12x2 (10*2) r=20
-699379508729234285559,-1026579206065515286176,-267425607421790514552,196684484822037089328,77892172236487587990,-15159127628285693022,-7224141470155160840,638408953402230242,350715708608822332,-16666342401687828,-10397783598665897,288240964068500,201831200277557,-3427239008002,-2644832840285,28557045270,23507627227,-167242846,-139009819,671306,519949,-1686,-1103,2,1 # comp 12x2 (10*2) r=20
5889753814474448,12054580390935648,-906347714902144,-11597376418333776,-3614642153477552,3019482260663792,1591752182520916,-160651360572880,-196982884729382,2548933183570,18250816499331,1270303837850,-1069240902287,-155814612014,30693186399,6995143402,-321038703,-148429146,-2042279,1560462,67395,-7706,-463,14,1 # comp 12x2 (10*2) r=20
14583471194583155948,4490658550322247936,-13989642156283549980,-1651819314859338976,4265037126810902136,290147935406322464,-608389216705382988,-30311282341655740,46810496241912708,1850098743884156,-2122775767742968,-66732233293276,60878360209236,1513491415614,-1145626785313,-21644205434,13945073477,183970780,-105126766,-865244,461834,2074,-1069,-2,1 # comp 12x2 (10*2) r=20
1597313614570110532,-4619240682190216768,-6517937598740054272,29038280050249551200,-23336317350190152352,1214054621449279120,4371426014291301408,-867871218710917176,-295560393169269436,73139650376975168,9357175670036920,-2661509160254952,-146731868614852,52132020681384,996808858004,-596653921276,1364455569,4049200064,-64664276,-15873816,397694,32984,-1032,-28,1 # comp 2x12 (2*10) r=20
3429400332674868284,11965644435822840080,4446031444637202308,-10385021956578844232,490100015005252768,1780675565267222180,-193670325823240740,-143522884084938484,18586077602408096,6774322565792206,-927368429323049,-206064936027850,28483774178559,4213104662462,-573592454653,-58156393370,7648459303,526100378,-65551839,-2910934,337565,8614,-923,-10,1 # comp 12x2 (10*2) r=20
7186347080892000036,-18843251976491266800,5845465483072041600,5747509770104125080,-2728093140726209100,-523931284700088384,397158168327568716,7787414659784940,-28604996755963359,1475968029744972,1203352981064404,-111474366383420,-31437527615408,3884962627428,505765379124,-78239439204,-4620973250,933379756,18095740,-6360324,30876,22548,-464,-32,1 # comp 2x12 (2*10) r=20
17157797893621753,-30282396547393664,-64663934297766648,69084490025724784,10465713744298808,-24980308999430784,2421979803336490,3657551890347310,-758396854869752,-265354981384412,82399769653726,8738589366602,-4614643838450,-1403877802,140206759873,-8425617136,-2203067884,234051936,15275432,-2689246,-10892,13862,-329,-26,1 # comp 2x12 (2*10) r=20
159326853229763698788,-65010691007832536064,-129462751208168764304,32900123516264320512,36859244198152482268,-4350705514191178176,-4625284212277817944,240621688776558720,304097365463120473,-6347392986410592,-11623571884103640,78987947579328,274843862881784,-249970887264,-4126801226872,-3849393792,39152914134,34417824,-227493704,-98880,769436,96,-1376,0,1 # comp 2x12 (2*10) r=20
-24865933646303142975,18984444316142049720,118021238142406395786,1010182872029203944,-65115008481376985481,-11219949308076554502,7738534502396371662,1552567425930741624,-405357020633258720,-87772784036231082,11214784176190787,2656993331110506,-172235314990901,-47754838595982,1380597417855,531106060770,-3180827078,-3652705542,-34735169,14950326,303330,-33012,-921,30,1 # comp 12x2 (10*2) r=20
400304505815200016,5675011655644872000,23879923430244000,-8041007888969479424,164369041952836160,2683792673797108720,-93378138140796392,-337604038691728640,15486292340187708,20741779268361272,-1129114863281384,-706907834928732,42179875486461,14597739010948,-917445477882,-188375378664,12190114203,1485067568,-96989212,-6809804,441867,16452,-1050,-16,1 # comp 12x2 (10*2) r=20
-78323068122719175,-120918005706435840,97569622842432840,115529017414146480,-57011356085558040,-37163165080510800,17360291146285482,4625595146915118,-2539900985464520,-227861569949420,197170613612254,-45401899478,-8680457160746,477727638870,216751838081,-20777384304,-2851392332,397833040,15284168,-3707390,16812,16150,-425,-26,1 # comp 2x12 (2*10) r=20
8880040509452498636,-36261007629700677696,-59203889595983475884,16020341687014858048,18498786048249998164,-4965285213605207636,-1661005747709074504,538420671971516176,60588926197480484,-28287023695354370,-598509443917249,836659637210382,-24227716791553,-14772603161686,957639696347,153107047478,-15564520497,-780365294,135552181,-116598,-597319,19706,873,-62,1 # comp 12x2 (10*2) r=20
18042604263458691684,3243411004180948128,-16372288934487519404,-1266345960801949008,4956163438741355376,254080904512223592,-708869779026331596,-30447436580321692,54540583745222428,1990830204083260,-2458948031464772,-73394953552604,69548335286186,1662243418314,-1283893094593,-23462481882,15285395137,195746108,-112568858,-902092,483112,2118,-1093,-2,1 # comp 12x2 (10*2) r=20
-3532551579996156,-3239826050212992,235057543271371584,214719290163139968,-129945016915653168,-62133627216449376,28929096917228796,7067637760562472,-3350062229371692,-403387337769888,229701309568680,10484291365200,-9815319685823,54086525388,258258641034,-11075887716,-3945615657,284386344,31740560,-3266112,-100029,17628,-126,-36,1 # comp 2x12 (2*10) r=20
79728565502361616,386387259559382016,192573467481415680,-444126573781803840,-204701032029625056,131491195843437232,55096458534897752,-16780562474092072,-5949250971729992,1295239535451584,334680284993048,-64963084009360,-10893659906876,2128059631246,209960939535,-45449208034,-2156096499,609977116,5756022,-4620124,68070,17590,-517,-26,1 # comp 2x12 (2*10) r=20
-809550501090912486,3915685491444574560,-4456283405892186519,-1535115684670320888,3615026610412599840,-116067793558681872,-910926262177190760,72472685223249606,94915312380908892,-6765484812017850,-5013932186672744,272275013051218,147915088181437,-5868444947834,-2584805425202,72670371412,27292161543,-522849864,-173124996,2136088,638167,-4580,-1250,4,1 # comp 2x12 (2*10) r=20
-850659936024036591,846458547619818600,345254459804323560,-401081005723346520,-63810306064098506,77395123970295798,6444028609265148,-8379691340476710,-376283737517246,584565595976700,12093858340711,-28110705688608,-74976589733,943063993266,-12183477497,-21298536054,572563153,303301974,-11657207,-2500050,116611,10662,-555,-18,1 # comp 12x2 (10*2) r=20
-208117744232744975,1565632207502126520,-538225670838848856,-2309629380151444344,510909514158492354,1028606369591275026,43204131160890232,-145458817578060834,-22681290422808042,7576487251783512,1762759883956119,-171986618626056,-62976754188525,963984889698,1239280228875,33878635614,-13829276415,-774784530,81729005,6839442,-191925,-27642,-159,42,1 # comp 12x2 (10*2) r=20
1824206261269593609,27516895999871895792,-26538290892071854704,-26194942046636497656,24715522377605519964,371229030660243276,-3482376803687378022,274710331746756264,210508642716817362,-20867074286471340,-7248987987841830,700234951564524,159029669591263,-13420765637356,-2324458953850,157859863872,22779847999,-1135308944,-145650200,4703428,567619,-9900,-1186,8,1 # comp 2x12 (2*10) r=20
-16227526254936958044,-5204811337451250912,10174512457334580768,3762908014227599376,-2184825152229543324,-956842169385555972,190736464530746048,109375887138639660,-6861071504359332,-6748356116910294,15345863784159,250850957666274,7176700767783,-5916092562018,-267650484813,89595693270,4805068623,-854933022,-48581523,4865994,277929,-14742,-831,18,1 # comp 12x2 (10*2) r=20
70735123730738378500,-53961412681982088000,-63444934521581823200,32698965289360332000,19511220026366713780,-7140621662678107560,-2585956222047120224,729518833084602936,169449566401287645,-37969484056511916,-6407395565453108,1123053177333108,152044218448148,-20188687181364,-2345375028428,226175634396,23591039390,-1561037652,-150732092,6333708,577240,-13668,-1188,12,1 # comp 2x12 (2*10) r=20
52030366856701152228,-82574509495196687616,-69430310618322155904,24710311645373740032,19830652100333792352,-2485332461405681856,-2368761260224124544,118224033172560000,153055788516958956,-2897728105527360,-6004980889593960,32523961596672,150895968752956,12656952672,-2466315903584,-3896499840,25842616529,31081920,-166844060,-92544,627206,96,-1244,0,1 # comp 2x12 (2*10) r=20
-187563178745024528,554234511483138528,103534961155602480,-934180894447782240,-195216807026323296,407097705703065784,106113860081126624,-54279294935679592,-12581899759841282,3919785180849656,665962216309205,-173030643728914,-18940220415743,4836315971236,299986174941,-86528996566,-2247248499,964604584,-1137393,-6161302,119379,20164,-625,-26,1 # comp 2x12 (2*10) r=20
4816690873293261636,658694137613379840,-23468577884883344880,-17009081790651644544,4516337460972563064,5275230993235323840,93779657224497524,-539072927593626144,-52824952632228960,26053733792853312,3758712296995020,-660350289761472,-127532045102319,8316585835728,2431793360886,-22855256400,-26723412861,-676727328,158504964,8272320,-398253,-35184,-42,48,1 # comp 2x12 (2*10) r=20
915914159001500196,-5649105635138276784,-6670938078997257164,5138226581205571152,4825066862347115604,-26559574219355644,-669912720836490304,-81726776616249136,38625539962262014,7666879729916510,-1048156122481089,-322775468176542,9592457929697,7596767030866,193514833867,-104432222038,-6872624307,764886194,86860261,-1590282,-507569,-12886,993,62,1 # comp 2x12 (2*10) r=20
-11067287972342391,-42658637402257200,25368778395413920,30365853053041320,-7320793442499906,-7248644112078498,770370868765348,847110057866310,-66397627250276,-77520327587700,4944366085431,6003501827328,-203224843883,-309198657006,1506141943,9466761174,158058543,-167861514,-5348687,1676370,71281,-8682,-435,18,1 # comp 2x12 (2*10) r=20
-548911140198930423,2233335353203462464,85928150009546064,-1744229194504862256,369951419334994164,319906759855748376,-83115915724074294,-27719687998935150,7781963164889850,1417818397733340,-412438882304870,-47465492825238,13924349916110,1086783427538,-314092942677,-17089509086,4735937949,179822700,-45927558,-1186292,266238,4250,-817,-6,1 # comp 12x2 (10*2) r=20
36356399274434045188,-45803793784463613072,-46460781957512913376,31308593817258760912,18526569356164834648,-4364203064227481308,-2473240803647689980,279898134413295300,163315231921065102,-10269360491192616,-6265107464709683,237831144410902,150565438106989,-3648280348840,-2340819719987,37626305502,23612004505,-255735604,-150975445,1067798,579091,-2352,-1193,2,1 # comp 2x12 (2*10) r=20
32454747187204,-3501830741696,-617927890791808,63177043096832,652782011247464,-5629936657392,-269458849769628,-7694273499932,60470940117132,2778904140560,-8151346549080,-441550782020,652478278780,33532854186,-30754798081,-1282147194,849286149,25292876,-13597166,-252764,121754,1186,-557,-2,1 # comp 12x2 (10*2) r=20
-340311983182711424,1301980690823143680,4266354484238078912,-240156457571340672,-1997872650589527392,-98860752253032000,357832401647297584,32234365579131552,-31324408119278408,-3562285882047216,1476162404826292,195283982082552,-39422546000802,-5983496261388,604240548369,108958475070,-4840137623,-1179154254,12225024,7294848,79305,-23442,-573,30,1 # comp 12x2 (10*2) r=20
18538721859131202969,-73760123337630245208,42023451923759541816,72399198147413760168,-32334975581617597476,-20659209639706142538,2560947310786125870,1761815649638366962,-77100890872373672,-75063952718490066,671484270891363,1901951798388940,19402340377867,-30846805177760,-685520801615,328144551690,9979956573,-2263556204,-82058093,9630658,389707,-22584,-981,22,1 # comp 2x12 (2*10) r=20
-3430599860803980764,-1767263048111091168,2764763699823242592,1512520625053002960,-599586693366671004,-384268267668474468,50242440924461312,44868025612485612,-1558458372626892,-2956861224189702,-29485892008017,121112596170882,4078012448783,-3207327478290,-149776852173,55065746646,2935546359,-597098574,-33351619,3852522,216513,-13158,-735,18,1 # comp 12x2 (10*2) r=20
-1039652315751200464,-3585762383693640096,-2191144077739726720,932038316212290960,987358140367434356,-1854108329996664,-154207847225767356,-19209867808926424,11788068972030861,2478472386816660,-439953145564012,-145075148903708,4690685348208,4435900264380,185415639772,-68849233068,-6630334646,428779660,80400236,689692,-398396,-18180,496,52,1 # comp 12x2 (10*2) r=20
18471763912867209,-16448614574371056,-4694826988243914651,3992170968347431896,3443933158877979954,-2147012663465137788,-794652315631173432,381004961391387738,69362692410621915,-26234360445909846,-3145551788043395,895284448601876,85839081747850,-17597128054326,-1485469408431,212000196696,16600875271,-1559954578,-116953202,6700884,490008,-15222,-1097,14,1 # comp 12x2 (10*2) r=20
-1135807258665599055,4055843578845591000,-128877585430651119,-11417718003434687124,10640130008454100044,-1571288341925880366,-1432109279254165902,473598489344460252,40065093377897617,-31019481014524392,1128460299721912,912497059248642,-83978393335433,-14078022857892,2021743095307,101490845874,-25468828553,50245296,170679337,-5713350,-518381,31794,289,-54,1 # comp 12x2 (10*2) r=20
64029272604315924544,-37772108441267528448,-52968255267852398720,23332083276524979072,15169832789395311136,-5290718551682045952,-1946039017401131552,555171220680864384,128400057097397364,-29831139193499760,-4979873612394608,914151742632984,122283725232404,-17053524547992,-1959985568108,198319402980,20513057933,-1419355440,-136273028,5958696,541294,-13272,-1152,12,1 # comp 2x12 (2*10) r=20
13866507429359254344,3158381427663415680,-19221630622167606300,-12660555443610668448,1519584667176166080,3008167420925809008,387342036205670256,-243119207795174008,-57546557699271860,8439170676549884,3179074792078948,-94053972584032,-92788339703858,-2124049969180,1570592108893,86873814134,-15181362011,-1246449280,74512954,8866556,-104672,-30352,-395,38,1 # comp 12x2 (10*2) r=20
-73343739807497697008,-66121848073872642816,92325416453533489104,97270679843801002272,6699340329452587428,-14728807114357466736,-2605010796896470064,951038792066774616,209603565015139488,-34338655268534484,-8366017672258772,775310545264512,197838596960070,-11507814243384,-2962682291095,113821141974,28551058201,-738511968,-173799934,2983428,634312,-6636,-1247,6,1 # comp 12x2 (10*2) r=20
271114454123587825,-523393825430702520,-457350576024539160,460899130804330296,166693738716993090,-162844987321143474,-13755786274336904,25689917331048738,-1493453805843642,-1854393778473048,243897246462519,69330579141192,-13536875823005,-1302627921282,394362589707,6421158306,-6406875183,184402674,54934605,-3339090,-201861,20250,33,-42,1 # comp 2x12 (2*10) r=20
60592798874594576,94690360514615808,-444452379164799936,-687016392111547904,246496269993969008,335582803071964336,-25550411207676728,-48204227145010208,2146262127669720,3383288385314672,-145943979012188,-140190996100116,6546604318197,3717484256740,-190982406534,-63502814232,3574134663,666493448,-39928936,-4040324,250011,12756,-798,-16,1 # comp 12x2 (10*2) r=20
-540253084649201258096,569481093809207740800,171646475925230633328,-320806766495003773728,33174625347665647716,44751979660993785936,-8417482847263495088,-2617131284026038744,587035103390103504,84011611910083668,-20499290874530900,-1669508449964256,423264543484818,21700461664752,-5524338526999,-187663865622,46428856993,1065652176,-247453582,-3778884,796132,7428,-1391,-6,1 # comp 2x12 (2*10) r=20
11729335334411873284,1204676593092129312,-14684874018223939760,3599081087822546592,3729719869035597916,-1119498213801903672,-434624123956879832,133248545840698104,29377753693048869,-8276456534019060,-1275980992759988,301560866180724,37127715150764,-6808781222892,-728019290348,96618234780,9459214838,-842222700,-77974508,4261836,379384,-11292,-972,12,1 # comp 2x12 (2*10) r=20
67718670321120025,-88817234426523600,-17470679697665830320,22945174983495526680,-128593705713500094,-7923462740969823294,1704778626353341504,667782133128146658,-206869118120023092,-18871728278296992,9605968690395327,59628482079912,-232331453436567,7844409403554,3221727449979,-190740374910,-25685791653,2094757614,106692125,-12191058,-140355,35958,-375,-42,1 # comp 2x12 (2*10) r=20
-599810107775026716,-6097784866234275168,-11038020777795828816,-2442780542182068288,8218195385650207992,6470365174277706216,916143345557268036,-604100059250549592,-199054288692651552,9226122902316048,9808766783032980,432831589138980,-226401111891023,-19144961833608,2802539228214,323594307276,-18233802357,-2876120664,47772620,14043972,73851,-35448,-666,36,1 # comp 12x2 (10*2) r=20
4996278588676,-8705062761200,-26789396415328,32261524414448,44516311583672,-22408321234116,-29284888650684,7338246164284,10847302212870,-1697903782888,-2739862293891,50430295594,332873179957,11944253112,-19885052467,-839748702,633800193,20491364,-11142437,-225110,106955,1120,-521,-2,1 # comp 12x2 (10*2) r=20
-378155926112328076,1544750225818006368,-1017067547486289324,-1271705178849236368,763591724650929216,192182931641070872,-122245933459925676,-15065534998119772,9712673290287468,762469181029580,-484228728593812,-26465031221164,16442747343726,637277973714,-378800673793,-10222246682,5704869497,101474188,-53539738,-573212,294092,1678,-853,-2,1 # comp 12x2 (10*2) r=20
382473412560201753,5803238527609387536,156476426959423152,-6850529385910819416,-395797718075056092,2714532277070027916,198170526376803690,-440946272933457090,-40303476524774252,30432993161545288,2343630720245026,-1135151988039998,-58111116786800,25001341510998,631953320273,-333565970736,-1153729484,2659396036,-35101468,-12055646,300858,28162,-929,-26,1 # comp 2x12 (2*10) r=20
7049776574374872480,-8233304009506214400,-10920501018125559216,8440062744424703616,5587119777828762000,-2797949178962600832,-1117740291991914168,402482803354856160,105858072971110114,-27553605009159552,-5468267114465167,980304502896504,161724725894752,-19707569495352,-2845506764546,231297650258,30086639120,-1577471482,-188800295,6089562,680473,-12272,-1293,10,1 # comp 2x12 (2*10) r=20
1433012030888184,7696516385562048,6731971237207876,-4330055168274240,-7254462005138304,-1351104575907520,1586225845426544,725425189530032,-51308954359484,-86815502284012,-10442851716996,3990455333616,984192793622,-76337885600,-43553003447,-1400652034,1053266985,126151856,-7420970,-2384196,-117740,9620,1389,62,1 # comp 2x12 (2*10) r=20
163902652057610865,-1906311961331453760,429589597451656166,1605515262642227384,-878113877092628085,-138278845691732872,188507813573374030,-23153263649590626,-13036319343410401,3668383952693126,198670814762880,-181047352016068,12777689700055,3815177739546,-633048215143,-20480674660,11763670737,-667517350,-70386260,10629732,-324628,-25330,2487,-82,1 # comp 2x12 (2*10) r=20
-178781859880058159964,45489428116446528000,90721524210056935200,-15980490571874791200,-17482016801030522040,2512448971071736560,1738947984013078132,-230623965912705780,-100572152042832612,13338859328122000,3568098299362968,-497805396461820,-78873477155932,12076639385910,1055416934463,-188776961030,-7512391851,1828884660,13835474,-10096500,131634,28030,-717,-30,1 # comp 12x2 (10*2) r=20
5242141276162372809,32067183973025041920,-3247904619599429520,-10952432531240494056,812476052286757128,1684087872036495888,-113118913430865948,-150917078720776862,9820679205986266,8333842336787428,-548064410849264,-289324070853254,19560474223708,6377282169700,-443181696371,-89179337054,6321620209,778961152,-55809758,-4083860,293548,11692,-839,-14,1 # comp 2x12 (2*10) r=20
1728009190755218016,981012207322395648,-8213355439964633520,-4603036330994772096,3311272267774558704,1594571098077743616,-550618630612401336,-210656607978206688,48714137765302174,13861990300709472,-2521351924451983,-510709960269720,79334279859160,11144713932912,-1543383130130,-145544962706,18409307564,1114682050,-131073167,-4839258,535381,10952,-1149,-10,1 # comp 12x2 (10*2) r=20
-130665013441705125,560543232570336000,-171547883993841075,-832596748999405200,227865198384071010,396745405668907200,-56327924623010976,-67752705486857994,6312857054953869,5367937396446246,-399164385174047,-224761599154124,15498050211640,5569076520438,-375590179911,-86066857464,5829489979,812123266,-55855766,-4411284,308226,12450,-881,-14,1 # comp 2x12 (2*10) r=20
-9106879239384,-14795354725056,48979140334276,58506863850048,-75000167452416,-31790411674496,44271429134096,-1401754709744,-9675428699276,2795555282860,374687625756,-250486489488,-3444250678,14016743624,595608457,-1280014142,180686673,25915456,-9901754,831492,59656,-17804,1533,-62,1 # comp 12x2 (10*2) r=20
-6477720098092988,-529892308404032,102119535885444608,7868282896354720,-76969725172188832,1050335837608400,17011993474783968,259280482236216,-1888526328642076,-80114921384288,126256575007960,8385929195112,-5332727347252,-485377381944,136831924724,16079158396,-1942708191,-295861664,12615484,2931096,-5026,-14504,-312,28,1 # comp 12x2 (10*2) r=20
32591308869132249636,10338510458686173120,-41072093542783367424,-28519992107591322528,4080140247415800528,8577540712682422320,2017028835053403456,-336723987333859704,-179300273224425420,-3797769527210184,6505251399319192,561145768898048,-127358311226816,-16697805735192,1402092939756,256235465748,-7720977395,-2258442628,6214696,11348412,152046,-29940,-716,32,1 # comp 12x2 (10*2) r=20
4429876040429987799,1742644409007606264,-3792954991749827031,-636582618319151772,1307951303216096880,-23258285473373046,-206288608024455918,29600025885109452,14112711128544541,-3419333901143484,-384781265169584,164737871952906,975425366605,-4387685215632,228874349155,66158602290,-6764415551,-439679964,83530297,-601782,-426179,18726,553,-54,1 # comp 12x2 (10*2) r=20
-610811639663405751,-1684387907220904704,1448110272669043998,6014848224981802176,2101348208947581625,-1498793916887450208,-710063711782712132,108646331314517784,71157654508407702,-3292652007388656,-3404679203773862,47968804318104,93022867468590,-251354574576,-1585147216330,-2023400520,17277796321,33519096,-118601924,-149688,488242,216,-1088,0,1 # comp 2x12 (2*10) r=20
-1177870386742518551,923850264731709872,907748572957276616,-808072705652845688,-163173822470957808,211931752800625444,3500124776609370,-24563400225720552,1091982606618490,1584355806867556,-110896796595178,-63980104007100,5304199471147,1710364554924,-155053992874,-30371211712,2911052371,341141976,-34159236,-2195860,230679,6908,-778,-8,1 # comp 12x2 (10*2) r=20
6807234163797641025,-12012018675349786200,-57351790649889566370,-47113901276217499080,-9391111938991485315,4361215423233786030,2171542566086168922,76340732561057448,-126299800259334873,-21842719436322828,2402469276145071,983780538750366,33017388805168,-18975465608376,-2238312390915,109609473174,36993105219,1692421476,-179760421,-23961198,-816825,25098,2913,90,1 # comp 12x2 (10*2) r=20
4635598816687456836,3134029169852604192,-32067366887519152816,-21591239153240152768,17866273975697021128,11466602081553248088,-2847306031407450356,-1596580481485358672,207642782397030912,92733124046758528,-8690999114405300,-2750805228080332,218615173355241,46842286589444,-3403549737546,-480517179016,33122663339,2973483184,-198220356,-10709276,696899,20484,-1306,-16,1 # comp 2x12 (2*10) r=20
3931549542950409,-14941361709998640,8704391436857616,9071498143599672,-8698177019345268,-77212593581196,1740954512638426,-284690360220968,-134671096017982,31907101609996,7765652787530,-2225955732908,-430189802257,152526574060,8709895238,-5940348992,125632415,115690288,-6998344,-1115396,93971,4972,-514,-8,1 # comp 12x2 (10*2) r=20
16072277813926221924,-26558949380589933264,3045519442467501984,9937564653286096728,-3280522414968150012,-1082841309204320208,565434901133631612,29881303442970796,-41924133136167215,1630327910771836,1718131340061460,-149561985234332,-42482914561184,5183996252884,634586426164,-99796721252,-5275820594,1123045948,17452444,-7190756,49468,23956,-512,-32,1 # comp 2x12 (2*10) r=20
-324289229802624,603195532473600,1512148229065152,-2306854248988032,-1679485063817952,1149851021042880,643475842719024,-152863263843168,-100927957716008,15103068152784,11254556869652,-777937051848,-827104500362,-1977698748,35481837969,1836227070,-843932663,-74299854,10274704,1289568,-47535,-10242,-93,30,1 # comp 12x2 (10*2) r=20
13835907206815140,104874757458706800,-38456209621049436,-71192838015492552,20072152919241864,18172568395134684,-4221420953842332,-2357887955435892,467880669181914,180919315460178,-32168305919177,-9323350218250,1524012080017,339913008546,-51200726301,-8473486746,1169201869,134098118,-16885247,-1232790,141915,5754,-611,-10,1 # comp 12x2 (10*2) r=20
172747104477989856228,48525401183137185024,-161285940524838589824,-34396299458195192832,47515263989807122528,5315766687743791296,-6156501354456105344,-319747171440167040,410795401997465708,8659839466723392,-15548449211916520,-109200645443328,357616682457404,411412304544,-5165009842912,3786509952,46852733969,-36003264,-259826524,101760,839366,-96,-1436,0,1 # comp 12x2 (10*2) r=20
9720928214190261844,-24150338107480846112,-26877060500662832684,16928638427974461552,16663859232172107936,-1802692574243702088,-2919822560431822316,24072528988945188,232544101185906188,3850596951039340,-9851613329699732,-191804465517644,242206423929446,4171707832514,-3699670027393,-50529289882,35525853577,348006828,-209673978,-1318972,724932,2558,-1333,-2,1 # comp 12x2 (10*2) r=20
24430418900260978752,-135500299079807662848,-81107003633305056384,130062097607844414336,57234275883635750944,-25480068562884575232,-8701591313160929056,2280261902054436480,535855753599823220,-102282079241526768,-17892678912528880,2592892033003800,365771579758676,-39920526706008,-4814095883756,383957246436,41250075213,-2288893872,-225589316,8096040,746734,-15384,-1344,12,1 # comp 2x12 (2*10) r=20
263902491964510963209,144031700642047414560,-78407020656325622160,-46270142156952134856,10566262247957720568,6356609236565104728,-878814341856204348,-491604094017359262,50463247290347226,23639570407954908,-2061403420506464,-734255914458374,59183083758688,14771606292300,-1153407361011,-187699163934,14473347049,1438435792,-109387598,-6348180,473808,14772,-1079,-14,1 # comp 2x12 (2*10) r=20
5742143751969,-1668549965352,-64068256196192,18263706340352,70628418199558,-16638461726902,-29448947144464,4862231139422,6389243096218,-676400146892,-825267537657,54854317692,69387153035,-2772792138,-3952908589,77023818,149392029,-731398,-3558419,-12122,49679,322,-359,-2,1 # comp 2x12 (2*10) r=20
758784804301993824,-1065758440059798144,-174662140804614640,652992132814987904,-129843211330864080,-126717032753071264,51797001931518808,5988264327721440,-6283413979738354,595431393512120,289074941467581,-67526128665088,-3057470974016,2475000979230,-161031435097,-41847376480,7205210895,-39308134,-86090675,8223546,-95137,-33448,2595,-82,1 # comp 2x12 (2*10) r=20
-70790007643124796,512307631081874592,-831432625437404880,259820404006381152,245489903050616956,-108180270774455832,-31401386728729672,15156540246337464,2447351552329109,-1142142766905060,-131842767977428,52894969057044,5082479079644,-1577947787292,-138835415468,30317735580,2588062278,-360395580,-30679148,2461356,209704,-8652,-732,12,1 # comp 2x12 (2*10) r=20
405858082325015044,-6924955620876751360,6064300610463907376,7886965181634447104,-8978379956851707244,232842667702654072,1901572592731778616,-307203438426917928,-153600576251413003,31800287042895812,5785875478450708,-1362320397801468,-109388181179572,30717969495948,996176929988,-399400645588,-1945219686,3040993172,-37108292,-13225548,306992,30212,-924,-28,1 # comp 2x12 (2*10) r=20
-35713247081275927791,-24228029573250359400,76550906430899192808,53670387107241410904,-41526090470870952906,-31984436349638475894,2322133887934030332,3790268947763951910,74669665065632386,-177591629655020028,-7826434629267225,4425071052062496,235280490099739,-66066985186866,-3763129054457,616987524726,35992474257,-3590226390,-209669495,12460242,719299,-23334,-1323,18,1 # comp 2x12 (2*10) r=20
17939234526681636,-178508930126156640,307374280456562640,-98026943048285472,-96818056564850640,43992194220913656,12526761568093428,-6810372951600432,-880749639456288,584100376960032,34874549965564,-31584261356788,-568678229347,1104105437204,-11475008838,-24460875512,745584507,329580848,-14650116,-2537540,135927,10100,-598,-16,1 # comp 2x12 (2*10) r=20
-216449084094552000,-1028480020718112000,-1455483641494300800,-368551103239881600,413627678640700960,158582161341204480,-51215197695322144,-21728643489929856,3836051250092660,1584174302184816,-196777102792048,-70465831186968,7173321679508,2007564403224,-184323092588,-36713319396,3224298765,414941232,-35915012,-2697768,231790,9048,-768,-12,1 # comp 12x2 (10*2) r=20
8579137317623310400,-42743800058189299200,-12605980994302148160,55229257781989058880,-25913925227308415280,-971734926686755872,3291421279697213008,-541172056183169664,-127199973857520420,43572351937498224,60979029768132,-1385583525413388,124206125532599,18822468160710,-3606864462669,-3535343082,42356705433,-2860654794,-130424540,25400244,-1018908,-18168,2829,-90,1 # comp 2x12 (2*10) r=20
-73898329109149424,-929943075466543104,-325730004877775808,1509387990252163840,381473713775370032,-722269313387278256,-47599471172910904,102813733046807328,4684617613314392,-6957675400490000,-329261807398412,268584280035924,13910769730661,-6457444125732,-362143391686,98696115224,5906604711,-923924648,-57507224,5003844,316235,-14164,-894,16,1 # comp 2x12 (2*10) r=20
-25060968991190850416,-22445180153981695872,64813597697609020912,62835856595313866016,4015371167109306212,-9849811305342621648,-1744660565800386480,659628950679279576,146312236814752272,-24843719629857876,-6096659387669268,587272123774944,150942995966338,-9145093822032,-2371129746199,94968181782,23983853377,-646761360,-153095438,2739396,584596,-6372,-1199,6,1 # comp 12x2 (10*2) r=20
1219856249968272175,680023172743619180,-8005389518937830505,-4428711645814933350,3154146403750680360,1526969039407529120,-517963558202624969,-199855640415866384,45630687480294142,13099242764641590,-2362625983383145,-483577820637866,74687505275962,10616984698110,-1464416740076,-139836300174,17639876012,1081363558,-126941368,-4742216,524148,10842,-1137,-10,1 # comp 12x2 (10*2) r=20
1826649902718108432,814722356453229120,-4247763278487692256,5468050637171839712,-7078079177664703472,8338591025829413120,-5992283992774346920,1966595862179603904,340337623108191904,-688584970740525432,374592712562070096,-127213825083507328,30960842468022433,-5698704342415372,814907480449946,-91823073458364,8203889381047,-581255028960,32472756420,-1412930968,46877815,-1145308,19418,-204,1 # comp 8x3 (4*3) r=12
-236413105523019,253211236220376,-45198678536919,8941282297632,5480879790114,-16668625388220,7275727762146,-1293492028590,420097763556,-124951665858,-1316586456,-11973735540,11081068823,-1637160774,-463885836,82002502,35050104,-9014088,-558445,399810,-39579,-1790,603,-42,1 # comp 8x3 (4*3) r=12
-900494031676671,2491463352325248,-1516884761913150,-697264103518848,817342813912335,3275137380376,-169929307169332,22919003226280,19692733377101,-4406376924918,-1398788495304,443258506252,59476740725,-28434963112,-1044008804,1213237996,-36651982,-32935168,2921233,457494,-75789,-178,661,-46,1 # comp 12x2 (6*2) r=12
28746660889,24169390192,-67625904250,-14455792928,51213822415,-12693437600,-7530293688,6938140448,-2393916422,-753775376,654279530,-40463392,-43007277,10915488,324424,-996992,227326,51504,-21938,-1664,1075,32,-44,0,1 # comp 3x8 (3*4) r=12
2360791015619407524,-3403494306623691072,-4893248715590219004,-839719257830901024,746810452643255568,244636328049707808,-44242256123638720,-24461459402254152,724502972224392,1369066358414844,58110583596408,-48131799801648,-4419858273060,1080825170772,150395564724,-14346469296,-3025050507,73332444,36342216,724152,-228774,-12396,432,48,1 # comp 2x12 (2*6) r=12
152354275345016,-300528605813312,21068485175000,195897854491556,-85243017299052,19807525914624,12274006295592,-5730433154464,35853203584,529997255988,-146338123970,-31497426414,16047146908,-367236731,-1403284273,41249425,59070979,-5759370,-2628878,74516,51460,233,-391,-3,1 # comp 3x8 (3*4) r=12
107845337086628416,188363373006314880,-26997282416756352,-107018414919762976,17231675593489560,23243632217313920,-6505631721235444,-1702173066382008,744172513459654,49299098310152,-47735453917463,1396091347244,1863455648448,-175157323298,-45221364821,7483197924,516018751,-170207994,2331353,2124530,-179801,-3004,1123,-58,1 # comp 12x2 (6*2) r=12
-4244767464099044939412,-3841197986939594965776,559609137768941617081,1191596260628336871752,162662084339178608902,-87242621776704309814,-17666564304577994197,3536598664397961822,815476252229823139,-105032460953600184,-21766770844207607,2501092834237592,354275792492116,-45244839305314,-3276552023584,565387573002,10557290917,-4382587074,91436206,17450870,-996509,-13402,2747,-90,1 # comp 8x3 (4*3) r=12
730565989876053,744468754186764,269784235093284,-70848969466752,-190270586900034,-65630861869104,9011958438942,10066217623884,1411326892411,-569689667868,-331588936472,-31395085080,23397706927,5466832848,-834580850,-380522208,39679354,25647024,872566,-652788,-80507,1068,742,48,1 # comp 8x3 (4*3) r=12
12043465196297600436,322499607253092899434,1002992751765861051307,1536598384987410169788,1495916482243731779446,1032873375477306902294,537383744998551945398,218763297819868127028,71446243637371144338,19044099012187506425,4192542667945251482,768439954299294126,117846340403460011,15157726028649218,1635205692202433,147608362084446,11094592291445,688836943623,34913095372,1419964606,45194922,1083667,18397,197,1 # comp 8x3 (4*3) r=12
-55153172377404500252,63153412807480209360,15476777762281504920,-16607977771120546680,-1498213099002901140,1845852567478269468,65777533023715052,-117667147394350044,-867391345712714,4861419111318666,-48942472757345,-138128817308178,3041382492069,2772649587774,-85456439513,-39480726774,1487044493,391690794,-16928603,-2580114,123563,10146,-527,-18,1 # comp 2x12 (2*6) r=12
-2777585918685,4193076435860,1785140314316,-5806389297377,2708903965676,1858321823160,-2064362580307,375051922981,259253660980,-138990180123,7249563645,13950788457,-3828374073,-547626979,372444107,-8564503,-19875650,1994184,668170,-106415,-10541,2539,-1,-21,1 # comp 3x8 (3*4) r=12
1326459587012958943700,1748105847153572668600,714042622401491112320,105219594548189163380,-8311313505686538779,-20395632338345850416,-16573810677206552970,-6474724366305006842,-901595356290868219,153960173084293946,70505850197846377,6917113508348902,-663842058357444,-192867697492928,-9578863652320,1219970915750,169010963452,3131390722,-699623631,-52781588,-589906,94946,5329,118,1 # comp 3x8 (3*4) r=12
11815296032,-35136418368,-62030984952,105708939200,127504697712,-22068532896,-17287945306,8662910976,-4086668094,-1020855536,861487059,-125084592,-23118451,12111456,503547,-1214176,329733,58896,-25251,-1776,1275,32,-57,0,1 # comp 3x8 (3*4) r=12
-47673680272174976,249020829043601024,-470267812557615520,406346588068732448,-55780367226192156,-272502107152487816,369461001329959520,-283393100381185912,155226783908445497,-65502284856814806,22085652426420389,-6073520566959860,1378814904917059,-260170267213640,40921715981156,-5363251393264,583643973832,-52372191488,3832522488,-224963316,10334647,-357830,8779,-136,1 # comp 8x3 (4*3) r=12
16937473383,-10835541342,-76142845548,24296882076,55776521706,-6904610034,26188417903,1143025404,-10054444383,302810240,873470964,-85676448,23192348,9557442,-12960969,-651232,1363020,24984,-87877,-636,4092,8,-105,0,1 # comp 3x8 (3*4) r=12
-194191319337984,-191635569483264,-65507208397056,-30435047396288,-5907225144352,5888419296496,3027505501160,652163274876,273149294206,97541582098,17427305921,13553395250,7562028769,1085783530,-196423631,-5913582,31700677,5612598,-904261,-372394,-31493,2398,619,42,1 # comp 3x8 (3*4) r=12
21532643910461376016,0,-7946109909925703296,0,1235690681248119840,0,-108136582178508608,0,6033029324749384,0,-230723957057424,0,6301161856880,0,-125156732832,0,1806003049,0,-18517636,0,127926,0,-532,0,1 # comp 2x12 (2*6) r=12
-211267826459975,-380895253027700,-120525329063743,1441154116764,33341136114062,39287022832188,17486474818126,3457065368274,279816570268,-135825401218,-68313720732,21178468452,18782045467,2009384058,-1003920892,-201405954,38471344,13097772,-163305,-431154,-48323,1158,587,42,1 # comp 3x8 (3*4) r=12
-3221512181608692807,30377556764607011124,-42039561323130518214,18412753694259960404,560932174126292995,1736411440210656488,-6714530317456160644,5171601215158315164,-1811188828039651547,163896294491816556,138161444164233174,-78258207421531960,23148476500362367,-4721666258472712,718404812420942,-84287937804852,7741179945949,-559177185012,31671268956,-1391550112,46482835,-1140796,19394,-204,1 # comp 8x3 (4*3) r=12
132694203091024199,-189873293210359244,134397673122091048,-77420561363012504,40282537270684799,-16985873245404734,5906385897689804,-1921753019187128,603129769475701,-173569226468394,48580728049940,-14163966818474,3847775669163,-867151544424,172417134140,-36734137510,8425732363,-1689470394,258631818,-28873072,2302633,-127720,4682,-102,1 # comp 8x3 (4*3) r=12
105234102,265630860,-583260345,-380228268,745588161,14178780,-369879641,221438664,174569832,-181816236,-90403935,65492208,32486952,-13086648,-7141398,1610352,993399,-107352,-81275,3600,3819,-48,-96,0,1 # comp 8x3 (4*3) r=12
637508766167285940,-7753059170362627080,1712083853629944616,1580190132853423244,-559279522047544355,-112857419999235136,66424086625562354,10771040189340930,-7189797932517683,-720337101089214,640412639432437,-27312084962662,-24482116711796,3017869264424,449118379964,-115424961462,2723820868,1493929674,-179920439,3633428,888550,-93526,4325,-102,1 # comp 8x3 (4*3) r=12
1337997818161446553,506126055186566476,-3602534882450536718,6276348272571466860,-8842497316170314845,8980385213386088080,-5226279453000479876,924954382585122836,971117822068843405,-934632631751689660,443264764742486382,-141614088898978000,33291186886901847,-5994131166384000,844459782881734,-94157924652644,8348855269261,-588244959396,32729109380,-1419838880,47006731,-1146796,19426,-204,1 # comp 8x3 (4*3) r=12
496301056367029,608803307944749,-229491381174626,-206663868851703,45411098085337,16751554262895,-4142949353686,-2803216201020,48833590549,979744275525,-66753693908,-140373678912,17393001062,10533291894,-1601482892,-477366090,75845032,13367145,-2092903,-218700,33895,1848,-290,-6,1 # comp 3x8 (3*4) r=12
25431319640364647209225,0,-4146600802625100187732,0,307594802615647676430,0,-13769694793460760728,0,415476667831268081,0,-8923050794196254,0,140129261601626,0,-1623581796470,0,13786884326,0,-83715808,0,345017,0,-866,0,1 # comp 2x12 (2*6) r=12
-1617125311825,-2716555658100,193327852890,2203996904865,1970795606808,-343430264358,-906909062657,-211296851181,89625670674,55450566755,6172584945,-5226680925,-2057330705,169234095,205638381,9404139,-12396258,-1360548,499716,79461,-9735,-2199,15,21,1 # comp 8x3 (4*3) r=12
87335208832527296,146667812043773760,129054177241561632,84935762994865616,45088842727049004,19352456046815544,6963772293586836,2244441632949384,682703679606204,203337521390076,60869256847068,17607596790600,4516576713453,1000438883472,209522022342,46496642814,10287369699,1936502196,281405648,30310860,2362119,129176,4698,102,1 # comp 3x8 (3*4) r=12
75191247,-567994518,1236077091,-558028116,-261739917,-604211724,11191797,1004178060,366199812,-660633282,-295042014,210655620,105522517,-37377882,-20483142,3875796,2355558,-219996,-158654,6372,6108,-72,-123,0,1 # comp 8x3 (4*3) r=12
-351120403836364987944,-535373939762673005088,-219719450515668060408,37381979087053505400,45951497991226103298,4861421303870891196,-3505124351439100642,-787861629651636752,129393424433716228,48065328087169854,-1879350819129073,-1626464816598712,-28947869482401,32445447600322,1759321399579,-364813470204,-32125065289,1850713226,274108521,487336,-997697,-32814,947,68,1 # comp 3x8 (3*4) r=12
28575236188,14074356560,-105687659846,-31972056990,83809005437,8900362682,38177956495,-1470105308,-14802166766,-393484448,1210704801,111435760,48074451,-12011616,-19073114,777158,1892731,-28770,-114175,692,4822,-8,-113,0,1 # comp 8x3 (4*3) r=12
3626010089930868422500,0,-698760481135383598108,0,61043743802746647705,0,-3210248142445360832,0,113633161076877656,0,-2861578074403016,0,52705121615146,0,-716725249610,0,7151079876,0,-51084572,0,247997,0,-734,0,1 # comp 2x12 (2*6) r=12
301495779469882944,1474283579706063360,-814142599492507968,-1757890371652604544,-259669873332480336,398797223629040576,169980112745830016,3979859508852288,-10014453745150452,-1415652646899648,294913270307868,83268643403448,-1299217388955,-2248784625828,-138609606354,34198962216,4932843909,-108853476,-64148898,-3183636,349602,54756,3144,88,1 # comp 12x2 (6*2) r=12
-112175612256871019996,351553151062549578000,24900694348591853400,-75911191096366945080,-1215946104277969972,7091182850341643964,-47415995871426516,-384777272803195164,7638892745772446,13626673385973210,-390683724158033,-333159242883762,11694605019997,5766006063630,-231107248153,-70857731958,3125944293,606927162,-28835915,-3452466,174227,11730,-623,-18,1 # comp 2x12 (2*6) r=12
14328420761863793877345,-38826578385715316800608,49941297533118890927520,-42270545877870985588494,26360987930778592286574,-12586137248358909866514,4663063246895080511941,-1327558308846280331244,279074008163657576199,-39590262996679474486,2853260990939006121,121371584553170464,-50210865635923220,4412963636558858,-36254534728759,-22570160049974,1636471899156,-11491386956,-4079155690,208696094,-1438623,-221642,9179,-154,1 # comp 8x3 (4*3) r=12
123899746946969805361,466084841908710581040,-435027545212168752742,-505395569982860090344,-7927143431178472265,66126704154500171980,5378155508566348766,-3620099658097481042,-391921594789464901,107474915153933538,14036443151738872,-1894755777493524,-301827535392407,19570832158538,4164100774949,-93117172944,-37161108539,-256916946,204827548,6138340,-599506,-32086,463,58,1 # comp 2x12 (2*6) r=12
4004400308175568401424,0,-853042294880810234112,0,79932520185713018336,0,-4385550245538015872,0,158194823543784072,0,-3984363692788496,0,72318301414656,0,-957579894160,0,9207248681,0,-62772220,0,287910,0,-796,0,1 # comp 2x12 (2*6) r=12
372491082540181875757432106349,-543366089615698394000694201288,277135440680665101393867179205,-71413765024881340207533856392,11060588212857558820360103436,-1701623091815566565617632384,495405766171400413282225728,-147694527821220541118095914,31629357080249678410804846,-4904380934754893874471234,575285374185925293814940,-52742857651033153930852,3861289035472455827823,-228787617903079578462,11056134715515747930,-437130629328457318,14128046289594642,-371449582340688,7869947001901,-132337016166,1725090341,-16803358,115069,-494,1 # comp 8x3 (4*3) r=12
82553452855677,287741199875814,-378578655069534,-156947131256562,37870044734556,572235920190,13764100867929,-5734114637454,963561760605,-447136655706,198576691533,-35793833904,5491245366,-2315226888,492065199,-5560272,-4702680,-1098540,-122768,169164,-25197,-486,417,-36,1 # comp 8x3 (4*3) r=12
27307067160413796525225,0,-4647380260653292627890,0,355421979400796721079,0,-16235083942859708120,0,495408750240881165,0,-10674186155704064,0,166922483958321,0,-1912139308204,0,15941220391,0,-94367278,0,376458,0,-908,0,1 # comp 12x2 (6*2) r=12
-15893117463753637952108031,3146430478320402686302716,3552127675918732448567298,1471464208407481847268444,-2888654048463520879245549,1167354736754539752306936,-90877082344761675700164,-95123936025188221210380,48263318733776022930989,-13027898537605610679980,2442996607765808560014,-345657108537386550664,38348983620366065287,-3406132464480039816,244958633745643742,-14338486587578540,683383012849053,-26412982950748,820576601284,-20189862000,384396923,-5460068,54450,-340,1 # comp 8x3 (4*3) r=12
-330263641994232,-158256617647792,80518085986628,-184434567668416,118758982982500,1081084972848,-10626629438224,9998502102424,-3240901790804,-1981158897704,901009913564,190467424656,-104892454766,-9938954776,7127647025,225945188,-295323599,4163592,6953264,-374432,-75512,6928,179,-36,1 # comp 3x8 (3*4) r=12
-50920848387843111,134566834530005280,78314882556084570,-338947330643226756,272712867503407749,-87987106978341768,4170415236791706,4472954751654432,-618529862243826,-267869131086348,84541795477884,-1355034269520,-2514977495217,187437934788,76931454550,-15496732072,210274200,207173308,-10579018,-3891276,768332,-67340,3300,-88,1 # comp 2x12 (2*6) r=12
117341476,-951802600,2234495392,-1245323100,-389606128,-809511580,-146165555,1787539660,605118031,-1151634020,-451981740,346875940,154950906,-57099780,-28481246,5449940,3068248,-285540,-193072,7640,6946,-80,-131,0,1 # comp 8x3 (4*3) r=12
44135827550,-85523818450,-153343996225,174524488970,193437326935,-43732238770,-23010057633,14980145200,-6498678347,-1592598400,1379710019,-206749760,-40673589,21829170,-109973,-1941310,490243,88230,-35861,-2500,1717,40,-65,0,1 # comp 3x8 (3*4) r=12
117341476,951802600,2234495392,1245323100,-389606128,809511580,-146165555,-1787539660,605118031,1151634020,-451981740,-346875940,154950906,57099780,-28481246,-5449940,3068248,285540,-193072,-7640,6946,80,-131,0,1 # comp 3x8 (3*4) r=12
16025239713956145841,0,-5582824821275147382,0,833370250094417247,0,-71951368832322352,0,4068134944932225,0,-160612633595972,0,4577577718505,0,-95406224476,0,1447803819,0,-15621782,0,113706,0,-500,0,1 # comp 2x12 (2*6) r=12
-17248079850680497600,-8486704846213045760,23390370469127749824,9463782530114065792,-6575553762203045200,-2789977799386288192,462057214515569536,304643069149828672,6476546543340364,-13362876651486528,-1303618953444548,307411972876856,52863396767109,-3078256970020,-1097170320466,-15779596248,12804874469,858563932,-65148898,-9645460,-135134,39268,2952,88,1 # comp 12x2 (6*2) r=12
-194405872376533448,453731676216207872,2782774058727384472,-11178267498487172832,19004463479957705318,-20010563540825244520,14803547883582990952,-8201391508788946832,3535289557896865330,-1215619398429720578,339112044233994651,-77636076737104340,14697482772519693,-2310938604911790,302274576768655,-32857139569576,2956708734709,-218717848902,13154287721,-632722636,23751913,-670250,13369,-168,1 # comp 3x8 (3*4) r=12
77480385909841474596,-114299376396536447424,-50841650859669874944,135712944909019452384,-46689693522532862832,-6270610063582023024,4927797271927150032,-131075708582342664,-223978226499412788,18553557874951320,5851335479660944,-690690545992832,-95608342903568,14362646862456,979124906340,-188532598140,-5693079587,1597066348,10060012,-8449668,85926,25212,-560,-32,1 # comp 2x12 (2*6) r=12
19054735449511869025,-45526870782626936125,9358548771085913320,12932320002476289005,-925513004967370361,-2166744104786727813,-74073831580447990,187875307998514896,16934615121736315,-9445201892194391,-1094207446278212,302852735235052,37588711207802,-6283410705298,-773472225548,83817749030,9932413720,-697056495,-79081171,3429408,373759,-9068,-950,10,1 # comp 3x8 (3*4) r=12
16178427967746283410,25947942481757995475,18806116929177029064,4602988080577099230,-1171966800150821179,-904630128539429171,-151404531372079829,44721719404703587,21553337202263463,-417874476940965,-1192363981879777,-31474522234213,37353010416106,1200784897134,-720106600823,-20084245740,8824891401,193152571,-68873582,-1114604,330468,3611,-883,-5,1 # comp 3x8 (3*4) r=12
118620698863969,0,-259833172234278,0,139344890210847,0,-33281492242000,0,4572645162753,0,-418649296052,0,27232960073,0,-1298525980,0,45585531,0,-1156406,0,20106,0,-212,0,1 # comp 12x2 (6*2) r=12
10959179501895,19236839322024,-14254272828819,-10176760502346,4911613509123,-1886689704026,2479218540797,-634842080594,-11541305138,-37297122702,9159036782,5481287896,819794027,-1180923888,7222730,90630848,-4791032,-4545246,446374,152276,-29726,14,401,-36,1 # comp 8x3 (4*3) r=12
438873961609924,-303653119815416,-425595669945260,-74489754090676,-8278093084968,9518181125926,11174916101661,4497828734460,1218546619666,365669041374,109328545761,24788480260,5992125367,1427972890,108662243,-31128276,-2793752,922584,-295650,-183488,-24071,694,425,36,1 # comp 3x8 (3*4) r=12
7019245042173997056,-4843517471888652288,-2991853274763260928,3984011826638229504,-1532142680658350848,389659400234493312,-214548471522152384,126097834243724096,-44872647854158192,11139812864864536,-2938867956692164,972147259929488,-276045672117784,52685656980990,-5546934606207,-34367359446,120921246649,-22908494984,2545679882,-193245464,10355934,-387934,9705,-146,1 # comp 8x3 (4*3) r=12
-12661676762041559778800,6516447076025549539680,5353751475826564278484,-1589758459373716504064,-796023474084713758344,133264419833918946452,64577971087663890881,-4226460430452030626,-3110135518788716879,-39177875081337844,86310066122305448,6431998577962828,-1226551651186764,-179811884711820,4184762049874,2167092536696,100753914406,-9007571388,-1127908244,-27001516,2456236,219976,7813,138,1 # comp 8x3 (4*3) r=12
19518504888964,-182040180749712,218364250399992,56754043385256,-138387827434500,8105002778508,32796133357676,-4848792346620,-4382356626446,856478212482,380214722791,-88010036706,-22644060375,6048821910,932244103,-291129654,-25273711,9818562,372781,-222690,119,3018,-95,-18,1 # comp 2x12 (2*6) r=12
13855814984452,-12399718490488,-14523668274680,3044851991940,3546510555752,2592729561980,2163887846965,612376117444,47964277753,8577577294,-3648694020,-2416055420,1829061396,868127874,-82242530,-79439296,-1087826,4142154,282176,-158392,-27704,226,409,36,1 # comp 3x8 (3*4) r=12
-5602127199408,-22750356008448,-16865593697872,4960665642880,16202614274936,10533842007896,1134669019232,-2116139189704,-1229450579960,-152913359036,110021527794,45704756354,-2332614195,-5240831346,-845329345,217529506,75302302,-3729534,-4059737,-412334,52978,15322,1409,60,1 # comp 8x3 (4*3) r=12
1664749363137546941079583,3226600922286785874149616,1565838798584336511128884,82670212815144122722612,-149997970349861026548617,-46093287230322559455316,-2309143808870892631744,1274635824319123116244,241744874360179895495,-936999634592614580,-4994356213915647360,-541179776659110224,8961407591583181,6433236892233732,481864397050646,-4548983949796,-2926777420387,-181056292844,-1395388838,431646968,29447461,992528,19446,212,1 # comp 6x4 (6*2) r=12
3102524262,297250748,-7093555705,79810124,6509118933,-600503116,-3722426761,572265768,1616523100,-258253940,-527991911,65088656,121362296,-9908920,-19134406,942768,2013907,-50952,-132819,1424,5227,-16,-112,0,1 # comp 8x3 (4*3) r=12
7920759926412552030601,-5931516679758746621578,281280830306554696251,1235430167780378313193,-490641016377224253298,13654982936752693453,36104894559976417870,-8888198194534880874,81143267416135798,279113145281216293,-36589438272647592,-2103650323919562,844660591301796,-40890115087884,-6834814752276,853412874914,1099376140,-5420490531,263529499,9918308,-1233223,21692,1482,-74,1 # comp 8x3 (4*3) r=12
32041748608553074555520,-83500140965869424522080,108548444607481821238768,-92970325836185501721376,58429477942533405923056,-28457363816434952778656,11084203371691476854208,-3521288798360891361872,924286739899087466376,-202216593485474463288,37091509571977148620,-5724884465033941264,744857658493509632,-81700319117351550,7542013204359503,-583850512884874,37681848812929,-2010175492680,87551276122,-3059303472,83621998,-1720930,25059,-230,1 # comp 6x4 (6*2) r=12
-14323927512015369255933,18216180939981696778728,-6830492970107260327770,-957525810451068933468,1436783354177154052005,-353276137954945697364,-15891853252371310278,21999075162127013880,-2815253334913204496,-377401403930018400,120784930944873934,-3134667062461572,-1996125064122023,203968056474468,10646361203638,-2867451970536,97925513320,13888538064,-1455291470,30789972,3012469,-251604,8518,-144,1 # comp 3x8 (3*4) r=12
310260499456747622400,-1454575923486023270400,1428295772974755052800,-799141755515404184640,367166491678164479040,-132462959806316136540,40057353929222646241,-8470967397816350136,116015657577061840,415701620907853618,-65281628344745146,-5291418252828894,1696443878037139,18132084914906,-21161324436071,87695476066,151179008391,-646742036,-630090351,982652,1505572,726,-1911,-2,1 # comp 8x3 (4*3) r=12
-5777555261006053163007,-4108788606915509580468,1064167012388494259100,1354919708218843539870,145068510491102735574,-98146066702688061402,-17422912965214048943,3882672727336420968,804990306731750727,-111461645596011198,-21171078574538655,2554206005758080,338717357015852,-44665751983170,-3091112131311,545209841194,10053459312,-4202983980,84237646,17080398,-955059,-14762,2763,-90,1 # comp 8x3 (4*3) r=12
16242914210487588,-680283327602268,7714626935815251,-918564528319398,-9133820107000173,-1092989243450952,2932000753543443,483856689645000,-426601512402327,-75886948306098,33053298608499,6137377033296,-1468906439033,-289135898616,38303476455,8362226130,-560042085,-149975856,3593719,1620264,9051,-9618,-255,24,1 # comp 8x3 (4*3) r=12
-997862847365460383964,-795112760461770153600,15226099377711948320,135509499810003163040,14052536194167711184,-10420869536259176448,-1531442032212515048,481910560844990392,81735666003139068,-14938403162350568,-2733196182480992,326068364118224,62076806216448,-5107381794568,-984681300696,57234042476,10878995897,-447162956,-81147528,2294140,380882,-6780,-976,8,1 # comp 2x12 (2*6) r=12
-232328399841819,333241100481528,-39929300557419,-25931808130476,28093726875974,-34199790635536,14591207389186,-2493579008946,448443668620,-45773138510,-49123945628,-10952072212,16802603731,-2471609974,-830639584,190656522,36209596,-12810756,-136265,423458,-47735,-1174,587,-42,1 # comp 8x3 (4*3) r=12
35133366580363511390,98771124148785412184,99495677305335572352,22157014737237734502,-47095076634115309872,-59103638400757804547,-37294981551071636021,-15516452907491843727,-4518688774793740295,-897085706063606462,-96000462327430446,7053856131418368,5777178125909262,1463591025030731,248035925720427,31623774464435,3150368232605,248263757320,15466519470,753849164,28155682,777921,14971,179,1 # comp 8x3 (4*3) r=12
2138990832095211,-2660739849580680,1265334525975006,119491304525748,-489525233925555,177583582703628,18410844661434,-27709919599464,5405198855544,1295811411440,-817597228362,57109798956,53111522257,-11143133916,-1734711018,724871576,31755168,-33035904,1662634,688452,-91731,-340,726,-48,1 # comp 3x8 (3*4) r=12
-1423952493484,-1072586485720,444797200743,126180150150,1518219312676,78234783418,-540823083976,-83554348984,46041267592,14228967683,4191761286,-718328720,-1273390715,-80485510,130446653,14676208,-8803907,-1229361,404754,68472,-8954,-2013,23,21,1 # comp 8x3 (4*3) r=12
3235823891968,19859189665920,23045901185664,-20699902090300,1749026434044,-3515387988696,592168900552,531289953780,-103257561156,37564845131,-32045878815,11338967469,-2135476843,1415584527,-458553057,40234337,-4884825,6302121,-1387513,-96585,40131,-75,-351,3,1 # comp 8x3 (4*3) r=12
276411208963789,503215713510417,-140049584240580,-211500343051899,33794564928711,22286300964435,-4773266391018,-2872311485340,466299419847,861953266761,-108566384988,-123154281636,18135791174,9326687166,-1508541264,-429970074,70083546,12301389,-1951851,-205896,32199,1788,-282,-6,1 # comp 3x8 (3*4) r=12
24329786879969316,44338844926526400,11691400483401984,-14338964580491232,-6149661573360240,2043971169130992,1164843737030352,-164581512736248,-130200884338740,7041098868072,9718785608848,-26138890624,-508036435664,-16801265592,18634932708,1135060860,-464343395,-39818668,7120684,801540,-51930,-8316,16,32,1 # comp 12x2 (6*2) r=12
333264988511,-1109822966252,-470452805452,1454839860669,1375934113568,-68511973514,-512562734803,-161995650849,58385432950,42345139243,2215226023,-4698001597,-1128433853,258175699,124372465,-2292705,-8310986,-624492,402742,54941,-9587,-1907,31,21,1 # comp 8x3 (4*3) r=12
-18697554698060669751,-117222857087595589440,-21351949318261551990,75869449717673090436,8360912482968971829,-12084333880869285112,-1746634433972569894,775942824421078368,152741916491585934,-21590463625833972,-6252972265965396,217595024355600,146408037572703,3394043727612,-2029799835690,-136237959768,15276617160,1892940132,-26887818,-12650484,-448788,28620,2820,88,1 # comp 12x2 (6*2) r=12
36989082370732187493009,0,-6196863968450370333674,0,464746540418895836617,0,-20738724439479696430,0,616447908782655934,0,-12915882364539420,0,196272480937127,0,-2185046203450,0,17714322384,0,-102059150,0,396560,0,-932,0,1 # comp 2x12 (2*6) r=12
31825728191389749,-127247762451161751,190423615603268844,-97156645964146647,-82614897925509032,180697002773328584,-154366909437575551,80514174040283302,-26622121542272972,4299302006300874,813160970648094,-828112018728651,320685302006932,-84533645614771,16891099882226,-2658231364595,334528472620,-33787676664,2726712474,-173709744,8550880,-313963,8099,-131,1 # comp 3x8 (3*4) r=12
3100681431600021,-4460819328253404,2242543551366132,212514767253144,-730574725925178,261295519970520,25373839189878,-41116522400100,7577249572035,2232447288956,-1111241735016,29482017888,70505337439,-11161322088,-2368813362,780508496,38133378,-33927768,1610494,703428,-92739,-316,726,-48,1 # comp 3x8 (3*4) r=12
1979397449,1423103880,-6397235822,-1312012968,6501899954,-1052701560,-1976711680,1110257436,-195530915,-219482820,139397190,-3072852,-11534639,2119512,584980,-273936,26278,18756,-6570,-744,295,24,-20,0,1 # comp 3x8 (3*4) r=12
-290533919931100,181949740618390,87298945913663,-19619259751006,-1544512311265,-19752284951670,7716160630137,-146431279666,503771918233,-350357876666,9134041849,4327970646,10832866535,-2939291626,-314918795,111547138,32150293,-10412598,-297157,396998,-42509,-1514,595,-42,1 # comp 8x3 (4*3) r=12
24589042,19091468,-84652304,-25372524,96256628,4192634,-82295183,2045170,60627217,-4227908,-29437554,2016430,11581482,-609408,-3053297,100214,493423,-8934,-48244,428,2758,-8,-83,0,1 # comp 8x3 (4*3) r=12
-38920018177907,-100935355825650,-41186501384668,83972854461096,123543060080178,67746272105674,8182137036569,-10293608749372,-5877253705277,-741214293566,439966687558,182581193290,836075876,-14045816428,-2539167667,382757674,167582092,4159242,-5275995,-740106,22360,13962,1385,60,1 # comp 8x3 (4*3) r=12
174408422957,-335717299998,-183001209552,101277012240,190052879106,185549729166,14422034037,-35374499004,-24967842885,-2875453966,645484194,-162305886,-719808440,-469600536,-92952015,-5786934,-1714968,-4285494,-1086627,162606,103728,17562,1449,60,1 # comp 8x3 (4*3) r=12
1241461201,-1738782064,-5383371166,2361573536,7142048743,1163057888,-2506805496,-1523818400,-170011694,308120144,158727326,2667904,-14124345,-2761056,773392,363680,18802,-25008,-6374,992,295,-32,-20,0,1 # comp 8x3 (4*3) r=12
-726356916288,-5698140228432,-4211534806164,441766903944,2839666230483,2198291096916,212170906261,-506857805274,-298104018462,-41174918662,25784521323,11830204836,-1358568121,-2084574804,-350246280,101279948,32308065,-5555124,-2957261,-181938,73530,16226,1425,60,1 # comp 8x3 (4*3) r=12
-4430581113576087279,-5122267026841923336,8019735104040386694,2028056870103067452,-3502115923703332551,274563400876766200,451694637048846698,-106899304140481920,-13653890893508046,6665734782760548,-74399927726424,-213030955882368,18507275934411,3532860479604,-588081391530,-21315326568,9590400780,-340521708,-73222698,7123332,72780,-46044,3036,-88,1 # comp 2x12 (2*6) r=12
-5777555261006053163007,4108788606915509580468,1064167012388494259100,-1354919708218843539870,145068510491102735574,98146066702688061402,-17422912965214048943,-3882672727336420968,804990306731750727,111461645596011198,-21171078574538655,-2554206005758080,338717357015852,44665751983170,-3091112131311,-545209841194,10053459312,4202983980,84237646,-17080398,-955059,14762,2763,90,1 # comp 3x8 (3*4) r=12
-1524753327750839644,5848187965826518560,1030313686143307956,-1414227464713965848,-474000618256352979,99693080091665448,68573783862977742,-5882038303339854,-6913951407346599,242881582891738,525308925490833,29980723280550,-19790198694204,-2386562714616,432999578760,102805178278,1567719720,-1469806794,-166374327,-2366436,948750,95038,4341,102,1 # comp 3x8 (3*4) r=12
22539507046350769476,28359241798149604224,-51323784409529407944,-76511977661579521704,-22428155612708517312,4534974367545608544,2726953684634670672,8720921268696524,-136529251254474263,-9224398098752500,3902620758906244,409331377109972,-69887523718928,-9515936382076,791504823220,137212871180,-5248512602,-1267160788,13610932,7274588,57376,-23452,-500,32,1 # comp 12x2 (6*2) r=12
-9326834919993870720,-1309613514997185216,21756094904653638480,1580030608378446000,-6798834818603641860,-1539407260412287728,687907584450559960,250575709947565736,-19621847777363995,-16506173358225826,-526602688528807,583297742256236,54021344104715,-11298039577600,-1717475199184,93043358528,28273616588,592241096,-212379232,-16767556,122423,75422,4235,104,1 # comp 3x8 (3*4) r=12
12309115732263,-8594824454928,-11453868122895,1020793021110,2400398142111,2220978741462,1706330418273,504101787498,56045245518,4489872102,-3007252710,-479638476,1753950195,605991516,-95204094,-61855412,894912,3472002,136934,-157668,-25122,482,417,36,1 # comp 3x8 (3*4) r=12
-843540139552912119,14421457392501413988,-20619828037449230598,11268988000521323292,-6129091664313553917,8903680444247114088,-8736468787528111692,4404749884910493084,-886989980854611387,-266230754221164644,267461874500725542,-106397396436193608,27795049386985759,-5317473784233000,778382963950926,-89041659386132,8036629324893,-573415252092,32192511340,-1405556304,46743243,-1143788,19410,-204,1 # comp 8x3 (4*3) r=12
457742930560799748489,0,-112422286840557761318,0,12153697912155212839,0,-773527974548104438,0,32643817571623219,0,-970889416236048,0,21001687005954,0,-334373653152,0,3899456875,0,-32525914,0,184143,0,-634,0,1 # comp 2x12 (2*6) r=12
31825728191389749,127247762451161751,190423615603268844,97156645964146647,-82614897925509032,-180697002773328584,-154366909437575551,-80514174040283302,-26622121542272972,-4299302006300874,813160970648094,828112018728651,320685302006932,84533645614771,16891099882226,2658231364595,334528472620,33787676664,2726712474,173709744,8550880,313963,8099,131,1 # comp 8x3 (4*3) r=12
-13245059383495465283676,5851154789389197712224,5479747460670222771408,-1486458742372946532300,-802478355188114303864,125348088042188938656,64201029003704823025,-3943290434188027662,-3068479880006786579,-41378860612825320,85306687741269192,6353767815580632,-1223606528776400,-178729404068664,4282803042322,2170090530420,100450603414,-9052909656,-1130748960,-27101628,2454304,219960,7813,138,1 # comp 8x3 (4*3) r=12
-33703929583344,77268751727520,-50839221021296,-6435892586528,34984091323288,-25097341855016,4727393510424,3284234821528,-2375786835464,459494542452,154761977074,-95499048730,4854052869,8062736882,-1789965077,-246811690,122762902,-1610946,-4638153,604062,33910,-14442,1393,-60,1 # comp 3x8 (3*4) r=12
3238240344,-148960456,-7353327772,-50942452,6773674764,313411532,-3900999001,-292442472,1686940423,130552444,-543774803,-32701780,123375008,4962980,-19286434,-471552,2019667,25476,-132903,-712,5227,8,-112,0,1 # comp 3x8 (3*4) r=12
-305744,77306112,79542384,-3965424,-92120604,-59546664,83530280,16134876,-23789619,8175960,-7701282,-5240700,5587221,1093716,-1560006,-124056,268200,11556,-28702,-792,1857,24,-66,0,1 # comp 4x6 (4*2) r=8
2107625818609022912,66851866457368320,-2632431105856468800,1196580765960632064,545904754680450032,-349375899371545600,-38945952956150272,39754679506728448,1047729481152916,-2480362187449296,4539404569964,96339820468144,-828514389695,-2461337096280,13172811406,42082300952,117068515,-475785216,-6168592,3397664,79735,-13784,-458,24,1 # comp 8x3 (8*1) r=8
-1631,-34740,254004,591810,-2493186,-2147520,-2499641,-90000,-327204,151100,-84516,61920,5885,-35520,-12624,1480,6786,360,-1773,-120,264,10,-24,0,1 # comp 12x2 (4*2) r=8
1474216,-7236264,-1171404,-4436488,-17125104,3153528,32368520,11031342,-17674179,-9121420,669252,3991050,1224701,-869442,-455244,102788,104550,-9702,-14818,756,1227,-28,-54,0,1 # comp 4x6 (4*2) r=8
2403566433830478625,124335965964648800,462578927961950470,172364994229332736,-38737688003162847,47714473641638096,538211629291026,-11865450824059488,202074142935874,1506882350515680,-72227499418434,-92573079216256,7327000785457,2834007061136,-295261259410,-44488744320,5688070258,359825568,-57356286,-1424800,312049,2192,-874,0,1 # comp 6x4 (2*4) r=8
-23783438324085090899,70073336137957355476,-93379309466468855570,81585949876652174004,-57977775765437881693,35910554393106892048,-18224231770413904388,6932866693742934260,-1784559537311048927,220655715178152932,41586095309060346,-31001431827834184,9422065315681371,-1948722032732832,303549520321174,-36953781635852,3569211770941,-274561111956,16752076832,-801228800,29412991,-800236,15202,-180,1 # comp 3x8 (1*8) r=8
2025,8100,-9720,-12420,-21789,-10044,56538,-11664,-46548,22776,4128,-14400,15415,8856,-10176,-2736,4563,756,-1342,-144,246,12,-24,0,1 # comp 6x4 (2*4) r=8
5932319,25674790,35229585,29204182,24717041,13043976,8095707,4292221,1315627,1026061,91795,318090,127910,-38587,-17056,-5281,19591,2331,-4938,190,604,-47,-34,3,1 # comp 3x8 (1*8) r=8
-3078039096864278386283,-1874965726731036501256,371149836401982087994,664273437895389776058,160809048985102379660,-43013206835359694542,-27124732442595113027,-2723965199784430358,982004994107495887,256446502770553480,101919708330216,-6195345222561032,-473749484357661,66268223147400,9152776299892,-279007488742,-82156582061,-693314670,392987861,12190136,-919937,-47714,541,66,1 # comp 12x2 (4*2) r=8
2651940604730048148697,17089160924960432976,-522467344663154181054,-2437018453731507272,47114633238964027581,151970280453592920,-2573778931538005990,-5429279889989280,94904005257404280,121122846772528,-2488850802628902,-1702608980064,47599518187167,13959190224,-668875707696,-43578240,6853578201,-267912,-49935994,2928,245586,-8,-732,0,1 # comp 12x2 (4*2) r=8
-1230257174528,9246201315200,-16053025355504,5847378076908,8581595170592,-7079850711843,-1791972166783,3471280493275,-517205255651,-697398820692,261861601572,52991196858,-42595548212,2145522301,3007265407,-562243117,-72900419,29673216,-1196346,-451268,43624,2345,-365,-3,1 # comp 8x3 (8*1) r=8
-187361175105780625,-266162593947630875,-142744309316007700,-68999941670475425,-31903959348475815,-3949211643611695,-419569110599302,-1895000562215468,-541204472971637,225042024845971,127452452565126,11034003010696,-5114824330080,-1312180166538,-22429819136,30842667290,4029135082,-82221057,-62374273,-5157796,30949,32944,2410,78,1 # comp 8x3 (8*1) r=8
3337713,69161832,52476120,18127056,-101268762,-44650152,136186328,-4016304,-48956217,27726672,-6124272,-12449520,6816748,2130768,-2039376,-195984,351159,14472,-36136,-864,2190,24,-72,0,1 # comp 6x4 (2*4) r=8
13404463529848536832,2168125221858045952,-5922762562325196032,-2245048454340422144,832818197509496704,449088996179711744,-52825733917248832,-42528669939178688,1656941616531340,2389587577610336,-19813347265604,-87197512211392,-190117887815,2151609132088,4838431958,-36307214008,125755579,413235600,-5066672,-3030576,67711,12888,-418,-24,1 # comp 3x8 (1*8) r=8
-64406191,207496848,413338278,29545952,-606527751,-153193536,469605714,20933664,-120906918,39118256,-20252010,-18144960,14541249,3040992,-3502926,-284800,513870,21744,-47058,-1248,2589,32,-78,0,1 # comp 6x4 (2*4) r=8
291785,18471600,7695564,-21148372,-27272868,-6876240,24206282,4372032,-7475826,-752192,-954744,-61152,1261651,140448,-398112,-35840,82212,6552,-11366,-672,996,28,-48,0,1 # comp 4x6 (4*2) r=8
-869361062469661,-2438934508157377,-2293521454437232,2604681757265603,4124907706636453,-945758315517149,-5370786120407776,-37345558370209,1103681766857866,18213123380315,-97984173722242,-1501487833549,4689178221536,65502311592,-133350874841,-1736345969,2354055655,28275837,-25973505,-272543,173644,1412,-641,-3,1 # comp 8x3 (8*1) r=8
13135198776872920012,-2914893424058915456,-5701400833142135124,2360334025935074836,790932858176174201,-455682602694662616,-49862613866081686,42755611351375628,1545649310935759,-2395864728873892,-17420431963112,87355734200508,-216148478943,-2154581884532,4836109826,36338655280,129596533,-413330220,-5110948,3029432,67879,-12880,-418,24,1 # comp 8x3 (8*1) r=8
68796747987467996025,-813522171281864400,-18413698241786939550,158136802608991560,2251381374209686365,-13347751361607000,-166641807048793574,645292180951200,8325427296677400,-19509149418800,-295886530395270,371955823200,7670548571807,-4135335120,-146122023600,17493888,2029725945,145800,-20047674,-2160,133650,8,-540,0,1 # comp 2x12 (2*4) r=8
2377324303742074896,49444270006133952,-844159480345317600,-12677751651571104,136641777324293664,1417061309716800,-13379635451413080,-90740726703360,884279015708988,3631025488648,-41583979621644,-91590157440,1426735518529,1347411840,-35974895712,-7545440,661440420,-83232,-8646998,1632,76296,-8,-408,0,1 # comp 2x12 (2*4) r=8
1702801212359888476,-2499888668459624184,620718216606413880,531927782927682370,-216502237444123296,-52817311047093906,27943339054779155,3394945008288204,-2097047451906357,-169987194340922,103385567874042,7287587620050,-3482478818962,-258265264710,80013497208,6864340846,-1210428120,-125915814,11005070,1482900,-44766,-10064,-75,30,1 # comp 6x4 (2*4) r=8
2040140515242384,185686195143168,720428131992384,70828835968512,103488494850720,11453362624032,7629903352288,1030668918720,421802401560,69649727968,15721955240,3617316448,-566608992,67603096,-63639960,-2847416,169444,-24996,-220830,-20012,12471,588,-202,-4,1 # comp 6x4 (2*4) r=8
-7907007,23989536,78094080,35975184,-71900760,-73323264,53688292,28170624,-2125920,7807536,-16929912,-5694720,8930630,1073184,-2371392,-110288,379608,9216,-37340,-576,2208,16,-72,0,1 # comp 4x6 (4*2) r=8
-1062640,-49772688,42042624,181930,-103834887,20981268,120141372,11192370,-45181029,-19233690,-2961282,8586438,4645835,-1611246,-1396200,166628,251835,-13986,-27968,924,1845,-28,-66,0,1 # comp 6x4 (2*4) r=8
8958712545243096,-7990018939490896,7480879002475108,-4592869578699016,2493113639692956,-1130582646098008,450572538779772,-159421248238412,51691616314956,-15561769747760,4478970856680,-1246074424702,329721443943,-81871176206,18766096720,-3925415352,778082187,-156876160,30731556,-4995442,595289,-48450,2528,-76,1 # comp 6x4 (2*4) r=8
12848220027879291856,3644294356090985984,-5465772697945214624,-2471860795602743328,748364911136452224,462085729579189312,-46879038258366568,-42978032922949424,1433883761284156,2402093832603064,-15022641055164,-87514029372800,-242172667183,2157558947016,4833001862,-36370043896,133441315,413423832,-5155168,-3028288,68047,12872,-418,-24,1 # comp 3x8 (1*8) r=8
8412374961,0,-351815385816,0,39218334340,0,16813614004,0,4183520110,0,-839174340,0,-14930486,0,2111476,0,-91643,0,-9888,0,622,0,-20,0,1 # comp 4x6 (4*2) r=8
8115525431680775013,8236065388960574364,-8418084493485848472,-14253709019142702812,-3435367752981203061,4355629307183548488,3518945868373892782,844202777339436708,-183427629077447182,-191353969269535548,-63774701915084588,-11227702602196780,-610723887348325,234460595605368,80009512782378,14166683443628,1737821579142,158661810012,11033085452,585487692,23398879,683424,13790,172,1 # comp 4x6 (4*2) r=8
59073535050470538647616,227201755897809688032,-8977536682043763146940,-24936778821796117104,625049583077276359569,1201733911922109480,-26370802466561499840,-33183782642671200,750989875362307698,571712160346168,-15209072916640854,-6203304360000,224604482462869,39262576560,-2436974895552,-94662560,19280183445,-449352,-108468698,3792,411906,-8,-948,0,1 # comp 2x12 (2*4) r=8
-19955112977904,116617433798400,179591250766016,156773218980480,104911459384288,55616590078720,24681373611936,9355042757760,3035708102936,869933073280,226404908848,54930536000,13117766144,3185206400,763237448,173888960,35759673,6109040,893184,154600,33858,6000,664,40,1 # comp 4x6 (4*2) r=8
-188149749355839689971356800,273365813312610691759728480,-174134473369458982014979856,61797169481666989903715672,-12177095345927670883369856,733855024835569220423176,279319876271747974764948,-88732447238707334509896,11709071117367796713388,-438284182555901185878,-113923369130842060604,23257405011033964142,-2027395348809540189,49758800196896932,10145577196862002,-1597173361111686,131569529437795,-7462334545998,311255902188,-9710097502,225078229,-3774704,43378,-306,1 # comp 8x3 (8*1) r=8
-1175,-36000,-237936,-178368,-131874,468768,300520,-801216,-251289,438208,67584,-68544,37580,14784,-12336,-5440,2655,2016,-1008,-384,246,32,-24,0,1 # comp 4x6 (4*2) r=8
4349035503938119,435830591245074,917233732928534,106838406296426,103486241059289,14130293746850,3564676036748,870693325428,182748016604,52518872646,-3891246546,1760188966,-38049711,80663098,-132053592,-9254512,6177664,362090,-406082,-28626,15441,654,-220,-4,1 # comp 6x4 (2*4) r=8
4527160454598475415184,-7071133631534521520832,3025434236204261901216,1019233472856461935968,-1540111702074456856736,673408322265259869792,-140284123707342932648,6888248494054199216,3472585650361607620,-800482828689348728,35213095033874972,11692703839401704,-1961592683917907,36469126108716,20244960855530,-2125127100572,-553591173,15073432416,-1096622440,6538672,3573699,-249396,8202,-140,1 # comp 12x2 (4*2) r=8
-24469453180241444864,75508211764955316224,-104929685029205172224,94185134812310863872,-66799224430779005440,40356217437371748608,-19952345142908228672,7474003355845565440,-1924551632860651376,250926847607481040,36101758409726292,-30171461514623960,9317773909043253,-1937925651917940,302637732629962,-36891754724020,3565871117191,-274422143544,16747775456,-801135616,29411731,-800228,15202,-180,1 # comp 3x8 (1*8) r=8
78249005,-350332080,118361379,-68253808,-169537638,172327050,271431852,-2324532,-96341076,-51677668,-10203924,21283752,11074761,-3403008,-3046032,288680,485232,-19782,-45966,1092,2571,-28,-78,0,1 # comp 6x4 (2*4) r=8
-9887,-7080816,8426184,-2472848,-13869732,9055872,20047748,-1628352,-7567164,-5264240,-2504388,3076512,2437654,-643440,-852048,72656,172980,-6624,-21100,480,1524,-16,-60,0,1 # comp 4x6 (4*2) r=8
10920980100263,46663443652608,42659395201564,2585944261170,-60638673112475,-25797853724130,41439471718280,12783075866460,-16300297516064,-1777930214652,3899715923188,-542866310874,-306639966707,93686950602,3988396796,-4936281012,515272360,76989492,-21111968,1113714,164269,-30258,2108,-72,1 # comp 8x3 (8*1) r=8
-84051457819449377,909776675934866972,-2706024733037669098,1168982450013532176,3033243722674936957,-3908599016467614264,1703065657518696850,-21636776647425612,-299584649821148236,142941447735789908,-30083713426561474,425911186578136,1724734515661825,-607745420019976,125710071264478,-18512748688996,2059455308772,-177040127396,11829172274,-610781752,23955141,-690992,13838,-172,1 # comp 6x4 (2*4) r=8
16736727920086349312,33968679867815318912,19117132595853464656,-2272985482685328200,-6033152656374855720,-1584240938553391504,455920151148423412,290148196801990744,13456121829911272,-22063495103418470,-5353115117953222,209759513680534,284240023225197,44273083486304,-378469734294,-1035604270042,-151813143605,-8343149670,326610010,90335114,7306287,335316,9302,146,1 # comp 4x6 (4*2) r=8
18283609,21559068,-9476670,98242488,-40483935,-47081232,196995630,-30169368,-86898498,62092356,2513226,-25528320,6369149,3908952,-2375814,-304128,434826,18036,-44106,-936,2541,24,-78,0,1 # comp 6x4 (2*4) r=8
77410734795533,-109856878243498,72711086192236,-32875061957742,18637379824287,-13253505151926,6786059112184,-2304939394816,632926797434,-207234778850,78929946884,-25363464922,7194992099,-2581840594,1019912272,-302058824,63275122,-12825510,3634212,-988406,183703,-21530,1528,-60,1 # comp 6x4 (2*4) r=8
-509,11718,2999,-61700,81877,-83006,68819,-50329,337,27545,18443,-52744,7658,34731,-11432,-14477,6691,3753,-1938,-650,310,65,-26,-3,1 # comp 8x3 (8*1) r=8
-9790064,11867520,45976080,-14489024,-87886008,2200800,72288076,-984144,-23536407,687904,-1451154,-823344,2400825,318000,-695034,-65248,128148,9648,-16082,-864,1257,32,-54,0,1 # comp 4x6 (4*2) r=8
454567689,3511615140,6396604452,-3503020350,-9302203854,5508730080,1534455571,-2524083120,-12097620,653251360,-152851068,-97303680,41083073,8246160,-6147792,-268880,627750,-16200,-46525,1800,2376,-50,-72,0,1 # comp 2x12 (2*4) r=8
-4868067234947,-7244794694943,30328044348319,-23326086512530,-551672992587,13237663322572,-4797030187384,-2271233263417,1879029043720,217416182509,-333649498531,-15114145195,34140602415,980319165,-2161462835,-55323911,86548276,2118951,-2179544,-48272,33313,590,-281,-3,1 # comp 8x3 (8*1) r=8
298875516884295839,578192777513034304,561289082417312908,381295352428896510,197722689021320569,79415286994922746,24508050008039044,5417178978534636,686886839146688,40606420926748,38497948316412,26840290649690,7859107841721,989108165374,-17147357200,-13460328628,3105921176,1710509948,339220088,40227950,3148145,165050,5608,112,1 # comp 3x8 (1*8) r=8
2652653695986803485525,-47060439672552007800,-521999658491938367664,6691637645997006422,47071452820362168933,-417614292055390104,-2572332283128457815,14933379071537586,94883578770552507,-333201238202438,-2488819314091938,4682382170694,47601886949170,-38382237366,-668898703476,119844902,6853611690,736758,-49935723,-8052,245586,22,-732,0,1 # comp 12x2 (4*2) r=8
3889,46788,-257976,96628,-145221,-248388,345634,435960,-199500,-283808,63792,45192,30447,-16968,-11136,5096,3267,-1764,-1094,336,246,-28,-24,0,1 # comp 4x6 (4*2) r=8
-116223123456,-599509278720,-462087714816,-169743624192,-14236457472,34668513792,32681598336,35833397760,25392682744,10886349272,3423820706,1036708762,341297881,123449502,46510904,15978160,4914727,1338836,316538,67386,13351,2390,332,28,1 # comp 4x6 (4*2) r=8
529080537174840025,-56575793044872000,-210263115905100000,16342642339199200,38592435038418000,-2076077769696000,-4303085626434280,151098955027200,323767558161000,-6857771029280,-17302183130520,195952348800,673441351174,-3265957440,-19244649600,20738336,400917600,259200,-5939608,-5760,59400,32,-360,0,1 # comp 2x12 (2*4) r=8
174500,1819008,-1259736,-1469408,-6657996,2371200,10344164,-6631392,-6379032,3359952,505776,-1109760,425305,291168,-152394,-47488,38175,6480,-6888,-672,747,32,-42,0,1 # comp 6x4 (2*4) r=8
2308879,11511612,6975972,10540380,-4502673,-13910508,29106922,1320624,-11757546,15287112,-4325832,-7359552,5057727,1240920,-1809792,-108720,336339,7452,-35582,-432,2178,12,-72,0,1 # comp 6x4 (2*4) r=8
-164425141135010223329050944,-238742084593378396715859936,-151197024490116524465136912,-52622563867375346379914808,-9679756968696253924307808,-234578061698980664250024,357814444980881856595732,99090394821472041450336,12889702693715062627116,547203128732239384342,-107725968847180810512,-23411441253075171918,-2113933710831341233,-61261659460176468,9170121497601378,1537458089397510,128835619563027,7368125282646,308839036608,9665239686,224508249,3770264,43362,306,1 # comp 3x8 (1*8) r=8
778385520351985873,-39249288260931432,-306615226075666788,11091623428021400,54509090640611346,-1356792022500552,-5841515243283348,95074780728600,422496515673423,-4170159956360,-21764989202280,115416292200,818898002044,-1862774376,-22655467368,11436296,457044687,138384,-6554244,-2976,63426,16,-372,0,1 # comp 12x2 (4*2) r=8
-17951016683440286847,-43716531920264541522,-33101821510382175453,-3670696164687859068,7655885784106932459,4085289040613833413,451076937003001509,-252280445995137663,-92681204079343406,-5269036608320190,3114536990034523,698437513897797,17042899468432,-12926629200204,-1759529867102,4853989662,20597466064,1642539045,-31540907,-11885031,-588236,8754,1960,75,1 # comp 8x3 (8*1) r=8
1155313899233931975181,602938040590858901841,-101113024586619454584,-141639423779690162778,-746528803607070294,13884191818689820446,425204219212639693,-773298679558513560,-22038603109521591,27604785477272912,514977035775957,-667866617852175,-4506551372926,11210734163859,-57426298449,-130715411482,2104687314,1037454777,-26835592,-5332863,183135,15953,-663,-21,1 # comp 3x8 (1*8) r=8
1016,163464,-441372,-792904,-766824,948024,1393356,-1098510,-913323,471156,139920,-76650,84401,27930,-36516,-9380,10410,2646,-2498,-420,387,28,-30,0,1 # comp 6x4 (2*4) r=8
512656,0,-60190992,0,-11965452,0,-312304,0,5271272,0,200360,0,70505,0,-17086,0,11739,0,-2532,0,311,0,-30,0,1 # comp 6x4 (2*4) r=8
-10494061685248525083,6372566026802118243,11390274689051301957,2298483697961757555,-1551530450690923266,-644219874282096774,393084663327981042,144417556181964546,-35101120794523577,-13175285385024678,1559296723545611,642839126648640,-30259704075476,-16874355588768,137221376168,245502935148,3207706567,-2043818403,-51998338,9637560,319492,-23826,-910,24,1 # comp 3x8 (1*8) r=8
-20749700,-5910240,92091834,-10686718,-123716919,55362888,69243770,-39078606,-10257279,13978538,-6359496,-2729034,3556745,208614,-899556,21140,150045,-7434,-17248,756,1281,-28,-54,0,1 # comp 4x6 (4*2) r=8
1433231,4766496,-4184889,-4177796,-6101697,-1647198,8858580,-1727628,-4284306,1619632,231630,-579432,440703,197064,-166212,-34664,42513,5418,-7176,-588,753,28,-42,0,1 # comp 4x6 (4*2) r=8
963523718642150226992,523739795919706792160,-80260248513873371496,-130547289832496066564,-1607077706553813472,13265229483904327012,445868913598235552,-756916804978602946,-22522548256876592,27478710735794877,526457293265657,-672602008402069,-4645482266915,11376156874869,-58399422425,-133182181817,2157484075,1057727775,-27501361,-5421791,186871,16115,-671,-21,1 # comp 3x8 (1*8) r=8
-188149749355839689971356800,-273365813312610691759728480,-174134473369458982014979856,-61797169481666989903715672,-12177095345927670883369856,-733855024835569220423176,279319876271747974764948,88732447238707334509896,11709071117367796713388,438284182555901185878,-113923369130842060604,-23257405011033964142,-2027395348809540189,-49758800196896932,10145577196862002,1597173361111686,131569529437795,7462334545998,311255902188,9710097502,225078229,3774704,43378,306,1 # comp 3x8 (1*8) r=8
260404,-11572272,7184424,2847912,-21968292,5701968,27273176,2321784,-11914596,-4501644,-771432,2342592,1575377,-554184,-542598,72864,115503,-7884,-15436,648,1239,-24,-54,0,1 # comp 6x4 (2*4) r=8
-4399415,-53887596,76791207,56474656,-95687910,50120742,54081220,-36614928,-5465748,11038972,-5993724,-1940820,3273129,65100,-845568,29792,145680,-7686,-16958,756,1275,-28,-54,0,1 # comp 6x4 (2*4) r=8
-13107675134960790247,22443876838197192352,-22410201424253128432,11095051466214919586,-597187391372806347,-1623373686433723902,482308265219959140,50301398377370232,-38033427862856058,1505422019755556,1377291332519456,-142281462304106,-27215294973527,4296232696126,289443851592,-71090810376,-1126190522,707718732,-8638740,-4233926,125685,14066,-584,-20,1 # comp 3x8 (1*8) r=8
-2139059907034943127527,-1696505923329293015056,642749355346430963638,-573725342049182440008,116856197318375276035,3592570674796680488,-11067201882238075640,4716787448154694524,-379545489152408619,-181562672581075648,31811668686434246,2440241004857596,-774854599754369,-3080087029476,9695658046642,-282239976132,-68015498291,3456071732,257495068,-18724668,-402977,49384,-202,-52,1 # comp 12x2 (4*2) r=8
19031644,-571406136,518289960,-79845276,-472480119,333101832,447018856,-59575908,-112422654,-59541692,-32084766,26160372,20012885,-4007388,-4783440,332276,678129,-22428,-58350,1176,2994,-28,-84,0,1 # comp 4x6 (4*2) r=8
3611545,27665400,9694419,45141376,-103422630,-14310114,268619580,-52763172,-111999756,71968260,673092,-28386624,7592841,4318776,-2530320,-341432,443256,20790,-44422,-1092,2547,28,-78,0,1 # comp 4x6 (4*2) r=8
205091041,0,-384070260,0,-402937458,0,135671708,0,21120183,0,-32448024,0,16868172,0,-4470984,0,657783,0,-57844,0,2982,0,-84,0,1 # comp 4x6 (4*2) r=8
553050535318569,-2136224391391856,2587391841373384,-7024560674214072,7014423666123620,3175910287776488,-9117997726842332,5658406762769944,-1164887436836658,-252297705356808,173378086279356,-24846104838288,-3171194799246,1274755228968,-57635475388,-21365909984,2439794285,145221488,-31362512,-175040,200902,-2312,-676,8,1 # comp 2x12 (2*4) r=8
-42045436,-198429120,321815928,-18816160,-527920500,114449088,452179076,2253792,-127381836,-47926224,-16142460,20386752,13491397,-3316896,-3359958,299776,503475,-22032,-46668,1248,2583,-32,-78,0,1 # comp 6x4 (2*4) r=8
-1085571677411245647,5313092084655692088,-5441164800883800788,2151664668551563542,-677071922182416855,68487893084646734,106704995459242988,-42003524861220616,-1614537557275386,4330800241570708,-32851323941644,-205978555592046,-1795763943179,5533352462226,179621573648,-88155600888,-5075168234,797395596,70721496,-3109234,-499223,-5442,1368,68,1 # comp 3x8 (1*8) r=8
339151046413377141,2103567060682280904,3086353004114465512,1325817105553280022,-828243630595246987,-813350823528492834,-115884560006170340,65304461642860560,18244189080674890,-1947154933858116,-967054769208640,12863371846962,27790010836225,654170916090,-495825246208,-19676132424,5812556698,258362868,-45502732,-1869210,232597,7278,-712,-12,1 # comp 8x3 (8*1) r=8
20485334313719,224847276433776,80527653156908,-60407975409230,-49793962952651,-24117574666946,53455054296104,-435513680676,-11824584753872,-2205972406188,3935083769252,-596384999930,-294941203379,95920865866,2816883740,-4809523572,530774056,70980132,-20334352,1059730,166285,-30290,2108,-72,1 # comp 8x3 (8*1) r=8
-378999070432256,8787024895173376,21436526051887552,8512691692785408,-4265301855242112,-2973412605415664,314235077559768,483034397807620,14631666088855,-46340225451385,-4711809968205,2835561504808,423414372613,-111248721129,-20607416932,2693195675,580154266,-39413277,-9632748,336899,92671,-1540,-475,3,1 # comp 3x8 (1*8) r=8
-4502563655014299344,-2514481254095273304,4787307090293518644,4599823869360941472,211020904917662616,-909303743613274224,-211577308494482560,59888806847573784,22304835116868513,-1537453527653112,-1090385111985396,-547104555162,30721792677465,933333405894,-546535052064,-23489375064,6401788464,290814444,-49806300,-2023578,250425,7590,-744,-12,1 # comp 8x3 (8*1) r=8
8164042838556561431568,17986961763144273727296,13350595135309043711520,3305934518197130943648,-1026066456550798716608,-961569455309428498848,-285911597392864855784,-33967725162477220016,2620642762836095140,1387978016715082520,142510246408398164,-8365090696915400,-3176163430640075,-200675734680540,17344426765706,3228650449052,105334488939,-13112146656,-1398251632,-32801104,2594187,230916,8058,140,1 # comp 2x12 (2*4) r=8
500510994138860,1346136782120712,2008543887592512,2054010125731080,1636984202781600,1073109171307758,597812800000817,291105705284532,125988317534709,48968599233610,17254315055217,5546301447516,1630401700805,437766663450,106607975820,23226191138,4443807576,730236678,100361577,11176536,971049,62752,2817,78,1 # comp 4x6 (2*2) r=4
11331754623,52115608566,70855286533,31567625820,2943172304,-3199845978,8413231006,1987136136,169169392,-899900964,568559660,-79609284,-21920801,724986,2736356,-754344,-7022,57564,-2263,-1980,67,72,-25,0,1 # comp 3x8 (1*4) r=4
-1621270324115384982635,-224658580323822023336,-12511743363440049582,-27970979428545740498,11841349129671699778,-1709842549546896226,-3673613497408316495,-216447536515940958,235689244566541667,29341310416077532,-6476571619370664,-1183754569719816,89517220717803,26163079223088,-344441758152,-365994535174,-12383099119,2684055378,204955561,-5439044,-1017323,-20710,1425,74,1 # comp 12x2 (2*2) r=4
3026761298176935878352,1648613679547573793952,-280643372360160717024,-1185859608014327707320,-234225123988142703032,113505173552396481036,26813905132624206349,-5508064387910682246,-1343318330030008163,170503980828428292,38153936053686084,-3751587154545924,-667277898158144,60516713373564,7251725532286,-692416179216,-45738734774,5174614380,132136788,-22246020,-9728,48744,-707,-42,1 # comp 3x8 (1*4) r=4
353756746294917156,0,-146424150918394992,0,27770811108706236,0,-3191848520301056,0,247627381916181,0,-13661715349692,0,549605432094,0,-16244628168,0,350103051,0,-5365584,0,55506,0,-348,0,1 # comp 2x12 (2*2) r=4
-4277654981,-64498778724,-341382567246,193293881301,-230729410251,283890932050,25088055977,-8396971905,6539776290,-8304625343,3355789469,-1795977295,942691941,-392390127,137103758,-45467175,13702158,-3635593,858621,-173599,28749,-3861,407,-29,1 # comp 8x3 (4*1) r=4
2465474773034197,-3978447338734060,1950573842104708,317714542106496,-682572235341634,221310204936464,31080013525438,-35944340656556,4689254577307,2539681032988,-873023591352,-36329404040,59260737231,-4743440496,-2391532658,515166752,54398938,-27535536,699254,693620,-83195,-1004,742,-48,1 # comp 3x8 (1*4) r=4
-4805749820710607500,-1358730608196393000,-633319174564162800,658042354218589300,-47180309437424835,-34397414736743280,40027825341586314,-2633777374076550,-5124336917441427,673134910496074,243359541875565,-32148018330150,-8735308403796,901110901800,375156067572,-69717710822,-1136634876,1342352538,-123865095,-1439916,1127838,-99542,4389,-102,1 # comp 8x3 (4*1) r=4
6194517175,6499319918,1781248948,-2431133484,-1438813078,985838930,-12638033,111622804,-101754911,-24155984,36340692,2415520,1695228,-850194,-582857,123056,-28868,-6792,5435,188,268,-8,-41,0,1 # comp 8x3 (4*1) r=4
-20833649557304,-32619928066544,-28849687464384,-3069215752524,7665923276644,9722775704512,3487077157734,657212751728,-275258778454,-131079564143,-4511122607,5482056651,2807942199,-83352395,-364032981,8658227,-2601527,3355555,113247,-261407,7281,4119,-177,-19,1 # comp 3x8 (1*4) r=4
-393559148406701,112953331225678,-76889293154273,5936904736070,-37747988075313,-5860721390654,1912628742138,-639255803838,-907685376668,-136239742170,102396747345,58555437334,18494440420,4741796494,945724682,107852226,-1172495,-2463342,-543870,-90476,-3287,2350,473,36,1 # comp 3x8 (1*4) r=4
5160698244,0,-7090696260,0,5003889993,0,-2413489464,0,831334860,0,-214439514,0,40505128,0,-5630282,0,577313,0,-42788,0,2174,0,-68,0,1 # comp 12x2 (2*2) r=4
66436191263029,-680847698544090,1619210905951919,1455101071259320,8468002092271263,-15556652043961304,13192282887159493,-7912810724376998,3888957991209598,-1630264178974348,584460024990114,-179170965587986,47085382668601,-10630199157786,2062301042206,-343159652246,48730192544,-5847655134,583451426,-47275560,3012152,-144310,4859,-102,1 # comp 6x4 (2*2) r=4
52090922517399,293512877072514,128764048087209,96469829582727,11518885857244,-71689993852417,4698659588866,9228838070562,-850374351380,-243301589957,10142202216,-44200507786,8084050496,5289826448,-870624760,-290072898,45737050,9353343,-1395289,-173812,25429,1652,-250,-6,1 # comp 3x8 (1*4) r=4
1547577855,3745056150,13260866292,4363008972,12716457690,855828834,2669146015,607150236,-650916783,93733192,-23443452,-7651104,6095852,-192666,-1086873,3736,-23196,-5760,8987,-36,-300,-8,-9,0,1 # comp 8x3 (4*1) r=4
240433107687936,205458539043456,662511849981120,-88710182805504,276059443894592,-144712555798672,44564128353016,-14446817854360,3208972917172,-501200545700,-103503854722,68873920962,-15224764631,3238886154,-244189553,-110836090,15720138,-603138,185087,74986,-14026,-2254,129,28,1 # comp 8x3 (4*1) r=4
2178446899063,20375662714674,-57058201142698,53527311845282,-6963363925149,-29308527847114,33103719282486,-20078317495212,8935621907677,-3561534596242,1437648561852,-562667937308,198589652557,-61711887280,17257673578,-4490337450,1090321015,-235514802,42922062,-6260546,686635,-52984,2668,-78,1 # comp 3x8 (1*4) r=4
12419051724480,-429541181227552,180577839314976,-718090665653676,282016954088294,-270600926876134,100055930475655,-3056448570390,-1176709472219,2693610731972,-979534322576,-45425755996,44263693078,-10794877654,2526394133,376560930,-211780343,5148312,5212534,-410812,-47942,6206,53,-30,1 # comp 3x8 (1*4) r=4
52467958614839056,-23234980914333216,-13431280646610000,7330568623238448,1703856579847440,-1202733345472848,-120529455908828,128850692993400,3535324884826,-9894091439694,225330956387,562349261082,-34953253407,-23856682710,2341801127,734236146,-100297087,-15273762,2924633,160566,-53773,630,521,-42,1 # comp 12x2 (2*2) r=4
-23192881037831,26679563907859,-10198478010718,-1474038831474,-1700394349472,803022189720,129920442667,-753288964788,-157673994875,-64233574138,-54260747347,-41954030295,-15054254042,-4626061845,-1284885545,-279488220,-39193688,-2893335,-353002,95427,29929,21,-311,-3,1 # comp 3x8 (1*4) r=4
155613178674,293963625468,6874007427696,23939702614332,21274047792238,46346615778348,20195352342213,9988615742598,2344760547931,1241160602400,317176253928,102815351460,9627301654,936058032,-320426586,-126777672,6330790,-4658796,1958196,-384552,78400,-12636,1161,-54,1 # comp 4x6 (2*2) r=4
42292602474299600,-16759360406642240,-3107080840617920,-2293846927721408,5048020996943760,-2580746129608272,925347533832760,-501661760814496,314628698422504,-158644358346760,65956048792016,-23981517164700,7643216663357,-2101549387420,499233387358,-103626609302,18724632367,-2863828896,356072688,-34583560,2526451,-132980,4738,-102,1 # comp 8x3 (4*1) r=4
-840986700951357,-1842145463794860,-1814856744226734,-1147865527323324,-513142830312075,-163826111974032,-30305009837631,3282529993092,5406296733004,2466029342688,678724544612,91972266468,-18083545466,-16413087528,-6066135091,-1487542956,-240325799,-16750752,3282875,1298808,224248,23784,1577,60,1 # comp 3x8 (1*4) r=4
2235590145721,0,-6256473868364,0,3258525165618,0,-981476294150,0,186897039251,0,-24537013520,0,2211745809,0,-141705632,0,6782753,0,-250676,0,6879,0,-122,0,1 # comp 12x2 (2*2) r=4
11626746563196824021717076325,21576687018731865553538779080,19135793282098089987161378877,10763948001887917926936937572,4301772612021922686636284184,1297450340188796184208294008,306363518198887581596735920,58013538395471188011501870,8955995802708071843941338,1140186695821884702167510,120662120788664674877112,10670516443737242569548,790933328106200655983,49191201661132004010,2564691895387899222,111762413975654266,4049134687742046,120971109735000,2944923649941,57423134430,874685373,10020442,81153,414,1 # comp 3x8 (1*4) r=4
466656,22296832,37915280,225886864,424266762,253538320,59257823,-91633536,-52253975,-13054384,13151965,3142144,99884,-747776,15794,7296,3613,15456,-4023,-1664,655,64,-40,0,1 # comp 3x8 (1*4) r=4
-96440001856797,-472955460686712,-1126297667064602,-1540794667567028,-1421057421585643,-941493860646060,-453527965805998,-147560696121784,-21289995431024,8467263082704,7334479089406,2839389186580,680211069257,87333689916,-4312643170,-4881613240,-1128731768,-114903936,5745826,3763132,597413,52596,2750,80,1 # comp 8x3 (4*1) r=4
21867422286753,151445420318988,134164382616144,-323787536621613,502188632810937,-650902772069226,619562715048129,-446152693246017,256156164070392,-121384419306111,48407102682265,-16443068463929,4799004322381,-1210545588255,264638263722,-50110012191,8188656652,-1146573893,135879685,-13360083,1056915,-64257,2797,-77,1 # comp 8x3 (4*1) r=4
1005757690518,-592364906468,-436919193982,-230103845057,525692125062,-93786454157,-125007671823,76221551383,16273475188,-15140008489,1325957706,1916623361,-404049293,-151650421,39167191,4257404,-3143849,126534,236085,-26931,-8357,1437,55,-21,1 # comp 3x8 (1*4) r=4
-15960582,-15572340,266722920,325780644,-252094092,-670118862,357972349,309568602,-37347399,-120693692,-55665270,42487158,27752990,-9693264,-6576261,1328446,949587,-98910,-80884,3780,3930,-56,-99,0,1 # comp 8x3 (4*1) r=4
-6897611701020,9242376035784,-1725043788856,-1343149172396,-1328936086696,724499532300,588398436101,-73713911116,-158327750807,-27751300290,13585422300,8142087444,2929062612,1042120978,265131086,32393296,132958,-470406,-203936,-58456,-1448,2402,473,36,1 # comp 3x8 (1*4) r=4
6831865539644290209801,0,-1242096903243456616224,0,103507613807815291536,0,-5227712952860338776,0,178219438446013272,0,-4320497294765784,0,76372516610890,0,-991849491072,0,9392499072,0,-63249112,0,287496,0,-792,0,1 # comp 12x2 (2*2) r=4
14899561424775518508900,0,-2278700912121056024100,0,161222660720137594825,0,-7022938723380832824,0,210468907199657700,0,-4581073772269230,0,74368811144372,0,-908376820282,0,8294514129,0,-55276848,0,255478,0,-736,0,1 # comp 2x12 (2*2) r=4
15001381648,-124479822200,190713396814,-78739353120,-20834339371,5354293240,15292015705,-4750838800,-2767096172,342120080,593501505,-1848520,-6517713,8551440,1523170,-1175120,-55301,67920,8207,-1880,268,80,-41,0,1 # comp 3x8 (1*4) r=4
46867716,0,-68725152,0,56986848,0,-63561132,0,26823804,0,-16715592,0,4940637,0,-783930,0,66451,0,-3900,0,311,0,-30,0,1 # comp 12x2 (2*2) r=4
3909094515277639424361,0,-744620712525470083842,0,65006815942552908249,0,-3439482671111942934,0,122837503895979768,0,-3119666428774602,0,57771542008239,0,-786008313216,0,7797712293,0,-55010346,0,261954,0,-756,0,1 # comp 12x2 (2*2) r=4
19344103778520,140350369530600,300725629269120,37711712715816,-375771800748250,68981416466350,226671544605500,-239360108924844,130321587823242,-48363630404106,13567159059303,-2966077047828,496855697973,-64824937086,9022149879,-2283017616,728214501,-194760150,39919665,-6079884,668337,-51120,2569,-76,1 # comp 8x3 (4*1) r=4
14042930388,-1724715384,-23371300680,2046085540,18313201074,-1127544390,-8787356791,356547492,2844704898,-69510994,-652896048,8476020,108917603,-603792,-13327020,16476,1188810,882,-75453,-84,3234,2,-84,0,1 # comp 2x12 (2*2) r=4
-2854200030411146452775,-281720240800646600340,3094127919096217014204,-1509018222250989564930,15725470675224562374,121644785608440273090,-12892653713041048275,-4794392926205487900,659157191978694135,127459282617441930,-17327945912821635,-2589885284694660,275363119148200,40891669784370,-2567394371835,-475670635470,9579494400,3708788760,61115730,-16227630,-841335,18690,2811,90,1 # comp 3x8 (1*4) r=4
3909266497487083395604,5909723556011523864,-744591667235527887048,-812930575673408964,65003839401352839498,49134022757940582,-3439390347145300215,-1701644740070436,122836593172581666,36764062344562,-3119676919535232,-500188446324,57771869069891,3969734832,-786011028012,-12002268,7797718530,-71442,-55010333,756,261954,-2,-756,0,1 # comp 12x2 (2*2) r=4
21858438308841,271322400066930,115640442409197,16954094941983,7652228019772,-48528576870173,2564684582170,6814002257850,-427945027916,-111678780205,-29699600172,-47922405446,10057501772,5310282580,-927235216,-288037506,46630606,9259263,-1406581,-171644,25513,1636,-250,-6,1 # comp 3x8 (1*4) r=4
479203878894452,1186945422749328,1741694069696268,1780826474833300,1428015244339080,946352858931228,535231432382369,265583311155390,117433096141083,46682517564360,16806101521983,5502096268920,1639402529319,443610720864,108269171292,23545367440,4488405798,734819964,100701767,11193888,971595,62760,2817,78,1 # comp 4x6 (2*2) r=4
13454372080944,65699356074336,138041276584248,150164257183272,101386040453370,61363952699676,64535611854330,5863024679712,167210355300,-730801477438,-1265114676689,285339792904,-29544392373,17840710406,747958223,-1770102740,140084031,44412534,-5261863,-480248,72955,2286,-445,-4,1 # comp 8x3 (4*1) r=4
5538690335118458770561,0,-1112289232567092990992,0,99983829052866548064,0,-5348311333479953752,0,190229203790998278,0,-4749274262379364,0,85451315897358,0,-1117353998776,0,10543532057,0,-70038260,0,310910,0,-828,0,1 # comp 12x2 (2*2) r=4
5671868419258284673089,0,-1049597135470327449200,0,88926805398476437920,0,-4562742182153474280,0,157944658926576046,0,-3886853719129940,0,69738039060174,0,-919292910120,0,8837022721,0,-60415940,0,278838,0,-780,0,1 # comp 2x12 (2*2) r=4
3374648478609329929,-99367935816882600,-1158306951000627750,24588313911079380,182065572393016725,-2675186504505900,-17338579051133406,166785283760760,1114516237831500,-6486023671584,-50947737612450,158828178600,1698318366827,-2268861840,-41594120400,12347928,742791105,132300,-9432486,-2520,80850,12,-420,0,1 # comp 2x12 (2*2) r=4
17382172946232180434049,0,-2893318549059409929950,0,221244635766501512683,0,-10274890813264174834,0,322721434699963525,0,-7221162433923324,0,118023547461158,0,-1419608727922,0,12471368958,0,-78038888,0,330164,0,-848,0,1 # comp 2x12 (2*2) r=4
6504438915,19997731494,1745931672,-12687642792,-6170945634,4698676998,3160248723,-115824384,-636162363,-199679124,115942524,34128720,-3708164,-5478066,-667293,594900,36204,-27972,-2861,900,888,-24,-57,0,1 # comp 8x3 (4*1) r=4
20118570949129,0,-21047904748780,0,9485840887498,0,-2493365736108,0,431726999695,0,-52462334392,0,4623695708,0,-299557752,0,14214919,0,-482716,0,11130,0,-156,0,1 # comp 2x12 (2*2) r=4
3703572331193,-5349627234000,1031218867225,1632363241448,-570757042368,-335295943812,163272389810,38963500226,-26488668982,-3545374798,3392943726,143452990,-310383556,-1526560,24841351,-1272114,-1389475,96516,74890,-9684,-1932,270,79,-18,1 # comp 12x2 (2*2) r=4
6079407189770869,2929434004519232,-1193283592456031,-781957852656800,161078942791680,135011403240512,-10330530371744,-15117208051584,289892937072,1314368810820,42688165006,-84731043958,-5578325914,4420073666,459073248,-167435904,-22845888,5030592,941304,-77976,-22222,722,459,38,1 # comp 12x2 (2*2) r=4
3307179289,-930590600,-2807080966,2094854320,-1413521753,286878640,635807880,-459132400,349457674,-79437320,33015014,10153760,-185817,79440,632656,204880,-20966,20760,2482,880,247,80,28,0,1 # comp 3x8 (1*4) r=4
12643614455293584,0,-6992596851886272,0,1761325935383440,0,-267681363631968,0,27379871183620,0,-1988243344032,0,105209201800,0,-4090536384,0,116030308,0,-2342208,0,31936,0,-264,0,1 # comp 12x2 (2*2) r=4
530269846964512209,0,-212490504943963560,0,38996922583722558,0,-4334840418672840,0,325118803561255,0,-17336043588720,0,673981131580,0,-19251206160,0,400984215,0,-5939880,0,59398,0,-360,0,1 # comp 12x2 (2*2) r=4
-4304445526381129664,-615483591293406080,-825444030052277440,452000550146486448,110387553064018212,-13481309691244672,23516254310404905,-4048019885886980,-4254462884564420,853514834227178,158071896556362,-29238884401706,-6144574883873,536818382862,352977854557,-60056660758,-1828106273,1285858692,-109332675,-2700412,1186792,-101030,4405,-102,1 # comp 8x3 (4*1) r=4
491538875790,-643515990450,-561565212534,804702033283,977332943844,44033778675,-314866969867,-119985542991,33836004168,28184054189,1962959826,-3174030999,-791338675,185681607,86147931,-2069342,-6167619,-448182,339061,44889,-9135,-1745,39,21,1 # comp 8x3 (4*1) r=4
103842565125751066176,0,-27119800135411359424,0,3191573065027813748,0,-225342979480751820,0,10681331326038701,0,-359539870248690,0,8846404857619,0,-160873184092,0,2151714213,0,-20672336,0,135399,0,-542,0,1 # comp 2x12 (2*2) r=4
7359798825658948,100144142560728,-4200948759233772,-41264480486364,1100158586183160,7485544787742,-174674748569079,-778133258532,18720182597886,50439480826,-1426514639508,-2058434532,79253563547,49005432,-3234750876,-444540,96269040,-7938,-2037413,252,29106,-2,-252,0,1 # comp 12x2 (2*2) r=4
6582432122962508836,0,-2135137994658002736,0,317389335643785084,0,-28592774098483616,0,1738695624379893,0,-75185551955676,0,2370707698910,0,-54920085384,0,927708363,0,-11143664,0,90354,0,-444,0,1 # comp 12x2 (2*2) r=4
-1804031640,-60958164384,94438793142,-12314309568,-24965336799,-5783947968,11993451673,-1350063456,-2314130688,545357344,446465409,-80867040,-16462609,14383776,687522,-1561760,3039,74592,-1321,-2400,888,64,-57,0,1 # comp 3x8 (1*4) r=4
5684,15540,80022,45662,50661,-33540,-113430,-5034,25389,-3502,-14220,-1686,3513,858,3612,-292,1473,-126,660,-36,141,-4,18,0,1 # comp 4x6 (0*0) r=0
13408395689567813497344,940045305332419130880,-744553262558914547328,-62979311821699222272,29582154722211080736,2043363567912801408,-629816183791034912,-53389479120626224,12417153161323292,717718753528888,-129486786624832,-14736876160392,2274223819569,109755245148,-11598940942,-2572003404,326141419,-808512,943228,-309488,33191,-724,114,-12,1 # comp 2x12 (0*0) r=0
5642304,-26688384,64817184,-103631904,92205816,-25065072,-20885784,19091136,-279110,-7084248,2940548,739296,-1042127,293568,157784,-146064,12421,23256,-6172,-1680,727,48,-40,0,1 # comp 3x8 (1*0) r=0
193008280278564,0,192832856052064,0,64387254762296,0,10552084811740,0,1094260127008,0,84454197212,0,5095106473,0,242167390,0,9307979,0,282220,0,6499,0,110,0,1 # comp 2x12 (0*8) r=0
957052190238153008219136,1118315288317934426904576,706742130430687079358336,304533305765944566624768,81272871968290029220240,7640686470666266321664,-2538674365580433250400,-967033432939350766880,-99199414051609997096,13591659993516227216,5249008214209455608,607041810411846568,8132267794784041,-6356717749474812,-821425069206238,-34506413261812,2554814986119,500913368952,39756431828,1994843840,68484519,1617204,25266,236,1 # comp 8x3 (0*3) r=0
2482764455541094286400,-1870205952136294425600,1640589538223527205760,-685975658045170636800,94525818683649981696,-104421029305655963136,108272164730746145088,-44111641860458338816,7972119810422328112,-145082796034218496,-209198746420196672,36389276608394240,-1096457433929600,-408043762014976,56834439702304,-1527672987904,-316546642292,36118391744,-1148563592,-67321216,8585296,-413152,10996,-160,1 # comp 4x6 (0*6) r=0
5684,-15540,80022,-45662,50661,33540,-113430,5034,25389,3502,-14220,1686,3513,-858,3612,292,1473,126,660,36,141,4,18,0,1 # comp 4x6 (0*0) r=0
120947373,38004372,33231240,12153396,181613283,-27844932,-67140542,7045896,13697448,3675312,-8960952,-2004360,6138143,360888,-1986336,-32744,356019,2412,-36326,-144,2190,4,-72,0,1 # comp 6x4 (0*4) r=0
313184553843297249,0,168076387143924018,0,35935399209275677,0,4191222204295426,0,310507121960450,0,15961405223408,0,596451060179,0,16549779494,0,341136716,0,5118722,0,53120,0,340,0,1 # comp 2x12 (0*6) r=0
11772467001,0,12448081680,0,8566215160,0,2523774004,0,389258382,0,-33205032,0,2138550,0,606732,0,-5871,0,-900,0,342,0,-8,0,1 # comp 4x6 (4*0) r=0
2116,0,-21624,0,143964,0,129372,0,-39084,0,-59484,0,5861,0,4926,0,531,0,132,0,39,0,6,0,1 # comp 4x6 (0*2) r=0
194624,12288,1575552,1584128,4839936,-4299264,1450176,-3634176,1660464,-275968,852288,-250368,64512,-69120,3168,-9472,3084,-1152,936,192,96,32,12,0,1 # comp 6x4 (2*0) r=0
396253033,-269438232,216599628,-69837328,565007478,152567352,-174218660,-35056224,34988079,-18476752,-28060200,8616384,16018884,-1316784,-4356744,103264,660807,-6552,-57764,336,2982,-8,-84,0,1 # comp 4x6 (4*0) r=0
16001253781540722309897,-2357057150281490880672,2260441663368813749160,-260036008103827217904,75355983303596611182,-2608971124627040046,-198911664487264092,156447351087214342,-12458302593975632,-2939341561228700,457417371580531,-25242195726800,-1550374735283,1413739100710,-62072263337,-25592488586,1528611043,257808322,-16247147,-1694462,111553,6610,-443,-14,1 # comp 2x12 (0*10) r=0
1152714861,2773409625,3640859730,2926912167,1819680693,885302643,484729145,228589947,144031099,50008065,31569380,6524670,6047243,685083,1001195,27468,127429,-1845,12844,-348,886,-24,41,0,1 # comp 8x3 (0*1) r=0
1779180092711879223289,0,361873303817171020290,0,33734004416183199261,0,1905868864094296922,0,72681161001429528,0,1971010376446410,0,38974765436367,0,566219627088,0,5998092633,0,45183382,0,229746,0,708,0,1 # comp 12x2 (0*0) r=0
76176,0,-212112,0,207468,0,262776,0,357165,0,178902,0,95749,0,43770,0,14280,0,2938,0,393,0,30,0,1 # comp 4x6 (0*2) r=0
2872353084881739649024,3807351592958869053440,2537691425289061494784,409605772425712990208,-295886840079077614592,-64465441310324928000,68136753554518676096,39195977607695034240,7955584936344934672,226798370190847840,-201352126658914880,-36947086816970096,-1224388804140367,410990707253264,59219224982626,1750534487744,-314314003553,-37340735232,-1269337828,61415568,8417791,410512,10978,160,1 # comp 6x4 (6*0) r=0
3269842986240919217152,952062139459493376000,-290274706277810758656,-121753748810220680192,9157705068062348160,7356930537013797888,-26083144150162816,-282905545268799808,-7438234977937052,7761845373832464,292430342992844,-159615816032784,-6329885124971,2521121215668,91874935622,-31070765644,-897406901,297823928,5092176,-2138248,-4741,10564,-162,-28,1 # comp 2x12 (2*0) r=0
11881,0,1776,0,44766,0,36888,0,37479,0,13056,0,11468,0,9264,0,4959,0,1392,0,246,0,24,0,1 # comp 6x4 (2*0) r=0
80861051808272,213676523245200,298280909608020,282008462576216,195575150455765,101975998886284,40043433970542,12225196361844,3715354252807,1689514609276,872414898672,338800656472,86077010037,13601511136,2217278666,1144190568,566039497,179082228,38302072,5776636,621031,46852,2366,72,1 # comp 8x3 (0*3) r=0
5939048336,277574912,14303387968,759293568,13969126880,1962011712,6122599136,408699136,731893784,-164850368,-76095728,13440224,-4574400,1653200,1433016,-178208,-33295,1248,-4272,0,554,16,-24,0,1 # comp 6x4 (0*4) r=0
673501,-3260580,4574496,1196380,-4954050,-2414760,11671042,9831120,-1105734,-5599640,-1270614,1506000,801699,-243240,-224136,18200,41946,1440,-5942,-360,600,20,-36,0,1 # comp 4x6 (0*0) r=0
14283321454348830625,0,-3381970953902241750,0,387636972717116025,0,-28232652693721400,0,1449902867235520,0,-55195671421410,0,1595564617704,0,-35285405206,0,592905384,0,-7394492,0,65161,0,-366,0,1 # comp 2x12 (2*0) r=0
155226753,-122977224,-38863422,-140225904,96869853,113772096,69224274,-9831792,-40547766,-34461688,-2973798,14954688,7452061,-2360016,-2591958,187904,458502,-11736,-44990,624,2553,-16,-78,0,1 # comp 4x6 (4*0) r=0
381340222,-2054709580,5021260522,-6686668120,4720665152,-1028778080,-971886576,866874360,-135968159,-183729700,113538956,-4992680,-20209438,7261936,1251416,-1336632,120907,114312,-25598,-4928,1822,88,-64,0,1 # comp 3x8 (1*0) r=0
792903224802416370570731,789607488677001891517480,291993051681109519695214,33766724914035995914552,-7808164146282272356526,-2819525914410651305540,-168254701683066307100,53491370255258523412,9457853202713002987,-94929501673884720,-154897980160592800,-10164998870000924,1077635352691437,162814287125432,-55630081268,-1153723467936,-52379144812,3662292628,365954368,306696,-1039305,-33304,824,64,1 # comp 3x8 (3*0) r=0
17504712029827138843669,28870324252680729818844,24708307999720436639434,14329897607768186593584,6268173691759697069873,2188568974721310126864,631473554418508538154,154045389397108055724,32277099549749805214,5873769468567219348,935632332421887194,131144855495406264,16227554507858769,1775081193204384,171594986849078,14628221803764,1095195144054,71542002924,4038230774,194195448,7792233,252648,6278,108,1 # comp 2x12 (0*0) r=0
427158173614784368,811874609709458880,521782260312252048,13075981708312864,-129395416382607864,-42790733606797104,8696790144389696,6730155553965024,338788651540572,-452391691848108,-79511868644238,13170135212292,4664125235063,16627482756,-128247553194,-11362653932,1511509263,291404412,1982350,-2831700,-204123,4636,1242,60,1 # comp 4x6 (0*6) r=0
328186149291943665088,318943899114356514896,151341615410327738916,16910294346052819672,-16986055267836662843,-6008771256909224652,496692670204794126,513144800527411468,34596769839909045,-20276922736447592,-3206585254861392,365822492782920,111476581912714,351783641504,-1910699688564,-125529951232,14772165354,2021379192,-4112724,-12536640,-603999,17036,2470,84,1 # comp 2x12 (2*0) r=0
7745070,17409600,330015120,493396880,495991566,-194171040,-99607424,100389840,31961349,1248800,-2482224,-2402400,1266468,1090320,167112,-61040,-44808,-10080,1120,1680,294,-80,-24,0,1 # comp 8x3 (0*1) r=0
12754838356072854225625,0,2459117773986828484668,0,211741717351708829850,0,10797896373488610652,0,364038588270822851,0,8561875360048080,0,144206851725732,0,1753991368304,0,15299319403,0,93374164,0,378618,0,916,0,1 # comp 12x2 (0*0) r=0
324312868089599949585,13496127788117222424,200385859196273808150,1937045716888782348,46894483567939504481,117006922894304792,5212037342237417286,3977216707864616,295181378225940706,78637363563460,9724059947931536,828218812904,201822247856323,2420437388,2745960119254,-41970296,24768906412,-514812,146069950,-2340,538396,-4,1120,0,1 # comp 2x12 (0*0) r=0
150775577989,422550457440,505775262036,328106227200,108810543048,996996720,-13925607956,-3782160960,1012540059,842684480,139900776,-34413120,-12163312,1654560,1765176,114880,-27561,-18720,7380,960,456,-80,12,0,1 # comp 8x3 (0*1) r=0
1527919,-1380996,5013300,317364,5126823,7665660,5633602,5128056,4688934,1867632,1486200,628632,278183,127800,68352,14184,16323,324,2666,-144,306,-12,24,0,1 # comp 6x4 (0*0) r=0
1825634958,7538134296,13514880684,12400443044,4762643085,-1553819520,-2581565846,-925455828,219821277,297212300,68109120,-26099964,-16301687,-544764,1742526,419672,-79833,-48708,-1904,2904,495,-88,-30,0,1 # comp 8x3 (0*1) r=0
15750232352783751716,6181934980062849088,11584186734892388096,3974568506748173216,1837079168584309456,365734168472263120,71554265923526976,1308940074025336,-1185778177410508,-437140272211768,-24167629172072,4407553200640,1313391433536,71985631768,-6118430740,-4062252052,-227615219,75807364,5326632,-990140,-35602,7412,52,-32,1 # comp 2x12 (0*10) r=0
12436,-29340,4320,74630,12033,-223920,222896,12150,-170577,105950,48078,-63990,7783,22230,-7488,-3860,2403,-270,-652,180,153,-20,-18,0,1 # comp 4x6 (0*2) r=0
126067,826764,1933186,1073172,2072025,-811132,1098885,-1944716,1214110,-738300,480533,-187304,19216,-18432,1207,3056,-32,-168,323,8,49,16,7,0,1 # comp 3x8 (1*0) r=0
1633081,5764068,9198078,6247848,2512269,604368,-1216126,-1832976,-1071882,-637860,967422,136296,8225,-68544,-7110,8784,1518,-1836,-58,-72,69,24,-6,0,1 # comp 6x4 (2*0) r=0
1251446407933257,894150689330016,17543275077669174,12360498524302896,1553830970331771,-1322250730392438,-360767891122170,73623594073992,40627008786286,4583783455242,-619955066149,-595392930966,-129976202999,25806515334,11920713759,-29522286,-409533956,-24046482,6742267,666030,-46968,-7272,15,30,1 # comp 12x2 (10*0) r=0
2389734842041537,5172584986224716,6477219496027432,5997801261251308,4488890383298715,2857845535128920,1596569446384470,795200595260988,355651882226830,143289973593924,52057137751572,17043867109532,5017170849787,1320718436264,307870182842,62652303732,10938022450,1606938060,194568468,18962852,1444591,82592,3326,84,1 # comp 3x8 (3*0) r=0
797800770899341504,-679853509408401280,537491290956901248,-285910563748319168,121908996672467440,-41660435868310528,12091396449220704,-3059836488708320,690714993897876,-132565215091448,19649026202696,-1809703313292,-4668092963,23286295132,2691332954,-2496346080,500285907,-30116608,-3958692,627716,25691,-12708,1250,-56,1 # comp 12x2 (10*0) r=0
10943423358183,74872624970934,239338520276889,467642860403118,613695411299650,588081338882944,444764000883675,268989344590530,135696416158801,57104540291042,20556847975095,6330248966378,1695267943702,394639957520,80553311850,14393503092,2254187974,308201190,36540132,3718456,319133,22428,1234,48,1 # comp 12x2 (0*0) r=0
111677424385,110690720,151905888516,-1201942256,80277217811,-1283169520,19041746384,-129314308,1841904007,12162040,40386546,-4151160,6134345,-309108,1443308,42596,14381,-576,278,-24,554,-4,-16,0,1 # comp 4x6 (4*0) r=0
21430,118608,410700,991196,5788293,531216,-1323392,-347508,-869532,-114604,644310,26316,67725,-10020,-34080,1924,2925,-180,-542,-24,102,4,-12,0,1 # comp 4x6 (0*0) r=0
79184017107341122500,-20695893297731064000,2293522083976645800,3384548724730461120,-679354713462229416,-106224129253701360,55471832313765780,-3616423907710800,-3328796292771371,281230674855640,133925327359728,-7067915100000,-3576079849062,101806728240,69895706120,-587703880,-1044890889,-14773600,11057756,368040,-81906,-4440,384,40,1 # comp 2x12 (2*0) r=0
76939825,-295417560,305207652,25599860,-8471160,211801200,2838946,-74002560,16515762,-369160,-23659068,4595280,10575915,-1059600,-2584512,120040,397752,-11160,-37982,720,2220,-20,-72,0,1 # comp 4x6 (4*0) r=0
17303504,-85576128,185787888,-13563680,-22454916,128055312,-21579144,-56861112,28997133,8452032,-20424954,370392,7976597,-332904,-1917894,57584,300696,-7128,-30134,528,1881,-16,-66,0,1 # comp 4x6 (4*0) r=0
4810568193323,425971567808,2243134218750,212123439768,586676718677,45721086728,98723960896,5380679796,12364170018,964635820,1300369520,68693100,105558208,8077412,7757542,546012,474123,20252,21854,1240,963,36,30,4,1 # comp 6x4 (0*4) r=0
4235132778393087585296,-485419598609875241472,782600352147131953344,-79055146390503446144,33885095910149261648,-2169956707489175504,752611418070161992,-43887074444142368,16632137805318120,-1363730597237248,239672885541292,-8684843633076,2492588365677,-267310704380,35265751386,-1806229272,187221543,-2296552,1454624,-404324,22611,2196,-78,-16,1 # comp 12x2 (10*0) r=0
370234609547782993920,-224905742339436518400,142393090097022850944,-57170449274968689408,18689180188951976976,-4790103506794716096,1071696301386576640,-211777945895686400,38771368752055880,-6488827642154112,1004500393135680,-143579355080416,19459925392841,-2508730335060,307126442862,-34945203020,3701130799,-369190312,35739728,-3370384,299507,-22900,1346,-52,1 # comp 2x12 (0*10) r=0
5219262748146086461,16933867168279181436,26695802934356933798,27223247261039458752,20166299986523576069,11552478742742549976,5319595844971007466,2020412174223443148,644418843127266302,174830050940221764,40711684287217118,8187864496373448,1427717162404269,216222548302296,28434863521622,3239698324212,318328210822,26777614716,1907388754,113223528,5470509,207504,5822,108,1 # comp 2x12 (0*0) r=0
250513,116652,1270758,1824328,994713,-392112,-3394250,-1179936,1133094,-65228,857070,-53064,-6291,-15216,-21714,-1744,1062,-468,286,24,57,8,6,0,1 # comp 6x4 (0*0) r=0
414316312,298057752,19799592,164183244,413829657,-188315640,-38797480,31443876,-15391578,34851132,-14818878,-14826852,13328805,2208348,-4004688,-166932,636297,10044,-56894,-504,2970,12,-84,0,1 # comp 4x6 (4*0) r=0
435600,0,-1028160,0,2539404,0,2790480,0,-262611,0,-462870,0,32449,0,18186,0,1824,0,278,0,69,0,6,0,1 # comp 4x6 (0*2) r=0
68231089,-43669344,-28078488,-82512976,30057648,60367680,52882868,-2741952,-29595300,-22592752,-13848,10428768,4268534,-1775904,-1677120,151568,327732,-10080,-35164,576,2172,-16,-72,0,1 # comp 6x4 (0*4) r=0
575234971056802924,67871851295640000,310142724336879812,16477766130756000,72592197517184752,1749912430341600,9725526984803728,105609418052040,829189472550808,3905055203196,47369912289128,86729234184,1860622354508,933382716,50726422988,-3496008,955481773,-241740,12169804,-2856,99874,-12,476,0,1 # comp 12x2 (0*0) r=0
41235834985,-77147918160,127274345580,-96966827406,39957368166,-13892856066,10609697445,-6176720886,800571693,265360368,6205467,50659482,-12040354,3060138,-915000,-814716,203571,16524,-2829,5142,-321,-438,-6,12,1 # comp 6x4 (0*2) r=0
236778689387055188025,0,62067937204775584380,0,7217212950193184494,0,495881403606619224,0,22579159745780825,0,721888280160562,0,16687691524754,0,281864995146,0,3458619782,0,30089656,0,176129,0,622,0,1 # comp 12x2 (6*0) r=0
41563241787074,-168192398517528,-59169342342084,325966079614810,-65038622578373,-72323757450878,25929478727892,-3424804067152,-1883638085531,1164674916356,-132217114812,-44776887034,10026464787,4930502046,-988102916,-613517336,192107167,3032460,-7782364,1010698,12109,-14062,1396,-60,1 # comp 3x8 (3*6) r=18
-1742226900462848419,-4069774765664852304,-2887535031081802950,-130527363274413004,780723119133952301,362725515529025642,31973164678496153,-13816879042583358,709840560105506,2219101427937866,47586537214513,-367596774051662,-147337675591088,-25701685697370,-771678653981,691111170034,189169110448,28198642122,2846648739,205451666,10690159,393474,9747,146,1 # comp 3x8 (3*6) r=18
-8402793829847376177316,8013645241882546371252,9168739975665348966150,-17257780197273217738430,10369024263284806206209,-2781232094212071063182,107388756778370323380,144899057203770691716,-40955887078288957663,3468091937582676324,490010916811763082,-150047575805494938,11943520415315819,714588081982150,-233966291561930,18971527377788,15151279063,-147505030072,16106645384,-988702318,39982791,-1092482,19554,-208,1 # comp 8x3 (6*3) r=18
414909128153783,6606081057636678,-19158190423165698,15856887462179636,-2280668522298651,-2748861807730872,1857568894454464,-648436437925140,107557514610999,16199368301526,-8388164378106,-1013009234952,878686184491,-46189535796,-45350147886,8870444024,201014685,-217999242,17962068,1068708,-230325,7684,570,-48,1 # comp 3x8 (3*6) r=18
-100119883195016981875,200568916213713370350,-36945417378414466305,-62626494395601362490,9550391257471015692,9286054302403464888,-544942834064742516,-747687834645083664,-10189493354506623,33943965849367864,2090505143914044,-898926793677108,-88894549419827,13733096953836,1930926091932,-104436261488,-23750024979,58645584,159775888,4695096,-508464,-28922,357,54,1 # comp 8x3 (6*3) r=18
-11084675278857044220288,13573785516662914966992,-3588783318018598255584,-1907109276258797414680,1190614110454366095000,-88017464025205085904,-80314537806145298004,20483074929522762624,538398715270246656,-839557928050935386,87459602442077280,10455676764933468,-2738535286562107,81326067598992,29840097247722,-3447593485536,17046188055,23359414734,-1894241328,39770964,3019635,-255124,8562,-144,1 # comp 3x8 (3*6) r=18
-40879236843285625,-117705258114008196,-94962953163410967,45727862439845706,137557228675957537,103976105548389318,28934803675661755,-10027147328231344,-12798410888759149,-5619526892040466,-1212407754325586,21634496111768,115123543767419,46556075485674,11626670388359,2110773976426,293183993788,31746161880,2688726870,176781296,8857782,327154,8401,134,1 # comp 8x3 (6*3) r=18
13493940645451781,21505045253387690,-6944083530239850,-30052308920787030,-22987429222504807,-8918941129729840,-2114838345683614,-101866448937560,356490983013625,294406709495170,137930881199870,48293541970810,15577783956283,5042814265890,1486634395066,356930104460,66468162565,9467904480,1026124454,83930150,5095621,222670,6622,120,1 # comp 3x8 (3*6) r=18
19856123573609,20538980285244,-26576777733609,-21625526928178,8841592568488,6663724353746,-1770342903619,-860118845322,420416503375,81036338652,-75802289946,-10910255866,7998422896,1218984884,-584175898,-111230478,28241911,8126370,-358602,-304588,-25220,2774,629,42,1 # comp 3x8 (3*6) r=18
9032194045664919,-16174746510211449,1068593429386548,4796033994964908,-348442984451826,-389325196405278,-74581930172268,3076962809310,16567354795158,1174144166925,-1216612920327,-209205502173,79583267890,22568320494,-5406674058,-1197030708,228405477,32544108,-5268354,-463959,65352,3279,-408,-9,1 # comp 8x3 (6*3) r=18
5614441273328204,4191073216501872,-5135072018420184,-8499289689426256,-9103889247862288,-876088008802022,3567597110293798,1023456447544215,-687938156516291,-266578530001908,52511362854518,27680513245244,-619650905628,-1170750496136,-43736133866,24876128889,1627279885,-291306618,-23851892,1906274,177928,-6512,-668,9,1 # comp 8x3 (6*3) r=18
254042089357590,-1577377402489158,-8620474373599844,-8987735888188968,76577098313967,3930123072661420,2588328902586058,821272362034764,88261263708529,-26578100303626,-7041735182160,1798535080192,879537542457,14177319652,-48685324282,-8519749512,266267689,215190894,16903708,-1119308,-227525,-7364,578,48,1 # comp 8x3 (6*3) r=18
-279973653837552,-841101717644208,-367469563697568,821109398972616,724666248117576,-13842888688176,-219024744868800,-106412162419764,-17589853144520,4617799799568,3075276630016,520321410618,-52365404546,-26471235426,1491393094,1804974687,196797949,-41518980,-12693908,-988392,65944,19074,1594,63,1 # comp 8x3 (6*3) r=18
279617109871856071599,645787342960020319626,-2288532399048354974832,1923350911466757362793,-521910014948888506911,-82236568458229051023,72670547878724085297,-10258046921990900580,-1734096097528446292,637547919447193095,-34551738052324967,-9590622043777413,1446332789814870,14456142508594,-17161368400293,1002301269622,66393022042,-9719256307,184454601,27711866,-1728323,7369,2482,-89,1 # comp 8x3 (6*3) r=18
8938074894395132,-36039179491921584,2897259443710872,45034890940023850,-43378010157055537,20495779005703982,-6723987689624248,1716702282685900,-107958740304887,-197115742883080,111489152015024,-32537229220130,7613326542169,-2365181958462,862020230926,-251571737308,53343049927,-8254611468,943729934,-79930294,4964125,-220046,6598,-120,1 # comp 8x3 (6*3) r=18
262015240002555472,-3542174504442656544,14311391437106291072,-29579641970070138688,38204910557769505268,-34247022992235356800,22695085013271018656,-11584256050808368592,4683389508867037468,-1529244225930204014,408855630972093709,-90354307733964092,16606675558896067,-2547026592478578,326264197052737,-34848306098704,3090338765239,-225855599970,13450560535,-641931388,23953525,-673022,13387,-168,1 # comp 3x8 (3*6) r=18
1434608606362461444,-80424694799082,-1575123879637393236,291826539864924300,416277094147751922,-186340026454454757,-3803753526727915,26534027861601093,-8468867951476749,-114546071694618,683522819377920,-138923936390394,-3616844316702,4553949349395,-395759300121,-53168195601,11238885549,-246899250,-99248466,9736938,-84240,-40293,2919,-87,1 # comp 3x8 (3*6) r=18
7238776615889389,-22084863508647930,-11786629147465062,49647837803546070,-43953218379183423,21341268470929800,-7177796023979230,1622112982626480,42787636883481,-251159701960210,121674932348142,-35140024536930,9021386925307,-2944341063690,1017089949258,-280189748460,57131771913,-8620192800,969348686,-81203910,5006781,-220910,6606,-120,1 # comp 8x3 (6*3) r=18
391273552538792,-745681752959808,-3454244551310128,-2726765208358728,-61412137986860,753567407510424,323791486667864,11807987278968,-35303715238742,-12012759288432,139074789344,947302274910,147036917107,-34379341074,-11228035612,415713912,481310473,37117524,-8447224,-1663098,-56267,10926,1340,60,1 # comp 8x3 (6*3) r=18
35159958376115301,12227818595573745,-33493480742785005,-65150606665419741,-53651490008768730,-5001324933948462,13906967743121607,4167347949156996,-1379315628669483,-623754955756429,52978216990857,42548779771662,237209514554,-1506679336089,-72129673422,29561656985,2091680442,-331162122,-28127297,2090313,198567,-6858,-708,9,1 # comp 8x3 (6*3) r=18
-356242147521709056588,373067431716719491704,227960021152928253192,-377412679543424537512,95544795639461598656,56041424012209065210,-40238953548929825766,8003677214749028467,879321299967948637,-751982032440284314,145419882545446860,-4245846239348188,-3597806587351102,820043714215942,-81223148220326,1272961332471,778384341019,-124953567292,11012779628,-653864564,27326398,-799108,15650,-185,1 # comp 3x8 (3*6) r=18
-295257229277145,868763931816249,-174683510904939,-1120651722579965,837239905240807,59463589211917,-268264593278692,123626111948883,-21263242038284,-4376790092814,3347771202657,-620409997847,-51507521090,32271610591,630163247,-1941167826,250320295,36719418,-13028439,1099372,55606,-18620,1586,-63,1 # comp 3x8 (3*6) r=18
-644915346740596,-53792291798676184,-159862265129862080,-183588547033752040,-52587554069162378,119260099245423188,196412506076674093,167195259166743018,98962134330857711,44504343110940356,15851168955634686,4575799843568454,1085157263433926,213025232424154,34731146241217,4701865219534,526711161553,48484417590,3626865528,216841748,10109400,353918,8747,136,1 # comp 3x8 (3*6) r=18
91053056,-3551498240,36321331200,-161026763776,353143800960,-371536912640,121906607552,66964562240,-36809069060,-8964346848,2465429860,1692774080,195828375,-175775040,-46758740,8263168,3820495,-274080,-215748,6400,7645,-64,-140,0,1 # comp 8x3 (6*3) r=18
-16859208797328329280,-80182300425627948336,127556583592244156856,-4416343590424864800,-21003489281067890496,-4558140767699482020,799396501301548676,900015366467337768,123594558108159528,-45468387379042200,-11691475158025998,483411620745576,355479370130406,17063248669749,-4382061284007,-464539896099,17687346795,4477437288,100610466,-17271900,-1113498,3855,2463,87,1 # comp 8x3 (6*3) r=18
178509178017521636034681,-143480085601336913112660,32612710673125660952160,4189679780244629197356,-2984600679013162134747,285493772835518449632,77744997732680856732,-18403600486004238204,-123343058921795043,419732487404919068,-33315892267865054,-4126691393849524,750774092886363,-1484928240912,-7450813959040,447010807872,30005209717,-4338940836,58797842,15958368,-929069,-4184,2152,-80,1 # comp 8x3 (6*3) r=18
-1163463971839150,-7031522550544830,-13699513350392316,-9170816102407328,-708669703976421,1890478251491820,1213703393045386,421091630057748,75905251613709,-594727099410,-1032176720832,1231078218168,412280366185,-52932022500,-45686681034,-6704338136,404215353,204393222,14845812,-1160700,-217725,-6628,594,48,1 # comp 8x3 (6*3) r=18
38280796,1841491320,1557845728,-8121814020,-8114206260,8113711068,8590444219,-3009365148,-2736445427,986941500,219200144,-272132244,60691544,41310564,-16986578,-3164820,1869598,149724,-125352,-4152,5140,48,-113,0,1 # comp 3x8 (3*6) r=18
101917721776504,-17930168369815896,159760213428906268,225591771112552872,-11908751523554746,-51572428519951622,-11407796634357913,-1781571549875090,136804747086578,419044068423440,40937383574188,-27916998285837,-3252138862880,1057498977086,149731690607,-20162131947,-3863161328,123483627,49821756,1053674,-282928,-15804,397,49,1 # comp 3x8 (3*6) r=18
-631219503203652511,329944561053409890,1248601393714787568,-738784748816563294,-446372436675084033,308131054649170124,47404827974076910,-48118263340231724,-314295518451547,3444441679306154,-147788284884826,-156965039159098,11968794355011,5871640596934,-1096096664924,425083440,16808481929,-1508556604,-25133588,11565114,-600399,-8318,1988,-76,1 # comp 8x3 (6*3) r=18
-59344319,-254640426,2327568513,1150229884,-6765487473,-1091998500,5927051241,387892416,-1921227240,-116375514,138178476,33782352,49867137,-5348394,-12631848,423856,1405770,-21168,-99610,636,4410,-8,-105,0,1 # comp 8x3 (6*3) r=18
2399843311979665106300,3774186633449451213720,1805525437694240847504,31673733983060742120,-213523303563301042834,-48055475202332088964,5964523184755681257,3291288824092066950,144109138510393335,-94310686335736212,-12209119303965134,1184711524933810,312517134386258,864370693934,-4111492204027,-233362072374,26392941957,3138376466,-16248336,-17138252,-738628,21114,2747,88,1 # comp 3x8 (3*6) r=18
199892296398728,-999937139501280,-3181821311804640,-2456232353193128,-148437611775164,610168520206360,275392873290744,10661551349000,-30202071604142,-9955190312296,265748984508,805998840206,113606518815,-31511512986,-9385273004,530026936,440234905,29569116,-8613868,-1587386,-47087,11366,1348,60,1 # comp 8x3 (6*3) r=18
-219564200818656,820876680640278,1012491420207192,-3063268912092444,1153980077988456,1096815717045135,-870059173842981,54440627180583,140953616328837,-51767347694696,-831611707048,4867364164652,-1145091075758,-18763622265,55936931787,-9757121225,31495739,222214682,-32531924,1109232,223998,-34331,2219,-73,1 # comp 8x3 (6*3) r=18
3876018070121433,-12873264634118046,2179925140116460,3917946542595397,-665308962264059,-211194817559417,-14436309672133,-12293248048182,8456157555124,1516895016885,-596113171565,-184841443049,50644214188,20456606884,-4427902717,-1116690570,205414132,30939393,-4936805,-448904,62785,3229,-400,-9,1 # comp 8x3 (6*3) r=18
-326722776,2498477248,3386115352,-5604552704,-6861947028,3576261760,5171465000,-451304832,-1680605342,-306888688,186456126,124784896,21258593,-19666016,-8168548,1664928,1016101,-84048,-73162,2464,3331,-32,-88,0,1 # comp 8x3 (6*3) r=18
-425431504,4692504384,-11657555808,-25272377376,147385554352,-209234813184,82375810120,36193486560,-21851688428,-5012084520,1302896484,978015744,120092327,-100312080,-25580308,4632384,2193751,-156312,-143164,4128,5917,-48,-124,0,1 # comp 8x3 (6*3) r=18
-1751936,36855744,50784176,-595595968,-938409520,1147277888,1832197184,-408289712,-798962792,108229744,90492568,-35259632,15369724,6203640,-5211833,-525112,677269,29208,-57854,-1048,3118,16,-89,0,1 # comp 3x8 (3*6) r=18
20310364,42166560,-501573604,-1665618680,-163503992,3624038290,2579219087,-1312407990,-1100956901,386718240,125900432,-118490330,20011930,20176480,-7531981,-1670850,960427,88590,-76252,-2900,3736,40,-97,0,1 # comp 3x8 (3*6) r=18
35835361771588909611,801884839992060675681,924963692755225616660,-110079913204425794118,-355333122451436886547,-58858598696931955667,36608435182544123411,11384654514004209976,-700443349378475962,-607859478186514519,-41790352387485390,11764001543921337,1847157774905788,-41704117174938,-25973845429815,-1309318596269,120657599665,14799288744,217667511,-41366920,-2306574,-6769,2967,97,1 # comp 8x3 (6*3) r=18
-322250000,4197920000,9308982400,-2117774272,-15435178972,-1580312320,12344169620,815419168,-5068455626,194059712,1062703725,-188349728,-85982747,37761792,16681,-2982112,292117,113664,-17433,-3424,1387,64,-65,0,1 # comp 3x8 (1*6) r=6
-315674857,-3695253254,-6873719393,-60418736,11629207530,11715594226,3951395780,-2585650788,-2855438216,-640003756,382376460,272026972,13999019,-40484318,-9386326,3342948,1239370,-164472,-89509,4564,3907,-56,-97,0,1 # comp 8x3 (2*3) r=6
2345617461987173,-2945636192949066,916558758889170,-1402304216141882,3672308605408985,-4701306710739928,4196324220066650,-3032626636888544,1848145348010161,-954539197084498,418426873540070,-156531398834642,50226131333971,-13783193632314,3194193240490,-614054286892,96186289513,-12080274048,1197666398,-92079046,5360125,-227918,6670,-120,1 # comp 8x3 (6*1) r=6
-7045881957,72420936921,-243993744126,393797533626,-368989857540,210696480072,-63079149465,-1675571022,9396673137,-2838047292,-355895181,444610989,-80077022,-20349051,10015557,-52292,-680922,102249,26146,-7815,-381,345,-15,-9,1 # comp 3x8 (3*2) r=6
-160841863,16894281222,34685322513,2887656636,-6006942403,5795630820,5706575763,-1248521568,-1734331088,-32005722,254708422,59866632,-5487937,-11027226,-3753370,969360,568276,-50400,-43470,1596,2170,-24,-67,0,1 # comp 8x3 (2*3) r=6
1814442333127056,1543521686103312,435408461187680,304302758123400,343831655719816,191315346950256,24616392250400,-18214596916980,-4983544608872,1160149138656,578481144320,41692970202,-7829116274,2826927894,2190384782,271106727,-120171659,-50166684,-6799324,85680,154192,22770,1658,63,1 # comp 8x3 (6*1) r=6
362175802629246,38960822242260,-238554751673916,421002824244561,542240812142127,143754473954106,-61330418796762,-50688020107737,-8901842154795,3093797191198,1676520563016,217872187515,-30222575039,-6892269600,2930414130,1048761709,4699233,-52530858,-10390436,-485205,109179,20914,1626,63,1 # comp 8x3 (6*1) r=6
-7341460096,-21612536320,45744502336,-2968591360,-415972896,3782457920,3802469552,690802080,-424505312,398388880,181632192,-31569760,-12466072,11317040,1390796,-1356780,19654,58380,6665,-1480,-143,80,-25,0,1 # comp 3x8 (1*6) r=6
3495419918473133722465,2877511736860610449104,367638936823382641632,-343196062771405563042,-118949390029989091878,6532762600492869897,8612426869441408887,751372036957386129,-283736956269251451,-53716742684679360,3826457116783059,1638550952784426,35192169887203,-27007043415912,-2224042358175,211229054793,36369176742,216480438,-259697438,-16611360,301236,84054,4398,105,1 # comp 8x3 (2*3) r=6
47660656,571039008,1911123708,3381972496,3624758772,1883067024,-265436193,-776237712,376557,323388432,14090580,-96565296,-2684904,18269808,-1934070,-1602224,377178,94608,-40552,-3744,2556,64,-81,0,1 # comp 3x8 (1*6) r=6
1484157457269093391552,1763418478849644008448,601888789415600033472,-80295951784160251392,-92797627800130843200,-11359920370661398656,4678220674830145872,1258212986692694400,-72280033437755712,-54405873933856704,-2386256305647792,1238726924155776,138235275714004,-13816736537184,-2957165872704,6543862800,31994965140,1696265928,-141255849,-17678064,-286377,49752,3513,96,1 # comp 8x3 (2*3) r=6
-611844022360678,1043069270299296,-1202907995218032,694058492410522,-98250999494693,-155092309615094,87421443056664,-8199340275424,-9039647115887,2634282068900,352432157136,-198445689418,-1509986889,13026492822,-1634084036,-694070456,200195323,5538420,-8369620,1065226,9589,-14014,1396,-60,1 # comp 3x8 (1*6) r=6
-225023243,216745902,2782792221,-3793075488,1032756135,362118168,-830476663,-388829160,461363280,-227595330,-78274944,51484140,-1681243,-9634734,251148,801036,30534,-49572,-10034,2700,1206,-72,-57,0,1 # comp 8x3 (6*1) r=6
46414453939348556,-74441323542529496,31955805086430708,10256321415634346,-8817668624417217,-1818197295748682,2711892794678284,-786667145510116,199259848866733,-172773736500352,112530291090092,-46900877157218,15727015033893,-4939496350606,1421357749214,-340273218860,63847672339,-9186164124,1004826966,-82808214,5056213,-221838,6614,-120,1 # comp 8x3 (6*1) r=6
41938950048213,-30513620788928,-11467044367597,7843544406212,7596004847830,-3240956623394,-3116546655166,2131101744112,-26381483990,-313660727240,77089963888,9506614768,-4315164063,-1109199994,542522680,22247680,-43128020,4868122,2212357,-941640,177303,-19974,1393,-56,1 # comp 3x8 (3*2) r=6
5632900746928912,-6190008636636104,1471959853145872,255772238758488,255890523631612,-779935906845824,616705602185460,-236839212767472,56716976638444,-12540062640314,2195072966464,335591420492,-457109798307,193876805536,-44101148222,3542143104,666149503,-180548898,10170624,1274036,-195941,4876,634,-48,1 # comp 3x8 (1*6) r=6
-2992338232890270976,-7665103756446298272,-7467060097611564624,-2658019349101425600,1019910620916006000,1537347028444885728,602274038647724496,50176542281975136,-44713867822175592,-10970688166805976,1341120542416260,486504891103128,-19906448598940,-10937543842350,106766426511,146852278992,1113635169,-1233865548,-23887758,6397536,181194,-18798,-669,24,1 # comp 8x3 (2*3) r=6
547033785289741148,-1534689594581772672,1675953812758569632,-1447089228733344832,1149302371833136728,-539614493795251936,119060576736887640,5727301560122960,-10050735414147343,2282234088201184,230846933822456,-129638058277984,-85901080180,3404089775264,-97184081864,-52610792896,2207926746,509503136,-25339768,-3066080,168708,10560,-624,-16,1 # comp 8x3 (2*3) r=6
-5762118875,-37186395000,-24517694750,114258877500,6579260125,-113822948500,43108274500,18133174500,-6532847675,-3212402000,52273900,601191500,59197625,-57642400,-7781800,2522400,715735,-81300,-66540,2600,3745,-40,-100,0,1 # comp 8x3 (6*1) r=6
-1179498598775,-2147051998329,1172907288483,605768868649,826751177976,-222471295548,-1845869946,-48854468700,16551209442,-604061787,1764008925,-885304701,124035392,-50204349,30281484,-6799023,1128681,-512340,159039,-23148,3465,-1202,267,-27,1 # comp 8x3 (2*3) r=6
151821319,-360668854,-1398148193,-807341080,1122669458,1600682762,318755396,-634185692,-455407688,-2067268,116343612,37724764,-11312237,-8836254,-230918,1058876,191506,-75264,-24213,2996,1675,-56,-65,0,1 # comp 8x3 (2*3) r=6
-1191428502925,-2438751595500,469083765645,2136986136190,473085202585,-785935315310,-242397391521,142193592404,69418632919,-22963879390,-10571144874,2981127308,929230155,-226652322,-43943489,-9700370,10750084,-392796,-765046,151360,4306,-4882,685,-42,1 # comp 8x3 (6*1) r=6
3722727989168688,9453190801684632,7304618821736016,3792711565383592,3463307816255316,3158563641286272,1785851879741172,526725171735888,64274329583628,2293228632602,2999791543224,1388772788436,37289525765,-144559715232,-48719563614,-5170037568,562710663,191436066,11921640,-1256052,-206301,-5612,618,48,1 # comp 8x3 (6*1) r=6
145490881191634354697,86358992359954604688,-21596905474412413880,-21523916241795070360,2099794896171054476,2630646129295610680,-273476782109054364,-185600103217139288,27081896712638806,8065930258308224,-1740627260275308,-212512539702336,84777842864538,-1539768256312,-2371034234892,349597851360,5978728825,-8300731960,1339692456,-123469744,7517438,-310016,8404,-136,1 # comp 8x3 (2*3) r=6
6959661613,16173636312,-28375280560,28362028581,-2853729295,-8856480117,7128007808,-842215828,-1332620183,598766177,31699497,-92735088,26290482,5648764,-4943734,231043,496447,-70401,-32576,6380,1597,-313,-61,6,1 # comp 3x8 (3*2) r=6
10537150001499000,-19427414018992416,-8500452731049464,1238842358460340,2962455258286756,-353110355235032,-455254068392962,64273373482752,34546109119120,-6317095166625,-1560673970465,268413940189,46045587952,3514810453,-3032785840,-679496130,160805554,23705949,-4203770,-382850,56365,2959,-376,-9,1 # comp 8x3 (6*1) r=6
950108050893825,1155020174633685,475647890544503,568202842449957,580094649628555,219124131638775,-17854660779598,-39654636104865,-6297537923516,3835238895180,1722291178469,187433256381,-31118769362,-4700383137,3000471665,870317706,-38360447,-55141236,-9889123,-370302,119356,21360,1634,63,1 # comp 8x3 (6*1) r=6
-152856755,204410980,823640866,428793439,-702042429,-1503181515,-1114870723,-330756622,107483176,118057475,17143083,-18703761,-8256298,196162,787421,112570,-33002,-13839,-2137,530,19,-7,8,3,1 # comp 8x3 (2*3) r=6
151582181683063946,35779361578641864,181119163722474044,69437327195919786,61579190426532343,49296266235882258,28627023597359000,18375898561937232,9173150201295313,2983334537127948,614050501588724,52248655898598,-16128254046221,-7643474179602,-1405565559964,-68458403448,27499107931,7838223852,1109784128,101894058,6415153,276666,7844,132,1 # comp 8x3 (6*1) r=6
518990921,896011204,1273113136,1059134956,479698685,-248004680,-740024332,-658670188,-123579443,216297004,153359994,6056468,-29356421,-8926896,1874608,1310320,36205,-98076,-15198,4312,1315,-88,-56,0,1 # comp 8x3 (6*1) r=6
-10505152345,-2052029800,19393707442,291264824,-8481908062,515776916,4340507330,-465481472,-1499543825,62419604,306750390,-11313416,-56649584,-1328808,2177368,183656,104140,-7908,-8880,224,76,-8,-14,0,1 # comp 8x3 (2*3) r=6
69682126287099071528,-289707252275125870074,560502486253240341339,-676018423251105256326,573060326985786258809,-364413283107504836326,180992923801338852723,-72122908284950384952,23492112970138165779,-6337417190709366720,1428997132415957701,-270985467478548620,43374526398939875,-5868303239688826,670616009088413,-64545019752798,5204297640015,-348642163222,19172411301,-850605284,29688353,-784668,14759,-176,1 # comp 3x8 (3*2) r=6
7034485,-20332170,-170746203,-157640352,218323167,467537976,148392569,-146179080,-42798864,55538214,24408,-18568836,1435853,3321738,-423420,-279108,73950,16524,-12050,-900,1206,24,-57,0,1 # comp 3x8 (1*6) r=6
25634623718854928507787,38521295247023990041518,19948234400303187545559,3166899834228203204712,-769137812025720826083,-347044592692002094230,-21699918497984477717,9601765687610845998,1736595820832239510,-59380348218017962,-40263754272132960,-2145379864217370,428123548119233,53876021508388,-1267521562796,-545988066414,-18243518880,2577643574,210241598,-2397948,-827830,-23888,877,62,1 # comp 3x8 (3*2) r=6
1885023520,15732427680,-4429872352,15642329808,4280983760,-2570889360,3015697328,-911109520,-831164312,275450816,62472648,-19365612,10488054,-3235382,-2863438,897553,340081,-106923,-26192,7580,1471,-337,-61,6,1 # comp 3x8 (3*2) r=6
158745775224,931710993920,3831795809584,4854524369072,4935978912156,3867337292672,2647110866512,1578811860304,848744674882,413834071392,185174558404,76191329620,28773053259,9992942568,3199367404,939618960,247697881,56936320,11128948,1797012,229389,21784,1420,56,1 # comp 3x8 (1*6) r=6
-2977533884392,-11885782363880,5898948424412,4996571072324,-11244684255440,4632244053618,1767120714419,-1259420470338,-281562913828,346764140374,-63173584130,-16996714964,7339739883,137576244,-430852311,24332128,20525587,-2531246,-782735,211404,-6786,-3722,613,-40,1 # comp 3x8 (3*2) r=6
10537150001499000,19427414018992416,-8500452731049464,-1238842358460340,2962455258286756,353110355235032,-455254068392962,-64273373482752,34546109119120,6317095166625,-1560673970465,-268413940189,46045587952,-3514810453,-3032785840,679496130,160805554,-23705949,-4203770,382850,56365,-2959,-376,9,1 # comp 3x8 (1*6) r=6
-409929797,-3578245131,-8167269984,-7430590638,-5982706878,-2567987310,-431563568,158043996,172157046,36962095,-20521206,-9955128,1141232,1568880,481743,48475,-21744,-2538,5450,2043,105,-26,18,9,1 # comp 8x3 (2*3) r=6
-52905698007880384,102635726320698576,-87073323673546224,42975396672825040,-1802650676859600,-13245331128387600,5035174416999936,869348954359224,-1022644759792944,180952092688616,72571407328008,-26183016579744,-1090387064408,1143272568978,-35978651592,-24408995725,1523834541,287009400,-22921528,-1890330,173502,6502,-660,-9,1 # comp 3x8 (1*6) r=6
770279516423780397401,-2130101681667291612176,-7105626175240239934306,-4670487868771226348584,89431851539069193023,1294803170719845594808,595468297142727692884,103190370843044403564,-4525730759932696215,-5253124745542944016,-900322403406685778,-30668047556652076,12153713570247759,2161871205906052,135825624718602,-3503458747028,-1266857811759,-96164183492,-2741926200,90140924,11834475,523848,12798,172,1 # comp 12x2 (12*2) r=24
-175705461053276,-134539738251744,1735080052404336,-2059245601598384,-543079834319772,2454144668260112,-1532634300987680,56574783966408,325241877058829,-133350621026096,3293086812500,11619020601864,-3197179121942,86646222600,116048898744,-23069455864,657890555,367977160,-57828336,2397472,270430,-43224,2636,-80,1 # comp 6x4 (6*4) r=24
-204701296146718005819,137291091113526990768,291693943569455479809,-184732712522031656520,-138764765050032263708,84962166995896900932,23118736324176024980,-15214885609405964766,-432007067007183542,897548450548020750,-35901373042557540,-22841972398045788,1412865465208651,298564075130778,-20303394445954,-2205148432314,149967944554,9559249776,-626541327,-24039606,1495873,32370,-1903,-18,1 # comp 8x3 (8*3) r=24
-24135489619008707000,195828327683727712000,180364558979069992700,-661894993906767447600,161142175347732287990,288936889205978202240,-165489763928277613551,17124136116821537684,6395174237779237520,-1444320285206720316,-47190839720078603,34377820866846396,-1319046481186360,-372744214128654,29659480810864,1822697669120,-247287122024,-1526506314,995222700,-20124584,-1815007,73104,770,-76,1 # comp 12x2 (12*2) r=24
-238326511836083213700,-363896129707256917800,180633807305824929936,299432796981904559724,-25419046390031975195,-61505638382750526656,-716674126921185902,5212652749286564996,235126689462074213,-228745322884366996,-13536858403490752,5751607215022532,375088781304116,-86960331255868,-5858852086678,803139545732,54222583814,-4480080856,-298381108,14436188,941732,-24208,-1544,16,1 # comp 2x12 (2*12) r=24
8708940190675,-493631904882213,-5512871882792421,-9169794936576060,15901523411679795,4410333126108120,-8204756581515405,-350136103757217,1382249476059294,-2716490944383,-113242495631895,1358649315933,5219435532390,-71942546259,-145492553799,1955119084,2533359510,-31218765,-27584621,291996,181533,-1464,-657,3,1 # comp 3x8 (3*8) r=24
9082504414711066624,17743196538495327616,-9116394035522686448,-18015743035421947832,10726858254240440960,2736151118942112400,-3196374405791282724,496135176549459304,192738074197540180,-73822537137720482,3016415027908220,2501883115855240,-459979181627651,754444555130,8496081220424,-931003359394,-5983162961,9056922170,-730079736,7946996,2473943,-194986,7024,-130,1 # comp 4x6 (4*6) r=24
7823792021670004065241,15957337328798207475556,-37243690376584744522386,-19767628596327795332684,16165406903473723721087,1116510428673320883416,-2272156905331677695376,366108256667015874652,51132079862849376537,-20276328592696357548,1281436017202549338,247102921539129480,-44612602723462149,1354890402033072,280578817592478,-31057578371540,673249020237,88039191044,-7523626420,199950048,3440179,-397084,11994,-172,1 # comp 2x12 (2*12) r=24
6285211870013127,2993830318426671,-20463087811197708,3990636069361128,19623779023508172,-12925891194881136,-1962395566552323,4202309681487912,-1052438811412667,-215424230483670,133272609751015,-9313714071975,-4867500500072,857156907093,58917055987,-22815830748,317662744,294708267,-14790872,-2003121,145921,6813,-623,-9,1 # comp 3x8 (3*8) r=24
-245418854331863,-695802884250532,29338407968673,840844532619238,222480434520261,-351370517549766,-128883735600003,69477626100733,29853533123077,-7437330199669,-3655065592583,456480253698,263655622156,-16099946471,-11814664274,297075899,335734657,-1504755,-6012134,-38684,65320,659,-392,-3,1 # comp 8x3 (8*3) r=24
2083907119480071,2298372760832094,-19637772796676342,-24240864147935666,3926689514364921,14577210505413626,3474745632193980,-2272944343643120,-953676605078204,104385581598726,89495930691958,1968307328890,-4147297494783,-335797208050,105679951620,12660001192,-1487109488,-238141038,10095154,2444902,-8091,-13018,-264,28,1 # comp 6x4 (6*4) r=24
25787379114678320704,-38945441322205805056,4907743863082779136,10889796796173293056,-2583912555539527872,-1277473060860464384,339156556673240448,87413168980722432,-22651449084186448,-4011358939288320,906509434289280,131204651721856,-23067798270464,-3095307665152,376639255872,51700656320,-3793982788,-588297120,20464096,4285632,-24340,-17840,-280,32,1 # comp 4x6 (4*6) r=24
656882663313391204,-3149948283836192160,-463469750426047376,4777470423317217664,1051364137447221976,-1743507173180262504,-550832913374134508,197241709245809320,89109243480557664,-4122308794672944,-5499669781333116,-363803502510548,145048648778377,20640332611136,-1259973563170,-391853298052,-10014476389,2889490856,219028700,-4360852,-1022029,-27184,1070,68,1 # comp 12x2 (12*2) r=24
29681,-1368,-741186,672870,4018107,-3522714,-9874221,7074519,13008582,-7344720,-9959442,4423974,4632908,-1627176,-1339872,370237,242391,-51258,-27148,4125,1815,-175,-66,3,1 # comp 3x8 (3*8) r=24
589464017775877248,2099752837510690944,2457755699017656000,600406542255072896,-886850085244282848,-668967810372871584,-67875541860076976,91485028631033632,37141848985106120,1708491627527640,-2140656612892476,-536173744883816,-12392578905658,15263993482306,2703078741151,80661834686,-32159805319,-4911879284,-240805030,11412500,2417512,163066,5955,118,1 # comp 8x3 (8*3) r=24
6713876162707024,-1130424549016616,-19488976213863512,-5878864989975996,17407853265667076,12362378056770604,-1692767361960452,-4018076716610020,-1024266181209872,210257005541384,131153016766824,9190380981794,-4831764249066,-852510131367,58665818977,22760892175,319416973,-294292632,-14807638,2000542,145984,-6805,-623,9,1 # comp 8x3 (8*3) r=24
-7690612610495748103,304235811165773648,5809796771223546656,-368989910137496024,-1668749726861292800,147400823984052044,240398801242316168,-26022510055713602,-19400881343301214,2417789406389256,924111225157552,-129722794154538,-26319706395272,4200050423140,434066223281,-82831209466,-3639078191,973696672,6877302,-6432404,103208,21116,-635,-26,1 # comp 2x12 (2*12) r=24
2597419636832113,2364335596977516,-126775810849701150,-65240530064982156,132946963694173041,7815086814559044,-41869633115016282,6949803583592880,4578250630392658,-1569429375323076,-87483930360374,110140192403516,-12929197119711,-2295269773716,716391288314,-39079422624,-9225933406,1748285716,-86638506,-7977948,1552097,-114276,4658,-104,1 # comp 4x6 (4*6) r=24
167022558937789584829573,-183970169696429756213454,69750069001980225988008,-4494665415973837553914,-4159403047015706172221,1115322167610252472134,-8454885593685923708,-36957113880844116112,4709324096473538482,340084953082808298,-119588953054112336,4521170315451010,1230536817761095,-131193657529542,-3482451684876,1207144159592,-37668608374,-4792853418,369337384,3089342,-1184133,32130,1036,-68,1 # comp 4x6 (4*6) r=24
1005796261188816076021113,194466374673684232357752,-794558948323816467238174,132401565405130663410520,152071343656184984999815,-60391278474957344015556,-876784990629553584716,4673901633007114886292,-967807762148457396083,8558260519976584648,28067785984679635152,-5369135835776950704,448506956247807805,-6577081447051744,-2448576807877116,268742848091236,-12190955616881,7464518288,33472811026,-2250030784,83155150,-1955852,29276,-256,1 # comp 2x12 (2*12) r=24
64391607195813917,241417715192954008,-453819142404854042,-16183421889075768,312372648587197080,-136844610022500334,-17030978324995180,21833921379165364,-2315541284859010,-1221963049992634,270895614690998,26533399145478,-11576347322277,79292041398,256677930008,-15174455408,-3109605751,312480912,18551738,-3029666,-21305,14594,-288,-28,1 # comp 4x6 (4*6) r=24
-78216280747907392809,65293508246633865414,1453304471261207151546,-2302246440364525218462,1419450101169200993497,-375906245164913847326,-8413208720341692350,34545080521979078976,-9627541288693925351,826705995883789202,165051881726315406,-57121969598681972,6761492148164855,-115609399083860,-75687910154128,11424757640790,-745088804507,5439124482,3418031678,-341068262,18288469,-623924,13598,-174,1 # comp 3x8 (3*8) r=24
-201383299431410042880,11312930230289715594240,3590181806978714903424,-5034127546612049967360,-1882900903588599858768,473026882236460370496,221619550695372475656,-13525026289290245592,-11026690313212824687,-69806556798590544,284944817793978832,11177060632307832,-4152366554160724,-247924552148336,34671781764312,2666200158344,-157768512138,-15680371536,316516224,50060456,60972,-79280,-1072,48,1 # comp 2x12 (2*12) r=24
-95789667068530977968,-12530885696818339904,213273268161722563744,-24505107519591203808,-142900399773980527252,41648879524034091712,27406734513847596748,-11424758475137544292,-857616514484423138,761548144130007446,-20841547165014909,-20667161673175090,1198088955195693,278599611548862,-18581908197641,-2091910436450,141328672381,9175233570,-599902759,-23340278,1450603,31850,-1871,-18,1 # comp 8x3 (8*3) r=24
139427337901385953,112319414752320442,-500444612285225748,-429952109285707306,169960477276694935,159635679020273862,-37716875202536352,-25234429650715704,6223484067437934,1890438806047354,-615500727436724,-50129801462830,31817023515835,-1228774986710,-747006260224,91143506712,4530654886,-1469109250,60560908,6352870,-659153,8746,1344,-68,1 # comp 4x6 (4*6) r=24
1196490973804000902185,325794578730224892493,-1349418312965362013257,204959861847828194311,325760701601813774706,-104876574486690809110,-17210404847357785984,10386980811740643796,-314891937968328623,-375272885639803538,38175099254436135,6249813079505512,-1028073282765888,-44318408237880,13653174645844,-47481404872,-100355588867,2939539983,401645654,-19654342,-734084,55972,88,-60,1 # comp 3x8 (3*8) r=24
10325402641863606405717,-34637217998431327908552,54595462132698938764110,-53918342011486411747596,37516228442754622865928,-19597232244004345869246,7993815576514948931934,-2613981902149307251452,697864811311519533085,-154087993296087062740,28394177616947563074,-4393324727794218414,572835662381681391,-63031174310597790,5848851077921564,-456382498430672,29786831216142,-1612778480522,71573194616,-2558793006,71860167,-1525986,23028,-220,1 # comp 4x6 (4*6) r=24
-381307344193,-228421645818,7988739301527,-17410470549468,3160499847053,30937533254850,-38872477996713,9250978047379,16892443055405,-16746695270615,6056957015959,-358760777484,-379440904530,83025522195,9087838380,-3794692921,-149487357,96152201,4198066,-1413790,-115134,7161,1294,61,1 # comp 8x3 (8*3) r=24
-108785809545152,-345120233183040,-214272855658560,340154493133696,440592351536808,-5884377489336,-217463327416612,-77137081155384,33390386393418,25720495802014,1816864159575,-2665922326878,-807611075235,15604455198,48641354415,8351003538,-243870471,-264890454,-34598275,-631242,320631,42130,2529,78,1 # comp 8x3 (8*3) r=24
66871257729593,-1668993969224052,-198835217040861210,64091580553557420,166992100117870993,7625647409657924,-40996836118525990,-8657864711948656,3813849429105610,1462564832421340,-62419602817138,-97245238114396,-11129564723151,2196735814764,647905226598,29925721632,-9438096326,-1655587660,-72184174,9064316,1599361,115420,4670,104,1 # comp 6x4 (6*4) r=24
267487477002145508,1860029158031905184,1094617294193438704,-2110218049688234496,-708415500827607176,1032077421495941800,-5228051404606700,-185993283239893160,35411250762761600,9573426549096016,-3384377169437772,-29058442347692,117777598962681,-10196107660128,-1538550469858,280195635332,-812326661,-2607315720,157950156,6020372,-931101,21200,1166,-68,1 # comp 2x12 (2*12) r=24
1502099972618816,-3533466970047552,-2640557171933920,7542396304253312,455112671784416,-4853472381711356,800888995045707,995649265436611,-245710771561752,-92423300231589,29747051473388,4056518594491,-1879704671501,-53232751622,66703832984,-2177115958,-1324052672,98905358,13539713,-1583437,-50080,11275,-140,-29,1 # comp 3x8 (3*8) r=24
-3388984121144544896,8759718234652208640,-7382972347940368448,1275169133786178432,1551239048924301856,-874858708476990720,36892223597443696,93810631096246560,-25240080607939784,-1561774911928416,1709783730021108,-207157116144888,-30828485540122,9934678483008,-474404810267,-130567649778,19912399161,-304863444,-156322566,14427564,-209228,-42468,3109,-90,1 # comp 2x12 (2*12) r=24
185879953980981409,458267199119385368,49166257563663880,-501170286026156376,-287410484295457156,53130128797544408,67190667876276892,3731129867612656,-6216005399072528,-867739514833280,295131264084156,57000432103816,-7822143380946,-1950080664648,113644432984,39342450920,-694625768,-483453288,-3146812,3546944,79168,-14240,-476,24,1 # comp 4x6 (4*6) r=24
-342234600216539042336,23182715251019475192,1657033104293900963120,-2266349684527743876504,1249471949259142340281,-265500507814998710352,-43364549070608918792,40067673448690775220,-9729925395251818997,700433569599581430,186244231815353642,-57417866453389656,6410236977535871,-65489743676418,-77159676327568,10999752042690,-672919742273,-658575042,3747220096,-352918722,18565933,-627768,13622,-174,1 # comp 3x8 (3*8) r=24
28709772475,-11349271375,-298243419450,238186898765,881066962830,-994046666440,-563125793441,891326287342,78018585886,-329135254972,27567925210,60030646297,-10472772454,-5683472487,1390783234,267013145,-91275374,-4312272,3075944,-92638,-47810,3943,199,-33,1 # comp 3x8 (3*8) r=24
-649534023032696,-1339682112309584,741686905631516,3121936217484572,1242654706067649,-1705308822545848,-1644067061062998,-246870884946540,274681701528787,137443495659164,7951025079488,-10861952396844,-3236639134655,-106627111716,117495264386,24221682760,823409737,-363015564,-59213604,-2604224,257055,42784,2630,80,1 # comp 4x6 (4*6) r=24
-1309703705724749142016,-2562841896007432074240,1011670725380135253376,1684839066038985641216,-538218825627095140560,-243530065004135330240,87651455397455055176,10377393019388758488,-5267764850210092911,-108017339995838768,156746023028590672,-3597046775289464,-2583172533136596,123961377101296,24289418271704,-1620052369544,-125882115210,10989036240,305489152,-39764648,-78804,70832,-880,-48,1 # comp 12x2 (12*2) r=24
1350251131,-8866013680,-32816583302,139846514519,459971690537,178271241682,-488314878591,-391632057579,133688117038,187942992647,-376531267,-39628569245,-5119922035,4236856015,889383926,-228302109,-67862102,4820073,2583613,51331,-44975,-3467,215,33,1 # comp 8x3 (8*3) r=24
-3284563515017994716,-10143149274021986880,-9588622307208496424,-2182523958866472672,1826688157624760944,1204527261608369172,108320061871270108,-111533256318777576,-35956398806181740,417505151349522,2043170124171411,308411015536566,-26245240069021,-11800329808758,-782328256553,125599511430,22998031035,621249606,-151351647,-15592398,-302855,39498,3073,90,1 # comp 12x2 (12*2) r=24
-3716477726428387,41073730381511289,-87630908292869196,53203885062845003,48464280211968318,-106425827232629709,85074736460242904,-38518660035943203,10062104673553728,-1076568712728778,-184917662170116,80015338156017,-8361275358643,-797427245067,268223665176,-13198429218,-2661787560,335972958,5605884,-2797260,75291,10518,-522,-15,1 # comp 8x3 (8*3) r=24
-27664647538443264,179968652743606272,-374758474634078208,214658456995776000,181080979312462528,-246723708200070528,65709634924634080,30915172264803488,-23074626655309364,3897831042423736,972580363107608,-532547527308748,75240592806013,6344058136752,-3927195460402,597904292908,-26026890717,-5405400840,1178965052,-119715188,7643283,-322272,8766,-140,1 # comp 4x6 (4*6) r=24
4313724175251,2410567165821,-19820854362422,-1792821616053,24938347394897,2891933237,-14168100901760,384618136831,4236352439506,-162675436249,-711920425000,30686354099,69927029140,-2931649406,-4160960041,155934215,153017287,-4809513,-3464863,84987,46564,-792,-337,3,1 # comp 3x8 (3*8) r=24
-1715529370748544,9127065359596032,-9243213495249024,-17176736552419584,33379043338901760,-9960811398300672,-8395489150082112,4957282252228032,206635988681440,-626845818331104,84776733505664,29003290068624,-7736331180144,-269174879304,246040524616,-13023231240,-3365491847,363375792,17214616,-3582384,20874,15384,-448,-24,1 # comp 6x4 (6*4) r=24
-2451752782292113,1100898111678464,159836588623328649,-33757138961435840,-209763307344140420,8693561078178864,57320131610737340,-2513037725066056,-6881298140826338,449319339632634,436933606437558,-38769680202076,-15641303637288,1755744123054,315444480932,-44045820328,-3332495608,618258874,13664113,-4739880,35278,18366,-456,-28,1 # comp 2x12 (2*12) r=24
-5026410703993448384,10557466522032293376,6903851784287107584,-5160696972463876608,-2584729493575067712,804745171764713728,356791317764648576,-68043465722462976,-25332793695102672,3703220153435392,1058066313057152,-137513963581312,-27464718398016,3512161035264,446597139392,-60770629824,-4361639172,690649952,21840480,-4881088,-15180,19248,-328,-32,1 # comp 6x4 (6*4) r=24
9097582343288895,93781805968800333,337052330047723428,478591376421709260,165721543351580961,-134729778945078711,-125065863548819361,-28397094989283963,6062962526896959,4315859829544480,645745757584494,-84964500736680,-41603552497587,-4229731408665,406566597729,138924202754,10731090915,-507570057,-152856697,-9979653,58431,47265,3027,87,1 # comp 3x8 (3*8) r=24
5634854850444661,2797504735928602,-22756871193598276,-12565344293486830,18809574611885235,11673683483595610,-5730765296498108,-4441043348272568,535535318691234,793126721493058,51779179371476,-64726979665866,-12575419010257,1727386420102,744796562940,43157899448,-12423573582,-2304037306,-94247884,14105954,2283843,153726,5732,116,1 # comp 4x6 (4*6) r=24
-218627,45837378,133506384,-1569857203,665025633,6991639884,-5111799570,-9054690669,6088065459,4509702279,-3056187426,-1025402238,772025541,113877264,-108151842,-5529006,8796465,9015,-420128,9102,11541,-303,-168,3,1 # comp 3x8 (3*8) r=24
69397847688317024,-235223441918739552,184316811035438688,116811298549978224,-177220334110801056,22647293567161872,37802314180118768,-13047378206989200,-2004561040069536,1524105461578512,-89621877137052,-69351929004744,12084190160646,971720995356,-416497662360,18329438811,5416642995,-681308244,-6078090,6041862,-353574,-7500,1650,-69,1 # comp 8x3 (8*3) r=24
-114533707639905,-194534262946140,396514927174711,1131057251051764,664972398314437,-313708672366472,-407385500681359,-19961021680110,84946773376180,15157404166242,-8959361268902,-2078194029590,541383918445,136550122264,-19715609770,-4946809014,450428362,102379782,-6775658,-1199792,67324,7354,-397,-18,1 # comp 3x8 (3*8) r=24
-320338922576948530456,951875809131069688328,2377076622013737477860,1089096843273422622272,-524629293805832544230,-589855547258312994598,-164646227304854897867,-723380954894248328,7814205858902540308,1109331385027442006,-88054088611132787,-30343787578614904,-715615236128110,342100528169894,23780449558812,-1744346939768,-212916764366,2083017430,899587020,16392940,-1745399,-67252,854,76,1 # comp 2x12 (2*12) r=24
361384181499784,-1423394131708568,-2717005445540072,5008816183945644,9226971537296024,1268203858371556,-4877448379663934,-3159496955487484,-343454496049370,312048246488429,113401696502241,3138408894017,-4803470354499,-698677769049,65544470893,20408367955,149924893,-272702361,-12847609,1896211,134935,-6607,-599,9,1 # comp 8x3 (8*3) r=24
5651741593308264,-741472281267584,-30099901275607566,8223357444178181,28063452242320504,-3707635251145379,-8097358386270181,1048466111658155,1093454302021486,-171327166298533,-77158182907176,15337393673866,2793766938406,-759971817475,-39734837146,20974409626,-430151960,-305502198,22211835,1818246,-265700,3090,974,-57,1 # comp 8x3 (8*3) r=24
1110358453,9779536801,28582836472,18143122487,-57378115485,-89492998537,14675695082,83696333041,16085992084,-33534643539,-10391477586,6830028731,2450899148,-780089654,-296478241,52481315,20229691,-2106825,-799069,49143,17944,-606,-211,3,1 # comp 3x8 (3*8) r=24
-32785771096442395619818630055,31962148808805978493576863942,-12434224724124227598087742732,1979302919693904996374879510,160092630019052460403741876,-140040534639635029067517506,29732799588079309645165046,-2985516548850420769471814,8688692740357832725443,42328679133917550220350,-6533265742653486600806,502166518385620766450,-12920725617913731669,-1748578395711853740,269436047510901154,-21037634461024494,1138169107399092,-45947267072662,1416408940922,-33390540304,593716963,-7723036,69440,-386,1 # comp 3x8 (3*8) r=24
153845770030801798897424,171419971942821442251840,65570647550742184847040,4179386061309317914336,-4019145070410839203536,-1081386633004820789648,-7758506939429973304,36387436359319813296,4657235367957324692,-337590961803119104,-119321220761091632,-4553576639839236,1232263817986917,132226680556104,-3450889843370,-1216498259380,-38418375885,4810869984,373446828,-2981052,-1189885,-32504,1030,68,1 # comp 6x4 (6*4) r=24
740746510317051562307,624372530496425599573,-1108594640925281604901,-14137206626265258761,368268189795081151242,-100796432472837015286,-18837098173147354432,10310972674217503612,-276668269128176843,-373676529539416214,37505855488270335,6238927948363744,-1022136831070968,-44211239220144,13627651941772,-49767993160,-100222281407,2955500511,400676870,-19676614,-731564,55924,88,-60,1 # comp 3x8 (3*8) r=24
76745426409,-369139207707,-3288017410794,-756615888147,11297651852991,501959629419,-7959420493508,-198509778525,2487479884566,67741061461,-420729030378,-13790800431,41983575070,1492422414,-2593717665,-90589301,101242017,3193311,-2481265,-64575,36708,690,-297,-3,1 # comp 8x3 (8*3) r=24
1040957624669,-1088388966359,-6652835458014,8619571872148,10218329024210,-19372802094378,2419261211493,9399414600640,-4375588738823,-1126876363022,1122105952987,-78421627929,-107019687208,22927597763,3778447103,-1543285294,5832862,43765599,-3104106,-534239,60487,2515,-421,-3,1 # comp 8x3 (8*3) r=24
16880265580263460,-4013341563484560,-206462392527292536,28043249175775584,149648600382599664,10186714293152472,-37486980209381340,-8066442403764360,3630672121656457,1384387487327616,-64859741588480,-93601671730736,-10458501407484,2161686961488,620843007992,26497987104,-9429699718,-1601597104,-64623912,9616080,1623092,115992,4676,104,1 # comp 6x4 (6*4) r=24
478316309103920960219,-922667197875123525563,747976302993690917662,-314067735465051268297,60132507954561623135,3457327392804208425,-4271404701900142664,718028814563460873,37958267570200012,-27813799617264711,2388466597971312,366195805306893,-77701079650632,206153927904,1039104201697,-63463425627,-6853388843,823909635,14723465,-5106159,81454,16164,-563,-21,1 # comp 3x8 (3*8) r=24
10266113437301708,87517195679771772,25343590697424102,-202467069972048559,-200964849173668217,-18100659003358876,47105726749185816,16514861389795693,-2106781072377689,-1864505595592334,-145709182968696,77753321673757,15320548882185,-850173628314,-479574013352,-26547588967,5602475371,787834242,391502,-6261463,-397433,5500,1618,69,1 # comp 3x8 (3*8) r=24
468657406354031,-2156133632378910,509720002738527,2758423595558227,-464957661240057,-1407541582304877,43924535655523,343014189629175,22211228137116,-42844945797158,-5163965104536,2976164756610,465030136111,-121016321559,-22173973860,2948846552,612157068,-43034709,-10024750,364812,95352,-1642,-483,3,1 # comp 3x8 (3*8) r=24
339885477,-3054423897,4038659433,14715784824,-13530884219,-29776720332,11768094407,28425883909,-1284022010,-12320055581,-1278315645,2816910945,500291494,-370637551,-81601759,29119994,7225936,-1368309,-368379,37174,10699,-530,-163,3,1 # comp 3x8 (3*8) r=24
-164195379244786831,-17953962316226598136,6757761219400746426,6948085464375681376,-2609800285444366407,-966880864243873904,350655778022706918,75062048023981792,-24290741138179158,-3816550843101480,998046328670530,134911275223616,-25718501301119,-3344716523952,419028935122,57155070560,-4142495478,-650374200,21349126,4651392,-18855,-18720,-310,32,1 # comp 4x6 (4*6) r=24
13482078170691910595425,-34432524557625122635320,37308823065833760395176,-22070355993817262150232,7354311832536289338952,-1053286882008890021400,-165940512986465028028,108532815449719556232,-20097546730342542974,576819434299952832,467562322739644984,-96443101084053864,6497976099147998,575222845933440,-164624690825156,14906598558288,-331991478311,-70783936176,9628255652,-658373832,29040034,-860376,16672,-192,1 # comp 6x4 (6*4) r=24
-302352223,6787889053,31354310398,22269287849,-57183840399,-75277651367,24973695992,67888302429,5572063810,-27371937991,-6707901520,5643760115,1857278964,-642379136,-243512069,43126959,17479441,-1761279,-717809,42779,16684,-560,-203,3,1 # comp 3x8 (3*8) r=24
-2654023681,-29606815593,-92886496110,-36452891589,231724848738,233246155284,-150503559333,-232599749958,25368502662,99476338812,7600616010,-21816230757,-3704989082,2577099063,608669250,-158062713,-49595118,4003992,2077912,27174,-40530,-2943,231,33,1 # comp 8x3 (8*3) r=24
10854184802418081,-8636683132233036,-155781121745279214,100635524150322636,165632316493227489,-3456462572069892,-45104796012863930,-8397367291570736,4390944844393986,1597540259040036,-72697599608806,-107649777531644,-12771511946383,2277492319700,710711310362,38324766624,-9291530318,-1752274932,-86803450,7973788,1552049,114276,4658,104,1 # comp 6x4 (6*4) r=24
1183572572460239504,17722953835236991296,6565549173843274016,-6740081983754001056,-2575673286142981632,945301197431596224,348349690096896248,-73996993582310592,-24224595159714448,3785980862224920,997318880701820,-134385393628896,-25721702086719,3339500194512,419197283442,-57131082080,-4144282953,650419480,21353936,-4652192,-18825,18720,-310,-32,1 # comp 6x4 (6*4) r=24
-136736066620595419,332008208660126165,-130688550223110237,-168281754541965349,86506179544372742,34325001840544083,-18263491368819975,-3743109697479256,1956228178663564,243330952901213,-123033944830565,-10001386456287,4869044082794,268324066591,-125394425983,-4752854960,2122182718,55064196,-23303757,-401239,159049,1667,-610,-3,1 # comp 8x3 (8*3) r=24
-150087523340551,-968006687822134,3736984581604755,-2230048407992431,-1701671967648655,1629800456385501,167169409950837,-401859641462131,24435918231034,48556450129430,-6320417926976,-3278799348990,553174088147,130821106579,-25559262046,-3142822088,685895542,45275601,-10939680,-378064,101344,1670,-499,-3,1 # comp 8x3 (8*3) r=24
712244986641037484251,1149622329287601537199,-1501226738538987411149,37019958185685722483,383875851543057175602,-100226934719213707766,-20238929128325495856,10218750967485321900,-204149399740370837,-370900732724063706,35328434830433343,6207684741479320,-980922146356232,-44667797413448,13166353864628,-34564650120,-97433532947,2810437191,393108246,-19089158,-728996,55060,104,-60,1 # comp 3x8 (3*8) r=24
99062384396801764,310973325165975504,-107773797007301728,-521125023159540040,-226489774786542655,78457076492927756,63806230907293694,1050702058240684,-6112570759834589,-719241860987900,289582988295508,51148115876728,-7608269945567,-1787262520800,110444829754,36438158840,-699442595,-452807388,-2527196,3374564,73195,-13844,-458,24,1 # comp 4x6 (4*6) r=24
-444292077730574620728,-1138679966219423332680,-835963571120915803028,-95119567988201385896,145041484984172341766,62933082018416726894,1831359872605145875,-4532125637626792810,-1040214550936024451,13556238930844912,36927217475834682,4590756344057296,-224040007808700,-99770990640614,-6405946136675,532902985822,97247699647,3142522020,-342456610,-34502208,-725576,53346,3919,102,1 # comp 8x3 (8*3) r=24
-6257721344,38960910336,-64329775104,-34137863936,149752241856,-19353225312,-137147255184,31562407872,69344107548,-12933368154,-20755993065,2170775007,3631719072,-150647889,-374880450,1452747,23239377,363288,-865949,-19983,18786,411,-216,-3,1 # comp 8x3 (8*3) r=24
-1978910883120857461,833618521122191610,2533971865113302334,-1360774606762602534,-550897703904630187,349765803590464582,44916505181481404,-39036073344717872,-1304287286596520,2408087204862034,-29765799501006,-90874000979794,3485749460693,2198569996210,-119975553196,-34656520728,2261733836,352727046,-25588426,-2226382,172713,7898,-640,-12,1 # comp 4x6 (4*6) r=24
250380370460761150190868,622113567522508932892056,427282968577911999974640,77505949205545380806772,-25344537697045778802282,-10466990895537970345890,-16091392612955659713,419708824126513998186,30362173032538571821,-8464268060396319996,-907643335629587342,100374957184524072,13021930911243700,-751809450732306,-107985931896119,3649004628786,542774882359,-11229856176,-1650023786,20213796,2916808,-18270,-2705,6,1 # comp 8x3 (8*3) r=24
-63670410081216,316206578772768,-267644478462800,-532257342572768,655853006135344,191917289458816,-400542019107472,21257184903696,91453302182440,-14756603175960,-10015447928180,2072454564544,601953829840,-136864099718,-21404040577,4935180726,476979649,-101673888,-7007750,1189096,68206,-7298,-397,18,1 # comp 8x3 (8*3) r=24
21301852316985576,-8353621311855404,-47618849769090258,7618585906297979,32184709313503108,-3225933161215781,-8783023431172633,1019303404736531,1170208415998186,-178856504903773,-80600488032744,16112276843146,2810475322816,-783227024689,-37171682452,21102734806,-485062292,-301435440,22364601,1776960,-263306,3042,974,-57,1 # comp 8x3 (8*3) r=24
-19628483106910600224,96938787449415502080,-113038044940334710872,27924174463106054088,30791808105542531028,-25864448304618484848,7679025885743789328,-481343530487806728,-306492030720258516,83867372764805208,-4512021549227442,-1494907916701950,279349224390157,-5212151533560,-3313886681598,333876588890,5584802931,-2848858416,133852026,6689286,-828225,15968,1182,-66,1 # comp 8x3 (8*3) r=24
55915721,19587918,-581468621,-206500640,1419659137,481936834,-1602746211,-503616859,1021129327,289505045,-400120727,-99701954,100331808,21288071,-16340062,-2832947,1724491,231213,-115708,-11100,4720,285,-106,-3,1 # comp 8x3 (8*3) r=24
29087231,-560455495,2840022013,2227238914,-41895501969,67087787348,8397666506,-70298109633,15311851786,29369368057,-8563308031,-6301011017,1952253849,762358721,-239100917,-53881095,16919542,2225787,-699890,-52166,16495,632,-203,-3,1 # comp 8x3 (8*3) r=24
-163241803009805538915,372990327358072517028,111276652959285955662,-254306579027152476540,-17632808623837354403,51337046743874174660,-678422558497896056,-4400388105237006632,197360688610935794,196713736932635632,-11511733207806766,-5051380620113048,325725442983470,78035636749336,-5205476200510,-736214102036,49308880733,4195083316,-277809184,-13813676,897998,23680,-1508,-16,1 # comp 12x2 (12*2) r=24
-41561833466965412754,14470447840218342534,129053250126360822307,-44431241764285466818,-111263897121544240619,40550435825764123514,26246368277722845575,-12018810515844137682,-718365206709172499,784977468254560278,-25430618389907861,-21054075621756730,1258098595081981,282551884948430,-19037270343187,-2116314823722,143574709963,9260672730,-606793199,-23493586,1462183,31958,-1879,-18,1 # comp 8x3 (8*3) r=24
-45280821309937581712736,-136312973516588827558880,-76772242546151079734624,42111086871214366553976,37016486046735213512592,-688666653729889501360,-4636206155214568519428,-665174851479312571960,168520983535570928240,51453572581323557386,2153580139330176476,-761971160428030964,-111319312423291375,-2418395159740494,665419399866608,62053063607490,961033962851,-162778291458,-11192882840,-197319816,9156627,611406,15464,194,1 # comp 6x4 (6*4) r=24
-5091404890983579,-27029383422479316,-30168307372622544,23779597910769624,22313861113167744,-7756980874569939,-5860702931379577,1400210172828843,754827941143719,-161476483663774,-52874100208407,12078080646660,2007666522757,-568592060748,-33775339983,16180580073,-173514270,-257782896,16253018,1827114,-232002,1024,1014,-57,1 # comp 8x3 (8*3) r=24
1368007142685551,-5497394691929965,7222619124369687,-2069044415006812,-2910176485205392,2047404030672012,245821804444593,-494299053826315,36713173159411,57542763968618,-8633464207826,-3765516450660,713734844336,146605151404,-31465361110,-3452354282,810259933,48778779,-12432405,-398152,110752,1712,-523,-3,1 # comp 8x3 (8*3) r=24
15161264407330000,39850323978728400,8856691897027200,-68669994915865600,-88455950082289520,-36303856252447024,9516120061708408,16208452482629880,7075095329736136,1274154098068896,-59246342447352,-69397377721660,-10062568077799,489868445261,281212041818,18332854020,-2624665979,-388672914,3517913,3069170,91711,-11044,-562,15,1 # comp 3x8 (3*8) r=24
278052976387,-398400610833,-2835563899176,411389338420,9992631760470,9029771180982,-2886230387121,-6988260140628,-1878797805285,1324904865186,769360620657,-18127691415,-92615598210,-14405019831,4107594111,1261489218,-26059278,-40196103,-2491232,514371,55335,-2487,-405,3,1 # comp 3x8 (3*8) r=24
-2831316431087098412,6637356576385416816,-5111819872400913992,552886709288624400,1257698474845494232,-605835630011463732,-8052826791765452,75685971983530920,-16844832439906790,-2144136504159918,1378123652633403,-126817079297814,-32292759234535,8094017942106,-219521038457,-130176649926,16785918285,-19384938,-158718135,13173630,-114413,-45438,3145,-90,1 # comp 2x12 (2*12) r=24
4680463136866625,258883643332686815,-72859123360967301,-408641243025215701,107275838782910971,165768184457467158,-40090488413749713,-27827465578723479,6367858877351694,2322921442445782,-497439686099604,-108761508088713,21010891853912,3092226886373,-511123228225,-55025624221,7363637455,603211972,-63010585,-3840389,315512,12780,-862,-17,1 # comp 3x8 (3*8) r=24
39107604915697891072,386118627655092901312,997964131541675913584,1084495580759256318056,512894757885473265456,36809198598897250158,-64091654351787322719,-26491585007501788999,-2754708163151324816,878229998033536757,332587600695654725,38987636970862124,-1740741294236673,-1151177968084049,-154087624245869,-6869915603400,778312507667,166148945867,15390263319,908474768,36704141,1017987,18624,203,1 # comp 3x8 (3*8) r=24
