12921173974685083303314650901850308800136610666696933376,-253714857363598082971511932353505836858495319544954880,870729563375281180396514871097870194823840529383424,-1974374175406710189212723281550650037570470150144,406253807741349474652562585883528734479052963840,-3069101946322681864745945329317198394220871680,-23983356432362933608746239862746597369577472,35782153032532042840634034159216735813632,2798942994115547601672583410272335560704,10091147814924022889367323826834112512,-291844859437544113959578495457689600,-567026055594275581114794859560960,7810274929026868700222647697408,119410136675160478445134151680,-177836057603525816868667392,-4888368732788957468688384,-6636108094125954301952,50834380793944473600,667122083083321344,-1980495319531520,539555266560,2701131776,-1441792,0,1 # liftF r=8
1662120479530045459549369633026619636675553372667904,0,0,5593343171237414950152024176309086522664026112,0,0,-28546419875745907582047236508098572058624,0,0,-77319656352438891816717743401467904,0,0,147165568239195949596976087040,0,0,222894026255265574158336,0,0,-184088895376326656,0,0,-195035136,0,0,1 # liftF r=8
-155831247037878256590142293046739919962473448753820860416,3796729510128655533465512610684467905315977012271120384,18925661217204204512803136526392667882219315920896000,-620534670798325905982486672760807600746334982766592,-10110926851231493504198187818237286390191544598528,47158001874889967916486985193966143589027151872,1297981705682112260127533468948856729138888704,-4849089525409164457688796894352180890304512,-47515482204684129317999222952646152290304,8608665932173914994740171335836631040,4271837059862756893720068055424303104,10698495696951170562606613789671424,-125939827915540880440949089501184,-759979731705450291701877833728,-618338403125606322402230272,20458250834483135962415104,37112182945324214517760,-9367487224930631680,-864902234687668224,238181706366976,22548578304,-1526726656,-262144,0,1 # liftF r=8
-174408240452526447778400500594263258160704606175232,0,0,2434491580498152105198382062594455546787528704,0,0,-7077455073573203474279395398890465263616,0,0,-22338531449581622800893254490390528,0,0,81535554459684412789174042624,0,0,67279454977272934563840,0,0,-173959369627533312,0,0,-197132288,0,0,1 # liftF r=8
-88745467068408887750754804370406144482400534528,15182538978188698107300139572597910085128159232,1260188106360326668051722986178513123577692160,31245428763062344150787949664512785197826048,404815306118549553848707705865142462840832,2233694954760531636828048337852509978624,51370232358829560962911552800154451968,-1763357761543877139575580013619052544,-33887048770987785446217152735477760,-690607133836056523197424632594432,-6750844876265784569260637421568,-202056536944385180030159814656,633334277891958880778321920,24049389183776616632811520,-193709259518024001519616,11666520791507741442048,15641705193299509248,-125256364636241920,10213775827271680,-27320286969856,7348420608,201326592,-294912,0,1 # liftF r=8
9138006092205688372525250498541912064,610031022978855749296232922259390464,8671722933472595981217919022399488,4587758240956985494639971529654272,248548714911787224166779293007872,2708042570758872566080439582720,955971623801424682867268517888,41320648876119980466686132224,364185602344639349477343232,104730462529596275394871296,3606668418133317012946944,26362108649189350047744,6327948022985732915200,175091650000351920128,1019401210576240640,198561904371695616,4490459174928384,17076789968896,2444306153472,47093645312,28704768,-3735552,-18432,0,1 # liftF r=8
599246941059348544682940882617368576,-210914747246709292714976631559553024,-50871931495254163438929833944416256,-740028562940669751213283375841280,389797267799636632824681253044224,34729064458892160581538861285376,248848712063992108379476590592,-155352631708780240730471792640,-9963251350056138139167096832,-419244917170720013811712,25685544622557308615917568,1234812204027980124520448,-8153190805339467939840,-2189729338849107116032,-51615544223060721664,935314409574629376,82878594488991744,-122519310827520,-32289429913600,35852910592,246808576,4554752,-34816,0,1 # liftF r=12
75352701226712331785834581027940675429994770464768,773939260672413622424058966629607650527471992832,-6429685004196702724156128860115945393619992576,-591476704684829913885295063007516021087010816,7447513759158861521042940489625311375261696,108277832538892671762597388787200391380992,-3215198075114906687716435890525190488064,-70381703076596009958294618432679706624,579979166918935800498385351931330560,18906777207616695157211922171953152,-268360042089078207136561495015424,-2469392378159798642332187754496,61819350911599567451296104448,667091229251037001529950208,-8541500824306652907831296,-68309121967277905805312,1838677020042181214208,-53128401854136320,-156667350257500160,5579162517504,1409286144,-144703488,-65536,0,1 # liftF r=8
-4246672075156580215429425602261228156987783225312119095296,-753915408430159676039899140524236268186616462011917139968,-12667124023826448636964384461942037702461509996751355904,-10777437170408048364380087895043527385580612985290752,1243412850599202918928941271712351853584721419173888,10760355489885505701804806024356114373611479891968,-2169885449228854482691459009315500365055000576,-586840142432903809110464141790466178860187648,-3484471097421022216653001392231404827312128,4056360753615361869710337596324017340416,127206480205640138992158776218160726016,474849389368177244323043591394951168,-1046120495171212275608966704136192,-13865397654329997006818624143360,-20392091070353942591676874752,104446553303243830113337344,603867750109358321565696,-296703898850609332224,-3914718791719714816,1565017363185664,1010927927296,822083584,-2228224,0,1 # liftF r=12
109939159841749475210622006392697653297152,-53232798160069706042188580418195338297344,3484038331485049824131952266339137093632,-37606001011913031514778653607176699904,-10966423317145233586862128424489582592,573430800830806824467603757348159488,-4283484842644153193868115014844416,-811827460422920245095821775732736,26771708290104972155691229773824,48204519236654408926425513984,-22019492937622927529228632064,150513404364333882558906368,8151182707686518684647424,60109147909746801508352,-9790242373751713824768,-11017212063431786496,7769246468644274176,-23492577755922432,-1639204333289472,5153155448832,1885339648,-37486592,-106496,0,1 # liftF r=10
142662929652609606414898104984675057741949227237376,-2360840514510946255599751895286077980378734264320,-3949596182025286976495965661031195912091729920,-1567219845600529427233735843227824997707808768,18552661452786334743166299002921985092091904,77268137625508047458106132085015673044992,7607413505069910653933259561430736175104,-51306434039421274633593026721234288640,-329656396010513469104154254229110784,-19744002245885594264027574380265472,52072719483906792800390159007744,546589515202177963158847619072,27908306373002168741522309120,6804487379957389723697152,-373719505718309447270400,-20291742740253677453312,-44355249042530238464,74115879805124608,6109024042876928,20980915240960,7348420608,-153092096,-294912,0,1 # liftF r=8
-5597325664815609954560241479290476883537609431915150966784,4531858987699550377710293266801427399070832457657876480,139912453336246607576076940531305664295274688462979072,-8966492935753000317390198331139503778185368026742784,-5488239875493309610246920840564210536551068729344,140250407400659851752508522340507840815745204224,-5571116958511063978813313920305922200639111168,-8048878935174386332399978055440281492258816,43430122351419392814073519990639932997632,-1792103533897302164427350278132692156416,-3168407584223919069142434195634651136,4538939340480868197804786344525824,-316374552339043600469997383581696,-524641315831346918663410155520,46289816856708979795951616,-28290553900739474483052544,-34311484409055050465280,-6124895493223874560,-983051356161966080,-575182020280320,117574729728,-738197504,-1179648,0,1 # liftF r=8
-101678139179758070907766066719013522258181000882978553856,-1886715673576277138660349059922464729314443438810202112,185645378641975883789298641637737810632156442638942208,-551101412126426803484430921597508290439272487452672,41436908811962343770587842474370024937077719695360,-14540592209603944644714921815182590172997877760,1599237885477685762165817384938511612629745664,2391816843299364976450729135689632871088128,-126234208354007288150450985738113092943872,28512037865152543001804696389819564032,-7569737212832214967098167915630821376,-33488139924488621647954758542032896,-169956464001370201220281943457792,-1674492521923324883261628350464,-1737343281356673147771813888,-31287024561328780338003968,-86395506013203779813376,64619899253325561856,-1617874185667739648,825458354552832,178778013696,-1962934272,-917504,0,1 # liftF r=8
-725091191570390076135014636978176,-80830056925099619669263417081856,-247355894099710046178281259008,1290639533614021189882915848192,51776026118182790122962944000,-4028783072797614681870041088,-247533464524198910577606656,55000664556219809421852672,1168943654756368328425472,-357464465424857511755776,-13871843457038525923328,1175038682376863481856,28865540336654483456,-10843330896568778752,75700276060749824,33488237964034048,-1064011575590912,-19581829644288,3347155255296,48440016896,131727360,-4227072,-22528,0,1 # liftF r=8
-34729041908774757339064872207490988556907245499056128,210569817303886717682441309775758931047041378287616,3571716730295659822333419139384218022801664114688,284048273640303462900943003050122808914090131456,-746895640494167024337750371217855927189241856,-23302244783508353491355722273643711535513600,-1012961934991725130470397445631633881300992,-445198604311118514225797427473126785024,47035254830798914305234082259615612928,1829153352366565833578163666277105664,4400243846100376657430510462566400,-29885227149729958028055117037568,-1611347319397994834220134957056,-4598035280238890246127747072,4489572031423944492843008,686690532523770577420288,1427735938943598723072,117375065288343552,-116492844646006784,-6867652706304,872415232,-207618048,-65536,0,1 # liftF r=8
2486977616366092880552166840863664361791751227666688114688,-37749481300893172216417828590564432350537612958118182912,166440233781585998212586671552807542612330657274134528,-3104779770879356739921267120073481004717722294026240,60118694132188001430809449889919181484762037485568,-388697124133671259620693897088873096490887675904,-492946456607516902683697293161740021474000896,6230888156120374807136981297914848024199168,80129978805693671327963826795196098543616,198915777117941045607129997273601146880,-12564114673959133939472257663780257792,57993967663168259686761606986858496,234081603293847988787522215870464,-1716544704327164855446489006080,-2691300270419825155511418880,9055488219039945178742784,220472494778823986905088,-311971101587395313664,-3021035740663382016,4276687915188224,482646949888,-2248146944,-1703936,0,1 # liftF r=8
31698547011112523996395593632589113036676031978852581376,175850434631519568198374215520880426420286201452822528,-1543180168289079590276888422175938727320844366774272,102254804131995319188450633709716716672357786189824,1523336464141558362320611228676266276684950405120,52517819381109958697083383412589378683273216,-136492234001604636420187706894515919225094144,159517993318156184075440077690123591876608,3726053559691233748884846182336229801984,-45396819341638900203013999929407307776,-891149181493593614589021502281089024,-1129338035518952434142773854076928,61210559376781991924007947993088,174808255664636149404163637248,-256959308024006722424143872,-8047484335876160440238080,25978888349697139802112,58301348976124755968,-1315904312215339008,-2038219679989760,539555266560,2768240640,-1441792,0,1 # liftF r=8
-7865605669826179874615191325952375690309293002213969362944,232337469625980281992415068347073891518351200012996706304,-1852361628934406169018692173769209505699867315899727872,-11578071611294683251914329376395484339376255026593792,301760760918898415718671313009986427178499597926400,-1700724905229459551156925668985320117064460926976,-6099367455474853056377488731457752600225513472,135779527870210682334996207173031273930162176,-593301519198588450885899371243174052757504,-1730450992013034163581325698662332891136,27931342653907843908789224986051084288,-86600932295675334047634066897895424,-286641930917838146119238363906048,2813334645038982227280384753664,-4024438495633374608273440768,-24111259563399838468931584,111632813633859584262144,52268777275261976576,-769121577768845312,-388127604604928,1010927927296,1459617792,-2228224,0,1 # liftF r=10
-2015268244618674770528654413721637326741196360384512,-38077686409882951911085171300983551465503072452608,-78789800678507838975760557191053951968984694784,-22730823509537691765396474649885085984054312960,-336698901748639156917513928373374019386212352,-234437603151580343648885580980469723299840,-110273396509145395598772092499255091003392,-1170270266773274124315709956615896563712,165448591655944602876842823219412992,-287645087195206536393349746470682624,-1994936253289197066343711288328192,852980581619674292168261894144,-416133781032459695320048074752,-1701393233488159845847662592,355723553952901172822016,-313230578259185746575360,-635564164225685258240,-234415879041843200,-95907375633924096,-56581899157504,7348420608,-121634816,-294912,0,1 # liftF r=8
20824427853931331121930305536,0,0,-158250319316985068988137472,0,0,-261182801624838094979072,0,0,3747366436941510737920,0,0,-6577769283139403776,0,0,3856932171415552,0,0,-635363655680,0,0,-675840,0,0,1 # liftF r=8
-1515268385555416523556940862976040209116202795008,-831998553898500645691074036161251639446994944000,-1742365498028361103271617097912469225065152512,1848545995546438585567452422143439202093629440,-19395327700709675311281960957473182491607040,-1244242028108881657658653198451576152260608,17011183968155105264098475379061354921984,170420507734928321623848299273782296576,-8274288597354224999400957175817830400,40485588568908997939540408823447552,1516470812980502584950622368301056,-18887264175329607711399566376960,-16587341785870146748389785600,3501719306922675810540191744,-15840214524408373545271296,-155151637265095971569664,2652024157258037329920,-2457065440451493888,-133037745864966144,134797548584960,30165434368,-146800640,-425984,0,1 # liftF r=12
-22523108848631485944232923440004779165266545206666299703296,247356539318703180584281639299671212541798193005284294656,-637546220697858485638379995146423430805314209295892480,28706087754746709447491146872154613827826224939925504,-251514173738038840304193891878588147745104290906112,460721349805853672882521336051812064118869852160,-15095100935693554859750711391291500398389493760,102341413909897511454677247708529454282178560,-133292257136942079291862066711184092954624,4172102384865828937939603857629421502464,-21085722165861174823605839913581281280,20759256679144163193556744542355456,-624344396087852540616052393902080,2336371550144506861323624120320,-1738477829904182580034404352,47165096416262424310579200,-133842765556199922335744,56767873303005102080,-1362462032581885952,3176076775784448,117574729728,-2600468480,-1179648,0,1 # liftF r=8
390479144244922999897938645943836554848894976,-4332884435552527968486608332029883263746048,-778136920941750249678224679427488182435840,-33182421026006217434631601298460469362688,1146987424698784177272383197779287080960,47233718387034011557427165698923167744,549670133148644451447258450692669440,-50766534054021930715687594319937536,-838691223427369865352821535145984,3398651569967468754650680786944,799839862423439417623219011584,5569339513641982421368832000,-143000627728471808643432448,-5132581862931472477847552,-10347240820265455714304,1084811034167332569088,10915010808362565632,-10076474312753152,-2521665493794816,1916360720384,1885339648,30932992,-106496,0,1 # liftF r=10
-5972398216501981130720410599424,-473828480109292911421990895616,29709920545681863696785080320,24764409887178098361342361600,1568174556159849032000208896,-68854249483620252861333504,-39480070569423514015629312,-2122189828296426276257792,56224445116962301804544,31546160521958974816256,1404778109767356776448,-19909672881767841792,-13563113988958453760,-450768912343105536,2775854543273984,3059773356376064,55601992302592,33185333248,-293463916544,-39059456,212992,-606208,-1024,0,1 # liftF r=8
60702756256610250252239926464610304,6920797873067904115724446307713024,170515098951207564444880269737984,89652313986319337534599207059456,13121796298512958259347018743808,538627076407013659928292229120,19765167404962479254276145152,4503904791857707377112383488,335500749289324333328498688,-7293849524273784350048256,-1495357782334342313279488,-23122372199646345822208,1226569010050725052416,-111766465271151198208,-8780376603000569856,245111653278941184,27611865857130496,172634062979072,-21995332829184,-152194514944,117833728,4521984,-26624,0,1 # liftF r=8
159060035767534777662943022975696235673944064,9671363932152924217433500379339752199946240,189603184848025214033042047495713725612032,-1442238985948033713092226879197861117952,54091586479425191966633955153271586816,5570609650941986412422494829265551360,-103264380174921145195828365804699648,-8722600992461559597467864538284032,-54774671033039264509202488360960,2472338228150744589973653028864,-76368695231614662219738906624,-2425212185262573639859961856,56221730639277948695216128,1340998094056520188690432,-12913999873890859352064,-46966070189009928192,11057692233275801600,7882398859526144,-2368975111454720,-1542967001088,1885339648,-36700160,-106496,0,1 # liftF r=8
-95688440394616776172931487505920257949494047416516608,1098066118252524095957779801868401440210018661040128,-5196008154805156998840559661911855424917724987392,-637967412093820243835377481770176513456379789312,6254746368561544081959239874263459230222647296,-23889860300520354528087579774495229866934272,-1771918276711133431846307007397180152479744,14074114800871586453238470488239156232192,-40572222346229795593297496513909358592,-2606514710137482320891902574523842560,15575874749088183661905600279740416,-30010946972489142159820336398336,-2124053156175343628263222149120,8430647117267427354881294336,-8033747276148769858519040,-900179169259641569804288,1764024226718981029888,82049955711156224,-152976839478870016,-8164732829696,1409286144,207618048,-65536,0,1 # liftF r=8
449052469396685468921854549928443904,9671342184034990557875113245540352,-15276245076633655074719625128181760,-1016532683720383539999270689046528,-178969692051999893019773131292672,-26113598919262939769138938118144,-1053112610190112364249661571072,-160747995035335656616390295552,-7304381525629050650550599680,-385122200311383866250100736,-30000523985931115236950016,-634399669595935975931904,-47319447244833879490560,-1931148270106700677120,-16281713319641874432,-2303265753958187008,-38549352263712768,-3263101403136,-37045300887552,-6375342080,43646976,884736,-14336,0,1 # liftF r=8
2345327214487118487152344791083462580396621877150220288,157341612520951680916513199878153239188608557745438720,3217649997334795018092566454109597613247264829997056,-11965687843723591152822404996372204849648852008960,-1347750501473496319892769991369775371975668006912,-13833880178687862806255646895483996680717598720,129974486813248913649664196124680795388379136,3296119891847750512936392962553677453721600,6858776542468065917696250102856047132672,-302475083276118792771308701302829088768,-2137745214446307325427590777031098368,12101807194324527646908412422258688,167732388663915332552024894996480,-68965591231555750529463222272,-6540420910376664185226395648,-9952959211714062283964416,130537051372115940343808,291898558048205012992,-1079597273173721088,-2606529752596480,1080721145856,2499805184,-1966080,0,1 # liftF r=14
336265077587968,0,0,142290672680960,0,0,23863467442176,0,0,2022372802560,0,0,91013505024,0,0,2061160448,0,0,18555904,0,0,9216,0,0,1 # liftF r=8
26485246225659453729542896267964561744912476798976,3195855331309834099830965283967604813252075192320,35140302606392423868751284469737145020876587008,-602661530873745970475488588822842668371410944,-32381836038092459347664858495550918626377728,-139427034084272409815812002864758595256320,4577121883088377955590417790401628864512,108782746656658981932645171362797715456,-72020672583378410830716165647499264,-12793932042648748046322863381151744,-146911363921999117162612451704832,748535133202613500962228142080,16013893017939078555977646080,59317202669467844499996672,-846979948301364848754688,-8994336974205221863424,27288013829679611904,239658350483079168,1691186322472960,-18541373816832,30165434368,98566144,-425984,0,1 # liftF r=12
211508630242313878858002827992149303658283008,-215951356824833651436980646866778469427052544,-109238125993693507417939443226961094778028032,15792972537055270379722477670993581374963712,-601459883510224486612981962068015091548160,5174279588435711776659495506957702266880,180188926918841440046347380424966144,1785528970541868871807757352681078784,33194956109104586466689849153814528,-1013190787213080200610913322008576,-5111531793461790491325665116160,-74495822393382871689156624384,1624821093986096676442472448,39442090308642814883266560,-66589287341577660792832,-2159494035722662313984,-40601920965581996032,-52723781575114752,3150100813578240,6446745911296,872415232,-130023424,-65536,0,1 # liftF r=14
-9057670547760441848002119385219072,-24903392182296137914090702189363200,-2418318961594088580466126419394560,10169483994598260617628352512000,-27229106205092668088998869073920,609668922175893810150989889536,-61004887906073901893523865600,-776171106603506680851333120,126742654402712153310101504,-5932542069395268210524160,564575068339649388740608,6843417792173072973824,782916877483667095552,59780640716227608576,291678444616417280,119094151718371328,2227045769674752,11725260718080,3938015248384,34661728256,28704768,-3997696,-18432,0,1 # liftF r=8
-15640660243806309169188961901809054654423310109357495025664,-539717760615978565627831291922404148584069420943870525440,-4330663888170312331612852705355134283877299628825116672,23664134305947177009677000165181199151520280595136512,656057812420903474645364712917588850563418375061504,3587152572064960797823536780380842066825718005760,-14029274312091676993003262289722955311012118528,-288236438764454101427704613919359548321169408,-1139416003043243234436110385657907284803584,4325547575518402602218387958820688101376,59651804029781710497253402001589403648,155148734934564031899598675614105600,-718509427059255593602128405331968,-6035365703980348777479693926400,-5757502132364947140070342656,59246625426641831755513856,243832125614039465197568,-276903823088874946560,-1791324343972659200,1528458601562112,1010927927296,117440512,-2228224,0,1 # liftF r=10
-62076216952927870357905425643043321945174632187569985552384,1095294285729146220137411195390406513228406503503101427712,-5701975709971163538939633939604397240334637067216617472,-52446869298227077436823765611860258217523691611226112,913055783133628532923706054524618780674239640895488,-3839303039136673920730888955757359644242612322304,-21229049586706748287477665567229506443104223232,305347603381859283416296114792515496711290880,-991837736591588540137390305388171855134720,-4968936356279192723998357473646065221632,51411664884872720526784771796070563840,-121754755205343534846113294258798592,-666616426487692711574850066448384,4458786350923524488507221344256,-6986734127855915789195411456,-46840249253124399106621440,177794078866851953115136,-142018762449314906112,-1332177084306423808,2121782563700736,482646949888,-905969664,-1703936,0,1 # liftF r=8
-214858977305073343982555015988636237668941350543743254528,-9748309091726502309479613319125693404147573127349534720,-91429036184472894897271384784568312396215651785506816,-149131550358681850828160393447498661415327776112640,-8645788711524369254498239670836270144554880991232,-35902920307934680529249884130439918576153395200,273613309817279167120855730063565746104958976,-2925758424610195188185078105154825324855296,20448963234501445748214350799924413595648,77954143237420561567534127693720190976,426887044054557277986321539574792192,8984196330548775957926306564276224,8714474070846155986635686150144,315346788889201501935637626880,1096494537798847944047198208,825325776601839048851456,45675471391994551468032,43230052823129391104,27329461020000256,2075603075334144,117574729728,-2013265920,-1179648,0,1 # liftF r=10
-6048996174921364061691570033074436258353819011249170546688,477639584131346417664543837997662404958975656750248624128,-10902035435656363341795109455334386371517701094656442368,50622584356380854797519392833642607452605062060179456,847964026742221069461545238557974492187613766615040,-9185008575538693306138658426927930063008974241792,11120831634244332241101232246837837212520808448,362750489505619320050313277767302369161248768,-2561249141616333114013470050947893771108352,-983074723144923604222857529385828745216,72031230092560167867890024549829312512,-287705660839268809335580835518087168,-444478483199979907055104697565184,6989206815614744129865045245952,-11283720463273249818743406592,-44521087694689486858354688,259035845610478032125952,-5023765384331788288,-1589084573206052864,-59511066853376,1010927927296,1560281088,-2228224,0,1 # liftF r=14
-490920969299328717951947937387335381527976296315048951808,9272281931929816589088572928576840145532419682844278784,-42229872869027148515593552381869641529697440651804672,-1254838892117994148162468291697625387007814561431552,19137248684065286634684354549013866977936829054976,-54673570787509617315801138811597397748197883904,-1374482658185281860567496444384606578093850624,14847010486197988741093103853005055583059968,-15353219083162395189996739748882288738304,-773241229173480919201573085953734475776,5171991948133021907034672511452184576,5557395086681029120724845641859072,-218951074591813566718235623030784,710272328780355583925483995136,3047471775882440254230102016,-27103782620757370479837184,3657535386974165139456,320451379685733957632,-1092061336986189824,-4344720197156864,482646949888,2734686208,-1703936,0,1 # liftF r=10
-431549659053607621586655084423227908308792510513152,7320433297855067654094123691422304376958283153408,44726725197123893107656789228819051530359406592,7568036986972245103319609448968419606238593024,-117046397797050627456223694737438556595159040,-508147984744779938708237392887400976351232,-55832302841348693720268901678159191080960,634834339850691569526107766465853652992,2376276755033341123949040704394625024,218114839247920450045281619081691136,-1544458722330246763393478832422912,-4585901425194271354168698470400,-453772942653440122705403707392,1730919829922302302546296832,3190027734468721752670208,471099111078684772007936,-678838127145181511680,-423303180600737792,-188554286974631936,-85637352914944,7348420608,-113246208,-294912,0,1 # liftF r=8
-67310659293191077888,361691404423519010816,-449084529248829440000,125293677662842126336,-43881620115214565376,-496259075638558720,2448585182144364544,-1678404431080587264,330990478918942720,-63772958606229504,-3793710252818432,2333269169274880,-777508534353920,44093577101312,2771126321152,-2945724710912,167849033728,936247296,-3970891776,-25583616,13312,86016,-256,0,1 # liftF r=8
38811235362284817441069549923617613826971404337152,-7484898506101081183435056921718301962019700473856,523414911836541329622090050317611701679245230080,-15666403830114293476360348559010120325176229888,200652724096334041533833852985015206932381696,-3339668121753218229182399031828538053361664,100508984764286585880618715693874837192704,-611436836085653453648428152643823599616,-6771231596554056484754618085409816576,-152298249248345358137094852579426304,404243458956267437046070039805952,52330819101765418056044054052864,36253625197864577066713743360,-2910686069522879545792790528,-52778981358077901478559744,53613299922415673933824,5215912166120992276480,-3378632106388226048,-125392704078086144,75780402970624,63182995456,125829120,-557056,0,1 # liftF r=14
-3495942670941913896315126808576,-7907960970955009196055605542912,5423879539623983001936150396928,-412543518091852976610133147648,72067090421777081677171916800,-7934860174904344502507405312,88379088726905410174320640,-36538720365393521135321088,-1763489133781054818091008,281495008721798543966208,-10861169091742839865344,2988651763117844332544,-81154724547727982592,9088123310545305600,-408752243718750208,10782910533599232,-956654573060096,-143881404416,-894762483712,528482304,43646976,-65536,-14336,0,1 # liftF r=8
-4730414097641868359460756672543731939803136,-251525036729269778588169161960226721628160,8594537692421841728762939855324823158784,1157516852409075983622954119578666401792,45567477754432575757362544720958455808,1953310925667301545115630937571328,-68293364180339226323888560842735616,-2761392630987914709342476302286848,-47329680898426783509206947332096,-225416383883207481830036996096,1375416982038871027654590464,-117425073690951438215151616,4889669804706906295500800,472778521394129739448320,5823155444089958170624,-165470061240195743744,-2926648714732765184,30785638382960640,317683698499584,-3273436168192,3948937216,38797312,-139264,0,1 # liftF r=10
-129940640304443423569153905569863010696891188527857926144,-897247277442643915897983498028429545851699590682640384,1166633691265544312736924009713986773974393473204224,157400599776061410297172413175841855916660796424192,158573107450161129778248882981445280860083322880,-2509615123149145578134880213771604009236299776,13850055926352408267289457736666525072359424,634214885935855856667561688623325877633024,-143844471501865938780267821900528353280,-58686300326962755001533565811533283328,-68538223458864707579397439292964864,762264055070051475029685539176448,4781988286441399495334159187968,-89759568676109727820349964288,14781007091381989518868480,5249666662216632746639360,4569280124336067313664,-36875473748909621248,-533658963657359360,1189946459160576,539555266560,-1610612736,-1441792,0,1 # liftF r=8
560436263080671959118494040684756992,-205061231950871043490974815806816256,18974179947905685899729492238139392,46619661310700591108693300346880,-85576795050261240903464199913472,5666789231232741619752832598016,-387972169282499640244085719040,34759235275839529632367902720,-1560642453677265985812299776,-101221859524974589685792768,17283209998710392651513856,-783654041307373887291392,-4606817767967688753152,1836196099597453492224,-63534773635687383040,-614591265798881280,86759286419488768,-479606113042432,-31255215210496,191428034560,246808576,-3997696,-34816,0,1 # liftF r=10
35136866994062589165568,-1189207006804571062272,-1506296590105961299968,-1405704188829013901312,-11429205667429220352,40527934828148948992,24435422858074652672,1092666411978850304,-352542390734553088,-209184367812018176,-13425102473396224,1063940440195072,889621642739712,56442748928000,-853813493760,-1879704600576,-84139507712,-268828672,1701871616,10903552,13312,-84992,-256,0,1 # liftF r=8
-8502835156561003687718695115862964183068042273117649764352,-224908004242946234211032760397099217109071818523169259520,-1512488673868066024761487710320903928493933602088681472,12254861428306976154853713522927889972110008015388672,313731108137459638931806105978871323992647943585792,1499381881305577529426458524843574894771797229568,-9390277241467381215382486032475216321890484224,-168393048929505700675208893634604645488787456,-507405862411013148473933873590150350503936,3934504158411080255713285054281140928512,42600064887972719028904548108370706432,62301095303652704715809882925694976,-846483345201847264507271118323712,-4894348572199477263746994274304,-657423069321076941013385216,85561735951271824065560576,177526745192971240472576,-184645332922376650752,-3185918504364670976,2369172679950336,482646949888,-419430400,-1703936,0,1 # liftF r=10
518577076445927237438074891899382584573952,135421789748942097410060891545332139163648,-6130088627785627233028099898545237131264,-949780640720289295930187517718551330816,-42005053623130667455671948874040213504,-303072896365699998788575958625419264,99951294246152094462608726084812800,6062360538797718879557729652834304,164336482262252753716572678258688,2266360200300052593600878346240,-2965872824833314937171345408,-352722554616641771272142848,6270615548034143162990592,-868464064078961138728960,-39114467577054441242624,164794450927345991680,15115329944420352000,-6767081752100864,-1465962532438016,288299679744,3948937216,42205184,-139264,0,1 # liftF r=12
-55406678400399623323648,24735752848417132380160,830831922964470956032,-3812181319188859584512,860832185139513524224,60441666557090725888,-75045250873314770944,12053378455509663744,740879076494934016,-718990247043530752,84319910351601664,3370132525023232,-3589291838013440,304548279222272,5835654692864,-9033934176256,447560351744,-440008704,-9573269504,4554752,13312,85504,-256,0,1 # liftF r=8
53032048412189143289938907839943045651235168254427136,-5042546024200947793532263594079355488567881256402944,-709139434102497814582857850208737254472858722107392,5903297163738636843665344591107565719332593860608,1844378601805606735387885955296608606653679403008,44787709241793996015324841372464543302143705088,445769464679646769684614423286900585054339072,3618469976184553622587390534886968606588928,16079343950308039620376756586942587469824,-166615086550874388828484074079810224128,-1561653951725312133069680212216643584,-11145560410978535653562583915429888,-86227639910295345257391358738432,251917473448570945711741337600,1945720063596537677648756736,3986175373631970718253056,136276690938816033193984,10101573964192022528,-2896975644678160384,-162590281957376,13958643712,-855638016,-262144,0,1 # liftF r=14
36872096364291785636420453076937748200580383244288,-342948961105595576373474411619440238776545181696,-32556581469939970153920277460708265394085822464,678998392839291914620773335084615029349154816,-3682245172347817574367926406808041794043904,-271846004329392928642085880711983510061056,5189234701462506713936570469009938448384,-33436665228846779079291557850411696128,-831794749913691743400032905149284352,17629591993205889756837945911803904,-126833398181554115907658111254528,-942253104306206776259852107776,27231359860049287969784201216,-175153458293350679034462208,-408903211274396596436992,21120116841313697005568,-80962054926169538560,-35993612646875136,7653563001995264,5957119639552,872415232,-186646528,-65536,0,1 # liftF r=10
52476829935865564378032027686027543063822336,2487078626073282542314126276278744325816320,39527196119909153087863323499253005811712,-2894219126450870835848985448454364856320,-118692262324455803542792543812607541248,-1318025133605398895568079945702834176,-5086059629728444685444272011345920,-1415513427455891459487943008190464,-40924782234701921224580229234688,3142954125491349630124088623104,147536435158857444672894140416,1829952614328049779741818880,-76727048917725906882002944,-2371432857725965552320512,-15381221494452027129856,743281189744388603904,11521554198801940480,7704277975826432,-2339457948712960,-1613162872832,1885339648,-34340864,-106496,0,1 # liftF r=8
249145858330915270356118517496814215096258235615531761664,7365301076650309150564411574763931435867427083393171456,87713159708072917991979229747671346121769624998510592,630606869269477857516230704525804051165595555594240,2868058855443780764279697926675434110792222375936,1626065151791590438982958778082869212826566656,-182168782734008790102609776129254420444610560,-2990663963030374737801034552004784410329088,-20693961112734304273013108702906622672896,-96420181931426810298335206838068314112,-162146455925793050974844803702849536,1840742562015003345958503773634560,29254916801436372861632223641600,280616465711857531347384926208,712828234081345053483073536,3200805244693786558201856,-18744882369041478451200,-50075524256732545024,-1273647881336651776,-2581928179924992,117574729728,2013265920,-1179648,0,1 # liftF r=8
-2283213494550617561952296108032,315268225239209241083039973376,12636764865164644428007079936,-12625489145275636874905387008,1175376279410690578028953600,42488405224640788553531392,-24926434010268802306015232,1818573003096995034824704,46899174071988687732736,-24364325365286680133632,1437443843764581826560,22038164665421266944,-12826767203546169344,570858053365137408,3859045295325184,-3641330181865472,90707578585088,-124654714880,-465082253312,815529984,212992,-557056,-1024,0,1 # liftF r=8
-6841663793996625467031794690818048,3160399023293611572803719187660800,-519531015933295315479213515997184,44449987635128380753298029805568,-3344619159364838985087452184576,234445057472340025035521523712,-12421806063278351445598928896,28141319741183164210479104,27145224384240463594389504,-2567782163374351157559296,341938323723896236277760,-19503986604232912404480,795432803060594769920,-11620061094801833984,1418507438784512000,140840705009385472,-9293276288909312,39382702620672,-29135749513216,131722117120,28704768,-4947968,-18432,0,1 # liftF r=8
-23452871693422556204123860101190461542418833045985427456,-597601808122647546916084362437149082534477279109578752,7952695506142243755250822336071059374681483326259200,221468098446487258091766396701277516610130849824768,174719369647612891494200622754239709786385940480,-22567640909071924332214727658742964857880969216,-265037098887002991070899417219267516172337152,-573311985317983634973886830783635979763712,19440206072455175045530533455175677378560,189897589053459799734859906987048566784,579269104319442334938787612662431744,-4951502665613349740499317878161408,-62073050577824574503893623373824,-202071950748585266552137318400,509976620626438008506155008,8395279248641880326406144,23343706106933096218624,-13425230489191448576,-583620772023500800,362701398212608,13958643712,-1258291200,-262144,0,1 # liftF r=12
-970980745693566589377677883342848,-562618989054419627336153977323520,-111405937955409227078996886290432,-4345556394153961446231832002560,1669347031403590117836785188864,274170926588854684073792110592,8846744420379990123626889216,-1936963910693581817364086784,-230209978437704176371761152,-3188831001946939845509120,1081065239486661010653184,78091057451516934750208,-287203414699182915584,-280268082379264884736,-9757912808837611520,243425002441932800,27382205365878784,172024177623040,-21777631674368,-151825416192,117833728,4521984,-26624,0,1 # liftF r=10
125177875384683279844865046178049864131908121061887049728,4564622200654415893879124371538844673663969325440040960,-80067271074945518196600220796737028019585522417532928,-843679294667348299260787441690386275877762428305408,21345568914089468257723604929727634154418448891904,-520069504691667248776273406367555196678540623872,5071358463636924572984832213491200987039268864,-46439344494670269698681171343627455809191936,202122263654742268658579302732331978063872,-630513121778609572013109744711239729152,-6427378028804043189071895113316171776,54727249397540662514428451414343680,-406106544208282098984243125288960,692898251363763940741194186752,1669321133945798060702433280,-51927639907724608927694848,123623665656132039344128,-5573204538870988800,-2565556451787407360,-19241453486080,13958643712,2248146944,-262144,0,1 # liftF r=8
-49386333806556857070698140150483910656,5906189902001370326057870667485806592,-229741265087758998812826018810691584,-26269006161706933964270074234667008,2848180586557168137062676122566656,-82951898317250821332646586482688,-6340451548442095040944026943488,535823115820003634364328968192,-10943660582739364096023461888,-824285200380327111472185344,49256816753970307542286336,-639190959167502899216384,-58805797311124013580288,2227257728990869192704,-14813214385677271040,-2157999377208049664,40529254877757440,-51333449121792,-31688335818752,45164265472,117833728,4128768,-26624,0,1 # liftF r=8
12669016540253745975639987432575020763436939357454336,-2044266540216909729103475801719019555716117561344,-273791698084184332217187915714267346545059823616,117897365651357208992511587743785372438361014272,386119278454128844380466589170071585693892608,-2867530242257653729317343418950199233478656,238724002573355029168480175880378953760768,2840457836318083585850217996107791728640,-8779572977796840782004647967093424128,-351610514891455959909804183270719488,6135100725265934437549761076658176,-9824275831270213064105591308288,-1179184252794045146735535194112,5129870112001053355887558656,-3616086417731668232110080,-893043197635674509410304,1472736610107726495744,24928127624937472,-199780300694224896,16552803958784,33722204160,-94371840,-360448,0,1 # liftF r=8
-7503301234389263906593998671112568832,1057989244988375849173216988909010944,-58458238273687894912149598496620544,7976946736740642675516736261849088,-739033237237303824957110688415744,30225840526028037142699275452416,-2726292317772974348294116343808,188025291862921011649667137536,-5462370247029900826353074176,428784488306506758864502784,-22190590226966331932016640,413822740845352894595072,-34748455451574904291328,1239856106695095746560,-11238283169847312384,1452279075870605312,-26768652107776000,166429982720,-25820907175936,3275751424,43646976,-425984,-14336,0,1 # liftF r=8
3557192215066763424347349008165738153949584687104,271306249134169177846851277438366331850664706048,7357708519781356836728859503497582568194179072,-110769992138979842145835689865967057323950080,-10425710892816769532872010235211726433812480,-190784862694944038392372449875494581567488,2800855138563341466553471461334576005120,141143480762056049025122387400614477824,1277753914161332789789222718624759808,-34351796220536302909019781951651840,-658640601256927815555443155009536,-177833592528221758913865842688,137488863187085136457396912128,246962796049534631888814080,-10539919620159940327374848,-46976939626710586884096,2270947148975990374400,57561632737329152,-193728588694945792,-6000069312512,1409286144,155189248,-65536,0,1 # liftF r=8
-252582842501393608130799759044216443547922699058197561344,-11667899417757491445656306514754070024635402198798303232,-143387575962850172344792659657732011932135128018452480,193406490943801013196570322470128994469756536881152,23923994837684756123466934842987359111900521562112,194992404888768866742050584225164477970048352256,-404125091854072276325001611462924821256470528,-18237548765656331290771536490568096612876288,-88176616896120522926269332315805082189824,336098998245727684528412943170519695360,6386271447421467308683535957211742208,15707168909458797734961323022745600,-113679743665379763132984648007680,-1028522504141089069652825341952,-760259683035287770009436160,16902235085905998278295552,59660841588439832854528,-39318676546758115328,-925049918773526528,395136991232000,482646949888,855638016,-1703936,0,1 # liftF r=10
-1650010664282226236244245906194432,-725757203311525610722910365810688,86811241596159389803705716965376,28515107392568282850395731001344,3926387811454892849915662172160,94005429491391894353403183104,-11613266085913825140335968256,-2510057172972861479297482752,-118319029425958009043943424,-5676848291025066295033856,444568729933018350747648,28164354644470847766528,2684405179316319551488,5432924447352815616,1685908666659635200,-216582762511990784,-10198758474121216,24924768960512,-36165067472896,83747667968,28704768,458752,-18432,0,1 # liftF r=8
-4231264153222973326148981545209141427197136006111683411968,-819934627846470854216230023062020591830306843878884376576,-26352734657275826370843300441153424279756196792680579072,-159720946485937138654618648806209867638975163919237120,2159997691467135406533655708417561838444086959276032,21502119437595830036625181668182442194112551583744,4997130427203603381011572848745791633852727296,-862411372854195259527897261736503660727238656,-4927274844306061904411555904984498885885952,10196554463231310834325386070457722077184,152512966739418825518070433137549115392,363290162249463465746127046148358144,-1744666180637163336579083707351040,-12502131599871172065607941095424,910592678242580773153538048,111915271043807353371623424,328274258339266075557888,-659293208449835335680,-2725548587768348672,3965938441388032,1010927927296,-1409286144,-2228224,0,1 # liftF r=14
368824189979962944028782895921364992,57761975223926100852484961309032448,-2495697641689660559928971078139904,-59356942431786551761531161280512,70758927206176291533744341254144,-1987318624920766157453680181248,-258623510112685089789434658816,29906658686789814511841837056,-537875881038964451373481984,-106998771026305988836720640,5596085419051416285085696,-58415425154686050631680,-17452753051840237535232,472872964693065465856,-2162062072672681984,-1261487557611356160,14736159494111232,4694399254528,-33715895926784,-411041792,131727360,0,-22528,0,1 # liftF r=8
3501059325262199220421127497838175731812218837214953472,865956527387389284419242605759973926400866074937524224,2609696715654378935237216845990951765963397312544768,-146586143301721565502785506563858577433035171430400,-1896208234127855788136461009903127977306104004608,11848566681972628477609718862849542223401320448,221197979231556208577236721790552223109873664,443784698654724615280838899891087662383104,-14514543717681274226953608390297671172096,-102544536640887846789527775152885989376,427981977260504411131864316968435712,5494997956940888813348830184472576,12783428237472290277694745083904,-191327622526760249761936179200,-827751744808460739403579392,1328350040747824811868160,23916672065925680201728,39613662322350882816,-275537613920665600,-705336709218304,482646949888,2415919104,-1703936,0,1 # liftF r=10
1448058361690470650388282632099257454166016,244269009561341698370402934559994806272000,-11088975192083077779893084476809840427008,201769491866765231984108951582292312064,-29146837196296608068319423021832994816,-13939759439490981745727293569892352,-6525622034757205381681010423365632,42321224009291929449174816260096,34201133504789914805062428786688,317941823718868029373467852800,36682517605388522549489434624,604071322324117880991383552,15011364266766951365214208,512170390442031880077312,1571693219557519917056,164430925994924179456,1413239128820023296,-4935157941272576,472635381121024,-1184068796416,698351616,44040192,-57344,0,1 # liftF r=8
4385668404677178062438818942422065495582047598889867935744,48131971394472258576501787197962914326777121872229171200,135929658705347532877668789085546131238402905933348864,6154463922791344082635880916046950329004530033754112,83870545597632432745035771425484490280228100243456,347797315158520849070931403854115510069953036288,318034929081950798588005823437465332888895488,13660859594958364374061757906837992086962176,130974633246723083384392997864354028191744,-707875992211264480084444962135469981696,-11369683730856412096734679222634676224,-29234553190703269315795869725884416,142834653287314335410768477945856,209091729635905062683715567616,-3203825788355392055021666304,9284246292298017328332800,177352221700211379011584,215600824961107755008,-2146923996581462016,-2974178953134080,482646949888,1358954496,-1703936,0,1 # liftF r=8
1414887922432219442831135063595066467946384407389171351552,-102008435626791580305474263083837736788057202325826043904,-2662598227992593191436434162996128960789458914792964096,-5512340881799109415737491741997995846012161673396224,274645046579903007676603454645908144996547077079040,2957248521669450374365642404844387966589566189568,1622479128603089994103057937704275452501164032,-182075728134321873389553335760288904502050816,-1313658882945486921531576383193029439127552,879356626001958868130929742326282584064,52896864768966042773777408405828272128,258047519229443182880362182658228224,-443519771175102556909945808224256,-7729013957746922363671835312128,-16497740784815798817516421120,64044734240678128388145152,491467559127791823749120,-355815895759660777472,-3198875149386383360,2025987613130752,1010927927296,184549376,-2228224,0,1 # liftF r=12
6133065931918323638590797883598268091646430506400088064,-413246895463499454636682904874692605222813206189178880,8394995284368742604511141983145549568961087356796928,-37752284824981734528234712927936504390990572814336,-427137671609200017382390966430768402235444428800,-2413356047194550505590360804821305417579626496,82937669952902274738874270127190282986323968,613323409526104333893132553056899701932032,-9518864862362799549939583498200234852352,-57145932447203825239516467865365512192,200591921785839820792112005603393536,6841923761404875396889523506905088,8555016755238986398491941535744,-305329176200692329108081737728,-1226182527334655575728324608,3581195554237751222075392,65419972734327185211392,-20160363731924025344,-906630899985022976,187054415675392,482646949888,1157627904,-1703936,0,1 # liftF r=10
-141687765961470428315648,30007195101631044648960,3113636873837467402240,-5613924564977579982848,826062272859260059648,76536444208313008128,-82349890457305088000,9529612653987627008,646472637312139264,-605592446025334784,56071426725117952,2377994542776320,-2391889349181440,164544273973248,3648128024576,-4966423986176,182814834688,897449984,-4464558080,-23986176,13312,74752,-256,0,1 # liftF r=8
-237057269909524251035511271733850092939220353024,5242852928802990444427059391559928270458716160,-5936566173302692433582033401254628217061376,-15170404679125480902162267365784196946591744,100092280387349686702771631934111494438912,1683228411006103350961759239013912281088,-98482213386191661023656228087312416768,-1534845993744335594744178307005153280,18173657974891539389994186714382336,845987177866961028401388209569792,-7188717808130203256339214368768,-62788886987689706418595692544,75320564810150123747147776,37330897342894904119918592,-61729723199659800788992,-5634795767374907703296,-19622324313941606400,186635501745209344,6155615848103936,-31065498451968,33722204160,169869312,-360448,0,1 # liftF r=8
109980282832869071045439967923625076457472,15836609264468394963570584414047877201920,794373390609887180009602031279629402112,17513779563114802804396755696469671936,11790735145372818720671210689003520,-10623803346740847858340300230492160,-393501214922555435876566094053376,-15769286419492564457067745640448,-388646001394757068484805394432,-2865267529282260015538765824,117639461750576090624032768,4558227354101777623416832,78862713218869850275840,3235313914708926398464,33064302564247339008,-112941834405150720,-17780752288579584,-248214749970432,-2682207076352,-244410482688,459276288,2883584,-73728,0,1 # liftF r=10
-117002995466452912434851818580203889610621433000157645897728,208785496429533591923213652784746604256935537493137162240,3635622815339850144970847890302334959058600496166076416,-124861256531494301546300433099698076887481361534812160,231402681806612226966431904240778238071583205752832,2390778780377883121750891625221667422862579859456,-54804807243382064428580537882145108702726717440,112461995697830368828604149756753234102321152,551606447626008875586787612676473854361600,-12218890909924710820684643795001193529344,25983719201114791343412084194498576384,48183042787943685361370517888565248,-1425166990267710980958973753032704,2690756367137794161254286229504,1245471033233936641603665920,-84486585919679736559173632,104363535460922357186560,-6651816649626222592,-2098114476401229824,64458869178368,13958643712,1291845632,-262144,0,1 # liftF r=8
3209787894948699592434805925417151391126870105130008576,-242052074297697477684246527388429898361640977852006400,6557021386894325118681307768837725969705795823075328,-68322480854305490689998998571856968068811116773376,-78152787323678705279018631438697177832384102400,8788981752887991419809917194552995522518450176,-128221373326520171244554856608105290048471040,1421578769248064473005544863407442076106752,-9220397684636410345502398893487778955264,12828968875272943621543843541676982272,262791892243563381364025928869478400,-3616131793476052896444532981235712,26815942810286807711279405334528,-75684498705518955825186471936,-263904728528687253122187264,4298644771496536813076480,-25336675042834107072512,19849615357635461120,471470585990348800,-580267261558784,13958643712,2566914048,-262144,0,1 # liftF r=12
451323227762506799101623113089024,80773111683292492176618057367552,-509412326165933983120989618176,247355894099710046178281259008,28683578459086499113666084864,-3932484575478936876672352256,-14776284724899119873654784,-2048326461944708611440640,-1346906312364472013946880,11121080833437645930496,-233250431900772728832,-53142475602971852800,8021051673835208704,160370367980896256,18544363114070016,986261930115072,17392470065152,1857573355520,32010928128,234881024,43646976,-65536,-14336,0,1 # liftF r=12
894906952520979103087673425058704109004136644608,-30844195529002077571156710592459749811986366464,-9193068424736073528926528394376650000695296,32679293586675448601206744416578398498848768,-583768440423575412245326685511272577892352,-3789275939796414785370013855108875419648,361888568834601271112552047914719903744,-3678722041862321723143432702001152000,-33284993964041890744843812256874496,1807632617724276565126051797139456,-12997316229181788929800460566528,-113978432967631949563179302912,4632078377492039749444042752,-32783258419891435779129344,-203345377453528028545024,5880728335826355748864,-52129587899278557184,-150905771889000448,3088665601376256,-34561601830912,7348420608,150994944,-294912,0,1 # liftF r=10
-745190718088639882838619368871072770755669237170176,48242068931365896704795840055535471501018411302912,-831623497395939322684152412375937203978473832448,-7217626200470496636725863362190096671910658048,562412403398518296883965982484115191475732480,-6553044515861385982369158397430095975284736,-52670662334773912804260577507801844154368,2462332488711423024754831335384821006336,-17399585373194829858192434715917549568,-195385113794164489935999141740019712,5017226401367026901433889018871808,-18651299989228126315934541414400,-353314271859311820687064170496,4782036682433707564175720448,-5863618116006861684604928,-304028535270166197436416,1669753049731513188352,1326011023097856000,-100225570113060864,-65949222830080,30165434368,-102760448,-425984,0,1 # liftF r=10
26557903996561205793014481311236096,8573304224469329678602888848343040,1106286199304914457371342899511296,62047759849678236461558770171904,-1035405674410792412687661793280,-389471999961008763868423389184,-39339480368519781797240766464,-3077525506475233035075715072,-156742296836037808536682496,2876033021453560799297536,860188753806863380774912,41281228170775865851904,1510517025906760876032,81166722418610274304,2235107028152352768,-355757982283202560,-13583673739706368,-39839042895872,-41950891737088,-134326779904,28704768,3899392,-18432,0,1 # liftF r=8
-34238999,2570676,5800992,140697664,-34023406,-21615504,-178566986,84281808,21944643,51287536,-66155102,-1602776,31031453,10083620,-5978574,-10666068,4806427,1653364,-2116322,-502452,11578,4664,-212,0,1 # liftF r=8
6552032681,0,0,4524379760,0,0,-8862529348,0,0,-4089876000,0,0,3321280894,0,0,556169840,0,0,-54433172,0,0,-2560,0,0,1 # liftF r=8
3981916,-2271736,-83601628,-129181416,275265242,624212736,133835530,-1313197040,-775196983,552159440,1092028234,298353664,-465040238,-306660500,-33996078,112053664,26041391,-105952,-7398504,34988,182,-2528,-24,0,1 # liftF r=10
-1680947839,0,0,3743146764,0,0,-11450530,0,0,-2798200964,0,0,168987259,0,0,414359276,0,0,-53252070,0,0,-2576,0,0,1 # liftF r=8
-257904,1366848,17442720,30991488,37429640,3435568,-3659784,-61022320,-35106279,-47060688,20584132,-20089496,34175312,9365032,-4366028,19405936,-2173354,-14096,1702284,-237384,5336,2600,-188,0,1 # liftF r=8
1178453201,1046886608,88424156,2865229440,1969791982,24993240,2848680700,1407823944,-38207675,1471475808,485488924,-11405144,406076834,88858520,484432,56405328,8925402,232888,3065896,435112,5336,-3784,-188,0,1 # liftF r=8
2699682556,2615997544,-9136177940,-14095504384,2774938322,24209601120,20643655890,-9727609104,-26953408535,-11282820384,8528142534,12334798528,2143584978,-4007944416,-1770611250,114303272,598271690,-5654304,-43005190,354848,16904,4240,-284,0,1 # liftF r=12
485263241,206364772,-140560824,-829530648,809432725,345784952,-1461586624,-1123269204,834700059,1345817336,-1744121644,-88638604,1505630176,35595580,-232531548,4936184,175396307,-86968,-49154546,29112,182,-2112,-24,0,1 # liftF r=8
4352059900,-3707033000,-26727691500,-19764939000,25874408670,47566972200,15628493630,-27726837680,-30809721159,-3509909800,12894949458,7883028720,-286155314,-2900784440,-606039286,196675520,218508034,-5024560,-16068978,329600,16904,1720,-284,0,1 # liftF r=10
-6812644,-255474488,518917100,-305248400,-1635808498,2592032224,-893684554,-3982508736,4147788393,-328601008,-4165388894,1943220576,694277518,-1308398384,-279586518,197349704,252293682,-9265264,-37894194,1372064,10440,-4288,-236,0,1 # liftF r=10
198500801,-168307564,-57579240,-532016020,285313490,150343668,628917536,-138592464,-104652987,-373239400,8623108,28446764,116388406,10419428,-2697308,-18363380,-2715366,-22360,1172952,196500,5336,-2152,-188,0,1 # liftF r=8
-680695664,113019104,291331872,-2253904176,-26396428,589523816,-2857802092,-278784536,373649377,-1859401888,-217012816,96435128,-642528132,-57193552,9609224,-108693320,-4691834,38816,-6819120,-168616,5336,-1656,-188,0,1 # liftF r=8
-9061924,55859872,702242448,250160480,2877258068,1127083440,2872142720,2491889240,-90394235,1700193780,91496174,-305164832,126616732,-241915640,-42506218,-72006488,-29893221,1274476,-8456450,304796,6402,-3816,-164,0,1 # liftF r=8
-5514599,-1332188,1295446,20471648,-5598489,-5444484,16829386,18537412,-5683801,-61821856,25215494,13574204,-56674848,-10061380,10685106,-344152,-11762161,-1396096,3509840,434468,11578,-4036,-212,0,1 # liftF r=8
-76955569039,30131696288,27888266426,158531048668,-26573575578,-44504694480,-138586760884,-3005256884,20878223699,59543263416,7905543714,-3118222696,-12410529689,-1994547428,95344114,1197823588,147261343,206368,-40762796,-46956,134,-2624,-24,0,1 # liftF r=8
357001361,-616007524,267109854,-1114749968,2502622767,-1704852900,-288877124,-201820580,1407085111,943475212,-3134170654,1511823192,1009348431,-950104272,-44675018,77041528,83334170,-7007756,-13016942,1039608,10440,-4100,-236,0,1 # liftF r=8
-4647844,13680432,-8674272,-57694944,123712356,-16514824,-114731104,46704464,82446349,107519548,-364939222,-31506848,161473568,165063040,-19222014,-101886776,22949763,1748532,-8725446,-508356,11578,4712,-212,0,1 # liftF r=8
-2197065319,7941685896,-7967367070,-6010577244,20539852946,-15423067348,-5346586380,18059273200,-10980950623,-2498345280,6973264186,-3098916716,-798763086,1298414812,-277108042,-125163156,89185214,-640340,-6416334,36860,16904,2404,-284,0,1 # liftF r=10
-1421284919,-911987056,663580214,-4557257704,-2337176029,1476780652,-6445405908,-2187683596,1195705615,-4835317320,-946961574,414045568,-1979912613,-194199836,51532614,-418979180,-16961894,-94324,-36179574,-539496,5336,-1908,-188,0,1 # liftF r=8
1242794881,0,0,-6808666124,0,0,10684317170,0,0,-2917564756,0,0,-2271892051,0,0,1014240224,0,0,-50948160,0,0,-4704,0,0,1 # liftF r=8
-1756199,4595076,128465252,-354905464,-121740553,1046342264,-136076008,-922455616,13115187,490299412,39011824,-993240000,230228199,834540412,-402446148,-94130580,306369626,-7690856,-44453984,1139320,10440,-2128,-236,0,1 # liftF r=12
-4360574639,2822578544,1214674330,10564878356,-5031055622,-2054733292,-10900006268,3272725216,1062563089,5675971600,-1076622846,-200017796,-1541040166,204202660,8999214,201539212,-22181138,141308,-8906102,865652,5336,-4500,-188,0,1 # liftF r=8
54598842281,26774217616,-24056387420,-137366352104,-4299200378,55454535544,108997651028,-39446068624,-32930911771,-32312320576,26784343468,6806423432,1863081770,-5694918376,-357460984,547977544,325979898,-3529480,-48505416,478712,10440,3832,-236,0,1 # liftF r=8
-95309913599,-49093497344,27188286924,184355061576,81041711158,-26800960248,-136134598252,-53019078184,8596084707,49042123968,16049719000,-1162197744,-9230865583,-2260146728,76445280,866914808,117631563,129368,-32682868,-18216,134,-4336,-24,0,1 # liftF r=8
68766601,150901280,53524172,405734832,1154202851,771138808,242661992,1300462912,1931850851,-675132032,-3173381520,-1427795912,855318667,745492536,-266680628,-18065464,233607650,8907584,-34250080,-1324888,10440,4224,-236,0,1 # liftF r=10
9317814761,15550642816,8142589062,-3877911224,3754314522,8630322864,-8947814848,-15159832116,-1734366583,4248815352,-5137749366,-3148886740,4123622874,1772512472,-389386318,173596720,324583526,3034144,-47211254,-422660,10440,-4248,-236,0,1 # liftF r=8
-186722026399,139875747112,-41980605182,-316443373420,202851212598,-49021520520,-219899477300,114183858940,-20741957885,-79098097400,30764337034,-3709691152,-15215880513,3874841060,-229239118,-1436100588,173709759,111616,-48883300,-36444,182,2624,-24,0,1 # liftF r=8
1932321961,5631760260,3774558922,11423907720,17224572191,-1998557740,16860390254,-55749700,-8383520169,1263316620,-8745871574,-3450358000,-3344907384,-2867869640,-289613098,-932263160,-183790801,-17940,-47344140,-40100,6402,480,-164,0,1 # liftF r=8
842561,9770280,40589820,58521428,-65662710,-303763460,-201843074,420319680,654434275,-151337036,-776559250,-135382460,526978589,162035500,-263505930,-46387628,72811955,5984880,-7284146,-600180,18210,4436,-260,0,1 # liftF r=10
722862001,0,0,2219263256,0,0,2705038584,0,0,1655201512,0,0,526456299,0,0,79918024,0,0,4188676,0,0,4288,0,0,1 # liftF r=8
-46486879,366171988,333842046,53446512,-984818611,-466708428,143682114,914916688,155634903,-176512880,-364172696,14424036,69766125,59299380,-12441188,-11361680,-1954978,1138864,639100,-195276,10440,1696,-236,0,1 # liftF r=12
-599,-72260,-1211048,9644748,-19439077,8352892,-1944656,10778060,26013793,-28456952,-8717732,-11784108,4595881,19660080,-1332572,-3280444,-3037057,-83652,818232,31584,134,-1948,-24,0,1 # liftF r=14
-30187975,-205940400,-290716700,-209592800,-794413290,-241422280,-511498900,-601024200,-101066059,-339014560,-149357036,-36075400,-51849366,-5382920,-5704472,14886800,2583514,134680,3756016,359160,5336,-3880,-188,0,1 # liftF r=8
-648014564,-5758594880,-8297256328,391476528,15046780548,15213615232,-483108856,-14156828320,-10444119567,871653188,6312526528,3153270792,-562105964,-1393705300,-336031412,135714976,127422758,-6007212,-9638408,416824,16904,172,-284,0,1 # liftF r=10
-4337907559,16072522756,-9866938576,-7725238688,27766422437,-13166524900,-7000814174,18888889180,-6531058829,-3639674348,6291725946,-1460371368,-1041255699,1025488808,-139025638,-149228372,67552670,-3984196,-8268362,616688,10440,-1860,-236,0,1 # liftF r=10
541117961,932058864,132502922,1352738684,1544434767,-236054804,1471316948,599229424,-103063553,531039912,44910734,7348188,9001903,602948,4346594,-27048740,4176306,248056,-3435690,676004,5336,-3856,-188,0,1 # liftF r=8
-2228094839,15048533084,-32004464246,11184116220,41897516151,-49915617588,4617208344,32841509020,-26838638457,-1505463848,11982167082,-5812444432,-997899789,2112563444,-429747906,-174920336,135938670,-1501184,-9692850,96128,16904,2552,-284,0,1 # liftF r=14
-208158599,554662416,-462836626,-861590908,2252262307,-1467451740,-1585441504,3432440260,-1524494249,-1585667308,2345679966,-503816368,-792060729,648920088,19783682,-144778092,39921190,7173624,-8302902,-1054472,10440,4680,-236,0,1 # liftF r=10
6111011281,-7015188556,-2121683940,-15737660040,11757633575,5655655112,18199069136,-3027483896,-1926380757,-6847008140,-1450282152,-341413984,-339687769,548060972,89057172,566882500,-8982206,-262720,-55148648,-714360,5336,-1768,-188,0,1 # liftF r=8
-85568279,1307072776,-5854491276,8788510136,-13371109237,10503597872,-5412765232,-5962274104,7739830817,-9291479872,2479636100,1306428936,-4321016703,1078547992,79744300,-658539912,109182663,440168,-31287908,-143296,134,4744,-24,0,1 # liftF r=8
181512841,-1944009784,7388398074,-11776460304,8692172623,-11086218908,17218860568,-2251158284,-5734770433,-6080401632,-2116929430,8885919936,1670794127,-2004560588,-1723555810,12756108,581742098,-9359612,-41748998,647944,16904,1924,-284,0,1 # liftF r=14
4201,-121508,819330,-1389412,3718734,-7077564,6509418,-13896268,9929487,-6540488,13626536,6427352,5345791,5228480,-3067588,1683044,-1853225,-16816,-463342,2224,6402,-24,-164,0,1 # liftF r=8
-207366479,-596469312,202784520,1845455704,2931918637,572076748,-3578592722,-5372057044,-2613820717,774751256,1757996278,409874984,-344246139,-12958340,207387470,-40137784,-64150786,9323540,4540138,-717080,16904,4428,-284,0,1 # liftF r=10
-162440975,-94734000,-10934200,247579400,57976055,-23319020,247915700,217220720,35049261,-309397120,-73354692,26342440,-114496967,-109144840,-13614564,68869020,16483995,-1019820,-5986984,281020,11578,-2600,-212,0,1 # liftF r=8
2618555561,-14064014072,14979748860,12581349408,-42867137169,32853749984,10123577276,-37445797448,22530491259,2153457496,-7393181324,624066160,1331798507,952897544,-1820989652,-109336424,597678078,-21034312,-42488056,1550624,16904,-3880,-284,0,1 # liftF r=10
5774541056,-727857152,-3330459520,-13697982336,-909406608,4781992608,13432291528,2811650296,-1842643567,-5954129464,-1478262112,253093824,1301825926,284375760,-10402440,-133760224,-19562421,-134480,5241328,57400,134,-4712,-24,0,1 # liftF r=8
-141231919,-3394205592,-3680121962,-49061180,10437557883,7900494260,-889999672,-12178167692,-5735792425,1802279324,6502980894,1506498640,-1082588641,-1480382864,-62957550,234316892,88353462,-3887752,-14249654,550120,10440,-456,-236,0,1 # liftF r=10
-273602639,632954080,943610418,-364290396,-3356880525,-4838604356,755462568,9378747476,9646263607,3091408860,-3575005150,-3315248720,1209391519,910144744,-1532740530,-143618716,506604230,-3866024,-36297098,228888,16904,4664,-284,0,1 # liftF r=10
-8422920964,13070852168,5323155620,-36389906696,25297523822,14854404008,-43605740962,21572796796,10369672833,-26470115124,8713200568,2287348484,-8387176584,1812236280,119396280,-1181058004,180811359,-178860,-50297482,30260,134,4728,-24,0,1 # liftF r=8
51521,-192880,-6473322,4653904,203516770,347105304,410290698,349720436,-157566113,-438590560,-368140580,-267144700,42415499,183961124,32253300,9203904,47304295,111856,-13243358,-23912,134,-1736,-24,0,1 # liftF r=12
51910961,32556952,-115307910,14411432,45476946,-167952664,-15204574,-22482332,-108126841,7334544,-58979784,-31657700,17271807,-30229884,-3964112,7875584,-5132457,-70168,1471514,30456,134,-2520,-24,0,1 # liftF r=10
10160226236,12936005776,5697513224,-25206882672,-29026955916,-10399526216,21278663024,19844377272,4644863217,-5995998252,-2562539408,534169536,-727555132,-1475720492,-418675180,584135208,327845526,3071332,-47086568,-440768,10440,-4052,-236,0,1 # liftF r=8
-3176879,-8927048,-6841724,-10981216,-25699717,-20422776,-11637088,-15858808,-24247965,-2803256,19007528,5277064,19888179,20267136,13445068,-5075904,-2945854,-226904,-7863816,-761976,5336,3848,-188,0,1 # liftF r=8
10047017681,-21107727496,11543180952,15005019816,-28053405841,15070780744,2326337336,-9438185592,7383474183,-4594025880,1147713888,1424078032,-2451361520,1099597088,96733080,-491149192,149919263,-451848,-41604252,144616,134,-4208,-24,0,1 # liftF r=8
-14973839,97296916,-188874070,125517884,-89960847,75058572,-154652118,-177814556,-35338521,-188400560,224416564,-420573184,-47174871,1225180,61493864,289755648,-20874698,330412,-41416032,1221888,5336,-4460,-188,0,1 # liftF r=8
-5985559,-23984356,22976394,136039344,35252423,-162766192,-293751802,-146935896,285689107,366981392,180118230,-128078296,-245413988,-91965052,15268510,64515712,20741363,-197168,-5970128,64436,134,-2184,-24,0,1 # liftF r=12
4430681,48167168,172186748,160531120,-406145997,-1012448520,-325653992,1253611568,1571428675,-100103456,-1399124976,-493838680,344657019,276398296,-282922100,-17854088,233116002,8898848,-34170624,-1324040,10440,4224,-236,0,1 # liftF r=10
62398361,294281152,-82536420,-249004644,1707658742,-3181292668,3683954688,-2826815696,891825163,379651804,-1176549732,711806116,-509517279,69659060,29143460,-166546436,43763779,-44920,-12177392,-4740,134,4092,-24,0,1 # liftF r=8
-19022127079,29930099056,-15818908180,-44516545704,62492553822,-25876754216,-43932609532,50938673336,-15568174131,-22669577616,20273039428,-4097018448,-6261885270,3947379624,-408000064,-853513416,302897698,-2831240,-43006496,416352,10440,3912,-236,0,1 # liftF r=8
94808749961,-11647097232,-2297154612,246084301704,-7554462774,-7261445896,201621058886,13255740176,-6248794421,52095041752,11110493318,-1896423272,633142853,2630515960,-187289154,-1039495064,187768083,-371952,-56419986,178056,11578,-1672,-212,0,1 # liftF r=8
-5233547479,9199614076,-6510342830,18293058552,-22860719611,12234186860,-22138654532,20909247484,-8111330883,12644837224,-8972959814,2278854204,-3769881949,1842815260,-231689178,581837252,-147519365,-31832,-38084122,19548,6402,-228,-164,0,1 # liftF r=8
79802441,261532536,315926204,-711831040,-2096018537,-1707957908,3090323640,5706950152,2401179825,-6217325688,-5310037684,-329002568,4377408381,548263680,-263456548,-267948548,198782623,90124,-55733708,-30036,182,2176,-24,0,1 # liftF r=8
-7522639,-49876328,-75552374,22408028,322818389,392843208,-29173766,-724310508,-591881257,125670760,709454264,309107044,-137102455,-298444760,-49545848,52873560,44110122,-1116144,-6676480,143636,10440,1744,-236,0,1 # liftF r=10
4057561,-73459880,76449968,288740288,823115757,190064308,33739710,-1541662116,-666232917,-1169351576,1313559510,31578296,1256432861,-371428876,75289294,-207815496,-10425578,253972,-46877894,782808,5336,252,-188,0,1 # liftF r=8
747530281,-10702251676,-59020698400,-58647913096,61901567621,105787054708,21407250810,-53334807820,-51069757733,2084646380,20075773466,8440102536,-1779217451,-3298899272,-304698862,279484716,160824294,-12355820,-12820074,892160,16904,-2364,-284,0,1 # liftF r=14
-138668839,575401868,-645104140,-648474844,2482384229,-2003848804,-1494344744,4087909856,-2162355745,-1872533688,3156043584,-946692528,-1223167468,1125148780,-144261624,-384088508,148998375,91352,-45557334,-16,11578,-8,-212,0,1 # liftF r=10
-28023479,-109944472,-19224140,282645864,222371326,-304280168,-287650028,284174296,71951053,-128866672,-141329300,125088224,143062330,-82355272,-43712504,-12740568,33205890,674000,-4915912,-120496,10440,4304,-236,0,1 # liftF r=10
394075961,-282235096,-184791176,-624851480,-564232477,420744368,-182055260,883656888,863204805,737057488,1081156436,312220408,505644341,301202160,9068092,112209008,12908123,-1365584,5537952,-381624,6402,4744,-164,0,1 # liftF r=8
526379900,818133800,218404500,1743746800,3350111370,1526011560,321628870,1578958420,1675817961,-1253662940,-2703952006,-844115860,605709770,408555860,-68160254,-16725820,72790154,4978140,-10798954,-738700,10440,2340,-236,0,1 # liftF r=10
1223784956,177445136,-6131243080,-6505395776,4842849812,13836531960,7052679640,-7632247696,-11731013615,-2697393436,4858117344,4240358752,192844228,-1531372604,-535985540,95018048,193434630,-7161036,-14180040,504432,16904,220,-284,0,1 # liftF r=12
624401,-4240768,9080320,-4225400,-2683783,-17303376,22424546,37324864,-36266157,-50006728,-15153954,99834816,37940373,-60066504,-55609818,466324,45210762,-808344,-6655874,106184,10440,2112,-236,0,1 # liftF r=10
-43026613559,38495758692,8594376810,-97752328704,61498132437,11754762712,-80516059102,39331719304,5101652083,-32614216536,12316413318,969388236,-6930880064,1899470700,85192830,-741687536,112718559,426320,-32344182,-137460,134,4312,-24,0,1 # liftF r=8
267521,-821960,934898,5189100,-11814095,8312300,19342966,-27391660,6194447,-3058740,23002194,-14520580,-9845668,6409660,3076606,422060,-4310093,815740,1226638,-251960,11578,2340,-212,0,1 # liftF r=8
1492201,4287264,4413150,948900,-2711270,-3206548,-2989684,-3002536,-1113567,859600,1662318,821396,576666,515452,-4518,-112420,-188146,2260,-55138,-51060,5336,212,-188,0,1 # liftF r=10
-8153619479,-583554192,4714074150,-18633580052,752722006,6843165904,-17999021264,2607679652,3404854659,-8725977664,1824555706,598145120,-2127201133,455563764,25148458,-247639204,39221943,-82072,-10827136,13884,134,2200,-24,0,1 # liftF r=8
-2353759,22863180,-84363782,147384364,-132114510,81204844,-9265602,-154468884,201041967,-79192220,26571100,44253240,-101832341,47319644,7889220,-27944576,8582495,279716,-2622938,-97312,134,4484,-24,0,1 # liftF r=12
103561,161704,-169340,5688,52314,-1047680,-579712,-334024,-1408813,-479344,-133764,-571904,44661,87120,3712,112408,40915,43192,21668,2152,6402,-32,-164,0,1 # liftF r=12
2505161,-5300268,73316,21085680,-22226653,-8404440,50937580,-28297264,-12691205,54046812,-20198716,-6561656,29208079,-9162180,-1175108,7646372,-2454698,-32728,762856,-276512,5336,2144,-188,0,1 # liftF r=10
-368304975,5592223800,-7198926300,418597800,17612218405,-14893358520,-1464193010,20526263360,-10234367629,-2971566320,10899973694,-2874857680,-1740976975,2675687560,-270777514,-421358540,244642434,4214960,-36811954,-592040,10440,-1720,-236,0,1 # liftF r=10
486990841,1808505364,2531736984,238766416,-2771052439,-2512905968,-986540978,-1443717056,-1164746605,1393654260,1284759106,316073328,599152717,329276684,84246234,-164736480,-19329174,-353544,-51726934,-1236976,5336,3832,-188,0,1 # liftF r=8
3679864,-3733440,-12401968,-11423280,69030844,83718432,-51644836,-294169648,-187475679,273888872,498680620,171116112,-432220848,-364404808,-58961516,279863392,99593902,3732744,-64133308,-2916400,46948,13464,-432,0,1 # liftF r=8
11748922561,0,0,11078044240,0,0,-13603386408,0,0,-10810934544,0,0,4930973394,0,0,2284695952,0,0,-656034280,0,0,-7184,0,0,1 # liftF r=8
-437668559,555487248,485642204,-894980568,-3629410774,1532869488,6609816596,-2599814032,-4024185183,177873840,6097899424,2127925304,-3168241506,-2499467184,-315043148,1138157256,295343690,-300432,-111745088,123784,296,-7136,-32,0,1 # liftF r=8
2108368609,0,0,-281289624,0,0,-7479743052,0,0,461933480,0,0,4573989766,0,0,87475992,0,0,-649368332,0,0,-7208,0,0,1 # liftF r=8
-189692,1345568,6434576,8510224,3704392,6932144,21147816,8253792,-8078404,-21309232,-34345672,-48425680,-11374120,10150560,-10520912,37509464,12971944,-1777064,13140124,-1420312,28764,7240,-400,0,1 # liftF r=8
20905791553,19226129456,2590888448,43169342368,30918503212,2396152064,37358997096,19807824912,902027624,17135665712,6403483304,224833376,4351100876,1089588000,42798568,577462976,90404152,4050880,31245376,2683712,28764,-11696,-400,0,1 # liftF r=8
-639365967,-14237615592,-35595494280,4614654240,86116243644,101670051960,-9555033516,-138378895968,-122885304920,14733004704,94746064912,65847812688,-11275916604,-32530970856,-12221673416,3981050232,5119142568,-24055848,-552093860,2456448,57692,12600,-528,0,1 # liftF r=12
511760449,419117536,-174905160,-1207440944,798893812,1072694576,-1414189072,-2810863032,1156321317,3097960000,-2178882456,-2120454744,2216378148,2508815568,-1736753848,-1149269680,1621937730,-262128,-611467560,108920,296,-6288,-32,0,1 # liftF r=8
-5770452287,-47315511912,-87599818888,2800343560,154422349564,160869890240,-14409407832,-154531331560,-114361027048,19950147488,71973040552,35478133776,-9756105740,-16983414312,-3896318832,2097351640,1671747784,-18037168,-182194472,1835816,57692,5472,-528,0,1 # liftF r=12
17028472,-138925216,271188592,-8060608,-1017142312,1560282336,-96205456,-2271267584,1791442628,709245728,-857065512,-1582667904,890959700,2577527232,-2485565048,-879217776,2055708240,-32777656,-509426580,8232880,42108,-12664,-464,0,1 # liftF r=10
647316289,-850560944,98792188,-1905187240,1908431624,65343216,2450933928,-1624338392,-241925600,-1723126416,608546904,135958080,661862490,-85074032,-26189204,-129340728,-2914360,1254592,10103936,1243704,28764,-6336,-400,0,1 # liftF r=8
-5876701832,973588192,2363401936,-20157709984,-396442680,5303208544,-26792466944,-3540688416,3771416212,-18374721536,-3296773080,975342352,-6963967916,-1180476400,64337168,-1348879056,-146966544,-1047960,-101950788,-1118808,28764,-5384,-400,0,1 # liftF r=8
-86513039,-208148992,1597139124,-1128775728,5500726620,-1697769832,1999449896,-2339233624,-7968471119,-2866818216,-8310166292,-4568647760,-3530674056,-3611598800,-664630820,-1113598352,-432597650,8879832,-114902820,2134416,33124,-11736,-368,0,1 # liftF r=8
380356,-347632,-631000,-860624,7140304,-4442600,-13682164,12089344,9224089,-9573776,-40696940,32504008,53980244,-87628200,16175724,85383952,-39551298,-3446352,33907676,2637736,46948,-12176,-432,0,1 # liftF r=8
-376170886703,154501040128,164532250644,822415206200,-157329791814,-293612153760,-793165921372,-9498172512,164396954913,392146370960,57854048056,-28949479240,-94592421858,-16912334304,1314278940,11153366200,1428198362,684656,-536438600,-233112,232,-7264,-32,0,1 # liftF r=8
989400196,-1769443552,835192240,-2571497856,6348426336,-4740693216,-1762787488,1717274992,2168065228,704555792,-5203845872,2401130704,2018910300,-965753408,-709104504,-49413664,623278280,-23841392,-154921944,5988104,42108,-12264,-464,0,1 # liftF r=8
36231172,-9722992,-15230600,353010592,235481280,-42192008,-623648092,177551496,145621273,-406612856,-604660612,11247552,867783428,53094080,-83404508,-113591240,163993886,3998280,-122999596,-2931408,46948,13528,-432,0,1 # liftF r=8
-9775913711,37180111096,-38300861660,-30391403056,103009977240,-75540909792,-34149159208,100024303696,-57536778000,-20543076520,45027720136,-19121299280,-7139972902,10023646856,-2288962812,-1315826144,931234472,-6141824,-99274832,687344,57692,6824,-528,0,1 # liftF r=12
-33049804604,-42184531744,-6733435360,-96311961296,-96970144744,-5396803184,-121461840408,-87756842000,1420201708,-83273344096,-38329724808,1773129408,-31663318344,-8123944608,306796584,-6231510136,-687168520,-4204216,-495485884,-3536128,28764,-5872,-400,0,1 # liftF r=8
205200241,0,0,577367432,0,0,-10684486484,0,0,27002903160,0,0,-21302147534,0,0,6419815336,0,0,-625948716,0,0,-13512,0,0,1 # liftF r=8
-83357279,-815173456,182834000,5997654552,-4820581444,-17154494104,13488227740,9875192920,-28431144328,6362228144,22337048352,-15577581728,-3054323684,12765109840,-2890376320,-2949768736,2321924168,-27337864,-570571460,6892376,42108,-6312,-464,0,1 # liftF r=12
-17289509474,22846259440,-5573324632,46756476920,-47882441380,5906021936,-53366630532,39195670088,-1467936596,32726566408,-15284243400,20741328,-10919397342,2911589976,-11446764,1849539640,-240767368,6498472,-124277668,5321608,28764,-13088,-400,0,1 # liftF r=8
17982985744,-48443063168,-121644295360,-60632467904,221189274160,238574605248,-6282634048,-282735624992,-143294363756,61438536768,142514092816,33973783424,-36034693848,-30763580320,-2714294192,7886885584,2357407440,-12304992,-598079400,2905424,42108,11760,-464,0,1 # liftF r=10
-393320220476,-248598451712,134838974976,859237459712,426244487612,-170315754048,-726162190320,-302994365984,76899291193,310152753888,107068743016,-15000721488,-71713042292,-18498067440,1142269344,8784559296,1238782058,447488,-465893080,-124176,232,-12720,-32,0,1 # liftF r=8
176327953,283544080,88707944,1085230848,2279454236,1277991424,1042726768,3708478496,3684113888,-1733130272,-3231335736,462338240,241433836,-3434213584,-2335123744,1746152128,1931882144,31929088,-474728792,-8039888,42108,12576,-464,0,1 # liftF r=8
21045897601,42292112832,27079430460,-6503444512,7181055616,26540525456,-13597547400,-42141697072,-8576843624,13232935328,-11877823384,-13354050256,8907477598,7697499152,-2796864220,-667140800,2361785376,10980000,-590211168,-2692448,42108,-12608,-464,0,1 # liftF r=8
-897273615839,663176989856,-202851726156,-1604680699016,1012526099050,-250051440672,-1203028054844,614407095472,-114618502335,-481345089008,184864843832,-23124143704,-107716080242,27519929312,-1728957700,-12692598824,1617067866,308304,-610502312,-126152,296,7264,-32,0,1 # liftF r=8
-18094671,-3893738688,-15580797228,-22132973304,-51396478362,-86091490440,-70692885648,-139040431464,-95113675859,-87702289920,-100953269036,-34246042992,-41568374438,-26856341832,-3789838916,-8290302984,-2338588298,-203400,-591434660,-172992,33124,936,-368,0,1 # liftF r=8
640369,2131576,-19826156,-138066408,-282861502,60909576,1113763288,1304428336,-1004416859,-3163638320,-919761060,3095853128,2433942646,-1380360856,-1933797276,201134632,720241206,21278640,-107252972,-3268712,63140,13008,-496,0,1 # liftF r=12
2373255793,0,0,8006920192,0,0,10781156392,0,0,7388783456,0,0,2711303364,0,0,505098160,0,0,37395232,0,0,12656,0,0,1 # liftF r=8
334357438,1526482992,1458626496,-1090158696,-4090812060,-2280883392,1996933684,3897450664,1050635020,-1594960144,-1633828480,-114727056,601681526,291875744,-25393284,-106837584,-12184152,4363088,7183360,-1243640,42108,5440,-464,0,1 # liftF r=10
2401,-39984,-2103648,22330040,-61877522,43279512,-2523212,49568080,39417169,-123858232,-22315460,-26053512,62005018,70122080,-18775216,-16804456,-21422726,-252120,7991164,116104,232,-5920,-32,0,1 # liftF r=14
56459617,-430371760,-627240816,582156608,-2149850516,2053799744,-1301283928,927405520,1288238536,-297016656,1686241960,179833120,569213148,557682016,10017368,273618304,63747960,3295104,34939440,2342176,28764,-11824,-400,0,1 # liftF r=8
-15005171336,-59882471456,-60908380688,43237538816,150521315272,108675733952,-48981313328,-137593396256,-75521350428,29341451104,59668879432,23421549648,-9836508820,-12816983664,-2582659424,1754941408,1150691632,-25010504,-127675028,2608968,57692,384,-528,0,1 # liftF r=10
-64635719816,114308899488,-60812044688,-128403604960,197931151224,-80640019872,-113759851616,135722385088,-39781544844,-54910920096,46017989304,-8795677216,-14762198020,7748568400,-792788056,-2063272208,535013152,-14709464,-116464740,3865600,42108,-5808,-464,0,1 # liftF r=8
989025841,1431387824,-1812988356,1582635936,-1195106208,-5856152944,1690554968,-8052148512,-1706142408,-2671771376,-5148571704,341133040,-2648117842,-1069726688,131319460,-760606880,-46017536,6191136,-72124224,4514544,28764,-11792,-400,0,1 # liftF r=8
-3933578684,43356846848,-136305677328,84181663968,177515670912,-246856544960,35624123280,164375022256,-147943669332,-10427329344,70504970368,-35823408016,-8036993988,14913790720,-3047048920,-1662078576,1232314984,-8630608,-131303728,949832,57692,7168,-528,0,1 # liftF r=14
-361420271,1028892904,-964552104,-1573479488,4564746460,-3461981288,-3240300372,7991549040,-4498410072,-3940075984,6839737248,-2453016016,-2736365372,2824718504,-429028888,-944117672,436421880,24397016,-120372732,-6050272,42108,13480,-464,0,1 # liftF r=8
-7539942239,9984958240,894913712,28101104456,-31704486388,-3908462200,-47805487380,39138240920,5296697560,44609934208,-23628088512,-2825087424,-23121947460,7003005648,529210560,6191532160,-816718264,-5855912,-660651076,-4312712,28764,-5528,-400,0,1 # liftF r=8
-12796079,789508400,-4324751520,2027165536,-1169653556,-14206162960,23729391056,-37851971408,26265623461,-15900052416,-9320745168,14688458032,-16271260900,3747112688,1132017960,-4372753984,1208461218,1407952,-457504224,-579056,232,13568,-32,0,1 # liftF r=8
335370097,-4313200952,20094272304,-39930875584,33278747084,-34711094136,69915027092,-29834409840,-18804220112,-29457076216,6851791824,41262341200,1702004956,-9339167576,-12064237760,408207848,5035272688,-38111928,-541363676,4048240,57692,5888,-528,0,1 # liftF r=14
-4322,-18040,409748,-273912,893678,-1243920,-2810380,1577624,-10680203,16428656,-15584456,31300896,-18333014,24503168,-18443120,7460872,-11287202,-67200,-2775440,6320,33124,-32,-368,0,1 # liftF r=8
-159275552,-246618880,369990592,1510788160,2121865968,637638400,-2446927056,-4308483904,-4080008828,-3174223840,-2285241568,-898146000,982574800,1846125520,762710280,-426136112,-353653536,33343136,40806040,-3716392,57692,13000,-528,0,1 # liftF r=10
5488708,-140749520,-20899640,309522400,185524000,-60842328,-327456956,409622536,114609385,-652799480,-343480180,65276496,352502980,-233276976,-62803724,272092984,127390766,-2246808,-97246332,1569344,46948,-7240,-432,0,1 # liftF r=10
-679967612,2337177088,1396303008,-13431309696,25991298720,-13235214976,-39643826208,77444556032,-45879659028,-36405461280,80637716176,-46970043968,-12485497716,30524722208,-12794059216,-4115592768,5178495688,-82413152,-549031648,8975584,57692,-11824,-528,0,1 # liftF r=12
9400147456,-1667542016,-6855706880,-24640048896,373251744,12662773312,28709379024,4043978912,-7833562623,-16886110288,-4018131440,1663344624,4889474120,1189111472,-102268688,-704168608,-117785582,-432784,43420368,210800,232,-13520,-32,0,1 # liftF r=8
-4672643711,-13633710264,-11942685976,13768029936,39848089788,25922832488,-21076412068,-45513967904,-20109155832,18242518896,25087646656,6476141872,-8467071356,-6582846296,-681030600,1929958968,639446840,-13002040,-168548956,3133584,42108,-904,-464,0,1 # liftF r=8
60395329,-94179944,-2182905440,-4930381064,-4939706980,1332560280,19555204828,36249392000,35775868944,24444212752,10903668832,2946305392,-2149296292,-12032867384,-11134294688,2241132240,4634757952,-19573368,-499123380,1985024,57692,13464,-528,0,1 # liftF r=12
-37215341519,69631426720,3938118548,-168280166448,165310829956,34993705136,-222043364072,153403909896,31235702829,-140182297584,72309261044,11026346400,-46237741196,17484026976,1528779948,-8035068944,1653417618,-554544,-622407916,161280,232,13544,-32,0,1 # liftF r=8
1732,-258624,-2899712,5003728,151552564,575698592,858582016,877278520,813362409,-436229504,-850134576,-759984248,-1097925484,139219184,393488576,114269512,423417178,325280,-159607088,-103000,232,-5488,-32,0,1 # liftF r=14
372940768,-130104192,-650421088,1439724992,-374586504,-1416115376,2345284944,-774474600,-1102891167,1849326048,-715584184,-313113800,699482608,-250932464,-31581456,134471064,-30902526,-224832,12016360,110904,232,-7136,-32,0,1 # liftF r=8
1925325124,2753775648,1224686864,2663608304,5735303608,4245008304,-20744710840,-31989243584,-15226913876,29832223456,36983313448,12462194800,-18842982440,-16110872176,-2905018752,5610886648,2389804200,10874104,-589715356,-2773848,42108,-12192,-464,0,1 # liftF r=8
297138913,1132860080,1723290160,1565707968,876592396,-23931088,-997478552,-1925602112,-1574612312,-845542864,-114755192,392711200,566092844,705042080,111053032,133460048,-139188728,-6393072,-111606240,-4881616,28764,11776,-400,0,1 # liftF r=8
-176466089999,197425052704,45617702472,-479728997632,359871062260,84998636704,-468746626448,267864496880,50462587237,-227854806400,101679301112,13037495056,-60093032100,19392820256,1320756640,-8571674352,1451245658,-1436416,-543909176,587440,232,-12560,-32,0,1 # liftF r=8
-1857263,7043456,16697856,-84876832,8073564,324816984,-654684556,784892728,-739196200,394755080,558204016,-1081861120,1015184556,-909717168,408546464,128804280,-706669736,9973592,-543230636,7670568,28764,-13040,-400,0,1 # liftF r=8
-36241919,-122872400,192136740,725707432,190102234,-1218792416,-1972665644,-684581248,2110630769,3073104336,1340707352,-1117766424,-2044326770,-1028442656,241344236,587792072,255276298,-654176,-96813832,269208,232,-6384,-32,0,1 # liftF r=10
-13631087,-119773936,-356518488,-202328992,1123435484,2460935424,707964944,-4129038784,-5986185312,-83892128,7237600136,6216130304,-1667054772,-6036306448,-2376717536,1745131040,1930549920,31919680,-474381432,-8038160,42108,12576,-464,0,1 # liftF r=10
26692033,123527288,-762367740,-811083552,2066563062,-8432228736,11023008092,-14420939488,8907984425,-4332106528,-3863766760,4934161168,-4905099862,1104669968,369997172,-1329135376,398980082,-109208,-150255384,-2336,232,12248,-32,0,1 # liftF r=8
-149060878223,291328086704,-183419547008,-334797573456,581673557196,-268861088928,-344921938552,451436921824,-142205177720,-190795561840,170181179464,-32644183232,-57603874548,31276136992,-2803058136,-8917135216,2260698344,-10209536,-553245936,2675552,42108,11856,-464,0,1 # liftF r=8
38248869136,7300927232,-8296521632,72282346624,65925389400,-21832756544,-40686497608,105942137568,-17031659951,-125164579424,57213534632,-4917952992,-61461153412,12358857056,-472307816,-11073179360,923871398,-809376,-667573672,1168224,46948,-5408,-432,0,1 # liftF r=8
-24968902562,59541092456,-54941533460,116066284496,-177436173878,119881123328,-169447111984,191437025664,-91044869771,113030216520,-95320457684,28873689688,-38707194682,22371358568,-3269735012,6823002168,-2018908538,-129216,-510827716,84040,33124,-448,-368,0,1 # liftF r=8
-394943,28250144,88411348,15591808,-458570612,-755949728,345459928,2196485872,1478132925,-2261047216,-3169795212,462795976,3094789948,-216449968,-1885649468,-51258416,1761141698,266256,-664017356,-110472,296,6376,-32,0,1 # liftF r=10
-326862527,-1932131680,-3253735268,327964504,8257974008,9178420736,-2033829896,-13109505800,-8615198704,3851111728,9476905016,3333144864,-2785824982,-3164947488,-448176388,875711720,394522824,-4630128,-100881440,1053544,42108,5504,-464,0,1 # liftF r=10
-4762991,-20042872,25333032,241455056,541397548,317615936,-481695856,-1368711080,-1306001768,-894817704,580148536,1358826544,1694907540,669794152,423129632,-391923728,-760298616,6486912,-588592896,4986136,28764,488,-400,0,1 # liftF r=8
-3715564808,-59732475680,-237107416592,-199142469984,287832417176,430907304224,65002482080,-257424947840,-228483235756,22136632352,103475482552,46014934144,-13143295284,-19686744400,-2867773832,2318357584,1383665616,-46204808,-156340884,4928656,57692,-6768,-528,0,1 # liftF r=14
580872478,2299487128,-1523375620,-3205781864,12965623238,-5082914632,-19165821228,23385626992,-5682383531,-29384537904,18078267024,-2546652656,-18842676894,6226914936,-394300552,-5425472208,786486206,430608,-580414904,1456,46948,-16,-432,0,1 # liftF r=10
-63977852,576059648,-8745216,-1375275840,-1865024480,3186217376,3215199872,-991276800,-4951399700,-1804921024,3596809616,2526627648,-275758196,-2050422272,-427174688,447820256,351492840,1372560,-87328384,-430240,42108,12688,-464,0,1 # liftF r=10
-162234767,772379216,-677007848,902023376,-1860558188,-446965888,-477984064,-548665248,2204545177,461891184,2417163016,1583518960,1076832776,1308599216,212914768,416042016,154502710,-9552576,45328832,-2471504,33124,13568,-368,0,1 # liftF r=8
2533216798,2928648240,744727960,7524748024,11422319340,4909658400,-140882972,4008838760,4242737988,-4123048896,-5834459616,-1014994592,1337159318,-566926408,-681770596,514017728,570010720,17107280,-138219048,-4325584,42108,6744,-464,0,1 # liftF r=8
-356957576,-8689468192,-22701642320,-1407391040,43533939912,54328443072,-1191562864,-59691709696,-52768112988,6128229472,36395529832,23024917232,-4675896340,-11204379632,-3545749200,1406121344,1533213872,-28258312,-167593556,2986600,57692,448,-528,0,1 # liftF r=12
7216897,-62534456,164698128,-90644600,-151906132,-86256288,447989720,416766664,-844347216,-663036112,320188664,1244384464,203312772,-923222936,-474777992,193984840,401859216,-3725584,-100823928,892952,42108,6288,-464,0,1 # liftF r=12
-161396712482,141219460488,59319614892,-425472356000,259512223802,96199204760,-414987152936,200479611360,53207279981,-203028105696,79317982056,12589149584,-53555272890,15723291384,1160878884,-7509137176,1221077682,1377744,-463586600,-564032,232,12688,-32,0,1 # liftF r=8
-1334402,2275272,-768196,-26059704,15400942,3526776,-42768652,-22542136,15436869,64863176,-40224464,-16880328,23375562,47099936,604024,-42259304,-8831330,1791912,10626440,-1460440,46948,6744,-432,0,1 # liftF r=8
10160926,31018784,38819520,21674216,-4642812,-16642832,-23223348,-26770776,-17082732,-1888072,7452920,6135056,5800386,4664944,1308172,-601288,-920880,-262072,-411444,-234056,28764,432,-400,0,1 # liftF r=10
-79486729346,21880178440,40085910388,-179605415520,47786996610,55665207520,-166122959160,46089790952,27380338029,-78301963072,21583240528,5276354904,-19513890562,4613370560,339404260,-2512789984,370253914,-260032,-138928176,76040,232,6400,-32,0,1 # liftF r=8
-1424162,11557304,-20031844,-71334120,353892502,-685814336,919200364,-977581344,556940253,147078240,-569643364,769860576,-604407014,80504472,167100696,-195246832,178459554,903864,-67640260,-387504,232,13072,-32,0,1 # liftF r=10
12097,102208,-50616,-208896,-46380,-730544,-550432,105904,-586439,564912,1033528,623744,1412040,911936,758656,743072,230998,263088,121104,7488,33124,-48,-368,0,1 # liftF r=12
4635256,-8063456,-3465008,45026624,-34655704,-36636480,132459056,-35571424,-74346396,175596032,-3962024,-47793296,134933052,8371824,-12599168,51953792,-1162640,-1885512,7543732,-1595912,28764,6328,-400,0,1 # liftF r=10
-10983191951,41329776616,-46026259848,-28424543336,126326613212,-96723304576,-52755625560,146050401848,-69654123272,-51171280096,79025473768,-21025233584,-24576209116,20187872840,-2238353216,-5653036568,1957642344,15673616,-499343304,-3782984,42108,-5472,-464,0,1 # liftF r=10
525319441,2264345576,3904399920,2132169192,-2475758868,-4853052856,-4420671196,-4003122624,-3000235824,1480755664,4606360944,3030471568,1785919532,1343910664,475842736,-1370746544,-835169696,-10012104,-630675612,-7747248,28764,11752,-400,0,1 # liftF r=8
4418581,80812,-1081705,-23028316,6918274,2762504,38204231,-21683986,580375,-21833452,19030339,-4288942,1372862,-3543090,1754166,1225748,-978630,177348,112031,-35434,1468,908,-72,0,1 # liftF r=8
770884861,0,0,527860738,0,0,-839763685,0,0,-376887752,0,0,218380969,0,0,19745732,0,0,-1124785,0,0,-538,0,0,1 # liftF r=8
2635261,1658208,-2234784,-6384900,9465368,13942216,-10329925,-28925926,-13359435,17018026,17658664,3734784,-7522609,-3606630,-202472,1213684,176358,-18048,-50962,5428,92,-522,-16,0,1 # liftF r=8
-25877459,0,0,75758804,0,0,-21589760,0,0,-70101954,0,0,16243954,0,0,16566076,0,0,-1042095,0,0,-546,0,0,1 # liftF r=8
-75359,428506,2658747,4358476,523947,-3648446,-5279063,-5889516,-4168498,579552,3861204,-2267860,6728744,-468498,-358618,1561230,-325839,11694,83661,-15180,270,562,-56,0,1 # liftF r=8
-65433419,-36756952,14012013,-73395720,-17632082,18090140,-20431147,10816068,6166750,7673624,9095789,637860,5224939,2538196,-41735,963032,364527,-11052,54791,24260,270,-596,-56,0,1 # liftF r=10
178765441,506489642,-317021720,-1244512836,-767280118,888692256,1662363824,490836752,-1074771505,-780653872,-25214712,481413096,146891119,-97457246,-56609076,-1030906,14472591,-386134,-802056,9494,3462,764,-120,0,1 # liftF r=12
46229101,23911382,-15178559,-77901540,75333923,35892414,-124151405,-106487764,79818175,104567324,-145904406,4321186,101865001,-6398780,-6831927,2583476,4163208,-12522,-939917,3872,92,-378,-16,0,1 # liftF r=8
411332641,606244852,-1455351087,-2111553676,273883165,2734943764,1632199576,-759084456,-1755641604,-395566520,455859335,405626492,12731702,-113799306,-20995141,6625244,6809369,-534940,-413528,24186,3462,250,-120,0,1 # liftF r=12
24721,-1611704,5508109,-5371626,-27717231,80765774,-51667455,-105558694,206486116,-67826754,-158207414,145830750,7722466,-75865304,45812,8940182,4576753,-783766,-591559,87378,1530,-796,-88,0,1 # liftF r=10
14233741,-9210312,-6341764,-35711676,11876376,13488064,39595358,-1058044,-8003742,-21410658,-3230552,1766048,5917507,1434248,-93870,-808734,-220687,-9842,45299,11076,270,-410,-56,0,1 # liftF r=8
-14683259,1802524,5937654,-44329682,-1683328,11124570,-51072574,-5595620,6983976,-29877202,-3499639,2074228,-9216264,-821948,291097,-1405358,-90735,10106,-82122,-8428,270,-210,-56,0,1 # liftF r=8
-4296179,-15871680,44696510,-30568390,158257660,78724550,130809673,153699340,12069820,93453710,24667720,-6962350,14658359,-4143280,-648240,-812180,-481500,50100,-152293,11090,320,-620,-40,0,1 # liftF r=8
13525,-247750,54775,1249800,-213985,-523100,-318485,2212500,-411504,-5469970,2500883,1196100,-4209712,-315150,849031,-182750,-548600,-130050,84036,27130,1468,-700,-72,0,1 # liftF r=10
-2459818379,1071934370,824912112,4774382012,-969115114,-1299083042,-3945782018,-2705598,586112921,1601895248,205105770,-74328202,-305283593,-49520034,665967,25715766,3167190,22784,-658230,-2248,60,-586,-16,0,1 # liftF r=8
56008921,-114711262,71146281,-152509816,377584083,-337153194,-48381059,192098110,-1629318,557412,-170960924,134926390,39671318,-66642508,6686522,4949636,1963757,-655934,-298271,73134,1530,-740,-88,0,1 # liftF r=8
-620975,1090800,-241575,-7529250,6464705,3450830,2448850,-10784410,482166,9986110,-3481267,-4403370,-1799637,6333260,1115896,-2714580,-212240,193500,-90744,-36950,1468,940,-72,0,1 # liftF r=8
-50715719,181172132,-178114379,-126152408,415668843,-294649136,-105232535,316421674,-171390494,-51849552,102852812,-35910498,-15959034,15163154,-1054254,-2010718,638593,179744,-66415,-15478,3462,506,-120,0,1 # liftF r=12
15479701,58890070,51799077,26258782,107018666,85497998,-3984003,76323032,55077106,-27873202,26221585,16374928,-19017013,4049066,1939777,-5246834,101955,21044,-535425,-25958,270,-306,-56,0,1 # liftF r=10
77579941,0,0,-583001160,0,0,1160885642,0,0,-554769940,0,0,-7070136,0,0,31050470,0,0,-992217,0,0,-940,0,0,1 # liftF r=8
-1091339,4699230,32873173,-96023638,-18758380,273493782,-97878451,-179178142,241714272,2942518,-146155867,36140130,21277365,-16279290,-11441923,1957274,7310587,-630294,-781459,68956,1530,-386,-88,0,1 # liftF r=12
-140096819,86324988,78864398,283112210,-148566692,-123891150,-260231242,103536538,66597460,122865004,-42895706,-15700430,-30238931,11130146,1583700,3428812,-1478283,-38642,-95209,50910,270,-876,-56,0,1 # liftF r=10
2482505581,4614639472,-524903840,-8037735440,-5446260312,2882866988,7117487328,526955196,-1794907470,-2332335504,788608697,326507144,237473100,-203080124,-9889527,8390516,9267181,-326000,-996580,27724,1530,628,-88,0,1 # liftF r=8
-3420736919,-1779388032,886799348,5951410880,2587195728,-724097480,-3877342232,-1466833372,174150660,1207306664,373922749,-12844960,-190847376,-43256624,369595,14170672,1840782,11548,-385679,1400,60,-836,-16,0,1 # liftF r=8
4866361,13792412,8709655,24616088,82642225,76397280,20660502,48810568,105009388,-751212,-157829525,-104901028,24321956,47041812,-1967441,-4016704,4315945,728272,-503348,-81604,1530,756,-88,0,1 # liftF r=10
947790301,1589418614,821536470,-290619712,402135278,778399402,-747482168,-1203468480,-104575744,229843682,-388286958,-169924030,213568297,66530868,-13470168,8640864,9075093,246506,-916083,-19402,1530,-772,-88,0,1 # liftF r=8
-6065509139,5698422638,-1967914180,-9756316296,7816266154,-2138798090,-6498548178,4123522038,-824795723,-2244672708,1021781074,-128852422,-409133549,113251190,-6178157,-34877886,3877610,20904,-897698,-6164,92,586,-16,0,1 # liftF r=8
139909801,620315420,645450960,1159004274,2376825830,641368260,2072617515,1199438230,-60528695,693683806,-47719170,-86560480,-15687061,-70850480,-5629400,-23083334,-3537610,-3420,-915550,-3900,320,184,-40,0,1 # liftF r=8
15601,281424,1679630,4182528,2022019,-11190930,-20613767,454386,32622697,21128196,-21293494,-24650244,6957496,12905910,-2194463,-3590082,728440,598482,-99637,-49248,3352,828,-104,0,1 # liftF r=12
59605501,0,0,163933892,0,0,177474501,0,0,95639936,0,0,26507454,0,0,3431168,0,0,145184,0,0,804,0,0,1 # liftF r=8
-3114779,9256014,15449655,2796962,-31999360,-18049374,8496222,30480172,1256192,-7740532,-11087371,3356862,2135400,1377798,-961587,-199798,28347,57310,2319,-9128,1530,234,-88,0,1 # liftF r=12
361,1672,-190145,929740,-1274283,192524,-250314,393624,1974318,-1035348,-665629,-778564,8703,849496,108672,-125086,-115448,-12614,20696,4414,60,-338,-16,0,1 # liftF r=14
975901,-348376,-6510751,-2564712,-13414798,-16717900,-9699119,-23738540,-10174894,-12179152,-11215959,-3460772,-4355729,-1956428,-551803,-128968,-78745,-9124,108823,17852,270,-660,-56,0,1 # liftF r=8
1968181,-118995192,-265095202,-77048214,344645310,465742296,66882816,-328286864,-298904104,-1552230,144513670,81286488,-13614943,-30890864,-6747856,3754786,2584829,-448200,-183633,22904,3462,40,-120,0,1 # liftF r=12
-56958659,336466936,-332847435,-14266832,563947865,-454784456,2209032,380472268,-237045308,-10936328,128341979,-58420712,-7642950,21890542,-6718497,-1668252,1650357,-276320,-119936,32498,1530,-274,-88,0,1 # liftF r=12
-2675399,-14710508,-20775875,-22232614,-40854739,-35172782,-26315663,-36308206,-21270592,-12334858,-13784470,-5740854,-2116990,-1878408,-664504,35638,102165,-16590,27373,30746,270,-644,-56,0,1 # liftF r=10
-72612359,546502506,-1181238720,451979940,1345352401,-1630735530,238637812,928661046,-784501121,-7360940,293160896,-150326430,-20283300,43920134,-9119484,-3466444,2247667,70752,-146104,-10002,3462,538,-120,0,1 # liftF r=14
-7980464,17728384,-4836400,-44292648,67058600,-1428304,-93490898,87929002,23912657,-88968882,43626314,32043992,-34845730,4038638,12203918,-3183468,-1095533,668830,-66176,-75618,1530,924,-88,0,1 # liftF r=12
792085561,-736316858,-323635439,-2072995034,1192795676,679680726,2329313753,-360541366,-282222832,-1032478082,-93032547,2838342,127611557,37994202,4866925,13893114,1296063,28162,-1163091,-41596,270,-290,-56,0,1 # liftF r=8
2768221,17060476,-229182520,352545308,-628712274,538123536,-386083634,-120443000,233819197,-365749508,119899414,17672284,-113468165,23809660,1576645,-10649900,961826,55212,-298694,-17092,60,964,-16,0,1 # liftF r=8
18795961,-190004870,651603917,-874319928,568370559,-878540932,1097472416,45738894,-258833714,-350044102,-211118441,401768000,88562018,-73485756,-51995425,1756074,13581989,-723612,-759982,34270,3462,322,-120,0,1 # liftF r=14
-5879,19630,212025,-306354,867980,-2071200,1614627,-3694240,2821645,-1940512,3295065,501910,1293860,394070,-198020,131552,-111130,-660,-28963,390,320,-16,-40,0,1 # liftF r=8
-1959479,-3864708,40354288,72243844,97743065,-26172366,-263904584,-361428556,-182333179,78679580,166521740,38004872,-51577753,-9393696,17832484,-3394086,-3019701,977330,121872,-64234,3462,820,-120,0,1 # liftF r=10
-2542919,801968,924478,1451024,-2140534,-90536,6900271,-1010944,-2611476,-1404658,1999358,-32412,-2877357,260060,963796,657806,-267692,-123162,-20041,22296,1468,-562,-72,0,1 # liftF r=10
131892025,-673874800,825199100,650123600,-2434195380,2281565560,382018350,-2534047840,2022092526,-89939540,-727304400,387087920,75153463,-72255680,-48931150,8041420,13538449,-1779620,-770965,105740,3462,-660,-120,0,1 # liftF r=12
700431616,-44113664,-390719488,-1521808064,-189548128,474106464,1335239612,341610084,-129116363,-499695348,-136142646,9436980,90200069,19759432,17592,-7310520,-1070054,-17416,222386,8500,60,-948,-16,0,1 # liftF r=8
54286096,-149685024,-281621040,-197286488,511206968,558445488,131746062,-611016970,-348683479,20713918,310557842,64601820,-34502538,-61145358,2792502,7127176,2148123,-386806,-313128,40142,1530,-168,-88,0,1 # liftF r=10
6959581,26597336,-4718151,-43240286,-41325512,-146164138,-85019630,69484098,199503786,187051154,-30314737,-167278586,35324336,56363352,-38581141,-6521006,9259763,-64058,-518345,-9006,3462,908,-120,0,1 # liftF r=12
-217437659,171335904,335304455,-887565358,289590046,620297364,-1171121444,362205350,419183112,-753603642,206114049,89515726,-247211110,47950980,1220815,-33731240,4447856,-23462,-941154,612,60,956,-16,0,1 # liftF r=8
-5519,-106652,-138247,5647610,26623053,29015010,35097388,18057058,-25708190,-26622686,-26304281,-14935190,9790939,8714656,545230,390922,1255832,17298,-279914,-2560,60,-266,-16,0,1 # liftF r=12
15280861,3752736,-14072955,21300138,5992936,-13511554,9791511,2319300,-3926398,-1087908,89504,-609216,-1045920,-743170,-112910,-46160,-251364,-8698,58101,4408,60,-506,-16,0,1 # liftF r=8
455341981,614169086,295414099,-1448486016,-1789564401,-726388336,1485907930,1537139886,460415406,-579961794,-383838329,-36799520,51647416,-19416274,-15517133,14689222,9110873,250024,-901354,-20932,1530,-716,-88,0,1 # liftF r=8
-391199,156280,3103927,3996072,1704711,-505812,-1300023,-2328168,-4004474,-1121592,582340,825808,569932,869456,607002,-322224,-88055,25424,-106975,-39548,270,644,-56,0,1 # liftF r=10
1272007621,-2044988564,577482349,2483185952,-2925191328,679812880,1515161171,-1416666240,307799731,352278912,-252405929,47056892,17627256,-963832,1162702,-4644252,3193130,-57036,-705587,16368,60,-740,-16,0,1 # liftF r=8
-271319,498712,4571770,-15093714,15560166,-3048852,-14883288,16322694,-31460492,10765242,3989365,-25398944,3038950,-12347878,3315921,10074498,-531215,-45940,-676942,67036,270,-844,-56,0,1 # liftF r=10
-221219,-699754,1059305,2993718,826151,-3555104,-5977214,-2622770,4279442,5484572,2250139,-1515976,-2739935,-656160,203420,529460,63916,-22248,-29154,7088,60,-426,-16,0,1 # liftF r=10
429841,4771260,17316623,17661928,-33747775,-92973872,-45423906,91734672,146899092,21885492,-100887597,-69480140,10948700,33734620,-3374793,-3925784,4256777,724064,-495644,-81316,1530,756,-88,0,1 # liftF r=12
1311481,23034374,17759909,-48146792,168310257,-220949760,227276146,-120198790,18975406,53011778,-58200239,25736528,-9918929,1802042,313192,-4883968,1142180,-8814,-236792,-1658,60,740,-16,0,1 # liftF r=8
199070821,-297580172,130799493,-17012576,201322946,-224179436,-375941007,689378248,-329934506,-352434116,414647453,-124359440,-128060481,96398236,-15436623,-18767412,7926135,-209444,-763193,17660,1530,692,-88,0,1 # liftF r=8
3921427381,-2220332388,75946788,15061406916,-3491741644,-223988074,15335046196,-953829706,-334415016,4624363918,221828453,-111956508,333162168,94570460,-10619849,-24356076,6575878,-15318,-1260171,7774,1468,-218,-72,0,1 # liftF r=8
-93469799,179053450,-132149145,342082884,-447481405,242390220,-419965311,404958530,-153225005,239750888,-168035310,39763900,-70241551,32271530,-3569165,10326206,-2300500,-510,-602119,1980,320,-88,-40,0,1 # liftF r=8
-6724379,-8474942,9625326,47608120,-30150037,-126234874,-31094075,330182624,242719345,-272615254,-453427316,-31480906,314778786,34484160,-8705087,-12161656,5312288,14112,-1201777,-4312,92,418,-16,0,1 # liftF r=8
100141,1143886,2497255,596478,-2786100,-1409066,1891987,-941382,-5840418,-1133118,5635249,4820738,-809345,-3588158,-835067,567488,644927,-59230,-78901,3688,1530,266,-88,0,1 # liftF r=10
-2233799,-1781636,18692970,48249402,40471036,-23493186,-51809354,-93141530,-36934968,-31273692,89021614,-15000814,84268565,-27496790,3880340,-7224740,931281,-27402,-889149,40542,270,96,-56,0,1 # liftF r=8
71588521,-76859724,-2811646151,-3861308456,3099818573,5285478072,839491960,-2432091352,-2293027804,377940044,810155903,263504744,-124008574,-112334958,9062419,11426904,3077013,-1208728,-275100,70514,3462,-482,-120,0,1 # liftF r=14
26319841,-13391230,-11997657,119884450,-9702430,-59445050,150649356,44873520,-80330408,57700110,64847049,-39196950,-4348458,28856650,-6293149,-6172480,4146932,9540,-816582,-250,1468,0,-72,0,1 # liftF r=8
-237959,1112100,-589497,-1737488,-1498105,6160692,-724971,-3188932,-1320298,1566928,1898228,-1657560,-131100,318840,212562,-130796,-154743,112736,5601,-17884,1530,804,-88,0,1 # liftF r=12
68707201,-96360920,-1508555,-136075224,-5860000,108983500,7649642,198280160,86329270,121303488,110524665,13277960,51439060,15913020,-658595,6955512,174220,-59520,236572,-18220,320,964,-40,0,1 # liftF r=8
46095901,94844724,48550810,127896398,303170288,217216472,7419582,-19889950,58750716,-16735358,-120057543,-68449940,15709852,26925278,1533457,-2120816,1569793,453836,-202698,-50322,1530,458,-88,0,1 # liftF r=10
68719021,163922444,-265428590,-493270750,-38070834,645181620,521563872,-132956696,-558930876,-185886290,130914106,185958060,16343765,-49859944,-18003924,3442634,5514997,-599692,-332289,30852,3462,72,-120,0,1 # liftF r=12
-6899,49408,-118029,47250,276194,-445658,16566,216650,540958,-646512,-1054461,1200172,808302,-211484,-1112381,-132268,667475,-21732,-75177,-674,1530,378,-88,0,1 # liftF r=12
-1552262975,1380266950,301614775,-3217044650,2021939845,321878080,-2343264645,1158517700,99674846,-812716960,304336369,14317750,-142654550,36057930,1845281,-11899670,1318224,52210,-373394,-15680,60,820,-16,0,1 # liftF r=8
98641,-272614,271074,1859138,-3136438,1726800,2065796,-1603376,-478934,-2012012,3627869,-1511882,-249958,-304280,491021,148874,-320674,88308,41877,-17844,1468,458,-72,0,1 # liftF r=8
34981,163210,138138,-57386,-227208,-222396,-74946,-85348,24368,62086,105067,53248,-12404,30666,-13005,6920,-19927,3502,-818,-4374,270,72,-56,0,1 # liftF r=10
-91104599,-123792910,104326083,-285451986,-130552568,184778224,-362226286,-3780888,99304028,-203245974,36488787,15576958,-50604994,11125816,164945,-5500360,928228,-10248,-188398,136,60,442,-16,0,1 # liftF r=8
212281,-2449364,10294584,-20583678,23005972,-19555960,10603466,11057370,-21944599,14364522,-9487584,-517438,9084281,-4962142,273977,1597018,-538610,34464,93278,-11902,60,860,-16,0,1 # liftF r=10
-14219,44000,45255,13716,124885,-19980,5192,49180,-143370,-18292,-15775,-84260,595,-4600,-8530,4552,1700,2520,642,220,320,-16,-40,0,1 # liftF r=10
113521,-382594,308460,946766,-2160198,756774,2815908,-3711044,473519,2964314,-2936792,341762,1468855,-1207116,145236,297844,-248017,14150,22084,-18408,270,402,-56,0,1 # liftF r=10
39453136,85640464,-266239496,208623168,365934360,-553616036,162367252,491925156,-354492987,15241710,268900558,-86061514,-20455910,62945920,-5517446,-6611998,5050991,318932,-572590,-30542,1530,-250,-88,0,1 # liftF r=10
96512041,334926982,435437985,43288696,-387277569,-359634042,-251779773,-263630836,-159326902,158276662,160083880,38773306,92731300,36553482,5246466,-5731432,317525,45790,-1047557,-67554,270,636,-56,0,1 # liftF r=8
