-15159761299033204030749,-54791812185771768811134,24791033487676185758047,43428856572535849183294,4826885596026506835269,-4660298144517440205082,-929694398116654469006,164866820367530100290,47873750840031732952,-1718873384558066342,-1133770936417348755,-27189183243657008,13728585764579190,872227269249610,-78860019623930,-8830552073882,91241622055,40206197226,1047091058,-69797322,-4162355,-15942,4003,114,1 # comp 3x8 (3*8) r=24
97825915148118303625,25786712540297590600,-537115879092108609740,-135753148465339581360,279893531629521492110,65290473466529601616,-30914383060372127728,-8062110354552405352,1298466250840878365,433554259435049328,-18662270183968812,-11923427192179064,-191624280116126,175553080595760,9368705964364,-1333828567696,-117061215882,4136832632,666754620,3922392,-1717468,-50936,1296,80,1 # comp 2x12 (2*12) r=24
-10520422301931500,143067952239772000,-204446270404509300,-111202952751517200,318596656038588180,-105743841354318520,-72158170775277436,45659051593988692,231294903857148,-4701888837654888,624277242703776,183470703987644,-41230865303167,-2397640669124,1077794914914,-15636717996,-13568401317,703547840,81640604,-6823820,-175665,27492,-222,-40,1 # comp 2x12 (2*12) r=24
-13258095470347559,58354625654021424,15414570623872,-42307048586780740,2215862320656966,11598540512122036,-738624261180898,-1655880095554624,114647457467593,140487227870128,-10244538608776,-7575700978324,572890915467,268422485880,-20854647602,-6308389028,500434708,97046220,-7826510,-935612,76465,5108,-422,-12,1 # comp 8x3 (8*3) r=24
-25851105310054348224,34074917309288712960,30965355366615049536,-53150754772087972992,4983694467530905008,12260867784842475648,-1938880351215872064,-1227439184437120320,193754071315259244,65554832112804144,-9343683622155996,-2001611535863976,251732025157093,35738931940496,-4030923222458,-377230933632,39034445571,2352662604,-227191688,-8420588,767571,15828,-1374,-12,1 # comp 2x12 (2*12) r=24
-21920267842076132,91132332047087652,-35705153471216652,-125231680102829064,2219814482451690,45594306028918770,4846446051185556,-7054508015427690,-1146449298775101,560627718314942,112459201789926,-24385809904278,-5937660197465,559172965440,182757600642,-4782967582,-3324009480,-55735074,34319836,1658136,-173541,-14074,192,42,1 # comp 3x8 (3*8) r=24
1642411645302169856,-7052220310609829504,-11096069424813731904,-998225042266171168,4294519205853104112,1604579751829834624,-286766743382349600,-214823602149738048,-5940279986701432,11575235606001936,1230145359846780,-308792440702510,-51973085002085,3969286210818,1095567516268,-10156760304,-12953157109,-362915692,84433100,4736850,-253855,-23718,44,44,1 # comp 6x4 (6*4) r=24
-267693638818570799,382168247324665600,1326751151092829128,-2120049232474821072,611637254618910492,398605943576560096,-238725584825591046,996916818122172,22875357100476142,-3410779950097944,-855506329519482,237232258464956,7761228532643,-7065690517524,337252674930,99909800988,-10476789189,-513495864,113510100,-1819992,-479289,24636,370,-52,1 # comp 2x12 (2*12) r=24
-2450229423866639,-2045248733163280,93713682394277416,78676780871267472,-25337716353012084,-38566617761790124,-3270498851625930,6463270053019308,1671928086606046,-392582474948604,-194338398403902,-2673914081096,9092182681727,1161469176576,-146003318178,-40870302708,-898430805,506084376,45448092,-1368228,-367485,-12624,622,52,1 # comp 12x2 (12*2) r=24
-390186804143538217,-7509038096364713642,-8081996611533746758,1584812888788864438,4804357536308949849,1451722309481174818,-342776651414510340,-210906934056464336,-3582803515587148,11416267344138910,1150448274481990,-303681690591534,-49693146078447,3922234850214,1053412926148,-11067985208,-12524801264,-339631814,82439426,4555822,-252491,-23234,56,44,1 # comp 6x4 (6*4) r=24
22311084845300203584,33134193304997525136,-127775324330619878916,-16354342655267972337,61858439901466014898,16718489059798441146,-7383322296236309774,-3263304874926712236,72190741694407540,210018475205973294,26269237339699611,-3948689046045312,-1187934055684304,-49188561171960,14537673951664,2040624342228,36913121596,-12755571459,-1182115578,-23459202,2649190,223740,7840,138,1 # comp 6x4 (6*4) r=24
-40659096797281,64633418621129,332945242114297,-414672497094617,-122305188589194,275700089952275,-23543686838821,-66922216818012,14678869427134,7767109427335,-2371518552613,-486028762823,193642899588,16842050303,-9272301149,-294689406,275101402,1148268,-5116859,43177,58075,-673,-368,3,1 # comp 3x8 (3*8) r=24
-1840939587557122544,17327327837856590592,-58320975730641566736,89330834198291456640,-63998780185608560820,18142282284774429888,2422213736816673668,-2967898950849731328,650692061288018145,26432271827493504,-35925564349168224,5583585278248272,109755484509620,-141262012883520,17168497466952,-173361864240,-164193299082,18050757120,-592563760,-42056208,5715864,-302592,8916,-144,1 # comp 8x3 (8*3) r=24
339617627658820,80054696507229120,-230140573203115856,-383023766884369040,1311393532964988532,-994486399698596608,71014976246800808,232277095142999928,-100082139917447255,3166678203082352,7709678149159096,-2037001198346640,113369485662780,32766920495248,-5902881744792,139842922336,49389475258,-4707950192,-5087528,22715552,-1137352,-9168,2608,-88,1 # comp 4x6 (4*6) r=24
114813381366960063,170644717123467298,-48320466633688500,-170807248489907118,-35842094351256253,53027030502369916,22917806911142274,-4725016457429324,-3957830848130249,-199074808967050,249504490799542,37664893263094,-6777598888321,-1702801360770,63112333940,36872832344,622539403,-432590688,-19282224,2786930,171517,-9190,-676,12,1 # comp 8x3 (8*3) r=24
-4014466167712009128,104421459000449707088,125629585157639456392,20249140790577029480,-32478161415088098792,-16643737851677945488,-428775236057996674,1666267925508169332,425692683564418954,-14381134046125136,-23685943456378578,-3662855512554181,124924039680413,109275280586282,13350711100274,130408028637,-140383798487,-16892537232,-759812026,16006505,4058491,244418,7808,135,1 # comp 3x8 (3*8) r=24
-808012976712289668,-859326000917265792,4792455345386587788,2748571005279833952,-7592066518704715140,577082511949449600,2190280273902681924,-175973437028165460,-273025780412645200,5672691923492288,16077134070936276,538971587887492,-430635351507371,-27245300116980,5704256257970,481579399148,-38251061385,-4192658744,113005120,19223676,-2917,-44212,-678,40,1 # comp 12x2 (12*2) r=24
324450212807575654,1880198326851934852,3683208882709025128,3162987084712863774,962354580792506687,-279406863392638850,-251190138815206130,-29493545261239852,16354499088169753,4462736733763934,-276292425826014,-208371149302066,-10241800953027,4454308812144,520017821854,-39946790402,-9020776259,-36642786,73352300,3264820,-250397,-21070,52,42,1 # comp 8x3 (8*3) r=24
11349589591033731073,-6070711022110909440,-27515936462180197248,-5962258633222229472,11865157686726419736,5015874326159107944,-1012430844779924454,-711654862077656028,3121717884761686,42424157604513056,3013303779542442,-1259228125468028,-150391203241057,18694227118140,3308477779362,-104742518748,-37769830601,-505274408,219687808,9262232,-537061,-39508,58,52,1 # comp 12x2 (12*2) r=24
-112676837032347866,-850224671669231984,-76666886028124256,1589365273609498461,216050427330085175,-534911725258657034,-917303977016264,71706693517405355,-6527575220877089,-4396536405977956,706261257645750,122568322242089,-30623220715785,-1115021411538,667514943124,-16413417977,-7725784043,487811178,44646008,-4655117,-82073,20108,-272,-33,1 # comp 3x8 (3*8) r=24
44126475818513875200,301375359001103883840,216829238816771119200,-179094915364559982056,-173443135365803776556,3889396799788997138,24096028672442882139,693749327811786328,-1554963546030421328,-25039817840364352,55553023395497540,-518216960580426,-1142585906519341,38329015424384,13394152990088,-726751947488,-85313626196,6409339494,255760721,-28238872,-155800,59016,-708,-46,1 # comp 3x8 (3*8) r=24
-105090532256,1390376906880,-5047560119232,2962104018416,10601001175536,-9280024137312,-9437328123600,6967649321472,4645194216528,-2006020909608,-1128988898544,278592061416,141882595150,-20617755444,-9729102516,847147143,372464151,-19323984,-7895082,233562,88902,-1360,-486,3,1 # comp 3x8 (3*8) r=24
-94018061527924377,67643079672774732,595776054219282528,-1044852993434568448,418309339107722173,182502169517807678,-156282317979179488,11559626266848276,14196851195526277,-3222125596717464,-349745836885122,176430597311822,-5826783523229,-4063759309162,421003753586,39329540526,-7844760575,-9117510,66806154,-2759776,-243245,19466,92,-42,1 # comp 3x8 (3*8) r=24
97027686148421255,-145884866312924728,-89111954379161440,171509327419971282,1630851096625490,-56834267730136988,6876852206237158,8569727760149886,-1508441826831605,-680053136265060,145027381762182,29351964850666,-7575511079003,-641337735938,228249404174,4238567058,-3984727484,90783594,38664954,-2058740,-178949,15550,152,-42,1 # comp 8x3 (8*3) r=24
-20673790305060719,-62982311745145464,9809337736801576,44128489828522340,-397957346405370,-12008798162311580,-434509632814642,1701510775430264,95844926443009,-143229430240736,-9608492661496,7668214027868,562721231763,-270036074304,-20858107130,6315641236,503112028,-96837948,-7863686,932188,76633,-5092,-422,12,1 # comp 3x8 (3*8) r=24
210435495481768176655265,-396025659504001783032820,192815141758524193840094,33401583629044880367956,-63503231431668709326642,23115980070288401513986,-2377196429943137157178,-794542222326264070444,320029954913652663013,-43409801912161965580,-505798842948680316,1135272175253720810,-193314067032890295,14736971931434334,91349319535444,-157743972809648,20500545652348,-1594558083378,86786942294,-3443316542,99903625,-2074222,29272,-252,1 # comp 6x4 (6*4) r=24
42685913371576525073,69590150928372917928,-2505492214845561000,-71723382297720070624,-54453369195287833638,-11772738690625010040,4079866893151177764,2775642481387632888,454435262081979813,-63181890372519592,-35626430481039048,-4537910641222104,231233112198846,134089967163888,14103069290652,-113818548784,-166504710510,-16092506304,-382527780,53405064,6073848,308888,8964,144,1 # comp 3x8 (3*8) r=24
-952539382339334000,16778446682484802240,-62115187793226595120,92240769017198207136,-62293634024357110884,15769101624029478992,3197832928354086132,-2967141228323353808,594666285184821697,37956593227305152,-35751134000041728,5209492757972032,155203019471092,-139235341952928,16122409801672,-69592407328,-165815986538,17450015232,-524523888,-45793888,5834632,-304688,8932,-144,1 # comp 8x3 (8*3) r=24
26813022970502,73005463223252,-118351224735981,-541803884777018,-423266503151863,253244819580184,463924249249385,128465235074684,-96753791220275,-73210275669126,-12189260129071,4333016584844,2150481002389,236140189464,-47576791637,-15395908586,-985594187,160930536,28511417,641860,-171785,-13030,67,36,1 # comp 8x3 (8*3) r=24
18030796890287239,71586951881058512,26762079065104651,-89467154612189778,-25955025708466111,37260736981040366,3838735433417335,-6746073744470351,122839157452057,575368166771947,-44723601227271,-26692626027506,3010263023376,730536645501,-101022057194,-12208819921,1967544037,124512507,-23147236,-746098,161950,2371,-620,-3,1 # comp 8x3 (8*3) r=24
7643369025049495951,-35106875620975799289,76152430321854465785,-103838225853460643228,99939287644437649867,-72264099251884663424,40795089835938516623,-18444371848341276727,6797324690503434604,-2067254093700809485,523301006650097801,-110882491975149379,19730134293954206,-2951345231619585,370767936236545,-38995399614044,3414642021490,-246846829875,14553114393,-687626534,25387987,-704998,13837,-171,1 # comp 8x3 (8*3) r=24
-695828090707603911,857738718866723904,24157988879061242052,-47895621378101664048,29780303410556584830,5128165541769717792,-19005171325799088180,13354149601633851056,-5098602341940294497,1089772794698345792,-53104880767823096,-49302759348011680,20127278727362212,-4562040342354304,728785199900728,-87753650702560,8176155749191,-594933563776,33773039284,-1481163568,49203454,-1196704,20092,-208,1 # comp 6x4 (6*4) r=24
2614847463971,-2652369261874,-15685031301655,5564731899975,27292066705566,1447021292291,-19088174193190,-6434356475794,5013461637004,3082427246583,-232747971624,-545614764416,-98365874817,31623795112,14444908840,1024895176,-500856218,-133588719,-9128629,1486347,396331,41496,2395,75,1 # comp 3x8 (3*8) r=24
5424961998711376827,-3997024516254175020,-11961461895001030254,-2412317929402362288,3989109221573150761,1690381656574559824,-252772309990483294,-216364300439493172,-7279648671306608,11632760779719084,1271544881757858,-311067753015672,-53130812345051,3991309429072,1117077609038,-9679736092,-13172474792,-374961372,85445502,4829784,-254471,-23960,38,44,1 # comp 6x4 (6*4) r=24
-2559046132267430849280,3143294044793332776672,46149430875921468256,-1015958094215234255624,58204383282120431852,141774144834702948548,-3410216213530133525,-10466471123547233464,-214569833858407070,428703936811762780,25239087857685144,-9686523690723278,-892165218973845,114474525951952,15056929952644,-576748274960,-132560635748,-602910456,595839209,17913480,-1163270,-61956,352,66,1 # comp 3x8 (3*8) r=24
39361478189040544,-29771732054623488,-134477082249244400,290165392934463792,-256560741579240252,111424424506324320,-8917816702588592,-17205085005655200,10424299089461716,-2789914107501624,178233637001672,143037339620244,-60006510014527,11960408465148,-1121981403002,-72780528048,44742581335,-8383088784,999779028,-84432204,5158567,-224676,6646,-120,1 # comp 6x4 (6*4) r=24
467967479945986048,2204698911294881792,1349542586384986112,-3385072076813686784,-195737193515754240,1739441745347554304,-582305294887755200,-192953910861290240,178697260156740032,-44257733253096416,-305004030423500,2921340491729072,-797094079714167,90648623715728,3245608307474,-3042891386048,589166808383,-70349132864,5925143904,-365210192,16508567,-535408,11834,-160,1 # comp 4x6 (4*6) r=24
-7725928869886959,-28301044796565048,-7679321582437512,28781903633449068,4256709883561854,-9382898629387476,-973462212175338,1503519470048592,131241775421673,-138090363746112,-11165201974968,7849154584788,617223089563,-287100186888,-22503544482,6846061476,541225212,-105257268,-8433262,1000428,81321,-5316,-438,12,1 # comp 3x8 (3*8) r=24
4365374753901119225,-2297565650608189600,-4058078331693474200,1618592025456058800,1437487086265939726,-397356419045595836,-246951967067687048,44022297654977188,22217303104823921,-2582581729331960,-1125945266936076,88797819324472,34465470044118,-1892325164724,-665984335732,25601876156,8274817378,-219077388,-65654316,1142180,319896,-3292,-868,4,1 # comp 2x12 (2*12) r=24
-14625141281923850,105866039232355260,15919200962479724,-128926350800945124,-10375701946446456,50242852240326906,2357864956217821,-8943558944452218,-198465289469279,864986344621404,1323929998980,-49277382539490,818074329092,1708714681980,-55898333957,-36097190238,1686261349,450746358,-26312204,-3100644,210088,10236,-773,-12,1 # comp 3x8 (3*8) r=24
-859412088784,6352955891968,11056900213552,-60056263377780,-213848348114608,-297978315527036,-214061673006152,-63649019300198,21496727179498,29208623619659,12177945236363,1729875507757,-620681011409,-394751269701,-95062186447,-8232689191,1887701497,824609433,158690453,19676351,1685245,99893,3935,93,1 # comp 8x3 (8*3) r=24
-160822723132421874,-2110103805337560756,64876128580747589256,37413716686175337840,-19052469739095578667,-14766468569475983280,363568813942747164,1604053970308372044,109734823408386273,-82815085350250094,-8179735973991190,2403764658283340,254698503697951,-41548409228634,-4286862204684,432488261590,42046149473,-2684502430,-243453092,9616494,809253,-18212,-1414,14,1 # comp 3x8 (3*8) r=24
-1709693758088720375,8440310261919497000,-3696732095303076100,-4381810195821261200,1983640660198539350,980805626573215680,-379995091510683320,-125724230193879080,35621079875123149,10031680847949088,-1745412701229780,-502077253117304,41655870828362,15266743814928,-251144743252,-264330507792,-7959281970,2308770920,153859404,-7552584,-961412,-10456,1848,80,1 # comp 2x12 (2*12) r=24
50213466896678644054271805,73141632361093637284388085,31582524547295200633608474,-8529748091946555029307769,-15738630409112066159278981,-8446117088735760783689487,-2690865996670404338954284,-570319919662189662888028,-80161097128182075990749,-6164792768826544217613,188455786653251966224,135987252866908832732,22908133361825320816,2513028360398092354,205269726441050008,13053715661206966,657701727249658,26379596892915,839064707729,20918613916,400217093,5673380,56134,346,1 # comp 8x3 (8*3) r=24
1139882385473,-4781858628743,-10644768964223,26573850177295,36337305414143,-36548882802437,-39685635060718,18644008676107,16569110984176,-4300874066502,-3139634102599,509838419041,311913528522,-33037925499,-17401948555,1198600136,558753349,-24447126,-10289013,270278,104428,-1462,-526,3,1 # comp 3x8 (3*8) r=24
1656565102825129556224,3062184071988976363264,901310081339316730560,-836841559575384863936,-269117145334677697536,92439854515421953152,25579392426429896992,-5887727577676341344,-1197927909831622004,238603667034204404,30680699578346868,-6217506934358310,-424208048915917,102228759197922,2604152037676,-1030169175584,3040142863,6124320248,-132089004,-20168294,684433,32722,-1396,-20,1 # comp 3x8 (3*8) r=24
-8326480555547298,-94477248086601816,-166664695546803996,570470625416138832,-152256613308853302,-261080877087311679,140266892899629027,15208031063596341,-25090377026918543,4686250897688424,714303345988828,-342526686188976,21595329419698,7182550789995,-1266272813261,-5070275895,18443135311,-1446527628,-53592554,13591668,-603638,-14745,2305,-81,1 # comp 8x3 (8*3) r=24
-7199181296,-61225490152,-119492418068,42595022364,245968358252,30865523898,-209802637621,-39549439757,99076136542,14349631881,-27631744329,-2167778214,4558842949,126722239,-449390447,1154582,26794381,-485481,-963231,22654,20179,-433,-224,3,1 # comp 3x8 (3*8) r=24
29137597952204943,87605258151623760,23150201069021382,-98698472320563672,-26681147443259545,40377846522944956,3500017922290253,-7083454719472163,181344321582352,595702120359468,-48980546451104,-27478023708314,3191443515336,749953795602,-105798107590,-12504569293,2044978465,127130166,-23888254,-758185,165751,2393,-628,-3,1 # comp 8x3 (8*3) r=24
296059447847,-776706816693,-3268585235145,6461623594495,12711997569123,-13311534429837,-16737077331344,9533830097985,9251750398524,-2553640487780,-2104621673631,328780432671,234683121046,-23137564797,-14142522093,923929192,481642971,-20680176,-9304561,245352,98142,-1386,-510,3,1 # comp 3x8 (3*8) r=24
-594338799122276207,-641893939949155600,412821961539381352,675284573617449648,48258806344753476,-202107154574386396,-66280572396938154,15114370195839852,10060566701326246,368121163562916,-581514111352278,-87507195149768,13175185735703,3899614509840,7933946622,-74416901748,-5223515541,568736712,81572628,144732,-438501,-19488,478,52,1 # comp 12x2 (12*2) r=24
13045028819632036096,-19360265236981282304,-7375857321004626944,35412355432382624768,-32589729006126491904,13903093815375194176,-1835627147508180032,-1038265293459825952,626364345016047292,-148146274763299552,9877252917663572,4273740597473740,-1518574188555607,238478243776792,-16111804293938,-1315078611292,490169959819,-67988423056,6077016024,-384215980,17503759,-565736,12358,-164,1 # comp 6x4 (6*4) r=24
-16621547296116536,11060706575161280,19556098578227824,-15883892029614432,-6092883343346392,7250374378480676,224591780316292,-1502790068877164,201173742401356,151618200425308,-39397469935710,-6330991434320,3091233559248,-53844559812,-109568267930,12859455719,1287029185,-349702632,12102866,2669378,-276986,2056,1006,-57,1 # comp 8x3 (8*3) r=24
-150620556957648935,2496891132741161940,-9655363352167733040,6289572255198329810,15384820826700583051,-28583509508197640266,20413259473692475317,-7268199026721778576,968941872898841192,217258570356462654,-117301443617709315,20729913860217188,-1156921258743586,-183499427088426,39470507088707,-2514514020932,-78355390850,23371394938,-1450469013,10082748,3892769,-264654,8485,-142,1 # comp 4x6 (4*6) r=24
-8825426022579173100,-11187217350863203680,75905385593770153116,99303164758704028752,8827106396807547468,-24305218902725906376,-4156351867278395676,2358115966642155084,399225582157852080,-117657711603347400,-17714559461875020,3297268841870520,432287196528697,-53719238468528,-6244685281934,518045641752,54723093435,-2963601000,-289965500,9775880,897819,-17016,-1482,12,1 # comp 12x2 (12*2) r=24
35867800810049301,-94083291511500087,12683024501535999,104933261133324297,-24957637052135490,-42781721491142253,2996960404306815,7375418328190356,246481392590532,-614407537915035,-53414612490477,28225888391427,3377248652648,-768679230093,-110719671081,12784128190,2125251234,-129448332,-24654165,767661,169629,-2407,-636,3,1 # comp 3x8 (3*8) r=24
1440640763,12032113357,33712313263,21483987778,-59600813929,-90928312112,16440767759,83329753975,14889500458,-33245386605,-10155478813,6733537717,2437722456,-763318545,-296884345,51066932,20291608,-2049291,-801081,48044,17965,-598,-211,3,1 # comp 3x8 (3*8) r=24
-105325871629691005,709301966614424120,854249345375879876,-1429862318262023660,-2041279798137013695,-318676424514709098,586614041469857532,330938680182886830,39829934201255664,-18256899152629052,-7007099912885920,-577861706968672,156784362247129,43570082148626,3094591751592,-355346903526,-90428195012,-6790490484,57114168,54441944,5130813,259798,7852,134,1 # comp 8x3 (8*3) r=24
-5740854489335136599,31626728872817582880,-51315355694087688888,19359490830878684880,15409534436745828174,-9656329435906241460,-1652721812780800136,1389681622291633780,94461965429940641,-89111204227626440,-3723097396658380,2945062965179800,109903378748150,-54293293427500,-2117578307572,582688523580,24495263722,-3681092660,-165294572,13364740,630712,-25620,-1252,20,1 # comp 12x2 (12*2) r=24
-23903441277503600,26696955479568000,24370006220553760,-28480327863594880,-7163798860111704,10206217515828544,593869059227744,-1681777572718288,26040251588569,153856708403992,-7660478077738,-8596010161204,578872854129,307545223116,-23537221814,-7170731156,582056476,108074352,-8996378,-1011452,84841,5324,-446,-12,1 # comp 8x3 (8*3) r=24
-10506988412229375936,-32782304991866400000,-472865965696475712,21729445846702167168,3130215591707679024,-4717313357539547520,-738884186747238528,497176820498855232,72861324364089612,-29080709374872528,-3820243431644244,992231561602728,116501715665677,-20014899686288,-2145486537818,239222670528,23914783539,-1685153340,-159255872,6779852,610539,-14244,-1230,12,1 # comp 12x2 (12*2) r=24
-2416149543629720576,-17733043509144032640,24829116314978021632,2256391443316501888,-16003762004505050672,6077931770894340608,1893538099422988416,-1809734172144881856,336176938536258184,71212784623223160,-40820958287612360,5971851141957928,186287499771765,-176588464051840,22715715777358,-548800101504,-169813045745,21292645560,-880945716,-28351448,5334691,-296752,8878,-144,1 # comp 8x3 (8*3) r=24
-19826819142161751,54436987788410808,1455992264440464,-72942349900421808,40482641786385706,13504804981288536,-16918237980885188,2582269104481752,1908712516295629,-799397602553928,17227228433472,50812482774600,-10435629787274,-368091156288,410387390044,-49875171504,-2074367990,1117159392,-104845188,-17928,838456,-81576,3868,-96,1 # comp 6x4 (6*4) r=24
350092096389,-2409631064583,-2974369567889,9572704738572,10843657968941,-8177123751604,-10342821261473,2312331578845,3770884746376,-325182049921,-687852383773,30902450651,69997451170,-2246491079,-4217441935,114470486,155203072,-3696681,-3498505,70560,46753,-720,-337,3,1 # comp 3x8 (3*8) r=24
-94155101446997003750000,-86401746524306301000000,89895398506950859314000,40734412760896556911200,-49321694143947026299140,5759783242203137968848,8439488972102669384180,-4737584435081573427984,1199370758202168887961,-155729142533212586232,3150485771050068240,2692095820101666816,-550260890361264094,57077528023317408,-3158722043820600,3691495679256,16378508087991,-1659161224512,98029677260,-3979794024,114897906,-2335512,31920,-264,1 # comp 8x3 (8*3) r=24
139662673540518891,-1460834494351595748,3455333867615109440,-3274744287093103848,1101969576424723453,250546179152774382,-260867828290972084,33806902176099108,16353556773965713,-4681214492733744,-256146360462886,214133176873470,-11185982024177,-4526218252962,541190801018,39920964846,-9268313483,48121170,74612990,-3374928,-251189,21378,44,-42,1 # comp 3x8 (3*8) r=24
-355349057749429672656,868986103507562037816,-719765160834845287332,148071500061619184280,98368226876420056692,-47684448828959328648,-1811768167837608720,4050330335849257572,-322231388541486108,-158151106360519848,22504780753437312,3025081649347628,-639678232057955,-23209317217224,9534545950038,-89402238396,-77527624089,2887562156,321992104,-19667184,-507177,54396,-270,-52,1 # comp 2x12 (2*12) r=24
7427092604,46549542000,-165146499064,-984111967760,579382659160,2539845651520,-783599950688,-2377595151280,477260585063,1009190538380,-142493041610,-216158264340,21550143131,24615909140,-1709442068,-1503121800,73124495,48327880,-1798956,-793700,29211,6380,-270,-20,1 # comp 4x6 (4*6) r=24
-17215915282535704356,36246248010472556160,4202613612890897724,-27461410250965127136,3492456283003804308,6027205971556095840,-935562859694548668,-625889921558124204,93169726804762092,35762935764204216,-4798522621450440,-1187062282931256,142015014400669,23228674770176,-2525143383422,-269056437816,27153690327,1837234872,-174657896,-7172216,648015,14640,-1266,-12,1 # comp 2x12 (2*12) r=24
38712138822962296,1147307987146668096,-870300454815070224,-1148892926500189072,854215989113161676,189215369509805168,-191204965840402880,-7285159419988048,18222592236898050,-296350996254920,-939806203821696,31662099295196,29245239587817,-1061303405792,-578334989682,18624584012,7397548365,-187394792,-60600260,1077620,304707,-3264,-850,4,1 # comp 4x6 (4*6) r=24
1371762061912,-10252700928720,2396356510512,61542414934132,-99946001625860,29233825430752,52440202242824,-50038296672640,9584062680744,8518499563272,-5793989009554,1133980560102,203152451382,-148711672967,26759495783,820002203,-1192642605,208509598,-9172130,-2355768,499218,-47343,2565,-77,1 # comp 3x8 (3*8) r=24
40227774432800317,82035238361039401,-1110641344638737771,-755617683095798691,816454850257801805,577132057536723799,-41171418674200352,-83656798891847971,-7054567135888352,4897593407852486,808442206293255,-128727173209585,-34058370135270,1027072581765,724740741805,20332790224,-8215081937,-540744648,46231265,4978948,-78842,-20866,-296,33,1 # comp 8x3 (8*3) r=24
10787061497060605,78100415722056980,-82556095453255270,-163755478025795780,220103847746544741,41366288211474796,-179919949037434418,83616934708835056,14918310105036862,-27284113411672764,10686363121921810,-1824137806450188,41963827921069,35782557787876,-5298753821518,72805775072,48544736230,-4223307188,-27922178,22074092,-1041171,-12556,2650,-88,1 # comp 4x6 (4*6) r=24
-1210116751261881600,-9506622122071325752,-20080560178521154700,-3595903519222284984,17754549971701205608,12666568901182974826,958120171277064897,-1452190331826289234,-352970856905457596,39579007134247442,19213154327337478,224263452056926,-449891186264697,-25925385491500,5439192379016,467137611244,-34917535916,-4022367354,104213279,18532086,-19400,-43902,-610,42,1 # comp 3x8 (3*8) r=24
-123664359580259,-291179904332782,97342043810943,530042427002380,75504240955503,-296706750494118,-88393269890517,65935747322887,24815571414115,-7386995145997,-3313063584377,458272768200,250612404622,-15827063693,-11536659134,269247965,332308285,-649791,-5984870,-49478,65194,707,-392,-3,1 # comp 8x3 (8*3) r=24
33035935243884536,98712881232910016,-282664692539385336,-38325642984742304,701347546538547590,-961461070425948584,675143638432760312,-276738345241215280,56550629149844470,4680914689291674,-7333971458591671,2554503598461560,-488905207175543,43138439002110,4279254392221,-2211265041572,417855658465,-51401555970,4541516387,-295540664,14109805,-481606,11131,-156,1 # comp 8x3 (8*3) r=24
-1580603427022031,-1735943016341520,231715359229725200,254470068855233360,-140120584201281466,-151285529009923020,35323730719219696,32838114278092020,-4598736038473391,-3337721323045640,275797212986908,182998107913560,-7009607365554,-5683789390420,34327671788,101587699580,1637046962,-1039269580,-31863196,5916740,237032,-17260,-796,20,1 # comp 12x2 (12*2) r=24
-418807489357529999,-420442021785029440,315517992389873704,448039995667140432,2011022003611092,-144506541355736272,-38548804546131174,13910339511445188,7025055678585862,-56521072331832,-472456672602402,-55943171106716,12900650027003,3057685726308,-55066236846,-65660528028,-3879770229,564898008,71778204,-310728,-422529,-17772,514,52,1 # comp 12x2 (12*2) r=24
-781252781034908469573,-9589850390558549842038,-35928540022384336313481,-47488259621028772902786,-16116583910165847059555,7783559109614978577958,5158079649900245120058,564899303153875576530,-135047108658778152928,-31060692577736528686,43185885994462749,489529941285689376,32003209808125934,-2690126232977270,-381884777583362,-3341999984554,1600219417919,80606885290,-1271183910,-219341786,-5319643,100210,7563,146,1 # comp 3x8 (3*8) r=24
-8815519256804831,24176051076145128,-2380126260042362,-26294614098005596,2323154689877829,9037933660399012,-697335484661722,-1503431016156868,112923331947970,141455209859728,-10692527084602,-8151524126764,625758079269,299849339388,-23425489118,-7145260796,567810898,109237728,-8814974,-1028372,84085,5396,-446,-12,1 # comp 8x3 (8*3) r=24
-208323080511326537,727038308361649395,673770474939611671,-923462930678889724,-254680907038562043,322571217032659444,23854844435418968,-48776933189905021,1054954121558878,3710595274696105,-269963955592387,-153773192441563,15941521717509,3619686279909,-455004221651,-49298016371,7172326132,385924149,-64898984,-1675142,333907,3650,-905,-3,1 # comp 8x3 (8*3) r=24
-589120095841,16515858643300,-105138976920285,161682088702016,49487911861916,-287267212550830,176820355473182,61632568474348,-114045372923426,44697526791684,587916354152,-5760113641160,1732087914691,-85855229418,-61209438782,14200404512,-674146958,-170328714,26221619,-448492,-169271,12238,91,-36,1 # comp 3x8 (3*8) r=24
-2196325822211659,-3296332126343395,5964161385765673,3613441704040094,-5523778525587533,-370570354876258,1775984419778475,-226856082581443,-255279834637034,64687163764657,16358738892793,-7014298341521,-189473649924,370639333969,-32182297361,-8802313640,1743898918,17474565,-31750929,2758746,83359,-30126,2227,-75,1 # comp 8x3 (8*3) r=24
-1978552297,-5672311569,13392636441,23220405730,-20583750225,-34888263102,11214510905,24641357391,-1739714988,-9418917917,-555752889,2095815513,280470026,-281146461,-50882697,23027444,4922712,-1142841,-274113,33042,8739,-502,-147,3,1 # comp 3x8 (3*8) r=24
25227252350376897384,42519396046438669968,8802560946265509096,-31760269296332926032,-34140404184531383268,-15310638722447311824,-2377162333343324664,872112487646745504,573811096322686830,133182500484104292,6927643771689322,-4534522060982524,-1477251163910309,-218751604658004,-12243990145746,1810167857484,535477020565,71028988124,6226329910,389455068,17628405,567540,12370,164,1 # comp 4x6 (4*6) r=24
85820218106358400,-127305408612714688,-54170600520940800,145176318390650592,-20199938714693968,-51490774598606176,19202007645709904,5444682582177840,-3749335869186872,125088203900324,246027375050096,-34560610406618,-6828026961281,1626592276358,66685938364,-35717045088,546049603,422387232,-18469216,-2740874,167365,9110,-668,-12,1 # comp 3x8 (3*8) r=24
-6652075903971321039,46123452028064833830,-48997039548593040195,-522849808331702594,22236944616578110356,-8749697530413638412,-1268960931883162713,1402516399955683362,-179514033790065333,-55247224350622368,14868580765705188,305194928257434,-385696138978035,17216147797830,4835593463850,-377501012168,-31979197296,3465643920,101213989,-16697682,-44358,41478,-546,-42,1 # comp 8x3 (8*3) r=24
1141593815273611536,-1263470306929278912,-1793011802780211264,979565438917000800,1062638875452864240,-138207007575510480,-216651345134934456,1858169468756976,20182222642921364,585662403388672,-1035077168263424,-40529048579316,32125965358245,1228212947848,-632309124002,-20584830508,8018587323,201298544,-64839068,-1131692,320363,3352,-874,-4,1 # comp 6x4 (6*4) r=24
1799844274232,25429269615360,-166015624159296,284307510584800,-34735381846640,-337569124623592,288376611746412,743728237488,-109411026572612,53660060447408,-3412618243272,-5279020788472,1851161519034,-132292085080,-56583865348,14502607368,-767491310,-167342322,26950213,-512704,-169913,12494,83,-36,1 # comp 3x8 (3*8) r=24
97143089354829025,17513961451412400,-6066062364251707920,-1092653752568299920,2781714476356511526,439228279292322996,-460849507198763728,-58194710554008868,38621334878291521,3701684730155480,-1861452232089956,-131275963258072,54944279099118,2792330169884,-1024594842772,-36718190076,12166749418,297827908,-90660956,-1435460,405736,3732,-988,-4,1 # comp 12x2 (12*2) r=24
-176198086454792471424,-2436775778361777523680,-8027999118492890409600,-2500962330691350640664,2243616010514973018252,407371208316205080612,-260368107867879160309,-14919427835914869800,14471877426165615106,-325680130569081884,-392893947355788608,29519750448833214,4940283627297739,-628877050396720,-20210564137788,5850079228880,-115542733076,-23730954304,1278478825,24864248,-3452166,55716,2440,-98,1 # comp 8x3 (8*3) r=24
21228887,-39511132,-216197005,214623164,553773091,-412080908,-674206579,400283267,470352277,-225248299,-203701831,78033716,56758748,-17044425,-10289960,2347105,1206535,-199761,-89478,10048,4006,-271,-98,3,1 # comp 3x8 (3*8) r=24
20999623742896900,39059142143527500,-91430351655450900,-141220699150644640,3670911269723770,52814069728590650,6526294918217736,-8191843910398682,-1443212349443225,654719477795230,138035798191062,-28390484109206,-7193598743841,631238590080,217639026838,-4615923670,-3845779352,-80021250,37970804,1965536,-179273,-15290,160,42,1 # comp 3x8 (3*8) r=24
-13402653362267787,9027913545297531,15950632578685515,-12801779848455129,-5345900533778733,6031610826415785,330092200629648,-1311776233681689,152259544759626,140469869169170,-33851673848049,-6439127937495,2842319491498,-19839463053,-106209947103,11779082516,1325325825,-338329548,10840507,2672196,-270318,1646,1014,-57,1 # comp 8x3 (8*3) r=24
638341563180741625,8558285512814133200,9437634632099885710,-45088354367946503240,40917901432194731841,-6175822572617318968,-14472234906605831858,13141610620576889152,-5784679947503370014,1492543824078789952,-185924878581194530,-18810938828086648,14909291880971225,-3875980067639656,658507701057658,-82120746258272,7824018598594,-577947957344,33153462906,-1464646088,48900001,-1193272,20074,-208,1 # comp 6x4 (6*4) r=24
2067635921107076,5485432628767392,-5163088456033704,-8210057314259648,4524733798732656,4395508838003376,-1866913829664844,-1030706452797936,398528805772089,111915773565584,-42756444262512,-6385808063952,2520603302548,204316402224,-86886655128,-3735049168,1802598570,38183760,-22528328,-200496,164196,416,-636,0,1 # comp 4x6 (4*6) r=24
849626264882913792,-9057878876310392064,-7841723421523706496,17225341595604280232,25712632001570583888,10372543551299430900,-673397658729733335,-1447416880068899058,-239300588750289618,49532856029316198,16289498866367742,-115577204509062,-406640549618329,-20288648673828,5040516130236,409516881652,-32998655124,-3667779096,102148847,17370006,-34794,-42370,-570,42,1 # comp 3x8 (3*8) r=24
260285897770103284310129,-461965267790340853977832,227097476124679769793708,24982296474150769048180,-62802059186820060329113,23261121930907293701548,-2445804411042034274152,-772125662373382877764,313694343164281985341,-42213459184251886500,-615630433611881308,1128416129797729256,-189393100126981283,14065003429244724,164063058869158,-163343337613460,20819301981739,-1608093876612,87211825862,-3452909960,100051201,-2075608,29278,-252,1 # comp 6x4 (6*4) r=24
13150645715217139712,-454755934012456737408,1909614790578868745152,-2512868088549291825176,1236512258796155179748,-48290785445778289330,-139324985612331145877,28074596019580893240,4952053717503114432,-1522236399587960168,-86882651715706344,37211841190243982,1052986834814419,-497442098674048,-11196166340856,3843686640544,89989914644,-17338510174,-442826463,44761480,1223640,-61056,-1744,34,1 # comp 3x8 (3*8) r=24
560464910256505675,378956545138150395,-5111822452398683586,-10947345602174466043,-6734592254365172355,2266481019568253373,5457717533055020828,3362564354564655141,1055868378779109840,156924219338508199,-4113178631671878,-5974941811721223,-959247309246306,-28732176711270,10753781719161,1534861103343,48557677113,-7265139249,-859782595,-27920091,1249782,152302,6195,123,1 # comp 3x8 (3*8) r=24
4583513880436042752,-748892216945649344,-9940482961146290880,7338917272414640032,1885418495656343024,-3636694570970226848,985081413657700816,302090171856074160,-223184188863885216,34008402248777796,7588798227238300,-3698059960096414,475496322871563,27849830581962,-17213289072004,2317280062592,-88684551789,-15693625656,2968150764,-259835726,14260753,-515766,12012,-164,1 # comp 8x3 (8*3) r=24
58649111878199745049,90145857047773066848,-114882847743544976456,-47694003080648230736,48273890408959268398,9784597066422575340,-8555901462020207000,-997889730239113124,748173074758613601,54748840175496792,-33998385772629660,-1650413853813080,826946681300998,27258884776388,-11340520078132,-252257160892,90679458386,1336289372,-427614508,-4004164,1163912,6284,-1684,-4,1 # comp 12x2 (12*2) r=24
9734819467732823,-1974946590189272,-100754514474836752,134363058294571314,2941372095364610,-53517824685610300,7151788935086326,8469224302784670,-1537202493853541,-681954143857092,145453075115766,29586202235018,-7538099733035,-654213976930,226932870302,4666545042,-3986669180,85211274,39016746,-2041876,-181301,15614,152,-42,1 # comp 8x3 (8*3) r=24
936630955884965184,-4884813936878065344,-12618108273288240608,-5174996221695666656,3097748477431498688,1927024628183552400,-158753470215361192,-229713689832644776,-12518690244054560,12242057747628156,1489011263314882,-326978474305286,-59586573698647,4109684696550,1233883201148,-6809231056,-14315768705,-440055744,90491362,5305234,-257257,-25170,8,44,1 # comp 6x4 (6*4) r=24
132184313689227875,1082353238052346225,-5797286023500169585,3538518080631805660,3470039905616281867,-1237479153229031068,-895362520240432473,98834205673136977,108842418147988514,4968394024738543,-5638239394218727,-797644225554677,100410631087890,27080432737539,169262093689,-369401159436,-23702398994,1859358585,244415115,1453640,-848503,-33224,631,61,1 # comp 8x3 (8*3) r=24
-1919922489947622543,-10421654919639132886,-14434540964038719107,4716880857901053282,21144225100030546756,12808308010587075340,870081271627550247,-1429474593211738978,-346007549582568725,38742332034807488,18967473404109076,229496998333414,-446736162220611,-25912796895046,5419950677834,467263456168,-34820868032,-4023979344,103770821,18529266,-18518,-43878,-610,42,1 # comp 3x8 (3*8) r=24
-2584698806024,2543893597248,44054783504040,57463128264028,-56764428756516,-201299801455776,-204174934765576,-90118383468192,2324767390116,23865594628224,12441819389790,2453936186088,-365271798450,-356502479169,-97119607803,-10555220835,1315892559,740389446,150348438,19112514,1660146,99227,3927,93,1 # comp 8x3 (8*3) r=24
-4811694643176505969,25239220436005624437,-41683260436488671926,32384156691201531814,-12176070042646474096,984246531740985494,947873218328977731,-350732044106229946,21903040221110121,13324072668852972,-3079064590916593,3231510219347,80511569917924,-8591706216157,-607716133855,170966287942,-5182874210,-1266958463,109895132,2002861,-598759,17465,883,-61,1 # comp 3x8 (3*8) r=24
127513621933504384,-19290413707699501256,22857814345804288680,4716673874870416900,-16904800327418980163,6010496977059475200,2075551932814115338,-1881144156646962916,348480843595108483,71043840270361772,-41175960805935564,6047721593580108,178220885030221,-176057385542980,22681335112834,-544798982024,-170275781951,21328550724,-882736248,-28295440,5333683,-296744,8878,-144,1 # comp 8x3 (8*3) r=24
-104649429769959,138314195045337,1814528126845407,818512021997761,-1966805227786085,-1229115746263745,601953883626644,528279629243661,-32667376214990,-94619831290830,-12094269149433,6992688015451,1923223982674,-112291641167,-95658514891,-8049118836,1442926477,294133032,5985867,-2687240,-244682,-38,1046,57,1 # comp 3x8 (3*8) r=24
-9243184025,-29723293940,924577427317,3065784743440,-809056300758,-7645995746520,-643796475603,6069964710810,794371377107,-2134694722530,-251063314299,382019307320,33730454728,-36855121260,-2286248810,1957318200,86817156,-56855060,-2072190,876670,32757,-6710,-288,20,1 # comp 6x4 (6*4) r=24
232415593792,8427792708320,-24454686662480,14328047273592,19655845662176,-26679676824516,3612135725312,9207204524902,-4255135997000,-874715383557,945647383761,-70301698203,-88130594165,18826699627,3330956161,-1327570783,-2745341,40269033,-2799717,-512993,58009,2453,-413,-3,1 # comp 8x3 (8*3) r=24
-175315061285925471,-1412637893762504400,-512330852082825648,6011395670686797600,-872647790899839584,-2052520319795325872,258218717678345788,280533624671505392,-22250423991820912,-19974355974277696,655995863051240,795304860113456,1857660415718,-18181106730736,-463284138640,242732595296,9700247120,-1895587984,-92896708,8377424,459200,-18880,-1112,16,1 # comp 12x2 (12*2) r=24
-588069632,55059541888,-128891643632,-36167467296,247075266164,-24587420268,-207144705841,29653634993,97217516032,-9774376995,-26993456796,1179228393,4439227471,-19579774,-438888500,-7373702,26350456,684678,-954543,-26035,20116,457,-224,-3,1 # comp 8x3 (8*3) r=24
1181720217771,4152793661820,-7825388190543,-25058721568680,13040744979810,31921749341040,-8807305604779,-17202969770530,2932614144443,4670974447290,-527050631647,-688350802160,52966500984,56728895700,-3044274650,-2647748120,106856840,69432620,-2499226,-993230,37841,7150,-312,-20,1 # comp 4x6 (4*6) r=24
10020876596597393869,-2642513550921445630,-40087567245773120280,11487274438774752434,17696081745470280405,-7933154424347940672,-1750216075420581843,1594974348757789021,-172932862819764986,-97191534365242354,32626309482680118,-1723381582031028,-1037667522838146,267215476540820,-23231191206126,-1583919720521,702503841909,-100083580694,8862775168,-543027397,23589743,-717815,14608,-179,1 # comp 8x3 (8*3) r=24
-1739562376272343040,17800720760764350464,-60450762407755042816,91941737174136299520,-66488792204327377920,19710854528323072000,1945598371866608640,-2944773488696565760,674915114779640320,20710104222604288,-35925955819176192,5758866467134976,87241147464256,-142273443800832,17717494172608,-231471401984,-162659197664,18300109632,-624273648,-40253408,5657572,-301552,8908,-144,1 # comp 8x3 (8*3) r=24
-525808663824071,-586166187766020,4090519631021658,3906446674936452,-5821853581309333,-2997206404855140,2402840788539220,1101143656144152,-390441137375591,-205204889686116,22416077627102,19604717975064,523792070127,-930808322496,-110312544218,18011257260,4267463473,39907236,-58655312,-5324988,72427,39912,2758,84,1 # comp 12x2 (12*2) r=24
43786285028017245025,10151269340234022000,-53467779566683756800,-10892555542845431280,18661750834429889190,2753965135626583140,-2917136514625276000,-309908171629740580,239032957026168721,18437002601134904,-11017906154916020,-615279322624696,295970818223646,11693230061228,-4719108656980,-127406784252,44873951386,801531412,-253250780,-2855588,824056,5316,-1420,-4,1 # comp 12x2 (12*2) r=24
-332346869047719,4266051401116231,-6533599171469051,-3366000262742909,6809665528283697,2030747546770717,-2534801559253240,-895468296521721,338091054422788,160480574049626,-14313929563821,-13378301529203,-478062692686,549813534847,61333423097,-10304756592,-2006993177,45072684,28471361,1049176,-163286,-12890,140,39,1 # comp 3x8 (3*8) r=24
9759276165880144,445833306665342768,-570598041435989776,4307810887922912,246560999048353760,-71441176647726336,-30676606464239896,14612885855439064,1089913203054456,-1242704428161544,57611098962700,53823756889884,-6393743514655,-1183857963417,233209813751,9614059448,-4230638379,87756771,38934628,-2336303,-150551,16226,-15,-37,1 # comp 3x8 (3*8) r=24
1751521610378740,6569052530689188,-96707871436460388,125853557163696752,4386927954944650,-51154582913732938,6592634830491648,8142121608745306,-1454097473964497,-655919976340190,138280867307718,28499711500918,-7177093961697,-637118970864,216988141294,4818729446,-3845881448,77266482,38140148,-1956880,-180449,15322,160,-42,1 # comp 8x3 (8*3) r=24
1669349739221,1144302268197,-10104174060656,-11845921829690,12144845328724,23183889538474,4038787694829,-9561559092022,-4792073738333,961466992976,1113044241901,93905585419,-102184538694,-22932110305,3554314049,1516366042,8490394,-43180983,-3107458,530361,60529,-2499,-421,3,1 # comp 3x8 (3*8) r=24
-9484278892082759631,-12900089687926213060,31257498849424217902,-5057277471752242892,-14955136893091722801,7597042014575416348,1106144754694273836,-1723216694008164044,374384254667348353,56962595175496916,-39189403871157738,6009058219790980,164883795405127,-177045725900844,23288142355454,-620129687848,-166787667287,21449677824,-909083304,-26635816,5277643,-295720,8870,-144,1 # comp 8x3 (8*3) r=24
105759828761090875305951,-1232504626381122050588433,-2996985119344847188752000,-2967051951495153774104587,-1646797868585145538454421,-552262300972641851847423,-99849327790869926353462,1582774838232246596352,7054507333325432578707,2470003176429226873189,537116102897471271228,85740521651284668150,10638092510592309278,1053420836449502832,84371916642744018,5498219687623074,291707191986192,12549694172871,433932551523,11881041978,251666127,3976030,44088,306,1 # comp 8x3 (8*3) r=24
881559565796123,-4261974209125634,6247546095738935,-2015953935186123,-2599920611959461,1899065786339149,234081110028647,-463066317078767,31359445074736,54487934610702,-7777192183176,-3598795358314,656111292735,141195522215,-29378750360,-3346660744,766876048,47592477,-11918338,-391428,107560,1698,-515,-3,1 # comp 8x3 (8*3) r=24
1139882385473,4781858628743,-10644768964223,-26573850177295,36337305414143,36548882802437,-39685635060718,-18644008676107,16569110984176,4300874066502,-3139634102599,-509838419041,311913528522,33037925499,-17401948555,-1198600136,558753349,24447126,-10289013,-270278,104428,1462,-526,-3,1 # comp 8x3 (8*3) r=24
-75830987798201875,86802092500814050,137355476065419775,-99615794003376590,-63621660419640135,37338474071517148,12529733537832815,-6475854994162381,-1189268153810879,603139194825163,58809103134151,-32832114488934,-1488521098056,1097821268899,12996747474,-23052520903,247933085,302855951,-8049556,-2400948,91184,10439,-484,-19,1 # comp 8x3 (8*3) r=24
7255875633471321152,8136469440483468544,-4981357200282446912,-4858010032474850432,1399381853644873008,1136252467981950336,-211687616793193856,-136305936852619584,19070023445173196,9214167975881552,-1069897009461876,-365388680990376,37982345450733,8647604242320,-844516980698,-122332425152,11482111923,1023787644,-93050464,-4887884,430731,12132,-1038,-12,1 # comp 2x12 (2*12) r=24
14776336,0,-232627080,0,954284385,0,-1660739966,0,1462792359,0,-700664628,0,190439757,0,-30780354,0,3038349,0,-183284,0,6543,0,-126,0,1 # comp 6x4 (6*4) r=24
-304064699183937,-3211443377331417,-4067246257877601,2824572987350937,4527800988650865,-1562400394748325,-1820856354064470,656223307016823,273448328716260,-125009830332216,-14078435000985,11235280128345,-258673846266,-495009995193,50738655843,9915206112,-1804246659,-52167870,26867225,-919038,-160656,12318,156,-39,1 # comp 8x3 (8*3) r=24
-153020119064420011,349805109351286218,-119920401964391633,-177869852600602814,84167493131881369,35925349700577796,-18031818968867859,-3870214694306521,1944263096631811,248861010154079,-122704629236333,-10132626472742,4864772207898,269659162187,-125389988536,-4746070295,2122722523,54760863,-23309704,-398544,159070,1659,-610,-3,1 # comp 8x3 (8*3) r=24
3270346647415355,9060482873994759,-28136880679977833,-5497220953503406,28797335820130117,2354429664126800,-9681452897457588,-421482762483899,1424000170400692,38601666658471,-110687963845355,-2158467938401,5011603361247,80964999169,-139389020203,-2019579205,2437687678,31833939,-26730532,-297456,177445,1482,-649,-3,1 # comp 8x3 (8*3) r=24
52610813676612345584536,61131621653441799392816,-25330464455171295495604,-20622356775685969234608,4823765216936989559490,2165999286194921819668,-332323134715699897143,-115481180199839745232,9996684246006271120,3538046401178652986,-120083039345697506,-63935042773611242,-258682238283827,677947421392010,21654247626497,-4064761965122,-230938484987,11937968772,1128843229,-5126124,-2600018,-53706,1937,90,1 # comp 3x8 (3*8) r=24
204529792168,39509966972,-4024926193190,-4172306473583,11958909335247,11042652036712,-13567115776912,-8667359455975,7344349614763,2420916607338,-1718329385100,-319649120747,199475485745,22707995906,-12533763868,-908298719,443098675,20347398,-8816842,-242199,94999,1380,-502,-3,1 # comp 8x3 (8*3) r=24
76276777978605102817,-124114802193836689368,56525810144712263946,10693116298584221904,-16029332373192465985,3147565805278311396,983407069447285588,-443215012334206368,8141780493204721,21193136594847864,-2821605468257518,-401814525753732,112103857180563,-504873600420,-1958346164294,141565208316,14226843109,-2192848212,11643472,12739824,-687257,-13116,2410,-84,1 # comp 2x12 (2*12) r=24
-367813612641700074136,916647064641151486496,-773676300245223856620,166465234438050301112,103035654826168889828,-51514201770521345744,-1604482530172204356,4300862329978912948,-358750330543920416,-165294254314101424,24106150418997816,3103895509536056,-672849992795007,-22935775627636,9893520139026,-103879454212,-79486149625,3017087116,326157876,-20133284,-505145,54968,-282,-52,1 # comp 2x12 (2*12) r=24
-16550561769731933,76532686684617936,-42524767116377904,-122095472962068072,2747023567278597,45124680176690862,4829954395684604,-7034342338468902,-1147328697983964,560784163945404,112517756070636,-24410216670588,-5935535761587,560273005674,182619335124,-4823815578,-3323558508,-55108476,34354752,1655748,-173835,-14082,192,42,1 # comp 3x8 (3*8) r=24
39975960337903714433,194665548569099825280,47008755605603583552,-135599902381521630112,-30878966315399461744,29192732515511061624,6238719908205625146,-2662791745564442588,-569450332559632034,110830253613907536,25967996026096482,-2169489303813148,-643346442247177,15607168694540,9054964887042,102593305252,-72225153321,-2591719048,304297768,17618232,-520781,-50948,-182,52,1 # comp 12x2 (12*2) r=24
-26316520676635280056,133333759224734525576,-145832055626042124180,25123893894242068232,32842555630625505908,-13101265962224589824,-1923433665856841136,1529460661225614628,-39277970163629336,-77318580059099584,7560818680128876,1926458406935996,-294287951432607,-22365719407456,5453022712806,49430136068,-53224365445,1412270716,263261796,-13742384,-521765,46388,-102,-52,1 # comp 2x12 (2*12) r=24
3145785695120953425,-929710793035365025,-4330269637242670699,2187886691096239139,1147305522169364581,-834649706173960839,-29881918750943740,101001332722736827,-9931907618760212,-5434496083776566,976065193175291,133444733723241,-39008506481978,-835115511061,803209996541,-26715533584,-8836311293,620574984,47708165,-5429828,-71594,21802,-328,-33,1 # comp 3x8 (3*8) r=24
653471294914594472,65524551261703924320,848085700540827041264,434121433112391932072,-144349546578554741140,-90175972976892439488,11886118424020360680,7589833478085496048,-747370481432180718,-330073418955483160,35431566400159052,7560623267973098,-1026112876868439,-80229228669192,16100543569834,148452243042,-127081228619,3486281816,466114984,-25414322,-567349,61896,-446,-50,1 # comp 3x8 (3*8) r=24
-589242916715769007,4659008092309939200,-3263664123019182648,-5949970647599088848,6186037871799434876,-737973460819108704,-888598356277515654,250993081088636348,40130239765096846,-20357023463117016,-42493019037978,761323545764668,-50725976579197,-14433806752340,1703637844722,124108126748,-24986959941,-71945912,177283828,-5942232,-525401,33788,178,-52,1 # comp 2x12 (2*12) r=24
-139389885077792115762,-350307121294975519512,-284664495527871448572,-29617747363036084320,81529218001982949750,43926139122747773391,3754050145029878775,-3333779321100199413,-1005499430426327463,-6754218840864800,38857221019115852,5261309981937128,-319813979126834,-129571576335771,-7034991019473,926067702367,134849909063,2681320700,-596361362,-47956524,-711474,79153,4853,113,1 # comp 3x8 (3*8) r=24
1110358453,9779536801,28582836472,18143122487,-57378115485,-89492998537,14675695082,83696333041,16085992084,-33534643539,-10391477586,6830028731,2450899148,-780089654,-296478241,52481315,20229691,-2106825,-799069,49143,17944,-606,-211,3,1 # comp 3x8 (3*8) r=24
572756058171627633,1182325501766196264,-29776823344035101288,70377848814669360256,-60643364411030614406,19884065530587824104,1577345708804540804,-2934155908234591656,702176251479308677,15396431564431128,-36286483783094888,6012990559336264,55603082870014,-142572416200688,18196632519068,-279139651824,-162383597102,18648925536,-661046852,-38288888,5596312,-300488,8900,-144,1 # comp 8x3 (8*3) r=24
255812496704,-717524611840,-10720911401024,29857398801920,15638301242464,-42035733990080,-10257398395640,22119823475200,3456830705573,-5725200504660,-615748336170,803348802340,59435431827,-63374410340,-3284191348,2854501000,112905725,-72926080,-2617576,1024220,39223,-7260,-318,20,1 # comp 6x4 (6*4) r=24
2402766591100638764,-1561071625418656000,-2236156021971666212,1465123759643007968,671572163941121124,-442203269520003120,-97315205278962428,61681133458573932,8465212654714412,-4638815407815128,-491681673486144,201705071284728,19126994449077,-5218617029088,-475291042718,81103668728,7262403639,-750119640,-66220672,3972152,344439,-10944,-930,12,1 # comp 12x2 (12*2) r=24
-162555492191,2253689277263,-3114686019479,-15108035328431,21107935625007,20785167908101,-29057585067598,-11052787074883,14837834696824,2619567299742,-3106491892143,-328107520793,318876620546,23407477283,-17763922819,-948727688,564857557,21318606,-10330525,-251406,104596,1398,-526,-3,1 # comp 8x3 (8*3) r=24
393390960736901,-2154549976251136,3904663694222589,-1957763801873815,-1759561668902983,1929432858698703,51378593227191,-524435707530757,66991894417756,65361295795460,-11976388356026,-4367189468946,918529181195,169177066507,-38503086442,-3924612410,950831956,54386751,-14047446,-433150,120538,1802,-547,-3,1 # comp 8x3 (8*3) r=24
15354384576387725,56558031785695,-52880002488015769,-9587554892172848,42160608661784173,2439306180275276,-12310359748906228,-58980059061053,1682173706523250,-19563519725615,-125567436584311,1938352849573,5551092254141,-86518876197,-151966843799,2229739277,2623625926,-34622205,-28388520,315026,185467,-1526,-665,3,1 # comp 3x8 (3*8) r=24
-2775599002603552768,9612782732250476544,-6136675050598955008,-15792827407505840896,35159936630855358080,-33630197811498703808,19268315218725352128,-7087117359143924800,1596510983361514048,-138231923533396628,-41803644105650554,19514603082781771,-4061630095471307,493712778365778,-25483499714196,-2903300234131,832599225607,-103932144008,8586468662,-507653995,21768035,-664790,13752,-173,1 # comp 3x8 (3*8) r=24
60913537802445527425,-100243997934668465100,45266342774621992690,9888828211900743900,-13699929163590177957,2573782973879581956,900349389683463588,-386895259893861528,3666573087313009,19364719326135300,-2447900734239130,-390243510846936,102611794116871,87395404848,-1864693774778,128001515604,14230010977,-2092823220,5947016,12613500,-662909,-14040,2422,-84,1 # comp 2x12 (2*12) r=24
239,27785,-82645,-999793,776716,7678471,-4978633,-20095084,15168442,20197721,-17791165,-8876125,9730130,1666653,-2790671,-65966,451126,-20004,-42783,2965,2389,-157,-74,3,1 # comp 3x8 (3*8) r=24
2289346821897714741105,-2354842479252293811174,-145327483002903172217,914049175115337537518,-261683928095079797890,-71285311875923658206,43675883695132077295,-2328632340171703052,-2254346902339908059,426643005676219184,25120400622987636,-14294621028685174,905686350002337,148113855704234,-22582814007890,82121191340,170752347814,-10004254872,-321845677,53527212,-1427258,-59616,4708,-114,1 # comp 8x3 (8*3) r=24
12915751070460169,47326592679485280,20510897009955320,-38849213966682640,-26976864228749266,7692121043205180,8357112200160136,-179372907888780,-1140136191968591,-93444089080040,80138114528068,11301490578360,-3044321678394,-579582485020,61757560268,16037016380,-555918598,-254119780,-982636,2280740,60872,-10660,-436,20,1 # comp 12x2 (12*2) r=24
-773559409414831793544,-2030192707444591248384,-410351295600249313484,1451612026065343508984,-47394279629515693452,-271143407434702877984,40798420641746545916,16131497008764129396,-3409489671552167472,-412900105443055056,121954203230510064,3962077125305688,-2311351389444663,23724483649884,24649866467442,-892161254532,-146119242585,8250522876,433534572,-35506404,-394657,70984,-618,-52,1 # comp 2x12 (2*12) r=24
-583222846262635100,5762031640286613600,12614299002338978720,8577512010876457920,616490151022290044,-2203407329913017408,-1265521587284741712,-252354470171068104,27510936800519065,25934353770624392,5601139291010388,334943569440876,-85654738000820,-20268019730248,-1309734472842,117578792356,26452250720,1399115652,-72954832,-13254524,-544535,13212,2078,76,1 # comp 4x6 (4*6) r=24
-208323080511326537,-727038308361649395,673770474939611671,923462930678889724,-254680907038562043,-322571217032659444,23854844435418968,48776933189905021,1054954121558878,-3710595274696105,-269963955592387,153773192441563,15941521717509,-3619686279909,-455004221651,49298016371,7172326132,-385924149,-64898984,1675142,333907,-3650,-905,3,1 # comp 3x8 (3*8) r=24
-505472314579031,-4166111306144736,7021119886324446,13305922899622372,-10367412138026211,-4850830191117020,3872839568938590,587179865338940,-628411942115054,-15747867136072,52924244266558,-2029192516044,-2529467876155,194321539804,70997719042,-7523694156,-1150976718,157138968,9669122,-1838052,-23075,11268,-190,-28,1 # comp 8x3 (8*3) r=24
-13258095470347559,-58354625654021424,15414570623872,42307048586780740,2215862320656966,-11598540512122036,-738624261180898,1655880095554624,114647457467593,-140487227870128,-10244538608776,7575700978324,572890915467,-268422485880,-20854647602,6308389028,500434708,-97046220,-7826510,935612,76465,-5108,-422,12,1 # comp 3x8 (3*8) r=24
1056647508344,2747415021584,-14093402613184,8761484599476,16647202632588,-21992563518520,1944202792346,8981229409268,-3873290768402,-1002590017605,946450563867,-56307899105,-92051098047,18725155591,3541957183,-1351710557,-5391155,40835505,-2796967,-516759,57967,2469,-413,-3,1 # comp 8x3 (8*3) r=24
-392790232537351,-6196351365594463,-11894720471545007,6519499802966362,18618450638455433,-3480572394546696,-7874008761410021,556515972022689,1267997784261406,-43648487868075,-102723970302087,2159762258829,4746495575436,-76498764117,-133442600081,1891305714,2350139410,-30132747,-25939555,286158,173539,-1452,-641,3,1 # comp 3x8 (3*8) r=24
-212551077748218882,-60220194880156524,1304784389583333152,1909781936942546694,756998602866691435,-198641941896834690,-205146532252782070,-22981997073849300,15025769222815861,3901724092076694,-303529261240294,-193724699560770,-8311928867723,4281810472224,477588291350,-39625803546,-8526837455,-18933090,70549688,3061548,-246881,-20406,68,42,1 # comp 8x3 (8*3) r=24
-40797797436287,155263468304859,470177301885207,136395601057179,-336486454262766,-216846843582441,46691186918057,65063750906460,4852973570430,-7946370305767,-1507095778197,501697655235,140273750318,-17616525531,-7033899093,328112626,214976688,-2082000,-4141953,-29955,49437,601,-336,-3,1 # comp 8x3 (8*3) r=24
11707677748489,-231081885786288,454885948289602,-122182124549862,-388298913300801,388446549490494,-75137612665403,-83459281511340,57504842934580,-9219405339138,-4442814115015,2455312552956,-357649455040,-67631838690,35482326529,-4981743408,-198616346,171920634,-25244601,1177272,130447,-25038,1813,-66,1 # comp 6x4 (6*4) r=24
-161734996999703888,-1278718661958879048,-3960654420014541052,-6597551187295973220,-6560794510620385788,-3832306944044912838,-875580381224616887,579559546712231631,718677791703890408,412047054086014893,161259345313893839,47332257415435166,10839920814852323,1976540048566603,290017726375857,34404216432714,3299814729075,254809741075,15700360745,760552186,28301453,780035,14986,179,1 # comp 3x8 (3*8) r=24
-178644267684342,620579642319792,2658489735722202,591127116767691,-2827198372079685,-1491728531957562,800679130645202,652612755546009,-32808896394309,-110437235413200,-15570375717708,7418252517543,2179728444459,-89305394958,-99940081266,-9003387015,1427384889,305776530,7062450,-2701647,-251973,-456,1038,57,1 # comp 3x8 (3*8) r=24
771922348832,-2672863056896,-7486333441664,13413622001776,21510529189552,-21192106287584,-25182724689840,12664836461056,12364855498192,-3142474873960,-2584741152032,391065239048,272273656170,-26681383180,-15757665944,1026608783,519988291,-22143696,-9793926,255330,101278,-1416,-518,3,1 # comp 3x8 (3*8) r=24
162533118414196941855335,334001949798382237966900,159753574716012437858126,-42830030834648358121916,-65213388187385197883421,-23402482695168921837088,-2425781945428731766012,794398260017142062404,323141417171914786027,44259641146034378980,-423416903095464114,-1143594696215004128,-197267913002690829,-15406471976467584,18959401435558,152164216294244,20182558856215,1581042785196,86362418756,3433726904,99756067,2072836,29266,252,1 # comp 4x6 (4*6) r=24
-2171943240202512124,-1323068232588918784,7855293283704822376,-5817522961755008592,-243753468684539320,2212040532351245544,-1133035267914167324,184666927660050632,45111818338862773,-28285988725306132,5633917452654720,-294888375380340,-90856481778382,20197307722324,-1237824084362,-122133014916,26034984748,-1325494328,-75757210,13079644,-522957,-14048,2090,-76,1 # comp 6x4 (6*4) r=24
16832826852347141,8878531086373517,-52799591790969843,-21173333741824066,43769820464258285,5927721795315216,-13047202578088029,-404111281945579,1783162498456606,-5304169835947,-132509914312559,1710517233189,5826871371848,-87374951201,-158629294645,2306940094,2722336954,-35656863,-29256735,321074,189583,-1540,-673,3,1 # comp 3x8 (3*8) r=24
-383868352,-80560004000,-209540661552,44327083504,391229630432,45683877216,-313764717768,-46983040568,139005738748,15149759974,-36331475063,-2036601513,5676880742,90858029,-535813450,4344053,30772801,-622092,-1068255,25465,21628,-455,-232,3,1 # comp 3x8 (3*8) r=24
-797031822193231,-143715349013680,53373060675670080,9458154680434640,-51783350002075066,1672913131464220,16332487802555456,-2342219794680820,-2100474232585791,411304412371240,134841961963948,-31688038920760,-4603106062114,1311769442820,78583419308,-31127686780,-396393278,426616380,-6528156,-3272740,106392,12860,-556,-20,1 # comp 2x12 (2*12) r=24
-754321558762307072,-4106390313960551424,-1439594401110548608,6305312259330899328,1256940297800612896,-1961791368620858112,-443654750503647320,227779446799987416,64079154847643740,-10598434847758344,-4315350083754166,87523663182270,141715457215597,7753021685154,-2206647387476,-252191014224,11673669715,2985104244,67075562,-13645338,-912701,4338,2296,84,1 # comp 6x4 (6*4) r=24
83412120771,172541376189,-2473731265887,-3742762120842,10758089136567,1964007899598,-7775649367340,-467994638811,2456996093076,89189365729,-418496313615,-14302496259,41941665195,1460354091,-2596798491,-87842785,101421252,3106623,-2484618,-63252,36729,682,-297,-3,1 # comp 8x3 (8*3) r=24
-15589893084504119,20953876528150000,16255343958066496,-24877680815333908,-5162852667030810,9404568409272100,399458055127422,-1620427978111728,36681998170969,153418803973680,-8168124001752,-8776787101508,604132000075,318533976808,-24515605858,-7472936388,605948884,112513884,-9336030,-1045148,87409,5428,-454,-12,1 # comp 8x3 (8*3) r=24
4548908834238148803,-9734024108935370730,6214559131166853634,626743187404800022,-2439401264978647850,952683198535846018,24551143196769872,-108020368706845164,23195340213157633,2061983255672976,-1448495281946576,129373077787156,27417500390110,-6057912449588,41198574836,90547074504,-7034989010,-465267864,82839220,-1153550,-363086,18886,344,-48,1 # comp 8x3 (8*3) r=24
-6868441,37863734,32068481,-258990178,72285121,523179400,-315418261,-464802667,372471715,204298685,-210736957,-44136118,66025958,3495957,-12231728,289663,1386607,-79845,-97242,6310,4132,-223,-98,3,1 # comp 3x8 (3*8) r=24
12483739939650112,-42919640458427520,-432139207626765952,53756288951489984,1302536616479102768,1200880354346529664,186700451225005024,-223621242902440736,-111476221130328868,-7256043524702376,7254871531713864,2065191292664092,124138238621673,-32261359687284,-5990095510518,-150065224272,49483152795,4779404016,-1567996,-22797572,-1150961,8684,2602,88,1 # comp 6x4 (6*4) r=24
-125763169903190472,-310596076764251328,1712646147053628240,-2052546735240714352,740007543587060116,219998482899779096,-208839553994371624,22577092057179960,15237266467430674,-3922630153903056,-305366121791232,194294508045356,-8335765754321,-4286766282850,477922025516,39673844118,-8529327839,18297156,70600152,-3059704,-247175,20414,68,-42,1 # comp 3x8 (3*8) r=24
110640638901889,518923063630146,261065659013627,-829999262329164,-455701443276213,476991913248360,250036110334159,-130849963090104,-65606296960208,19334610470358,9179587717980,-1713445415352,-728434567429,99040908138,33572653852,-3885296424,-883668596,100338696,12281794,-1543908,-71282,12072,-5,-36,1 # comp 8x3 (8*3) r=24
71672913660849576,-138343540637566176,-1350207543884082336,-552554801107472448,987801487131558176,601149101814240116,-50434067391662668,-87630668970089812,-7370653746772160,5056391607817716,845372043755854,-130578663443152,-35268072720132,991170123822,744601116314,21758015683,-8381224769,-559424766,46736504,5090164,-77576,-21116,-304,33,1 # comp 8x3 (8*3) r=24
281862477899289,5374598378914188,2067584186716425,-8889243271806774,-3848751293734559,4468074418785552,2111932955842135,-833235473787063,-457339319144483,64227268658463,49132377120705,-1092824652132,-2856991741412,-128060043657,90890117626,8162175327,-1507133309,-196158939,11378028,2278164,-12530,-12681,-272,27,1 # comp 3x8 (3*8) r=24
807252348622803625,-970018845611929000,-252503315137538176100,147477453171812038800,145134555486506340950,-42970901357829297280,-17989478222622003160,4992448969057451560,871714351314642029,-282649510109841888,-16096723716505140,8461935190429304,-54595857400598,-137051168392848,6324990450988,1155317884432,-92294008530,-4159553960,582056844,-1369656,-1634692,45656,1368,-80,1 # comp 12x2 (12*2) r=24
-74552693675,-448224088040,176303485947,2542711183660,523095312122,-4334103884220,-1053758774695,3332002614790,645361252907,-1292630629710,-176985482977,260536525340,24956016444,-28122452480,-1882811410,1642047240,77297390,-51040720,-1886356,820590,30347,-6490,-276,20,1 # comp 6x4 (6*4) r=24
2916713476945521,-53574751849989348,-33670034019429852,50003975687952528,41398249948324438,-9247268177050620,-16327814893418882,-2741625584930388,2056418700399037,916967975724624,37063154239572,-54874279128924,-12408668076833,159834364284,436053452650,58659384696,-1334064656,-1148102472,-116930238,-1150128,779533,79992,3850,96,1 # comp 4x6 (4*6) r=24
-3312938570284511,293928755430240,59451343433417376,-4788077330458800,-55028458874333952,-3635031207564120,17332496967917896,2808983989977340,-2217997700334970,-464136594914240,141366087399980,34847564241340,-4774345260010,-1418341301080,79777743548,33175935540,-360819815,-448083440,-7297868,3384040,111670,-13080,-568,20,1 # comp 12x2 (12*2) r=24
-1947541695557303311,-2409768400288267610,9191219892646947615,-6621299482021435152,-24381103757171442,2261744567133681634,-1209259785320352669,219791215084291334,36226536130185745,-27114062490481728,5618203840628699,-314631582089176,-88346417786488,20244127888984,-1274476789750,-119836715416,26241681518,-1361918020,-74389246,13168414,-533767,-13630,2084,-76,1 # comp 6x4 (6*4) r=24
31323922220803,-60619261753615357,-112433970260294352,928802497300209947,-1572883762360826511,1074149349483836739,-123022160025065610,-275664468491282099,191046517632957262,-56389135410972475,6436817000522094,785637673015095,-351790765316202,38215916449688,1157520793527,-667079833955,54123162867,957975241,-440589935,26377397,63800,-84044,4525,-107,1 # comp 8x3 (8*3) r=24
-375699674474635087744,1022450230165419901016,-934364853719264910084,231627004603459568984,115840793854268555348,-64318579551096318584,-717767682488581584,5117344048678812196,-486595038340284572,-187787023580112856,29457058488677064,3334944394417388,-780503729797563,-21746289249016,11030831604342,-151708502332,-85540887385,3426832876,338584272,-21565904,-498257,56684,-318,-52,1 # comp 2x12 (2*12) r=24
-258322527,-1490953311,9470080071,-5151025050,-31498163255,40269272922,19179483110,-46035839431,2138243662,20146757057,-3924631599,-4445730633,1142318341,552016831,-159271537,-40320629,12350902,1745751,-552828,-43582,14059,572,-187,-3,1 # comp 8x3 (8*3) r=24
-707393611033300228633,-601857818506452626688,328149985798773637291,158736228135905826164,-70606315196378807768,-14367711596273779518,7984396694198878598,303296814993674936,-485603354078371674,31984167263828632,14930361882948536,-2347280566829168,-151680939629369,60691128524386,-2830276818302,-567249437628,77117003446,-1233862974,-427182573,36921996,-822851,-48098,3755,-100,1 # comp 3x8 (3*8) r=24
32642069318530704742018,52521831897111047813360,-17959591651746555597267,-19656291128095986506278,4259359123969399273465,2097395524444879004226,-314408445524902475333,-112648336168473693914,9725310277084534192,3471516044599771048,-118355540468077617,-62934319780009542,-242594401905464,668736020733688,21203633956678,-4021848763522,-227257482380,11888790078,1116304449,-5387072,-2587016,-53062,1945,90,1 # comp 3x8 (3*8) r=24
-39971811856610637,-159127705220258772,-9926843637447900,440772657553506192,270298498053922461,-125362555708976646,-116015361379288444,-4634060307086340,13319406121025709,2759644388914056,-375563629655082,-164970670284846,-4300771379901,3918660133770,385953979086,-39003136398,-7414296939,25450254,64340322,2570184,-240345,-18834,108,42,1 # comp 8x3 (8*3) r=24
-7538534564189399,-89730902864160,65764798726289384,-5644654107920,-58532522017998898,5872619427648660,18370747081653592,-3332340704863860,-2339144122133951,522316157928200,148066349577364,-38281301263320,-4946889298602,1532717850700,80812193420,-35342247740,-320536630,470396500,-8111980,-3497540,117080,13300,-580,-20,1 # comp 2x12 (2*12) r=24
-15406710414981705,87433338253178472,-31539989366042288,-116796567535059162,1659102837117170,42982795039179828,4517665165293838,-6752504472091206,-1083464346143717,539788176619260,106928769910598,-23532610516098,-5658972747587,543788135634,174760082834,-4847686866,-3202453208,-49568082,33481298,1582380,-172409,-13782,200,42,1 # comp 3x8 (3*8) r=24
116069162144,294962611424,-2492516844896,-3770305498960,9720126514352,10061703934016,-12539596397776,-8143543613632,7150860760768,2309971059480,-1711610858560,-305454217624,200086471194,21803470338,-12573204202,-881499593,443807773,19989534,-8821716,-240008,95020,1372,-502,-3,1 # comp 8x3 (8*3) r=24
2296937172044304,36865567143069696,74521329079884192,-147717680624944128,-94330340711456328,63881020431167616,30225203341079256,-11612661083374656,-3982383292620543,1209480714575904,256290135568108,-76414130213488,-8009800947998,2838945316464,94016757480,-59149027008,458377219,689170352,-21634544,-4379136,201042,13776,-764,-16,1 # comp 2x12 (2*12) r=24
-10515501444316679,-23969464936487436,32834685568583032,83696336063633328,38371466837530606,-16473742702118628,-18069516565297206,-2772368836328676,1955880962136661,832983545068392,21804223980160,-52225858388028,-10996292885085,325649032932,422914953838,53196464472,-1799267132,-1125962112,-108815766,-369984,818833,81048,3862,96,1 # comp 4x6 (4*6) r=24
2289346821897714741105,2354842479252293811174,-145327483002903172217,-914049175115337537518,-261683928095079797890,71285311875923658206,43675883695132077295,2328632340171703052,-2254346902339908059,-426643005676219184,25120400622987636,14294621028685174,905686350002337,-148113855704234,-22582814007890,-82121191340,170752347814,10004254872,-321845677,-53527212,-1427258,59616,4708,114,1 # comp 3x8 (3*8) r=24
2917427506939068574369,-6617892012414469663704,5139722020227181490506,-1394902668564642866736,-191879055288187176897,180933059809554953700,-22273250844172413228,-6121103783612639136,1698885434397064369,22764236572392696,-47227252533224494,3147746081994108,623518247390803,-82819261830180,-3018603307334,955506513660,-18039004571,-5473329492,303173264,11903472,-1396697,16452,2026,-84,1 # comp 2x12 (2*12) r=24
175309281223664400,7612039633638441600,13281412294062033120,-49985976696753045600,44522780222342882736,-7989768699721037472,-13795197091512358056,12945370188109771712,-5739349684690405088,1484088133899954728,-184644579484458536,-18968307246214168,14924941434210577,-3877231111435912,658587295733434,-82124716551808,7824170390167,-577952250472,33153547564,-1464647128,48900007,-1193272,20074,-208,1 # comp 6x4 (6*4) r=24
-694418916591111599,3854943396444511120,-1993828165933683032,-6058532937978229872,5614368845712465972,-520500386209992644,-846420599814112746,220970510488682772,40565722032912022,-18697549173620964,-197678341450182,718025081360456,-44129042494777,-13952848048944,1579601279550,124141142388,-23870241909,-115506984,173114820,-5641692,-523509,33216,190,-52,1 # comp 2x12 (2*12) r=24
3813947296082383348776,7834709774703204679968,3128360462029952356944,-3195748916270128888192,-3662826806550964307180,-1423070521307333695416,-153467235476116192392,72202120477519540232,32160867368312911522,4943926393144523544,-102602352028210056,-184635379089565024,-36200823610459769,-3265757496490746,-1429371337944,41507635586330,6385912825537,577758948300,36419000112,1670817740,56019601,1343814,21912,218,1 # comp 8x3 (8*3) r=24
-2479829816312,-19937347754272,-41335754502208,-22841289003140,22572886675244,31743956042360,5416821038566,-9388723211232,-4613293937462,752125930141,943262846887,83260893469,-84369882819,-18919402039,3124554691,1303662729,-120527,-39702057,-2802243,509227,58051,-2437,-413,3,1 # comp 3x8 (3*8) r=24
-38524580603989640375,68617268204568898600,-3708831040786054340,-37601082455695209360,9221887717570969430,6874589526212420416,-1727844061836589048,-691944085062331432,133811137663981325,43872377276592288,-4925939674102932,-1747213202872184,70002972595594,41322491815440,522960222124,-536680588816,-27322023282,3314882792,294126540,-5673288,-1256068,-24536,1656,80,1 # comp 2x12 (2*12) r=24
-1163353841589772115,4498332546338832080,11421710283937318104,7943900310833213256,411157894954534917,-2243325635804982340,-1269109110224027392,-252063500255882296,27651005262255106,25953882056217896,5601711025426366,334599963938112,-85742717785582,-20280124719400,-1310824077614,117510214876,26448723994,1398921592,-72965382,-13254904,-544541,13212,2078,76,1 # comp 4x6 (4*6) r=24
11045259658269924991373328,33674680328448021926711040,46222612066718989984181184,38434862148163526865722880,21913805105543601681954208,9173391391608026197456512,2943257551073966294837408,745107731942370506097536,151903183711823322506872,25305730124315394367424,3480998360191010543888,398243041157192060928,38064848257601718352,3046392260163183264,204137267080148264,11427057420769376,531778671195665,20413565940416,638904454632,16029339808,314450602,4644192,48544,320,1 # comp 4x6 (4*6) r=24
-1945734343418439366904,-3108967225982001199864,523918657420745632236,1860344318357095858184,-219227413304206854412,-338362178240355385664,63535278327949198416,19161808892025203236,-4663558971908870552,-453340263928496896,155797752962473164,3443373439388348,-2798797883829183,44918498375264,28408220348262,-1137214213372,-160240459525,9559690876,449592132,-38723504,-364037,73844,-678,-52,1 # comp 2x12 (2*12) r=24
-71740449339629553313351,-208580185238117874681560,-264729772005666127860653,-189330215840575377843632,-78930109765281357700741,-14099156500522920971722,4487389443416117832951,4385032767706500897046,1807775490511989347073,505887649056706349516,106681372124154222312,17698330709251198020,2361521378845119657,256542947621070456,22831997403538889,1667903142708892,99826048336828,4867725427034,191463063266,5980357594,144846138,2621590,33355,266,1 # comp 4x6 (4*6) r=24
-299198116,-2800044828,-6607419072,3589666432,25670893428,9012496758,-32313615017,-14883866415,21301090248,7539853609,-8178869577,-1521320556,1726636267,134655099,-206886099,-3882976,14592951,-166917,-612523,14616,14901,-361,-192,3,1 # comp 3x8 (3*8) r=24
-4375128707060101396,5768124782862211840,86652618428998883164,-113792279062583603936,10472799345521813028,28233676662830135280,-4943744964305966588,-2720017161068618604,468011094677333612,133606271609882456,-20343958326326880,-3672328418849016,485436188572629,58630591288416,-6856262803742,-554409374456,58804256247,3113206872,-305402656,-10091576,928215,17280,-1506,-12,1 # comp 2x12 (2*12) r=24
487700721443458350096760,-190185347114074693943368,-739491825754833038059990,770377364577325715790525,-201782972993366567782932,-93911090378669770516424,88397170769238996446310,-31683697147456862818294,6532673960881096735006,-783206224691822041988,34371236324778474603,5467135329542042060,-1215494828028020372,112568628595370448,-4578126834628244,-179576654632316,41940000334210,-3383923029681,174322999584,-6328064012,165135202,-3051862,38062,-288,1 # comp 6x4 (6*4) r=24
-49510640910545333,282477321237889791,-231129917092695681,-132235535251589235,111379356780438948,27331501919800359,-20565879035323503,-3073717229558232,2025587331425532,206770990816989,-120665879544585,-8810227174737,4621865486784,245175563859,-117143552355,-4495764734,1976771136,53623740,-21865955,-398679,151545,1671,-594,-3,1 # comp 8x3 (8*3) r=24
-441331901507683331,341507883111652266,3810850109100968089,-2553197397705224891,-6083512179296054300,-988183456249578259,1707696929819236632,891886740441552462,92314297929607450,-46389967644535899,-16100755373150348,-1217706653734370,331066732993242,88021052932016,6423632862244,-574362574698,-161404035866,-13932994083,-322286265,45515380,5269327,275408,8266,138,1 # comp 8x3 (8*3) r=24
-1114023515017128,-5394926529754384,-5485737206748800,5148514876427096,6320892214671756,-2752404086942752,-2316216255313594,977207477384184,305377136194150,-163109115868382,-12144836118732,13264375508723,-540422795797,-540503470378,61744157690,10123959027,-1999617191,-43787718,28369340,-1054627,-162467,12866,140,-39,1 # comp 8x3 (8*3) r=24
-472026661693340899538,-1717686604424115685652,-2441489877001950323804,-1856283552541554991284,-813811434016441102216,-177449729820200252270,11767280416132496433,22183625362657736334,7856964613945535753,1504800711072433100,133493512209197680,-11192370861052178,-5700138593894136,-939969482395452,-84096263159513,-2263247519526,503960376121,88469412902,8038038732,492328452,21400732,656972,13627,172,1 # comp 8x3 (8*3) r=24
-7797645999554643000,-201054736517804497800,-1290533959334232131220,-756713105382622442760,116744838727114466676,155188406097123000192,11987880645117535824,-10342108385147271972,-1593113655905201688,310280621676952896,68348089881007020,-4129694914696124,-1475979516034655,6194016695520,17667038605542,479331583740,-117303618693,-5795625596,394225060,28932144,-450405,-64692,-486,52,1 # comp 12x2 (12*2) r=24
-3624484710082108071936,16990202080479980649088,-3617172005828764980800,-14332272336114578771016,5625625906439863810020,2124142330043449202866,-727567670034644340065,-211768256127191650752,30555489108749354284,12676436969680805664,247634097838434556,-309686966808642770,-40536068513138541,-79156362287728,400231058298840,35614602160136,592526729340,-101495307282,-7691460531,-166407376,5659580,462112,12964,178,1 # comp 3x8 (3*8) r=24
519566451680280625,1398242230065655000,-26615025571669611400,63880927372518081600,-51429207290020937190,13451929437178772120,3531802124736759204,-3015743642351595128,600646068519696709,38447518525101704,-36148872380771784,5289341735926648,146288840433502,-138464531297712,16030047544348,-55991859376,-167328738830,17562281952,-529988100,-45625000,5831608,-304664,8932,-144,1 # comp 8x3 (8*3) r=24
7255875633471321152,-8136469440483468544,-4981357200282446912,4858010032474850432,1399381853644873008,-1136252467981950336,-211687616793193856,136305936852619584,19070023445173196,-9214167975881552,-1069897009461876,365388680990376,37982345450733,-8647604242320,-844516980698,122332425152,11482111923,-1023787644,-93050464,4887884,430731,-12132,-1038,12,1 # comp 12x2 (12*2) r=24
-1103172831091976,-4756118689121056,-4077782397868352,4652843686546704,5094444640378592,-2428382228137252,-1956198627577484,844044137958244,274946605435984,-144631768881224,-12234189937158,12187118550196,-424281805026,-513333534990,56329917904,9937654259,-1896882719,-47513358,27567770,-988816,-161180,12580,148,-39,1 # comp 8x3 (8*3) r=24
-1023948737,19946058762,-48970590798,-17660627621,129482970849,-27763964244,-129453912552,37958915745,68300548341,-16184491839,-20806964088,2993136966,3693041211,-245192196,-382432854,7062114,23604741,180093,-873734,-16770,18849,387,-216,-3,1 # comp 8x3 (8*3) r=24
152142409549421840,1495479914107051392,-19848164073964584336,58260150194040929984,-52410351081592859124,15851453662161032160,2721618236233903428,-3017016241196742432,658559996660596833,26780441953002368,-36390094869507744,5680374165482160,99227812373172,-140414262423936,17064423960456,-156682930576,-166134443274,18197882496,-599798640,-41831472,5711832,-302560,8916,-144,1 # comp 8x3 (8*3) r=24
129771833477939224732975,286772440569721452593050,136072127364049018662560,-46652853897809787429270,-64213508686039115052369,-22741103874119856846292,-2233308755149212431610,840579052928058791260,333274537737387551899,45983330551708251734,-248892054949952934,-1143560583578138810,-200573055311327705,-16033712308488402,-51180683280932,146679560895512,19867662513175,1567601558400,85939124736,3424149866,99608569,2071450,29260,252,1 # comp 4x6 (4*6) r=24
42827723073204568256,7546567202456270400,-42183993743935848544,3110100863061459520,11897490319597862592,-1877976594609610320,-1393530748669228280,256308318676830560,87279857465796568,-16449798733289820,-3280664570318954,594037162825140,78493712479387,-12936418681420,-1233838177562,173888410380,12906587987,-1434667860,-88932334,7003660,386169,-18420,-950,20,1 # comp 4x6 (4*6) r=24
982159450754342957,-371960450182466973,-719949095275630365,174738252880629069,191383724510447070,-31822055141572563,-26085652906227495,3138309290179176,2123170303969980,-190777683489309,-111670623086949,7603909567143,3957674053394,-204396596799,-96290930031,3725285896,1608632022,-45278724,-18097717,350343,130713,-1555,-546,3,1 # comp 3x8 (3*8) r=24
338483830436165054278141,555090071478809237350504,278750007236014447287998,-6184803565387016208228,-57155537420500435931568,-21704530853035545820834,-2087874267698283015138,830522311455550745884,319396139959587936205,42478588529458802540,-576532202466331062,-1108602735650288498,-184508853779194577,-13332692580725202,239888534469724,169071116601872,21142161000838,1621726901778,87638312640,3462519758,100198855,2076994,29284,252,1 # comp 4x6 (4*6) r=24
3291094182103187801,3558079179385096512,-4504223112699134682,-4918933802882504432,1601260244834485881,1592328192884826768,-421165694835608170,-207890135141695464,67408436516261946,9063001655587200,-4842378064465146,88691865874464,149446359033673,-14752874590320,-1735306834422,341954448584,-2062537302,-2922027264,169276698,7212288,-991959,18704,1386,-72,1 # comp 4x6 (4*6) r=24
3543715424197564296,-18483654341878620960,-32445031414911889920,-3605353433826011520,10669803058819892332,2102504597463002320,-1358200400449136312,-283563791458594960,89674771087769042,18250134476375240,-3465029298570616,-657660759587440,83872444988669,14184830425340,-1321381681990,-187953332020,13767997925,1525200560,-94067524,-7313800,403175,18860,-974,-20,1 # comp 6x4 (6*4) r=24
48108679799054580241,-80266149879618813384,35977704804438455670,8995069082700327936,-11643189700207768033,2089127757328284612,818493257389526956,-336276843049785312,61379203006009,17627764011773664,-2111020664095186,-376880058384708,93637909511415,608538005892,-1771578689846,115128121980,14191507657,-1993891620,472420,12477936,-638429,-14964,2434,-84,1 # comp 2x12 (2*12) r=24
1137153409024,4157752279040,-10343289085952,-27364956379136,38667434843136,38460304467712,-41230860557440,-19595698765792,16732541252368,4508636264628,-3135186700944,-532112622131,310659219785,34232484854,-17351166286,-1229792333,557962351,24837624,-10283572,-272637,104407,1470,-526,-3,1 # comp 8x3 (8*3) r=24
-295363650281,-1584417361201,101312997493,8799658325454,9308999781163,-4137373013756,-7052191436501,808654372627,2229227363152,-108321530273,-378173378501,13212534295,37950056840,-1245893061,-2365745137,75367148,93419416,-2747607,-2321931,58058,34951,-652,-289,3,1 # comp 3x8 (3*8) r=24
22454142849,-1182380112393,-6583408880423,-917663173944,14239576589015,963969290266,-9493965951212,-375108129103,2989352116066,103694136073,-512787656539,-18975654371,51304415473,1930989599,-3136141855,-111199901,119767096,3723393,-2845510,-71526,40495,726,-313,-3,1 # comp 8x3 (8*3) r=24
138820929352508475,6015710714277874200,8526452840716316980,198456004210708530,-3530011704514406850,-611345412616910708,582758458732377002,118711216810634590,-49559793608890401,-10372221966668140,2314520073864410,497526000945738,-58443690929903,-13868668189482,717170561078,224005297266,-2358114680,-2034222174,-29319834,9958204,294883,-23946,-936,22,1 # comp 8x3 (8*3) r=24
11878689961860166528,16460918805797015296,-11358191283395492672,-39395185568977937984,-35518015267316501168,-15462721541426093376,-2443656174801566464,860701122439379904,586488988109275216,141071431593576992,8857524473338540,-4396392015007708,-1531132160899063,-239577973637720,-16193017717778,1310166985180,489935960479,67980055440,6076806176,384212700,17503735,565736,12358,164,1 # comp 4x6 (4*6) r=24
571080583318413169,281443160552112720,-2814602293414478880,-2276765859973797360,1378817067541225734,1390664129961341820,-134911233533351264,-248487341211999220,3202131213061409,20200957791976040,-53600441388532,-859985817850360,10245576803006,20288491514020,-473728536532,-274184608380,8988740002,2140802780,-84990236,-9440740,420472,21660,-1036,-20,1 # comp 2x12 (2*12) r=24
16227877639528183328856,-43122202238464118861904,-10642320335130253053156,18659962230348627674592,3686802311718857556906,-2027999540018216405508,-296290663702111605695,109801295046884274024,9455844368407913472,-3405583221075183966,-116649072484894986,61947946977091218,-226991357552855,-659646739858518,20762383087641,3979219518886,-223627701639,-11838533280,1103839273,5644044,-2573958,52418,1953,-90,1 # comp 8x3 (8*3) r=24
-424672534690623,2057559946426809,-1989893375264409,-2472698397935709,2699358185639121,1445153377763529,-1160247024249156,-510102979843887,198279300815974,96893015189208,-12164354133167,-9273805653597,-122546777828,437088994173,41556706531,-9383070900,-1610413517,57431550,25247707,800262,-157256,-11730,172,39,1 # comp 3x8 (3*8) r=24
-652933730205534753615296,402266163984156492021504,2648120571498995994343296,-3745736529497779586151040,1313797897116929342252592,438980925114941635289984,-463974872912856532690080,137044206029750230139008,-11073177309974818717460,-4490473045799744910896,1834630960320340508776,-365036883599657261112,49056902989867903901,-4876028868467397256,373120869812216050,-22432247102881440,1069804641430323,-40556672720640,1216781474276,-28559262264,513674611,-6839880,63554,-368,1 # comp 6x4 (6*4) r=24
-428526745826237725,141664146644400443,794918705805509389,-300285992077346522,-338541062789587651,167816771267323524,35378842049094145,-29199749233158153,605991417877240,2163048281116227,-280770732650589,-72452847814785,17265494938974,683313010521,-475114200221,22556748462,5988131524,-701953269,-16286275,6836082,-311897,-15312,2017,-75,1 # comp 8x3 (8*3) r=24
270952108706,2403326776904,-9158369054733,-56505871949450,204604191156893,-221219412388364,50098046285273,81184987109636,-68160824229551,13332195950670,7534118133017,-4991933068612,978082968025,74106543108,-70744816037,12487094086,-358869239,-177060252,23908889,-276884,-165245,11414,115,-36,1 # comp 3x8 (3*8) r=24
811744073195458402,285238792875161552,-2712783118349163794,1004022813240322251,1187225564034063419,-711589591168085272,-49463933784186812,96041411293607653,-8644472832100679,-5334409224161972,927609940345446,133237128104389,-37757883659061,-899239057698,784353346858,-24902679871,-8699883143,599069328,47545052,-5316259,-74183,21592,-320,-33,1 # comp 3x8 (3*8) r=24
145421663725664341,-1413646053883123289,-3695633857734611936,1783905178290867881,4431632500693357795,-2497814061363836349,-751140922374138670,550866813217704361,52331970740293664,-49113285249184435,-3021112114137722,2151903061581745,154191685948752,-44738775434962,-3788198791403,460973329257,44394627121,-2484897011,-271092073,7036033,888732,-9724,-1487,5,1 # comp 8x3 (8*3) r=24
421813347853514761,639486983808911520,-1761842113309275208,-1874074207389876080,948648936253804334,1122660141999731460,-89042265109067576,-204353732290948980,742546414128241,16989315498356840,56095276649860,-742827525516600,6073687010310,18020946900700,-380241181492,-250239000380,7878037562,2004135460,-78125932,-9048740,399752,21220,-1012,-20,1 # comp 2x12 (2*12) r=24
-2811614229421,843807626472,14485332286797,-710149676016,-18755268425459,-4741904257614,8427861441889,3698570823791,-1539269996429,-1076205734981,66443995453,153648648638,16465276184,-10950690091,-2674186814,278248147,160900663,9241157,-3813366,-671958,-4946,9163,1080,53,1 # comp 8x3 (8*3) r=24
-152021665502742159,857724932040686271,-1407028032144881757,60774598995604284,1720637236377088441,-1546837645626213412,289712482894624390,352182765366713439,-289936107149719928,97796900575459209,-10730745571782377,-4825111010606395,2826173339274295,-800514881714583,154394919446831,-22088204877255,2423074079842,-206447399363,13675566664,-698396454,26982907,-762774,14881,-179,1 # comp 8x3 (8*3) r=24
-13337795397566576,26998549651274304,5804069180413408,-28058028973762144,-575388731244888,9539129670945424,-292561843708336,-1567433477284792,84948783492841,145651180086472,-9695525797282,-8299250955052,610063204161,302409366372,-23460979646,-7154111204,572593876,108854472,-8875946,-1022732,84337,5372,-446,-12,1 # comp 8x3 (8*3) r=24
-202605623303234864,-1682896991870887168,-733820016889818752,4247212035830744288,563982882913307180,-3763616368481946096,1175836535116781244,546043481148393168,-317833322123301647,16152439719444416,17691715754159632,-3484186778351936,-96826932415644,90809631348320,-7227168616408,-555352986080,114157081254,-3582448448,-452929776,42397664,-690936,-74736,4732,-112,1 # comp 4x6 (4*6) r=24
2482928054005599974041,5045282027364130759704,3564795458429342526210,820895743264729836624,-194473570237828487473,-129835994974240192932,-12094011338734943324,5181684970077273312,1195001345298373129,-47232312869550504,-37404594260866726,-1930954712558172,553307049250875,63499735428948,-3339371301926,-814776711420,-9723324923,5099835540,255860200,-12525456,-1315409,-12756,2074,84,1 # comp 12x2 (12*2) r=24
-1502942867979912817,8196838384990188458,-12719579726023918878,4575964062391591978,3240891423497472801,-1901557458573355666,-173542099741628292,230873764362242256,-12173424426163636,-12304832715393918,1488485980750782,327829645508686,-59642993180759,-4112325556086,1234420317028,6778892664,-14314756456,440100838,90473162,-5303694,-257299,25170,8,-44,1 # comp 4x6 (4*6) r=24
705958153276855257,-7376569174110551652,-12988346537623386236,-3458151269564378552,3668713353038050211,1776745255171908012,-220215908540338366,-221959916883803476,-9213620206600946,11889949057915356,1355477462045872,-317571200168816,-55642709146621,4040702371380,1162581421046,-8597105836,-13619683142,-400112316,87443296,5015872,-255697,-24444,26,44,1 # comp 6x4 (6*4) r=24
569249463479296,3770610232267008,6306345969102912,2301471315334368,-2524384435992720,-1888476372303312,232725586827148,445819007668878,26629904528757,-51945681750931,-6998031647211,3432270531744,602275641169,-135302409099,-27411327354,3225329707,725713326,-46156647,-11425318,382569,104445,-1676,-507,3,1 # comp 3x8 (3*8) r=24
3173450065566875,1778561005406875,-22822303654011250,-14808898793505875,28826838215303125,5176508762140625,-10559788409204200,-381546039579275,1579588283475400,-3678283497185,-122723139248590,1522076827225,5517578795102,-79344608778,-151939471163,2125820495,2626311841,-33388989,-28410423,306353,185530,-1502,-665,3,1 # comp 3x8 (3*8) r=24
879314094250000,21213090191360000,150901074920367600,370834177278633280,207720177507046892,-223476141671821632,-83925570669127292,41527458009338688,12074918656257433,-3471722289906072,-842664442571632,154643246146848,32614802347698,-3960642321392,-743620219752,60028841128,10193891863,-538153472,-83622932,2765048,396738,-7432,-992,8,1 # comp 3x8 (3*8) r=24
-15039049,-136777837,20827119,728139545,342104912,-1228474491,-858589821,931115156,817728082,-350849185,-397381037,63829401,110038538,-3480989,-18358327,-586622,1899646,112068,-122703,-7705,4825,245,-106,-3,1 # comp 8x3 (8*3) r=24
-138660940774476535,369326019325787414,-161930308441403360,-176015942140936214,94989119397914819,34509046028701776,-19005261465384761,-3673586081192427,1968401924651014,235861025968134,-121156464947640,-9652584755178,4733438447652,259238751180,-121161358334,-4612420011,2049172381,53780826,-22586950,-394779,155311,1653,-602,-3,1 # comp 8x3 (8*3) r=24
55454007304480628737,-133500388682151984128,-15814549042811247104,100047367412279063520,-8359551991813109640,-22877746935919992488,3133526976365615514,2181504969532405212,-358844850058318922,-96434448459719136,18551026012878474,2064839243815676,-501965948472193,-18492063584892,7586366298402,-36575771172,-64401242121,2060739240,287762976,-15763992,-528261,48660,-134,-52,1 # comp 2x12 (2*12) r=24
1957371056836847,-160930221429958444,131268231844263675,203665055413707632,-191292233844035196,-40499352081594704,67610066259310565,-4832769379751370,-8536187379526551,1578856456467294,428183297995007,-121013694859224,-7584648383004,4152899339084,-55871661014,-72774343944,3771184838,672718660,-51961548,-3174054,322463,6650,-928,-4,1 # comp 6x4 (6*4) r=24
987930305536,502785910144,-8136074462080,5256860356760,13757679342848,-17738559714788,440577019684,8697081212778,-3462954619172,-1136575462285,945653552053,-41249452207,-96135161265,18614801851,3757552717,-1376079363,-8057969,41401473,-2793993,-520525,57925,2485,-413,-3,1 # comp 8x3 (8*3) r=24
25284663864,1999308528756,-9740749990266,5896228876155,20699689693447,-15802797145356,-18425890644616,10739149643347,8092040613583,-2863983122450,-1733275979820,375564774339,196287937729,-26306062618,-12364169752,1015417883,440210203,-21777594,-8796786,250963,94915,-1412,-502,3,1 # comp 3x8 (3*8) r=24
-237323922546487704,1373598866297840256,-96940722220941280,-1855275456324954144,1149322241215120660,81464604178448616,-226185924014765944,36115805818910664,14618897517112786,-4488879808786056,-241505420227420,208946733039264,-10955414153657,-4479192165510,538021594964,39435444438,-9241721183,54219444,74108036,-3390012,-248543,21306,44,-42,1 # comp 3x8 (3*8) r=24
-927364523987983383,-8594184224329384694,-21241372749329083451,-6154983020660843158,16630285713107730108,12616430645928245180,986332323220779135,-1460043850576351618,-355302198909190733,39860896497256408,19295314816683612,222524913903158,-450942286157939,-25929473701638,5445607109186,467095369912,-34949729864,-4021826496,104360877,18533026,-19694,-43910,-610,42,1 # comp 3x8 (3*8) r=24
-6380000992752991,-7786788753592160,239730903721986336,292642764442238800,-138337589342617312,-170574415626502120,35070271173804776,36551365339190140,-4666518269658090,-3667397029590640,280532088182620,198571267156540,-6938806649530,-6085198228680,25153571228,107227049140,1841952265,-1081418640,-33771708,6072040,244950,-17480,-808,20,1 # comp 12x2 (12*2) r=24
30185978883766541651,254367260893545506449,704230652516412824674,1066645656145224365843,1057874071501906970385,751756798492432857415,403691738268397859006,169554524315101514319,57026861156065159438,15615138026756023343,3521943371604321884,659607166312980503,103106625141984204,13487382785393140,1476847962032389,135087486951483,10274303628139,644782960797,33005047915,1354936565,43515790,1052794,18037,195,1 # comp 3x8 (3*8) r=24
621774173602911303,24443851399154015386,-61524775739024294016,30049598305169838322,16725437400704657771,-8570300325613795124,-2616113591438959094,823745733610418364,248454227449373055,-32020253899065810,-13192458469831682,181396141855454,369105786730671,21937283357574,-4700123598580,-603999336280,9872572431,5412876504,243382320,-12180782,-1358339,-23670,1548,76,1 # comp 8x3 (8*3) r=24
9775201867449408371,13653967735332211650,-9434230277909135650,-32772812787096680174,-29109775303422637539,-11881346896014268626,-1066794875517348644,1266600109304707520,686105049687531952,161969710206977658,12385450922297602,-3994679955872154,-1520504292763427,-246343972676422,-17872424724380,1079335816248,468126629492,66491146734,6002954150,381605866,17441505,564834,12352,164,1 # comp 4x6 (4*6) r=24
685620617355745033846,-4720197497241216914404,2548229945190986185629,15194965530275840508424,6842344133693327076380,-696377781905436233326,-663910474646706885881,2425708587383652182,26758006241839268069,322030759915979444,-580078548792507023,-7455236771224648,7503288955474280,80898314355530,-60844162966948,-511567150702,314669387641,1946607066,-1028128022,-4259946,2035681,4750,-2209,-2,1 # comp 8x3 (8*3) r=24
-1605197892060011,3739073831359539,3443908440194264,-12312209747816407,1520464316424625,10785891657538997,-4996094451825226,-1468998986587703,987494209786162,85283814133921,-85157598593710,-2884523138525,4067884436414,75754380846,-117029279927,-1686703171,2100993823,27093855,-23652381,-266551,162052,1402,-617,-3,1 # comp 8x3 (8*3) r=24
740577800375171,3081483400323537,-7262926351534448,-22791044529750131,20806461880584805,10017060978967141,-10072091404428264,-943687314680239,1611561281614306,21889760041733,-127785133738394,998198779669,5771635902348,-75051425236,-158595782065,2126786269,2726917219,-33530313,-29293345,306339,189688,-1500,-673,3,1 # comp 3x8 (3*8) r=24
16832826852347141,-8878531086373517,-52799591790969843,21173333741824066,43769820464258285,-5927721795315216,-13047202578088029,404111281945579,1783162498456606,5304169835947,-132509914312559,-1710517233189,5826871371848,87374951201,-158629294645,-2306940094,2722336954,35656863,-29256735,-321074,189583,1540,-673,-3,1 # comp 8x3 (8*3) r=24
-25282327939585735796,7763357853909272040,29777958489827986360,-10843314657534484204,-7004708709752702774,3198858188963730800,531929576432802327,-393426624595383792,5368396925900299,22891005211162004,-2653935510071408,-582573275304460,132474237725426,1980257028572,-2646218889982,175947244252,18819459052,-2958236044,49461124,14101848,-1004616,7428,1771,-76,1 # comp 3x8 (3*8) r=24
-6399259625073951,47992093179165144,-10090222587990248,-62857646760729384,39699834202618504,12442509500712120,-17040446881800476,2732469511819032,2006038609366330,-873685690357152,28998988076152,53619546993000,-11706300863042,-242516965728,429194458684,-55839492624,-1579774367,1138162512,-112931276,761736,799162,-80520,3856,-96,1 # comp 6x4 (6*4) r=24
689476173251,-1162187711391,-1012007657971,2667591261296,-276569903209,-1968676849480,968818197174,477544087285,-477802838180,27993144619,87256174861,-27414772267,-4488411817,3845241789,-425992325,-180543373,56648508,-1486643,-1835658,322184,-4023,-5160,725,-43,1 # comp 8x3 (8*3) r=24
256789679748353016662851,365942066060496508643015,-1582837803212415998795232,1668778282359527270230337,-845031219503017076385551,193669856388526586944401,21016406988881013918184,-33092980397627456058944,13528930940945166849145,-3533162249270101609391,678054803981649754800,-100927212939538511286,11973348287353872700,-1149303194812584356,89983330895961790,-5764393145212342,301841492519776,-12854699883645,441020377539,-12003644114,253151593,-3987274,44128,-306,1 # comp 3x8 (3*8) r=24
-6090351165379376,118726465493965960,6691981616438632,-234539414336854232,-38458326189668805,144531377617232178,47299636777106001,-27782509566065370,-13424816837607985,911960308284468,1075940211520392,35094717727988,-40233409777673,-2829658688562,805486939873,74118660678,-8825539104,-998342642,48176352,7303234,-72201,-26978,-348,38,1 # comp 6x4 (6*4) r=24
615202312192,239023130112,-10018158808320,9192333506720,23213563822368,-19684100092632,-22907108793624,12623804234580,10215708462444,-3242791519770,-2123623129506,411922974561,230624883991,-28122297822,-13926923898,1065036957,477967911,-22522206,-9279246,256587,98037,-1426,-510,3,1 # comp 3x8 (3*8) r=24
335050768384,1977008688128,-4418126489856,-11414118704768,17610541905984,18175090013472,-22789081805760,-11147763004880,11940579394192,2800156508624,-2572914833744,-351770157504,273754183660,24479960050,-15842970836,-967176889,521471755,21384246,-9804038,-250724,101320,1400,-518,-3,1 # comp 8x3 (8*3) r=24
-4657501071530738333784,-4204942068077207134776,2917125927342286838316,2647174245490809253512,-707793546594241808460,-462767970799053372960,119014720208853369168,24222879246358528932,-7450989363245634072,-494997727718824416,226007009367965148,1711278362746172,-3747058632542063,91975537268736,35247279520422,-1618230759420,-184014178053,11927072636,472381588,-44168304,-308181,78420,-774,-52,1 # comp 2x12 (2*12) r=24
-18473630135288544,139343317463044800,-160190717223680208,-156236570114581824,320557889600205528,-93552976210167360,-72884794641245052,42913114644324816,696004352650316,-4455496233950300,560313073715928,176681470656464,-38244005454275,-2421533678736,1019608919534,-12371728268,-13071741765,658196384,80179132,-6583308,-177637,27052,-210,-40,1 # comp 2x12 (2*12) r=24
15637263630447469,-86017164765726485,60108438507875077,97641491404072401,-35058696858550492,-39686316514431839,4323184086664633,6899860893855548,110355545795452,-581200465020751,-44747007542469,26853000051497,3020321181276,-733917602613,-101192563697,12273687352,1967546314,-125489844,-23132869,754015,161887,-2395,-620,3,1 # comp 3x8 (3*8) r=24
-230673203227830206667807,-910718043303349167264540,1819582325399336829068460,-1163478470127428472123210,210539928525550948519663,137299844035565849723686,-109813476737117434869551,39211491566634086163332,-8719984024132636356084,1249079597190918861870,-95069965468208477039,-3561831292508355736,2237746919463480826,-368434437406130698,39525064631128311,-3138820519267264,192381018528394,-9235427058742,347672148271,-10173290400,226943277,-3730846,42613,-302,1 # comp 6x4 (6*4) r=24
718407289221413376,-18058575370538606976,18400065826142553984,7119102297825390592,-15605145009288327600,4402717424851672512,2510650832543752320,-1810722121420632288,281267081129825544,86262667925862600,-42168506710463376,5870976337924968,213628807151445,-176440221716496,22169038939782,-482229613568,-172246345809,21091104456,-850699436,-30129528,5392803,-297792,8886,-144,1 # comp 8x3 (8*3) r=24
183139366836837399083275,-1117565393074889649457775,-2965720005432895105545300,-3024522596161411724189075,-1718108057873590780594721,-595075757569210416867699,-116806409003345740009274,-3297692240663523069436,5984214832695956208751,2286116675000202033953,511926533409368629488,82958694091032251346,10388828441817950914,1035252561557511332,83295860497054858,5446681391242282,289729357116886,12489781967403,432532891155,11856726422,251370487,3973786,44080,306,1 # comp 8x3 (8*3) r=24
3127518293078663936,16583191953948215296,11077934877326005248,-11438351033741937152,-14575027705041643264,-2552865297919121280,3110678984450892000,1790944057593317504,221160193904982400,-101992605527014696,-43588435292797616,-5782209359538504,238911885878141,176087446752256,21616076020718,416610133696,-174540110585,-20880619944,-820128444,31914104,5450971,298832,8894,144,1 # comp 3x8 (3*8) r=24
-13816377114993774936,101688625990199864736,-123476513418657299052,22798086649233921720,29151348283256034852,-11750115345926569488,-1821483323035006020,1410297345159359412,-30704670290354208,-72884367368770608,6913894495586712,1852997261177528,-276789474670175,-22066258798644,5221996982418,55539985404,-51707519289,1328980556,259090324,-13362084,-521817,45816,-90,-52,1 # comp 2x12 (2*12) r=24
128295085224333312,-29978927775227782656,25251587528264100288,14967797282024140512,-12236038961393799564,-3168902555323295592,1988165793484895381,460695845537150659,-143273529294049723,-40634947491751620,3866512372761935,1867436675605550,35548744076532,-40738980424524,-3741754751159,319732017170,65423477261,1489526131,-368406331,-30774814,-271597,78548,4626,110,1 # comp 6x4 (6*4) r=24
91422440373861883961,-41491116146155708384,-88539447275369232800,24805052975504649552,30908923394638939456,-5297433996636027464,-4985536442128581704,554365807858123036,418429020036046358,-31579999405568576,-19251060243268620,1007872322389948,496142274982590,-17963191276680,-7375249578964,180828611348,64420054897,-1043636880,-332069124,3403256,985998,-5800,-1552,4,1 # comp 2x12 (2*12) r=24
300911800363385304,802311069431014704,-2168208438441882960,279606251378931112,1389898692710205204,-693506187732184744,-66652873445795698,99293651306873824,-8698258522417514,-5510029797302550,965268557286056,135444230655485,-39098712900301,-861502359626,806556705326,-26419639195,-8887485983,618725346,48167344,-5433237,-73211,21858,-328,-33,1 # comp 3x8 (3*8) r=24
660508795503449752,-838031429423661280,-1923237660966550544,1595762317056219192,714909499160680880,-646530474273473788,-24049139899864958,84609034542111352,-7649089210819850,-4862119791654764,813424676534634,127889918433823,-34029173457111,-1016578333566,723511575850,-20449708555,-8195802191,541516776,46052198,-4978159,-78149,20842,-296,-33,1 # comp 3x8 (3*8) r=24
-709910302331767679,-3097790342599835520,-929174164412094144,6056395659094803552,5066944578166208976,332041299757673976,-802393168703807430,-193404521476850652,40636377608807326,17130501975605456,-332913450165342,-676101723897116,-38031226362313,13469109707916,1461493876482,-123898460508,-22782420905,156699256,168964072,5346872,-521485,-32644,202,52,1 # comp 12x2 (12*2) r=24
5070642263622276139044,0,-1034668402455425156032,0,94833469162488563304,0,-5168829711365281516,0,186833027506225480,0,-4724593329314748,0,85812982686649,0,-1129125998290,0,10689850683,0,-71045668,0,314683,0,-834,0,1 # comp 2x12 (2*8) r=16
133772356,0,-8183466400,0,21118477332,0,-11827231424,0,2114546841,0,-118472032,0,11048780,0,-2719552,0,193674,0,-10304,0,1224,0,-64,0,1 # comp 6x4 (4*4) r=16
1376143867145441,4574621342954068,6101579845506260,4371544645664424,1948242845598594,696113022765144,313691411332310,158959414824604,58296092293561,13512185755704,2791305550484,1129335948704,439754680763,83453837200,-1146458150,-3548055640,-546629104,7921476,10156490,765956,-46311,-8188,-134,24,1 # comp 6x4 (4*4) r=16
160680976,0,-1376768768,0,2551984672,0,-1503248608,0,379251976,0,-74918288,0,24387728,0,-6078200,0,836377,0,-68284,0,3394,0,-92,0,1 # comp 6x4 (4*4) r=16
-55496360712386151,-231134906077444800,90761625134573544,527318123291231184,12731001836748804,-242775248661436608,-11948331338475138,39251973672854496,-441303066732884,-3001638540712848,183026564514970,123056003581296,-12273942137141,-2863062634896,403425726436,34776651792,-7413635702,-106641264,74460970,-2223360,-325247,20496,274,-48,1 # comp 2x12 (2*8) r=16
118787031807612424,-21308430156272336,-32342710749777112,20385836259977552,-5312004244187116,663678234647344,-121570230387680,-12614296864960,66408637882518,-33951825230596,6275470051434,-181368260892,158347267603,-137810436988,26165364350,2865621108,-1937534195,307353060,-9827594,-3841236,708485,-61348,3050,-84,1 # comp 6x4 (4*4) r=16
251094194649,0,-613721589372,0,479050895502,0,-124027832100,0,2335617919,0,1818112648,0,-88788636,0,-9537256,0,1283911,0,-97420,0,4782,0,-116,0,1 # comp 6x4 (4*4) r=16
-2705861999589555600,32331034207891956000,-52826343996994197200,22994052459234838320,2100354645774281840,-3335686668285315480,293426489319236268,208449842161338564,-35330577545259991,-7207635757415076,1819759652155050,133586690544792,-55838800323695,-504272199984,1078032733660,-35945387712,-12306066066,822819276,69317498,-7282728,-104964,27264,-376,-36,1 # comp 2x12 (2*8) r=16
7934355625,0,-65694254960,0,149748836894,0,-83434162624,0,12352361727,0,9994784,0,-68478812,0,-1326464,0,291447,0,-9776,0,1118,0,-64,0,1 # comp 6x4 (4*4) r=16
22881384234553729,36758930395933650,31642265237136684,22054831319963050,10255516032713703,2819576313407934,146445281649868,-408697063586700,-229196478781650,-29592326938778,15259318507992,5548025046054,-53914408317,-326682961050,-51758232360,3326850272,1802132358,149805306,-12061052,-3000162,-157461,7514,1296,60,1 # comp 6x4 (4*4) r=16
-177557283955879,1904557564156720,4296061626158684,4266620817402936,2799940141032558,1422204273120672,591263597773760,199776673656064,47035845838933,3616338978456,-1124605423468,228298165088,367296074186,100695399304,3445875052,-3434280976,-626058826,-139968,10583924,862904,-44772,-8584,-152,24,1 # comp 6x4 (4*4) r=16
-18106812571909346639,-12620604044778590678,21623332174841300551,-446800923437401724,-2624573547662020723,-765094859346955938,164187365997756615,294207301723684458,-72283580683868160,-19526543670615786,8426849624218584,-316322875531578,-251055615499221,35789752504600,1848102855072,-833748877454,61540255880,2261571642,-621429546,34118980,125082,-101468,5125,-114,1 # comp 4x6 (4*4) r=16
161188416,0,-892071744,0,1478286016,0,-749492384,0,130211392,0,-15105084,0,10714681,0,-3787982,0,603823,0,-54240,0,2935,0,-86,0,1 # comp 4x6 (4*4) r=16
48020515976248,257823127453520,-368679506484756,41792212992988,163874063004057,-140162026613776,71251299843786,-25737256076596,5783633816013,-581365017280,-64886862888,36356668616,-1395813630,-2986753632,385985236,274350024,-88067798,2179440,2553452,-311588,-16811,4720,-110,-20,1 # comp 6x4 (4*4) r=16
376184728921,0,-1020848530304,0,743759879694,0,-163083842560,0,-2749413057,0,3691839616,0,-210918172,0,-12554624,0,2040711,0,-140032,0,5934,0,-128,0,1 # comp 6x4 (4*4) r=16
459996137716722048,1177774640890586496,-619228420985659392,-376342375061573952,352106914655294176,-53492717200291968,-57118345919292560,18279775996068240,5397600282592648,-1766061412188768,-373102431367668,82854989337540,18169867387444,-1894686167982,-563562918125,10095311358,10117409269,456208992,-83062758,-9203100,-30770,45438,3127,90,1 # comp 6x4 (4*4) r=16
695798884,0,-3381587232,0,5550533180,0,-4206443280,0,2533772441,0,-1117651008,0,292516340,0,-45160032,0,4242218,0,-243360,0,8168,0,-144,0,1 # comp 6x4 (4*4) r=16
-6305844962389487,-47949416201456724,-39305423920520538,-5304562301135700,4789376740155375,3407272336575184,1497949080980392,477626308607256,120225770961273,23227447417380,2305578192450,173925060732,174520668747,45765664068,-7706602422,-4747864880,-451959699,75004872,15829756,193188,-143549,-9212,258,40,1 # comp 4x6 (4*4) r=16
20182145765248489840,6956510243036613600,-6749354918937148624,-3293294020365954096,431386413014991024,398740496685802200,-16510143891116308,-35846603321670852,-2012155698466423,1778313244565796,162004445579018,-76060520542872,-11299655463087,1705496286000,407679209180,-8433906240,-6901190962,-256070988,53360378,4066344,-141828,-20928,-184,36,1 # comp 12x2 (8*2) r=16
10302250000,0,-99211940000,0,213849468400,0,-106251910360,0,14348000016,0,184247320,0,-108075431,0,363050,0,335591,0,-16100,0,1439,0,-70,0,1 # comp 4x6 (4*4) r=16
290176142400,0,-930328619520,0,868368346816,0,-284953800944,0,19702014816,0,1320751728,0,-9216039,0,-27724998,0,2808591,0,-169236,0,6615,0,-134,0,1 # comp 6x4 (4*4) r=16
-107203699160282455583,35028130447022208128,120155467699465556696,-40976947674463890304,-13078207425352531208,6610782339402560340,70272066983963308,-499286259236574144,45393952438673562,22273028003699104,-2562338090710578,-634361063012660,68215735102210,11781848983332,-1086850619772,-143655562860,11211997760,1140130640,-76263270,-5675300,333323,16124,-858,-20,1 # comp 4x6 (4*4) r=16
620856889,0,-1988263018,0,2139522353,0,-1476509118,0,1216546226,0,-693968170,0,208439269,0,-34989970,0,3499590,0,-211790,0,7469,0,-138,0,1 # comp 4x6 (4*4) r=16
-2470724505380923039,7966608057738868736,6795464822926754582,-10338287502554604368,-10528466271489060083,-1471089481843365712,1121203003916574306,308851352894864732,-42089305017172696,-18760927790991308,589008188865568,608065967709092,6119178821289,-12114589682296,-373603129144,155232079636,6535871155,-1272010744,-60754620,6365576,317543,-17492,-878,20,1 # comp 12x2 (8*2) r=16
6018364373740807113,-20319969896502644352,-41350905501258176618,-17639867263964465856,1953503463148810319,2538580563257687280,169016563121666256,-166211591318288304,-24307235799468547,6177174287570172,1351700168527452,-131093867070720,-44551100044247,993175126008,922003662316,23696811288,-11163784245,-687124728,66666398,6602436,-114450,-26076,-340,36,1 # comp 12x2 (8*2) r=16
13471942644399913,-101404098579630240,-75591309292835504,41015735609745072,36873810644226472,-3715625743900800,-7063558941509842,-378252892091232,694984966233004,97340805889968,-39322152416426,-8616390310896,1236872349347,431188089840,-11949462716,-12870975120,-583244486,207415344,23846318,-665856,-234299,-8880,538,48,1 # comp 12x2 (8*2) r=16
1092699136,0,-42292794496,0,179190437904,0,-81458192592,0,10563543448,0,89677100,0,-43955687,0,-8457490,0,1296103,0,-88992,0,4119,0,-106,0,1 # comp 4x6 (4*4) r=16
1390041,0,-17397126,0,43076637,0,-34158702,0,4353442,0,2303482,0,-253019,0,-174578,0,54370,0,-8906,0,925,0,-50,0,1 # comp 4x6 (4*4) r=16
591656976,0,-1745286096,0,1564103380,0,-1028721408,0,1049077976,0,-657616424,0,204043177,0,-34678570,0,3485947,0,-211388,0,7463,0,-138,0,1 # comp 4x6 (4*4) r=16
22137025,0,-325568410,0,1421967749,0,-1769087886,0,804797722,0,-107889314,0,-2422147,0,530014,0,62362,0,-4174,0,133,0,-26,0,1 # comp 4x6 (4*4) r=16
-60485411587772599,-83591310556120752,48241672723335856,59420313096504040,-13630455921839806,-15255558770368664,1762996695525548,2065994627190960,-118649535933159,-171853649204576,3673050631136,9420979297672,33578695082,-350012534456,-7695105340,8795096680,317270542,-144867208,-6785612,1459048,79748,-7832,-468,16,1 # comp 2x12 (2*8) r=16
13269857189439141225,-29464835522356967040,-87453605320940467530,-55660417604900542656,-2315492554694784561,7693725467102608368,1511819441306878608,-404740367083946160,-123943809388192515,9702909097802748,5105740807846908,-37075035651840,-126477393186455,-4144931338632,1950088371308,120601629720,-17797575765,-1603615032,77660638,10642500,-50130,-32412,-532,36,1 # comp 12x2 (8*2) r=16
115359314259661816,-34346100424692000,-12215829063243880,11744814338090624,-3923188092462532,878221382322816,-306583601357544,66095710898448,28054241166826,-21800386591368,5387230770334,-735389329808,292661034095,-127935605840,17652142882,4087362972,-1893130151,267339576,-3274470,-4424952,739457,-62272,3062,-84,1 # comp 6x4 (4*4) r=16
28515600,0,-58404998400,0,241879139680,0,-103454690176,0,12138629112,0,303017280,0,-64911552,0,-10262304,0,1610769,0,-107328,0,4650,0,-112,0,1 # comp 4x6 (4*4) r=16
181829198346898,183538903342612,-573397896301702,241672423772844,102631357985399,-127443360232036,64187353903030,-22726563974292,5097574606977,-454246123960,-133996557300,75352264136,-9832045618,-3851992936,1025450596,220686632,-101993108,4542756,2657626,-350708,-15877,4940,-122,-20,1 # comp 6x4 (4*4) r=16
-978598264144712805,-1468411277009780160,1559539156163935129,3204135012799894896,885934271432488536,-574853481733254336,-219122067269162516,48546838128764162,19291958482022184,-2394271492165866,-920348924709908,75585532747390,27386436256581,-1592457914522,-537788662590,22544906724,7049297203,-208609544,-60102812,1173144,312375,-3492,-878,4,1 # comp 12x2 (8*2) r=16
7330428263701,-97854429385686,301446251346412,-423364669262058,338891575029075,-181128221547562,75132578249940,-27049735106320,8732431571646,-2398367103390,506051290580,-75725312766,7363014831,568832858,-863424504,334752192,-54466286,-2643570,2274992,-223938,-18537,4170,-80,-20,1 # comp 6x4 (4*4) r=16
-277519150843231,-1564439427004168,3753591917370152,-3942896749829592,2855108020416888,-1583817071985792,669486776485076,-212207145100264,44674825000666,-2347489797456,-1273173695104,-244861048592,373063318478,-100933123096,3348866524,3451236064,-627113983,156600,10582508,-862544,-44790,8584,-152,-24,1 # comp 4x6 (4*4) r=16
486731844,0,-4686103176,0,8326700680,0,-5640671028,0,3883950929,0,-1812811640,0,463167796,0,-67447024,0,5878066,0,-310592,0,9596,0,-156,0,1 # comp 4x6 (4*4) r=16
674840541923896,3824489628368496,5744060927516518,4071260142531360,1713787214255891,468631618653888,60143915106066,-18810958329612,-15233386980315,-5500604195136,-1018829591924,61058839680,67017335342,2411538912,-4729575724,-963798840,56443346,40859856,3863790,-326016,-84081,-3744,314,36,1 # comp 6x4 (4*4) r=16
80012769049383424,-28871866581245184,-66029606988634560,-39496147447334144,-16054636920478976,-3977225433277040,-157471371743004,303920582244720,158756449098392,42382837343924,2137812748622,-1885506950810,-231503149143,132146643314,38123983932,-803736248,-1949971045,-361574640,-19304694,2977422,662195,59962,3032,84,1 # comp 4x6 (4*4) r=16
-6086661354609439,-26606654952040166,-14516569403876772,15247533674223058,6544264409090507,-2714693716328934,113983027621296,-27027656614480,-116501129121566,52530812823842,6183620430660,-5562064751186,59977659523,277762345718,-13015044356,-8209733344,529249130,137867622,-10140152,-1286910,100835,6254,-508,-12,1 # comp 6x4 (4*4) r=16
987743969529049,-3022981996789928,3992006754110602,-3347716920495712,2125393312345263,-1109296403229052,494285318178716,-189144518290484,61342724246301,-17696873408336,5433812432826,-1836710171512,502069055003,-71569697536,-4502314666,3674983944,-500805183,-12674520,9856868,-702764,-47265,7924,-122,-24,1 # comp 4x6 (4*4) r=16
16897380951879725,-12279063914475600,-11305261219424215,7216978274715800,3455472165063680,-1684119057990260,-607585484044580,218421369029538,68315672285108,-18540979081382,-5322774860304,1102793554054,299943668441,-48449977762,-12610478062,1535274212,383832415,-30857000,-7491144,352792,83555,-1996,-470,4,1 # comp 12x2 (8*2) r=16
27284762761,0,-63546797622,0,55028497397,0,-22208909546,0,3914404690,0,-59234398,0,-65148243,0,5405722,0,160930,0,-25106,0,1477,0,-62,0,1 # comp 6x4 (4*4) r=16
154011595361472036,826740782404729920,238828878836294976,-1645996138369399488,-940420273185306816,536961116310788064,236744106465772896,-93227749008623200,-15890405540615264,6618979638351876,504483685911108,-257446529922748,-7844091640652,6185076822656,20825286352,-95460224544,1391438082,937164200,-25514195,-5498998,197149,17244,-717,-22,1 # comp 12x2 (8*2) r=16
2176782336,0,-5912248320,0,4664500992,0,-1022148864,0,-133301360,0,28996672,0,24708520,0,-8913632,0,1262089,0,-96392,0,4318,0,-104,0,1 # comp 4x6 (4*4) r=16
6702205689,0,-454679180856,0,570701198562,0,-211357892280,0,23343651103,0,875841616,0,-250963108,0,4631824,0,647815,0,-44056,0,2594,0,-88,0,1 # comp 6x4 (4*4) r=16
4611903921,0,-23226552452,0,28501031602,0,-10156902710,0,880215997,0,61900096,0,1818139,0,-1594886,0,94864,0,-9398,0,1237,0,-62,0,1 # comp 6x4 (4*4) r=16
1100580625,0,-4938911050,0,7690889321,0,-5046647786,0,1446337138,0,-127607786,0,-12939927,0,1776058,0,57682,0,-7590,0,457,0,-38,0,1 # comp 4x6 (4*4) r=16
11258058816,0,-293386391936,0,223556090752,0,-46183296960,0,-205634256,0,593121344,0,-6648640,0,-3506272,0,285644,0,-35160,0,2808,0,-92,0,1 # comp 6x4 (4*4) r=16
-25857921749875847,107386531183696944,-101111551107797968,32699895389576680,-1885197146918570,-2392611842861304,1745259665597452,-584402152708056,102597746689633,-6385261808560,-4394474563560,1450366715288,137416263582,-114109916888,2183044588,5557548720,-709200394,-70210552,18500236,-376768,-150844,10312,228,-40,1 # comp 6x4 (4*4) r=16
709701591460096,3915653044008960,5837553320714752,4107218542507008,1700706811812864,452537808397056,56701703408128,-17500691284992,-14443436451456,-5382843697728,-1030650012064,55746546048,66876012320,2577714624,-4696218320,-960902928,56568892,40869576,3865712,-325836,-84075,-3744,314,36,1 # comp 6x4 (4*4) r=16
-568783066006355,-3110621851301400,1236033884132688,385762811975976,-146148713812893,70888164580056,-4126861281584,57000288875268,-20834809125105,-9652630718064,4310223976278,991345439496,-510854690815,-38163895044,33249429780,-1381563852,-865786071,87151248,8803790,-1463280,-15822,9972,-240,-24,1 # comp 6x4 (4*4) r=16
16069542923328,223436095822080,-323633683889536,1093946019968,203237651695872,-152779367385536,66273297118976,-21591797162176,5222756484448,-833586674080,23135644032,33852740576,-3968808760,-2727726032,439640136,261735984,-87313058,2184040,2554702,-312088,-16781,4720,-110,-20,1 # comp 6x4 (4*4) r=16
17816841,0,-10491817140,0,81422685598,0,-28111749422,0,1107268129,0,554822388,0,-58834241,0,-1061414,0,450736,0,-41058,0,2641,0,-86,0,1 # comp 6x4 (4*4) r=16
58690921,0,-1526039222,0,10578266137,0,-13604035302,0,4642785242,0,-268808822,0,-14449303,0,-824522,0,193882,0,-4122,0,377,0,-42,0,1 # comp 6x4 (4*4) r=16
-37589814040164515,102037721085072960,-88528146346330076,29228704442604704,-2653972696323822,-2233942135750180,1938020359642314,-651517007185272,99901743033305,-2837845338488,-3810258681400,998352750180,171585822163,-99136271732,-442183694,5434127840,-655221732,-71373132,17941202,-337052,-149475,10092,234,-40,1 # comp 6x4 (4*4) r=16
375580531899541,-101923530128450,-683359330594908,-373434417171526,18829929210723,96515713589386,63822540253236,26611835378608,5829229573662,165087631414,-271646082660,-99079328114,-11287865265,4602136518,1306411432,-204935424,-110113406,-5812614,2706248,370418,-15401,-5050,-128,20,1 # comp 4x6 (4*4) r=16
1683296784,0,-5745344640,0,5322336736,0,-1613587712,0,84554104,0,-16980096,0,31083232,0,-9486944,0,1291297,0,-97272,0,4330,0,-104,0,1 # comp 4x6 (4*4) r=16
1013958595554317172736,-4419787303970654619648,5489990772644936718080,-2890931837845505371904,561887011024658846768,58688290102699401216,-27745399712202284316,-5987654700954643536,3209311876484989528,-186593101567568516,-97855874190795038,16931573971607194,577352565133437,-394691437539050,28873722501844,2557268253688,-562568626205,31271568768,884512926,-235811886,16207943,-617906,14072,-180,1 # comp 6x4 (4*4) r=16
-188224747888826844,-118065201880245312,112931901446378816,56990433491284672,-26900545336888512,-11271039946882016,3454782695550304,1310819219447904,-284218345043680,-102949726585988,16173332708676,5774898091708,-640714730828,-235614688896,17237927120,6903696928,-268037214,-137276648,728557,1599606,30653,-9500,-333,22,1 # comp 2x12 (2*8) r=16
3357238162239205,-7028818815418290,6680310218660620,-3979124634882690,1766027291863451,-666810037183698,229074130791960,-68015153098152,15308409487650,-2222113658778,130628130676,45109554570,-36865819201,16441789698,-3799476760,168295464,132258314,-31314654,1551756,405774,-67629,1962,368,-36,1 # comp 4x6 (4*4) r=16
27894578733350736,-42667285028183424,31816344044245248,-17811135381868480,7704491667847056,-2604678709122624,424704939102816,282530598558624,-200452045320024,26573882632784,14290170181512,-5043104130768,-119215940824,316456685304,-47664168984,-3673507736,1767193698,-141098364,-12457398,2953860,-150729,-7844,1302,-60,1 # comp 4x6 (4*4) r=16
67552577762600396673,-118344888987179422848,-13100060836698154478,87525198465762472896,-25548049788550278841,-11161157152773558960,4781385014543373336,460083236609086224,-334843794148830247,-610651607457852,12068386036604952,-488665579140000,-256018611231407,17190836308632,3286242878716,-294940779768,-24180569865,2862183168,78435398,-15009156,33870,37956,-700,-36,1 # comp 2x12 (2*8) r=16
19049432477404722,-24761891640852216,19178636578865226,-11462074129883728,5391062498995839,-2098432992208512,556700886645594,-17770311530820,-22916738939631,-15036328107424,12694822452276,-2194425995640,-566858718946,276895986720,-28172223684,-5082758624,1522674300,-91031400,-14411694,2652648,-109869,-9824,1338,-60,1 # comp 4x6 (4*4) r=16
330367450176,0,-1079033958144,0,901708833024,0,-249939908592,0,9287735152,0,2741654728,0,-119421759,0,-22603414,0,2692207,0,-167452,0,6591,0,-134,0,1 # comp 4x6 (4*4) r=16
-5021386611588935725,10483876694423446080,-945671757360848743,-8340635223506075696,3403246559227997432,1349601353643292592,-661545026971338068,-107825676033976386,51000944927689256,4969002264987098,-2152078262245764,-144069580286110,56566965103541,2748647581306,-978217123198,-34875489764,11266787827,287451464,-84487308,-1440088,388391,3844,-974,-4,1 # comp 2x12 (2*8) r=16
-3066957473591637,5817064895482248,762964048142892,331424491972320,-121410153151245,-543425094653040,-172975021756560,-114079255913556,-33091517981187,21198963637800,8607494033586,-1443984060672,-846939043359,19944433980,41956776900,2410625484,-963628947,-106389720,9030006,1626288,-11754,-10500,-264,24,1 # comp 4x6 (4*4) r=16
38991077729756224,88620733677840000,-115119557341417056,64120401003260672,-24777999205258304,5682269898781280,108412130612136,-612278500533504,268765674043856,-62264517719768,806738906714,3753977174696,-667075783425,-118439148128,51505350738,-1935807076,-1847997709,404771976,-28141338,-2134608,616205,-58576,3014,-84,1 # comp 6x4 (4*4) r=16
65950105107693726000,-128533227474537689760,-1728946563287642640,88205254434664839216,-28216327570318960416,-11181183022484915688,5121385174191586428,446563118225414340,-356479330757088015,1010114824202172,12754686783046338,-555765060240360,-267948412814975,18614053952592,3397880571548,-311803574400,-24629583930,2971151532,78072538,-15350760,40860,38352,-712,-36,1 # comp 2x12 (2*8) r=16
85346098003101224,-14961147406618336,-51078987748841976,-33359319774995200,-15375306002840260,-4308990430231200,-337184744200344,238436820862576,131572534291006,34447263384520,1573311087210,-1516239248272,-130431574469,131180385112,33386465938,-1658657756,-1968979003,-345536520,-16258682,3261720,677573,60424,3038,84,1 # comp 4x6 (4*4) r=16
18939904,0,-451149824,0,2147090432,0,-2815180800,0,1294839808,0,-172179456,0,292352,0,196096,0,101440,0,-6464,0,304,0,-32,0,1 # comp 4x6 (4*4) r=16
117530766107921018196,-341782612589803380072,302042780418503531180,-30233809248596036308,-76778468391974639124,24790522380685501370,5755851314899199359,-2759696046586993806,-156907070526556831,125136057289530800,935952676652472,-3124202069129572,44804091429688,48120635255916,-1266956840974,-476025845332,16065357150,3011921288,-116352596,-11639664,487340,24746,-1089,-22,1 # comp 12x2 (8*2) r=16
-591077003212439,-1179553486049444,3831732313311364,-4154070193959640,2857123136128182,-1499203628511760,631178647252670,-211909447557500,48407900864493,-2286897320408,-2126842226136,74016173408,336166102703,-106045345984,5127878234,3373815192,-652762824,3031380,10724174,-896660,-44187,8716,-158,-24,1 # comp 4x6 (4*4) r=16
310020672025,0,-1414101253820,0,1141272689386,0,-286085465116,0,5902207583,0,3964771912,0,-186102164,0,-26266072,0,3255783,0,-194828,0,7242,0,-140,0,1 # comp 6x4 (4*4) r=16
1439464465471203,-156157076068398,-608059522781097,-1544392987769616,-1557889612599815,-237952524593292,946300073119863,593558019557598,-150704022429463,-141432519015168,8677615887146,13613766955644,-50969176133,-658031989278,-13781657525,17406549612,588345376,-262106226,-10959364,2233290,106256,-9972,-519,18,1 # comp 6x4 (4*4) r=16
-301686838460636,-738247190947920,527820532045104,165759050520876,28492988944659,77567057348574,-4057288689530,19916706169470,-6920909972454,-2631119329578,1670301924372,554283238386,-268511889013,-48841895094,27035569824,-692985372,-796201158,74117970,8597906,-1346784,-18585,9576,-222,-24,1 # comp 6x4 (4*4) r=16
67019331070284993,942314657577447168,1634777854742822454,342514118848397232,-766217027525300691,-301007972306484240,102184143449361762,48917712347040092,-5034379340276888,-3403632419897740,103296363719296,137056634264996,686891978665,-3496869822904,-87461046968,58243898132,2172602803,-620807800,-27527132,4002824,190855,-13972,-686,20,1 # comp 12x2 (8*2) r=16
-26660622385302,20295692152296,156871031924412,-336319177685532,309935074846801,-177821440464040,76482133379810,-26779494492020,7740463265409,-1852205507472,355317745848,-52349751304,6610291730,-227291664,-650248156,329489288,-60989628,-1791832,2332124,-240348,-18259,4280,-86,-20,1 # comp 6x4 (4*4) r=16
434722453679494,45811991431656,-739991701609684,-482399914775732,9180477370081,107497994743288,59773815039122,22027268721460,4962059574505,347445552816,-205428212008,-113347025432,-18733334398,4596840240,1693658980,-161150536,-116943264,-7174552,2754700,391628,-14835,-5160,-134,20,1 # comp 4x6 (4*4) r=16
502973551760527,-2286770209727112,1217684053002870,663291600068328,-221375387374041,-122345223105276,72876531246684,45069504448884,-18371047619757,-5404777569264,2886609613380,702313567392,-358865914579,-44740310904,29183302692,-932302764,-818263605,78328944,8671578,-1385496,-17670,9708,-228,-24,1 # comp 6x4 (4*4) r=16
13934608004023536896,22092663764473381376,10802787089901456128,-1179662649281621248,-3182512526971007680,-1136963070777282624,-14965278258073664,102639857723381408,30595582245320276,2352036397036096,-626190512080892,-151291682830892,392095214709,4286030869334,532026605341,-28439185338,-14532339314,-1547797386,-17768703,13570562,1762430,116626,4581,102,1 # comp 6x4 (4*4) r=16
-180903821929228224,-94959462216278016,1758908490093426240,938354617697753088,-3661434196332565776,-1885868220803323392,724008998433163488,263303208111081216,-67721716007119460,-14042132104628736,3453413534562052,363586903383552,-102884337773855,-4405555220064,1868474966800,3461656176,-20575417010,571334064,127841014,-6775152,-352379,30528,46,-48,1 # comp 2x12 (2*8) r=16
1102040809,0,-45896586342,0,99696633537,0,-64008019278,0,11155343314,0,-191020294,0,-26796871,0,-3484890,0,282130,0,-4850,0,833,0,-58,0,1 # comp 6x4 (4*4) r=16
734095958436,0,-2325006460624,0,2483605346640,0,-1260993415180,0,346366650436,0,-56084176560,0,5875141357,0,-418701154,0,20659095,0,-693496,0,14983,0,-186,0,1 # comp 12x2 (8*2) r=16
12057568329527385408,-4729472228436142320,-17338598447425124076,599617634283850392,7779595613181652884,2386492547758350336,-989827191154934528,-684616355692200132,-83625276832091676,30213482810514724,10312240157400588,564593487969720,-228746886778279,-44870949512880,-1439955355614,456466855440,58396863135,1058985480,-313655212,-28121316,-601725,44996,3486,96,1 # comp 6x4 (4*4) r=16
-521882119277,-13321021028634,-5356147395837,35369881643830,45349702628519,18083348771520,-3717676405324,-8257178969102,-5489906235794,-2415898352308,-768786564162,-177491031456,-27048037425,-1087797860,762968976,283233644,88622253,33500364,10745656,2378166,349009,33390,2000,68,1 # comp 6x4 (4*4) r=16
-10062612548982639,50913419070093696,-77080797474228378,26720876887858992,17536706337896157,-8968931816404272,-2078569781090334,1217617258778972,168163529751304,-105639930366508,-9569180517872,6224296904612,413464583209,-259505061016,-13165898744,7500354836,319200115,-138891064,-5650700,1514696,64183,-8692,-398,20,1 # comp 12x2 (8*2) r=16
400160016,0,-1801332864,0,2364372192,0,-1005002976,0,132898792,0,-15004400,0,15297088,0,-5217848,0,790321,0,-66764,0,3370,0,-92,0,1 # comp 4x6 (4*4) r=16
126637654718689601796,0,-36513906442111627632,0,4683400089256048152,0,-354006975402554964,0,17602521941739088,0,-608062224514800,0,14998116344017,0,-266661736942,0,3396514083,0,-30247912,0,178819,0,-630,0,1 # comp 2x12 (2*8) r=16
61992016541105560,49416978986810960,-79906016972297544,48926044384943824,-21846681562665244,5869126302699632,-248466267507952,-434138270302240,199985515094962,-45182704678412,171189747366,2747510394804,-393147326425,-126667958676,42126391790,22500212,-1935922975,377801004,-22353742,-2693124,646817,-59500,3026,-84,1 # comp 6x4 (4*4) r=16
-6916209613560720,-5466515983125120,12625225732799388,13855502969013240,-1337885918421246,-6675387667880652,-3208826775931623,-419644317514266,192328038074097,94991756533188,10738502824696,-2400392870028,-321936954968,235899531756,66168400242,-385656000,-2805018442,-503303796,-23832172,4283028,862014,73104,3469,90,1 # comp 4x6 (4*4) r=16
881317969,0,-43014379196,0,83618631190,0,-49916756836,0,8834228367,0,-166351928,0,-10500524,0,-3988840,0,245951,0,-524,0,566,0,-52,0,1 # comp 6x4 (4*4) r=16
4103940744209,31825059524304,93074721270152,134424684806480,105671059034008,43952057687164,5531212158380,-3956108339456,-2842405808986,-1143371482544,-381463988850,-109067153084,-21544087566,-1008850476,971653548,426986156,137335160,44215200,12345846,2538108,359207,33764,2006,68,1 # comp 6x4 (4*4) r=16
-135476162037215964,58500831081372480,62368848230932800,-24211380934570944,-12595270674451776,4525420353233376,1543319561250528,-533592880012576,-131860168465520,44738813997588,8167177070244,-2754526576828,-367904575244,127287874304,11915176912,-4316734368,-228421626,98111120,1308181,-1286422,19345,8532,-285,-22,1 # comp 12x2 (8*2) r=16
135424,0,-15546880,0,210024832,0,-260228864,0,112265968,0,-24257728,0,6240904,0,-1578152,0,251857,0,-26668,0,1822,0,-68,0,1 # comp 4x6 (4*4) r=16
-201407840407041025,-289532626825910400,1170482322673850585,1838560308378609200,443460590196895880,-355307971164692360,-122466485192940020,31304112310615458,11482131319610168,-1610189253830162,-582632147569404,53321261476654,18493503479501,-1185704567722,-388567996702,17809620452,5461906915,-175427240,-49942404,1050232,277535,-3316,-830,4,1 # comp 12x2 (8*2) r=16
-157637634163883216384,305765507915080704512,-147044450794128617600,-37779926780693541248,39436341322614334736,-1031293767747600448,-3624713159205111616,283872933672513280,179301382627778568,-15818355199936848,-5568894374606032,465397741289360,116218887864217,-8459403038344,-1674284245310,99336935602,16633039041,-747045934,-110733251,3395958,462383,-8218,-1062,8,1 # comp 2x12 (2*8) r=16
-38203679469509731152,177601621728648637152,281368139006741855472,-87566898612978221904,-123384959299807814016,17899722542814875640,19194380441866078236,-2137259862477071676,-1307542803058121247,143916068820410748,40687222779761202,-4726938619578600,-687768952754207,87342038570832,6596496402716,-969184839168,-33104790090,6488213868,47487898,-24737256,248220,47856,-1000,-36,1 # comp 2x12 (2*8) r=16
-24445239671924,73159310167620,22748781239962,-260010977170044,308624732139543,-173070222224956,61750707153726,-18391947697108,5672201408517,-1595363607384,275094351980,-9898849896,-1165281810,-1311784408,-48858588,283114344,-72753746,75924,2447738,-275868,-17541,4500,-98,-20,1 # comp 6x4 (4*4) r=16
834921025,0,-231352671530,0,378968862701,0,-170181789406,0,22249659090,0,271152830,0,-170451347,0,1533142,0,555954,0,-33782,0,2189,0,-82,0,1 # comp 6x4 (4*4) r=16
342385298028,-210925413288,-7319773007370,-6557473728504,7411992534217,5111533695240,-3199209757538,-822442863186,1021205184313,-23320780632,-208196194557,11652070302,26385659368,-711482076,-2226398642,-65333718,119897950,12805236,-3034275,-658836,-7316,9324,1111,54,1 # comp 6x4 (4*4) r=16
7890222574116,0,-16357872607872,0,12562686863992,0,-4859365898604,0,1071096284248,0,-145640141380,0,13094260657,0,-808984882,0,34725163,0,-1016332,0,19219,0,-210,0,1 # comp 2x12 (2*8) r=16
1107225625,0,-16232998452,0,40849976046,0,-35996800076,0,10802025215,0,-667819112,0,-22208476,0,-1197560,0,368775,0,-17892,0,1166,0,-60,0,1 # comp 4x6 (4*4) r=16
-73222806084896124,25595519250705768,29238175491617880,-9714944521641108,-5392917227475654,1736314120297470,673724465427159,-215682364115566,-62013328525391,19704159087720,4196931733872,-1339771029412,-221241491972,72417952676,8701604626,-2904832212,-195114210,74633648,1529224,-1076944,12250,7806,-249,-22,1 # comp 12x2 (8*2) r=16
165607809276967236,0,-93649242415913712,0,22807516032919432,0,-3175237654037844,0,282957097957408,0,-17123253886360,0,726923868697,0,-21946620622,0,469602643,0,-6959152,0,67819,0,-390,0,1 # comp 2x12 (2*8) r=16
74103563127055401,272789225809950816,-174328420072422960,-306664159616305488,113315598910196424,109990234261752192,-23273401531249362,-18000173913957216,1470869823521740,1530951613903536,3587695272502,-72293281120752,-4034937519005,2000880321264,199965362500,-30775890576,-4739110310,187941936,58937614,1181952,-306779,-17328,346,48,1 # comp 12x2 (8*2) r=16
-164776272462071701875,-765274734165780090000,-516194133919811459775,149225903509446568440,162682703097792810804,3429719026526300508,-14046504598191124884,-922517771832949686,617788619310229030,45193166861918218,-16665711115434942,-1148896112083430,298309628906869,17890145027402,-3658272064942,-179127438810,30805613652,1147512910,-173685439,-4464506,616719,9362,-1218,-8,1 # comp 12x2 (8*2) r=16
13599102983229530244,0,-4872790936053096432,0,770347676304611704,0,-71220618011884116,0,4301814703990480,0,-179465100384448,0,5320771532449,0,-113279958190,0,1722256483,0,-18254968,0,128083,0,-534,0,1 # comp 12x2 (8*2) r=16
80012769049383424,28871866581245184,-66029606988634560,39496147447334144,-16054636920478976,3977225433277040,-157471371743004,-303920582244720,158756449098392,-42382837343924,2137812748622,1885506950810,-231503149143,-132146643314,38123983932,803736248,-1949971045,361574640,-19304694,-2977422,662195,-59962,3032,-84,1 # comp 6x4 (4*4) r=16
311078369536,0,-1003035611776,0,886290410448,0,-268263993136,0,14541036284,0,2027511020,0,-64401019,0,-25162430,0,2750339,0,-168344,0,6603,0,-134,0,1 # comp 6x4 (4*4) r=16
29408743910906838,42007430920148856,28809568562784894,14106119529878928,5918951052672939,2382777984183336,567447521770770,-164465125168956,-146655844238439,-14920298813968,13472921145132,4068935562936,-269813204186,-301465528224,-40453667268,4247974880,1689903792,123735960,-13209914,-2858856,-137217,8504,1314,60,1 # comp 6x4 (4*4) r=16
1739759799979000836,30601132740545216280,42960457052650411820,3575338930889473444,-17327237785543755336,-5202840208734640706,1995123859472244463,793130784533208846,-80636808230828575,-44003082514068608,1344634740626424,1305784386829828,397846690816,-23654436896604,-410536216078,273682121428,7679773614,-2014829000,-70994324,8986752,359960,-21842,-945,22,1 # comp 2x12 (2*8) r=16
-106108960801134231,29395925379710208,523326263500176282,-373468434793847904,-199981207928553207,158208259872411384,28903143906441378,-23180829942388796,-1516404667776644,1660043116931572,30803369526148,-72160568035316,587097489721,2031806684272,-50243309768,-37838808212,1360798879,452494552,-19434704,-3261992,152059,12652,-614,-20,1 # comp 2x12 (2*8) r=16
-27424461216704,86702070082560,6749382543104,-249481823858944,302495001610048,-172093432755328,63063322725248,-19166981882560,5752358144752,-1543122871680,258832551440,-9589072768,-690875392,-1351160688,-60603224,285655792,-72908394,75904,2447428,-275768,-17547,4500,-98,-20,1 # comp 6x4 (4*4) r=16
1934881,0,-63899400,0,283381718,0,-408131624,0,196709647,0,-27703888,0,-2117004,0,430000,0,24175,0,-1832,0,-170,0,-8,0,1 # comp 6x4 (4*4) r=16
11834060472198308,1281789936465472,-2403577103782036,-918518703008272,-160485957279071,-87306558975440,-108927809033388,-27636552575012,2812400376422,1023417762740,-358242854054,-61393801376,94590990435,23814514804,-5628306748,-1708447132,151021423,51687640,-2519352,-797804,31535,6272,-266,-20,1 # comp 2x12 (2*8) r=16
3008695988926216,7242156687032928,7371132911700616,4341647774066832,1741144003449353,546734714183028,150623417681550,34831510660692,4280942288397,-677358695520,-315474414584,-9825275520,-2220108142,-10577611800,-4102231036,-395353368,114040298,34711200,2255232,-386928,-73371,-2556,350,36,1 # comp 6x4 (4*4) r=16
6510069225,0,-73663339860,0,179351676014,0,-128827700956,0,24634859647,0,-717632424,0,-50130812,0,-4830296,0,579767,0,-26244,0,1838,0,-76,0,1 # comp 6x4 (4*4) r=16
5702544,0,-110972640,0,276559852,0,-177473084,0,28536313,0,2556792,0,1199884,0,-1025792,0,219262,0,-25368,0,1792,0,-68,0,1 # comp 4x6 (4*4) r=16
-138845319262636716799,-1200328805211074616000,456082437936393498352,759904643018201052064,7420978729130210072,-86793649804334891888,-4630737775906015252,4662820861209670344,309374900355207846,-146860276207754744,-10393859284695808,2969994877381552,213453914626874,-40124334683168,-2866267994716,365401298344,25653078961,-2204144056,-151033004,8368360,557066,-17864,-1152,16,1 # comp 2x12 (2*8) r=16
73359225,0,-5761396916,0,62930370982,0,-31018053134,0,3468298945,0,210601324,0,-24209033,0,-3320822,0,509080,0,-42266,0,2665,0,-86,0,1 # comp 4x6 (4*4) r=16
2729435536,0,-5957533312,0,3864888352,0,-399905024,0,-352994504,0,74493824,0,18447568,0,-8346080,0,1233001,0,-95512,0,4306,0,-104,0,1 # comp 6x4 (4*4) r=16
6730561600,0,-82582166400,0,193998097920,0,-130565000640,0,23660530096,0,-580657024,0,-63556768,0,-3938592,0,557020,0,-25928,0,1832,0,-76,0,1 # comp 6x4 (4*4) r=16
375919789489,-7415635597460,11215217069748,65769530362376,76884307705041,35980863426572,1723880102102,-7415932879792,-5376596763501,-2373840878724,-769871755366,-188049902752,-31477196924,-1827177328,690712400,231754052,59210960,25026116,9300906,2224344,338919,33016,1994,68,1 # comp 6x4 (4*4) r=16
-1095266280715560,9431256066244290,-12403931623869537,-5955056834217444,6688244990562318,-1155642955584000,-713704767215143,355516785590816,31191106649859,-42926932836478,969551742793,3296141826518,-212455924838,-171368052702,10748819296,5884996808,-218123393,-125890584,830616,1541638,28585,-9438,-333,22,1 # comp 6x4 (4*4) r=16
6883191225,0,-34695201250,0,52859538505,0,-25406029446,0,3580073802,0,102541990,0,-29344567,0,-2120234,0,407354,0,-33318,0,2265,0,-82,0,1 # comp 6x4 (4*4) r=16
2223726483094816,-6269329939993344,7020222271728512,-4387364602092864,1813771654527248,-547069563161856,119295841508064,-12805863162624,-3800419181152,2549551018752,-546798444928,-21166433856,20157378600,6928409376,-4392314848,574458192,97807090,-36849744,2758360,370404,-77067,2952,338,-36,1 # comp 4x6 (4*4) r=16
575697204517120,-3559754100787200,5468268797185024,-3963402478420992,1752542165163776,-516882403752192,70448058332160,22786411380480,-17620783150080,5856445539648,-983365391072,-77044047552,67448303744,-1913637312,-4829593360,972482256,56066888,-40830696,3858024,326556,-84099,3744,314,-36,1 # comp 4x6 (4*4) r=16
71246286400,0,-726889347200,0,855099659776,0,-343120874816,0,45333375408,0,-128258432,0,-239672096,0,-1379808,0,1236284,0,-74296,0,3560,0,-100,0,1 # comp 6x4 (4*4) r=16
4620600625,0,-24031144200,0,32176957946,0,-17606907416,0,4105972015,0,-282190672,0,-25583700,0,2258128,0,201535,0,-21032,0,1210,0,-56,0,1 # comp 4x6 (4*4) r=16
1357753908457,12760339293144,-10799235085512,-63564639301328,102025633871056,-57496524180556,8718691018436,7220896600704,-6181784019954,2834929116784,-943711282434,239149409460,-42062835598,2757505396,770797484,-183003052,9757426,-9176848,6492846,-1920100,318799,-32268,1982,-68,1 # comp 4x6 (4*4) r=16
17728599667546449936,82409083998111936000,81159653239381845504,-10316230740784086336,-51127513021510766928,-24704876557638251904,-1979727615878209544,1504461434527187736,326551115317132616,-32663229581737592,-13426877243830916,192281931710152,295403355584120,3965649790490,-4051185740353,-84289615938,36140761373,663601900,-206653054,-2455292,711378,3986,-1317,-2,1 # comp 2x12 (2*10) r=20
11935380568596489,-9284084843436288,-59088956266200960,63394880344512,36632775096633600,6129366501392592,-7240333134957648,-1412434791606200,791875006566574,153184781747488,-55054164108356,-9767687600984,2551567515190,382323347632,-79674276896,-9113341448,1634048521,128879008,-20877212,-1048496,156334,4528,-620,-8,1 # comp 12x2 (10*2) r=20
5662231181278569,-38036199823459200,-56133743293077696,30018260347350048,50129947494384048,3153554299164192,-10141787863369824,-1449687837286008,1076461119137982,176074902996048,-71536864119980,-11441969862776,3164177727238,444057530400,-94782615024,-10399410312,1878649993,143312896,-23244452,-1129104,168318,4704,-644,-8,1 # comp 12x2 (10*2) r=20
15960680745009696,-71219509511179968,7514595219907728,63738761822504352,-7018216174548288,-21437292027870816,1233727478619304,3697788269374320,-21706659914086,-365673078096700,-13228248013175,21659490188498,1489964898977,-773805465344,-73442296771,16166284134,1894677737,-187711924,-26379325,1112054,194187,-2864,-705,2,1 # comp 12x2 (10*2) r=20
-472645910863114231,-7834777952628928000,-3262496681437837696,10668249384720060352,5849350154568931648,-2595996019000721392,-1492094867952975024,299600312544519608,148212319800849182,-19914660226101248,-6945227765828180,696672337871576,182717773008438,-13697918429200,-2916898873024,158311618312,28971739993,-1082233696,-177013452,4288304,639518,-9104,-1244,8,1 # comp 2x12 (2*10) r=20
-3148574116440545271,-10466637206070341376,5084896121478195840,21423700185188899392,7671589277992068096,-4748484170239851408,-2154207853814814096,476909558292561336,210797916974245902,-28449793692613728,-9493421016520868,923370901855064,238268124015286,-17088870522096,-3621124427232,187296750600,34255480105,-1221338656,-199834172,4636080,691470,-9456,-1292,8,1 # comp 2x12 (2*10) r=20
-5543258416778867391,-17176302873914689728,79807008197622102480,-80892562690807185888,14513718788441500590,15415269445247694792,-5101044596340791928,-1245232197775287720,461850384430003629,60525143779837968,-18722814293746976,-1680263518244624,421155761252530,27338129673912,-5741845082616,-267660633048,48906026326,1578716488,-258500312,-5470056,816084,10248,-1400,-8,1 # comp 12x2 (10*2) r=20
-199957061074112991,-338333118276401856,677673956076407424,1545826534604774496,764121283734290670,-161453266198679064,-196740376390675752,-9411168957305256,19284310951879629,2014985767988304,-1034245190186672,-113982380491472,34192497642322,3255609416472,-721887537720,-52688138712,9694159606,488487592,-79725752,-2561832,381780,7080,-968,-8,1 # comp 12x2 (10*2) r=20
-10674716983054304,8656219660418368,2126766272664876176,-1680806255934726752,-2001844576475772992,2176953746363695008,-442155313185257048,-147107870141629072,56790767410029562,2843129339987844,-2763738549849783,39309165337554,75995124423873,-2656542742592,-1326752569283,48791301478,15170420105,-434591860,-110773373,1887990,478571,-3568,-1089,2,1 # comp 12x2 (10*2) r=20
5316521203670049,-27497731322767680,-36659649901879296,23145216803716512,19000492692742638,-7753415516080872,-3877879026587304,1257814817358248,460869234316237,-123310525403728,-35419429075760,7736848780496,1805546843218,-306267076120,-60808301624,7466660312,1318588918,-109474216,-17690552,934184,139348,-4264,-584,8,1 # comp 2x12 (2*10) r=20
1041424911088271649,-1222540805156956992,-5005378589563160640,1759779719953161888,3471037145778895470,-695901675927340392,-801351327563536488,123536436834113960,79896027794429389,-10328344916488528,-3962416148552816,415375595505104,112715652928210,-9119983013272,-1962055276856,116157977048,21285812086,-865982248,-141555512,3713576,553684,-8488,-1160,8,1 # comp 2x12 (2*10) r=20
223629048387208809,-1318435324719206400,-2054568008226917952,1123535485047783456,1887149294697162672,15586081537481664,-436069225168528704,-45099350546784120,43049362796179086,5148766978865712,-2224050819201788,-240174346629752,67908771489478,5913796552704,-1288073149968,-83435954568,15315094585,681997888,-111409172,-3181968,474318,7872,-1076,-8,1 # comp 12x2 (10*2) r=20
380319706704278889,-5785592026880310912,-4861168881966740160,7146331274987179488,5077831690542452400,-1862367516268082592,-1246290214265857248,234982949629908600,124235258037906174,-16577930707259088,-5926858014299756,602880137521784,159546262153990,-12226827971232,-2610704701296,145206797448,26582658121,-1016996608,-166314212,4119696,614334,-8928,-1220,8,1 # comp 2x12 (2*10) r=20
100789487606480656,99027054544731968,-132834329414523232,-108195974145414112,52557262812363232,38631409717471056,-10060373638400216,-6442133353446920,1157105111630584,585582372128400,-87175931682000,-31368001931208,4346609822142,1018101381494,-140945504801,-19743240994,2864649977,216852844,-34555370,-1218444,229712,2974,-765,-2,1 # comp 2x12 (2*10) r=20
103465789022821409,1347232802867341760,-1628934138274384096,-1288716150306438368,1717006440182057518,29498414897966168,-399714527029963464,38554180572949928,39402404947749197,-4648009945185488,-2045356952927120,221559626528336,63045464904978,-5546610895960,-1210408823224,79436913112,14584843318,-658190056,-107509752,3109544,463508,-7784,-1064,8,1 # comp 2x12 (2*10) r=20
-172173028791807991,-183221217401899520,813332447581547648,1498797086087767616,687400500113488192,-160655642898589136,-179635726151002224,-7716025091382200,17612462207869886,1813183729775552,-948179428365428,-104676102834392,31605078655158,3038381830864,-675055917568,-49938694408,9190540345,469751008,-76659372,-2497328,372158,6992,-956,-8,1 # comp 12x2 (10*2) r=20
-10588582269770391,-34392526106603904,-4733532223920576,25334757855685344,5844910118675760,-6624591790999776,-1522635396453792,989081056657016,221211401727454,-96668237386384,-20677138016012,6148197546872,1228935579142,-246382736992,-45743664560,6113660552,1056849001,-92574592,-14909252,827792,123550,-4000,-548,8,1 # comp 2x12 (2*10) r=20
-1340300045839927824,-1126610887892762520,-6551194188906972,-5257886725789296,122842271448202152,4976727392685636,-25233659106991300,12149116956947286,9580363739373033,-335782804998456,-1203726675330846,-208693457675118,32820398929965,15002357714406,1409122800738,-152479825362,-47651447970,-4009129578,42426816,39276684,3971727,215160,6936,126,1 # comp 3x8 (3*4) r=12
341297204906176,1856351469206080,2616938129402256,1296755560875280,191689893811676,-135720897873136,-119289118571156,-47988867702948,-12984261956045,-2751212509048,-527148330544,-82437712712,6656403723,12114459116,4808567434,1052582616,156679798,32375700,10611616,2600572,398863,38120,2218,72,1 # comp 3x8 (3*4) r=12
672837427903369320036,0,-154321796842826179068,0,15750138234912256341,0,-955301053925824470,0,38694279358217245,0,-1110530227178048,0,23282388594714,0,-360689046828,0,4108770750,0,-33608900,0,187361,0,-638,0,1 # comp 2x12 (2*6) r=12
-566554392312249883,-1659009467584643892,7833694165952066952,-12961952076794795908,13228402703492495608,-9796573096050322112,5686261696024166418,-2696871458545696512,1068850438463986315,-357806520546804248,101535759067261122,-24416080495152200,4963659066692805,-850222880087384,122195691685274,-14659202396892,1458021675280,-119148408408,7901245108,-417862640,17186983,-529316,11474,-156,1 # comp 8x3 (4*3) r=12
-1942151152944295836,2857349322949161600,13737284729642393604,9172817733040020288,-681731060364915408,-1369731826386278352,-43314670193571576,95642732138461056,6041687179030752,-4136828355733524,-319410265419200,121895886471528,10267058122276,-2538377583652,-222671615044,37442940212,3332100717,-380527780,-33769648,2481624,216162,-8852,-752,12,1 # comp 2x12 (2*6) r=12
606371878847931768373248,-128263685862421728460800,-272326019976720331554816,8003250330981518776320,28587034354085426477568,74493703157196570624,-1563673540502764612544,20757501445620045888,47252096212635201808,-1746159158913286336,-828611992148244452,50697766636433220,8395477375785189,-752695338228700,-43594115664602,6234975184184,40809773095,-28165313656,706102320,57312500,-3233469,-1452,4014,-112,1 # comp 8x3 (4*3) r=12
-27503510965912875,-1545497861994975,219951266316530110,575402620990670397,824822979359621321,819765608453751977,616763482179817504,366634914312605086,176281921154684371,69515660233507979,22681649684587886,6157992255375644,1395874963645342,264558361755688,41904412270508,5533056682598,606055286998,54640259313,4008028775,235200264,10771351,370710,9014,138,1 # comp 8x3 (4*3) r=12
-8593550532794303975,2364666263773113600,3145739566669802640,-826711544897398080,-492385680356091096,128557848714526080,44158471382101580,-11771377429647072,-2541882630012074,708998650046712,98377886699608,-29582375365896,-2568204939534,872528877600,43008785044,-18130510320,-377303239,257954424,-390596,-2353560,45218,11976,-392,-24,1 # comp 12x2 (6*2) r=12
3829939026370250885904,-59715303251602230451776,151227281586260913820800,-190646752603720244624096,152354781812713014217680,-85962222016722604019376,36372590150125469023880,-11986508688212205550512,3155466034188943795764,-675305363856146228688,118936577402566728120,-17383446623158828668,2119626143807228013,-216199165247215056,18452268693752202,-1315038095316420,77890532542227,-3804759831456,151501459980,-4834886676,120619803,-2264944,30090,-252,1 # comp 8x3 (4*3) r=12
9241509935697497312,7388681646002397376,-6497958122426648288,-1874558993963780800,1757519424228179520,65988841934262752,-229459648276186432,25219974627725792,14782183167187878,-3701465657379908,-273352662764314,199131331388932,-16387057985497,-3935586203192,914520573988,-29544802272,-12606558163,1926058204,-71704666,-10561644,1706957,-118800,4712,-104,1 # comp 8x3 (4*3) r=12
-1340300045839927824,1126610887892762520,-6551194188906972,5257886725789296,122842271448202152,-4976727392685636,-25233659106991300,-12149116956947286,9580363739373033,335782804998456,-1203726675330846,208693457675118,32820398929965,-15002357714406,1409122800738,152479825362,-47651447970,4009129578,42426816,-39276684,3971727,-215160,6936,-126,1 # comp 8x3 (4*3) r=12
-5369745182110813193,-2424200520569222606,2289037744728166410,941988805779067048,-561451972129411739,-258110415344199996,51096286953222700,35377222162973558,-237588921221156,-2419214931777010,-231607427924898,84005245212276,15689690041981,-1145081341876,-466560327068,-12516270374,6625904272,622146330,-29028510,-7171156,-258119,20752,2224,78,1 # comp 3x8 (3*4) r=12
5415483023965398485809,-6493880668567291591368,1048315684149224724350,1148051396365705840092,-348461285956407792823,-67343280569165347866,29816436487613639738,1415529031284894120,-1239041706370580255,8890598468259648,30564525879643575,-1120090651193682,-483488956374802,27459125949360,4996746763117,-370186571118,-32588676695,3060475152,117475251,-15270234,-117907,40866,-495,-42,1 # comp 12x2 (6*2) r=12
58898012215291705,-23569827258743640,-15287123052692986,7285539412628652,168089779692177,-437253105911706,-352937239270806,165768049821192,-15392620758915,-2247994544712,-2657072533961,1239733305006,-111634239670,-18231672312,-3205031091,2672579826,-110920139,-99623160,14562283,237846,-174823,9450,321,-42,1 # comp 12x2 (6*2) r=12
-37698564174756158464,12998354051619268224,-3447098062517972304,1567293471739271792,-306303578032104248,80659729694642104,6614385103992427,-5479625105194787,-475476687450531,-66504579412140,193574952553087,-20222099063282,-12585573377988,1511073116184,344788477293,-42014037346,-4835558069,624262553,33981021,-5245446,-79489,22864,-246,-38,1 # comp 4x6 (2*6) r=12
173527804527394041,887145115989714498,2135848117953684321,3237689585138137575,3478753354853308878,2823771888730098795,1800589984106234122,925394750740111644,390103024468223664,136535216737080369,40006546040430990,9866822238478206,2054393133062106,361436628583674,53669334449676,6704314029898,700608962052,60729621741,4313347449,246681180,11075823,375786,9054,138,1 # comp 8x3 (4*3) r=12
-7495088533476575120,-37016676794192007632,-76102477857827196616,-89131823185088553746,-66474212046512261128,-32062479533254936343,-8586165875543171347,429981618550132594,1699190113347958028,959325468409679659,346137453791328034,93024219583957954,19611290456635753,3318939067324959,455765939198176,50977471138303,4638724007322,341499507652,20133174447,935403445,33427706,885066,16326,187,1 # comp 8x3 (4*3) r=12
260112319488004,0,-645773621482496,0,486223594750880,0,-117153998882216,0,13885680398724,0,-1076891429208,0,58909274992,0,-2383586644,0,71886233,0,-1593760,0,24770,0,-236,0,1 # comp 2x12 (2*6) r=12
-1600493711816808160,2215165015363839792,-171445479701205660,-451692157458629848,78742349740587536,90408818065400968,-22160677704530671,-8248122963857012,3579137052003058,194279967212248,-185945213021141,-43583834048195,22339160521017,1003284107379,-1865256951672,396885386814,-28386276689,-2809425316,874222039,-100316753,6888760,-304676,8548,-139,1 # comp 3x8 (3*4) r=12
-4139123634176,-45595348325120,-77134930577600,-13245392234560,-3852492581360,7471514595712,3239255186912,-47095888640,-344096104676,-136012811504,-158951168,22717869520,3584546065,-2045083746,-423521098,116641982,26717371,-4555332,-1036700,110156,22855,-1354,-250,6,1 # comp 8x3 (4*3) r=12
1062687545626348,-9538216780098884,2692650040718398,-3726334021775082,283404407820493,499747434506978,-27690514665884,-29258444821504,4982407177351,-3432636949144,-20883109982,492540803210,24124541525,-34819810530,-218381752,2226359944,42971053,-74017080,-3641574,1038694,68803,-6038,-460,12,1 # comp 3x8 (3*4) r=12
-8746810325620992,19318924862178624,2855825912634208,8377544886390816,995179903649936,-1258063439162896,-106451698260632,33068811680776,7853343468172,8752074073316,-232947308818,-1130260905694,30834215605,71469779614,-1228204024,-3320782792,107300947,88854456,-4782490,-1137270,77467,6294,-484,-12,1 # comp 8x3 (4*3) r=12
107656272613843641,300490251760892520,-400219560632430594,-474100687960203582,87746688522786753,144916273513240410,-12294566116609082,-22432355301890446,2171311157254074,1953269380266956,-291518187292466,-86996122769734,20033539979825,1376411224438,-679418506934,27745276046,9488564458,-1156375868,-5857534,9012926,-532687,-6286,1850,-74,1 # comp 3x8 (3*4) r=12
1381405669875615409,0,-663102507911744850,0,124917618446025443,0,-12822501536403498,0,842708382658869,0,-38572077544554,0,1284155844160,0,-31681566084,0,578698566,0,-7658928,0,69737,0,-390,0,1 # comp 2x12 (2*6) r=12
563853760,1284275360,-3960083044,-1563880128,4824135200,-360103040,-3226756325,1100136336,1762576852,-613922688,-689003796,162814528,172489651,-24662576,-27524512,2245728,2780800,-115008,-172287,3040,6304,-32,-124,0,1 # comp 8x3 (4*3) r=12
78280544461438656,31630706886441600,-31094046461166336,-14159072615393664,739318030255440,1025069072499360,-516043961314512,-265878285287328,-11642756122460,9158234387736,-2718643659208,-1668996073416,-114971282157,42334973310,-1310717029,-3363582558,-231229035,99497706,15829484,-164556,-178408,-9912,309,42,1 # comp 2x12 (2*6) r=12
91516356062506904292,-93092525736177474144,-284492275122031935048,-252223533256212208368,-126508032056774264040,-38375610532238841120,-6217350456002140188,-416717828116030968,-176694127276043847,-120700707736822224,-25619015678769584,3578022991741360,3586177109097988,1110993025388368,217610123355016,30675677482048,3265807364298,267915062640,17025763608,833341504,30885964,839440,15796,184,1 # comp 6x4 (6*2) r=12
85056262130837088025,0,-25188353941963885024,0,3175124750463459104,0,-230896051450825648,0,11037219309612976,0,-371062853357750,0,9086609193942,0,-164355182848,0,2187828400,0,-20942744,0,136817,0,-546,0,1 # comp 12x2 (6*2) r=12
-179543758539040915206199,-206986980811771506328484,-50687874250917356381672,46568626632028450330312,47573796458933522162759,24572031260483794391804,9959325129050842608642,3595820694238802060644,1141244815687145719638,302853586953107301308,65298269249457698700,11358642629592370560,1598129284668167343,182732651403067812,17043451094725286,1298538971148316,80696425399042,4069927266404,165050231060,5301922096,131810115,2445268,31858,260,1 # comp 3x8 (3*4) r=12
-167540363734862215448640,-247613595979351937604480,-42534036344929684150656,193165272640124776999872,241937506170358723799280,160741198877499141730752,73005695674681295878368,24737542477912113855200,6537083573458218973700,1383346496070900696200,238442710280773538872,33852287221447703548,3986664271294396213,390959714773989200,31962865350000602,2175233512626356,122708852353627,5695707239752,215076668644,6497457956,153200795,2714912,33994,268,1 # comp 3x8 (3*4) r=12
-36644203432,17305848420,233709682002,53664366243,6034501482,50050455567,-16905658627,-20783355579,-1838813838,-1510363207,-2388624336,-1057874328,-358232658,-210495069,-58541598,-11657632,-2459898,-785970,-14661,82890,8604,-1612,-180,9,1 # comp 3x8 (3*4) r=12
-91768103522418915900,-654652586206381593600,-1303644295686824765352,-964076882625488282112,-189818617114942041372,64289007874156379328,23108532978352441312,-1321070428437216576,-1011370117445370556,-8949771057187308,24884633553544524,1004292187884264,-387596069347108,-23624489596476,3947275568276,309352313760,-25631991988,-2520347994,94467647,12675774,-112113,-35694,-379,42,1 # comp 12x2 (6*2) r=12
-3721356576946495,12613718278558518,9430644769820142,6812773593657802,434031357621483,-848939610831096,-207531887737562,39052635840972,25808965954317,4865623836454,-1626991029024,-655297088370,87317364725,45171890730,-2024817144,-2514631984,80893971,77553576,-4080094,-1063902,71943,6094,-468,-12,1 # comp 8x3 (4*3) r=12
69877483651321459,-143259332510483934,-169633222125494978,570368360110981216,-522815092017368399,179203076628377684,27386366279783556,-37627529937116634,4518076965720616,5044442760993534,-2497116255780950,441191842397692,5693485336785,-16464519443812,2836206123052,-117927841494,-27552178028,4870094922,-294833466,-4179644,1931005,-143968,5536,-114,1 # comp 3x8 (3*4) r=12
80360080757708688,1727251023508291548,-48790096568590634190,-122835559402613969406,-106779912394709906031,-41415154957592466834,-5225566576923900748,1400654024619443024,542598168447359995,26563814464731808,-14664949161325218,-2144144308664978,146990007395377,47367681649090,616383319192,-515780852040,-29601278135,2614661600,283839278,-1417134,-1079569,-33514,956,68,1 # comp 3x8 (3*4) r=12
167357811128,-692956408144,-793999433272,3168474228976,-1769331120948,-1339379305888,1616855720080,-150559373840,-413352159318,142897045884,49522120482,-37269569276,2756029723,3230251464,-883153284,-53123440,57326197,-6814788,-1019046,336052,-22111,-2832,592,-40,1 # comp 8x3 (4*3) r=12
-2688308538148889,412277800682350270,457771864983270698,-48521207114780808,-473781391956318539,-354809958448286996,-59927870330184612,41791023439877738,19929084058224364,78563482684578,-1913546265311074,-493124491326644,-15306087541107,15241134192740,3132283694036,177468148870,-24057877184,-5057984682,-341021118,619380,1783081,140640,5504,114,1 # comp 8x3 (4*3) r=12
-1764948335711770487,36509658071106411416,11660494382310165720,-13589879167316820824,-719047347253779044,1692805523328762608,-76022790873924462,-108873304793362156,10694665601474137,4267218027924388,-586232983844894,-108797612292480,19157443557081,1774957270412,-404007942002,-16753553832,5508507038,66630624,-47961872,207540,256655,-3000,-766,8,1 # comp 3x8 (3*4) r=12
266747116668997561,0,-160859049673873850,0,36095375372443643,0,-4245948191631578,0,314834464031485,0,-16176137992234,0,604217425008,0,-16756232516,0,345174022,0,-5173000,0,53585,0,-342,0,1 # comp 2x12 (2*6) r=12
153729570785949,-3781355675888916,4300483837625208,222194637442440,1802087098410573,261058657430004,215808347320020,-123239803559556,-53569871270801,-21506351268936,-3871711791386,492996898164,416798300233,135321517164,10493896012,-4869939444,-990153587,19138572,18338614,938556,-114299,-11340,64,36,1 # comp 3x8 (3*4) r=12
410528884344,-47519727568,-862075135396,40325294300,473969056584,-17758786396,-66834124825,5788142856,-8964689447,-621608804,1950585439,-48650032,-37639978,5289680,-445672,-422520,510691,18672,-37791,-496,1501,8,-58,0,1 # comp 3x8 (3*4) r=12
2567592561637098,143413963351020,-2482001013644046,2958087246201396,-1896850270370313,704484783494424,-150221001216546,21253238380620,-9723909486465,6429881608056,-2604570877062,591847034940,-68931219009,10472855964,-5997805596,1836462844,-128767545,-48851568,9945192,-148788,-108117,8136,168,-36,1 # comp 3x8 (3*4) r=12
13083036293632,-13942804028160,-19358572800448,-4416995234880,-2606338656560,1767563347744,640264679200,43082938496,-76580705300,-24162087408,497443844,5863643624,1047146341,-628957842,-147303458,45663358,12478723,-2482068,-633928,78292,17083,-1162,-218,6,1 # comp 8x3 (4*3) r=12
41907138684148363,339058640554529522,258147385418564958,-215153447823401596,-491731041328173275,-301538613014652600,-31746936000340724,42355616024031202,16227312381499744,-1185620803768394,-2043564788780934,-474168125194248,-8931653382131,15665020374520,3064094754724,162488094230,-24958250252,-5011530846,-329361978,1518952,1820377,141476,5512,114,1 # comp 8x3 (4*3) r=12
-1298308290033597575,1143041924377882740,9160842788312163864,15905504799250849832,16260336561548283111,11900194103725871700,6799243843631904434,3174392581375563996,1239828234960269286,409307363283971412,114551588092103340,27159401519485584,5442889081348559,919206950711052,130327185561654,15437875028324,1517930297970,122792559948,8072364724,423840960,17333187,531548,11490,156,1 # comp 3x8 (3*4) r=12
1384370580313756633180927,-3461218995418912150671920,4139805587659879774797512,-3151279753769454119012724,1713168365008758981421379,-707499456704135015451552,230496029345251582366418,-60730297212730601618336,13162633611713707994080,-2374688185017529359392,359507806447071755140,-45910626256833536316,4959705459340339471,-453578373941387120,35069809997031886,-2284584018308464,124664506518796,-5648746752576,209900558404,-6283942628,147740335,-2624800,33106,-264,1 # comp 8x3 (4*3) r=12
3670308024039820804,0,-1689803406384418208,0,312794380950560144,0,-31271004853527752,0,1961779126055508,0,-84321844206600,0,2599816710664,0,-58698810724,0,970433633,0,-11497720,0,92594,0,-452,0,1 # comp 12x2 (6*2) r=12
-28411878636749301876711,32051581842069738212040,27967169330771918221782,-87175194557674721673240,91579457564384501379663,-59418340138619884674000,27421217817251233685832,-9596440695619400405508,2641345670363186939337,-585130413317855312808,105935348648478049746,-15835074189710039004,1966994243295009383,-203753972734405188,17615861674177302,-1269017037767212,75839712174873,-3731936733756,149490391644,-4793279100,120013311,-2259392,30066,-252,1 # comp 8x3 (4*3) r=12
-64574131368195983,-3184689230096934660,10162997182940177120,-15413315121517674944,15229979444774280887,-11119709864500566572,6402843505718780378,-3015704822088140044,1185554398004564590,-392999628850081684,110290498856376532,-26213794790395960,5268217585570111,-892701607338804,127052717353774,-15111259224020,1491900071722,-121159975884,7993617292,-421023416,17262787,-530452,11482,-156,1 # comp 8x3 (4*3) r=12
3518105382573444466560,-6023148191912350162880,3261430989314745827456,906838255025523472672,-2433945149679339530096,1765460938624737735872,-768129471172538868704,223177677380807717264,-41749823208693485112,3239016663396751060,838275714506997664,-396504298860178654,91374768895354219,-14846416808316726,1850982750589520,-182721456611408,14455310054891,-918192551272,46567911144,-1861583534,57378257,-1315638,21128,-212,1 # comp 3x8 (3*4) r=12
1218824379750178132,-8421930678860311296,19938776374760381256,-27018004266760477632,25182771925176037548,-17693981712847087176,9869152220182839004,-4504268250342342504,1711836071697156417,-546983003503646124,147652325822377500,-33732864800335392,6521747670777163,-1065331370857164,146597066584206,-16916814342300,1626502533288,-129126036132,8358908688,-433527456,17563287,-534972,11514,-156,1 # comp 8x3 (4*3) r=12
1512769363135524,-14321147960333904,16262142818057264,2849227724807800,-6631835070200784,163612414952420,1174492801555248,-104402829430416,-122988176682112,15055350364898,8493794351631,-1232191256718,-403872943581,66277798254,13226606751,-2435831598,-284581941,60385502,3464125,-942546,-12027,7934,-147,-26,1 # comp 12x2 (6*2) r=12
-105858819,-1392996528,18792422982,131895415584,179113984884,-26456859252,14919116706,9607489056,-14087008647,-180156420,1812914946,-187697736,-78353892,21294792,-3579984,-1645848,737028,60156,-40004,-1584,2154,24,-78,0,1 # comp 3x8 (3*4) r=12
786579705165487,-3270579631752144,4400764557048984,-2303497714880516,447492425598747,169477457804640,-180813126080750,75141027868080,-20428896409272,4370815615184,-920108220396,193953446100,-17375908809,-9891864624,5068973238,-1049599088,93295212,-9041088,6351436,-2142948,369471,-37072,2202,-72,1 # comp 8x3 (4*3) r=12
83502316043801856,-747394254209602496,1390281737929693504,-770271918829594528,-126453803591122288,212184741027088000,-26505350236798080,-19313397477588112,4652487602641024,864950737564532,-353044548546340,-7209810214442,14037912164855,-919549893322,-300226508464,45616587184,1374928411,-712629072,35716996,3419622,-417443,6630,1040,-60,1 # comp 8x3 (4*3) r=12
175317846593024651357893365504,278404335857711236566049248768,209727988657131524056120015104,99794668537046578032764691200,33688033946334595135220649536,8589573366987014911853649664,1719425518541734071410249632,277248947329572311750191040,36657096433825281635044572,4024240843777909297531256,370027735067628575880032,28662993582519377056052,1876733898911330158597,103990588416730821432,4872003771723287586,192405002131210052,6370017050797859,175319907556072,3962746275004,72287238428,1037605755,11279720,87266,428,1 # comp 3x8 (3*4) r=12
-105007184872,-473927433864,993987661986,92634591915,-410515639488,344213802537,2771955229,-90930199533,16544720650,7114587303,-5066090524,-550265034,337658802,-197281113,-72434602,4961508,952324,-1603962,-145863,100098,10996,-1728,-196,9,1 # comp 3x8 (3*4) r=12
-5481746235842954496,8869468715312535552,4944994667042603824,-3723276862125466504,-3297482857071117004,899884540523660296,666464750207747320,-191432021075530202,-45059753377696763,18879382961187668,381016551204216,-822956247189688,68646723868065,14536583851640,-2649265104740,-14408516110,34781786326,-2428564806,-100081834,20703426,-784673,-23598,2878,-90,1 # comp 3x8 (3*4) r=12
80826675910919964900,-54745504700615884800,-220783050452911427592,-125957161868588270592,-5010635948043194012,12941056240707373248,2239181767126302752,-536579486186806656,-145016009945365356,10938051309859572,4925856368786284,-62743489663416,-104571760674388,-2319029498556,1458841787796,67895069280,-13218898168,-893171874,71717287,6645294,-173253,-26454,-139,42,1 # comp 12x2 (6*2) r=12
-162984089739636198143,102777443977504791924,27702330643930289814,-29569859397912016090,-272530915497729639,3617418051845260166,-270724835981135058,-249086817351938470,28666395742488802,10760188785091736,-1475849152797354,-307107562000090,45665096365129,5918297725738,-900035677694,-76880323434,11378165426,654325016,-89866966,-3401278,417577,9318,-1022,-10,1 # comp 3x8 (3*4) r=12
-1439758336,-9860225024,24105737728,227752566784,242328210176,-48203098112,24471874112,16161404672,-20957367584,-320739968,2688304464,-325923328,-103052936,36771840,-5761688,-2627456,1024612,93408,-56196,-2336,2722,32,-86,0,1 # comp 3x8 (3*4) r=12
-536805785494854828032,-259501826365468672000,15338075541691465728,34445777325492759552,14380625098160859392,4713501807653392896,614758868189811328,-326117840556883968,-152287225125740480,-13208478991220096,4590016282069752,976327931343588,-48928906838421,-31921517500214,-2387073111296,280026728018,55697313971,2029101444,-246847504,-27830840,-710303,42450,3544,98,1 # comp 4x6 (2*6) r=12
20417447209382528,-9875288025057088,288456511662608,3240498343980752,-3968073857044556,1690470234671760,-249216368720664,-29932598961104,19817723242612,-1585214507432,-2535339219520,1009124714172,-34071810471,-45044583448,2895535832,2412636500,-378287909,-40300728,12594144,-379052,-114125,9448,128,-36,1 # comp 3x8 (3*4) r=12
-951011536074575,2450373609475680,2253436603767600,-1380060717990216,-817140570613438,356306198317824,155479270023564,-57130988357304,-19123397564311,6330097795248,1634284236688,-506939002296,-99552902438,29766231312,4248575588,-1265252736,-120094938,37454256,1864324,-702384,-6196,6960,-164,-24,1 # comp 12x2 (6*2) r=12
5702917674052842,166115391410052,-2647905968929614,-2750221311895300,-2124599443144825,-811387819915360,-142225885840098,-9846181901740,-3800291885801,-3608820309304,-2111137910054,-626708216764,-53403046753,8195193348,-2614762684,-1976055980,-215014937,45705144,10943496,238660,-110285,-8648,152,36,1 # comp 8x3 (4*3) r=12
2329645175894404,0,-2250804447036272,0,854507437277904,0,-169024200566308,0,20129453808188,0,-1603923593112,0,90186365413,0,-3668165682,0,108049463,0,-2256760,0,31671,0,-266,0,1 # comp 2x12 (2*6) r=12
-1699631395691887787,-304255810850416644,8360585790119945256,-15419652957104082492,16013092606187993112,-11764582150000144944,6722564243407567450,-3137267234800270656,1225649755597479579,-405076498827290280,113555146589650146,-26972093410930392,5414571458123317,-915753141466872,129987925986714,-15411225126972,1516278651504,-122713583760,8069554068,-423770880,17332095,-531540,11490,-156,1 # comp 8x3 (4*3) r=12
32165587576,396581495632,1076464913158,-460910598705,129161816076,-283718539091,-43595874287,77859299049,3206030470,-4718852279,-1490047680,131510230,-82155744,227754043,-38064748,-8714172,-410576,1787700,-131801,-101744,10870,1744,-196,-9,1 # comp 8x3 (4*3) r=12
1003683586172425,3545912925518520,4396955980663688,2392566494619960,550434856506492,-99169817247696,-135369032401246,-51447074733420,-10915305426935,-1435608527004,-269316981950,-102346801344,-12884688679,8271915852,4566945038,1050296856,135922942,23138832,8763744,2390964,384895,37608,2210,72,1 # comp 3x8 (3*4) r=12
438337072217012953689748,336789218790746614648368,-223251265927739689744136,-77113092040717436648128,21147450756705514336977,5709598751105222310268,-933018083620746083458,-227601548508112073404,21258908428287644587,5486437689787120804,-244100679249903916,-83580702074445088,767149310345865,809014200542640,14262840571426,-4811868903296,-195926267627,15711945828,1077213988,-16806020,-2789093,-40996,2470,96,1 # comp 3x8 (3*4) r=12
362026843162009,0,-832245505283040,0,435713002412768,0,-84788100868848,0,9471141430104,0,-718224129414,0,39644641750,0,-1644643584,0,51657216,0,-1206048,0,20057,0,-210,0,1 # comp 2x12 (2*6) r=12
64493403598915225,0,-48513610183461344,0,12781818409230944,0,-1688359671289328,0,138319931103976,0,-7814921833510,0,320893622742,0,-9802166528,0,223146880,0,-3710704,0,42857,0,-306,0,1 # comp 2x12 (2*6) r=12
3995370704354044992,1995203916735129728,-5288885800291980704,-150916268982346080,2427410022411808752,-865424272025063168,-78600131998587312,85385466142799152,-4016673243525812,-5175808779186472,907238908457766,100555252294050,-40848393818639,913811099496,1056161627352,-156537228118,1075986891,1974201448,-225416674,7164294,643943,-81512,3988,-98,1 # comp 8x3 (4*3) r=12
10888713,2427906558,-4465084235,-1904134904,5255312788,-177588446,-2263679098,1571441676,1049528608,-955772328,-471364232,261508828,133493071,-40473398,-23149588,3774036,2489716,-196224,-160331,5236,6013,-56,-121,0,1 # comp 8x3 (4*3) r=12
-10736253163,299485466332,94692353514,-9538781167928,4326592835698,25646721825244,21600023433246,6748417066888,-78649356873,-480308564536,4160122332,64279549072,15944312924,8682696,-432724684,21982544,25708403,540508,-1338758,-259672,-6926,3932,622,40,1 # comp 3x8 (3*4) r=12
53424441281249284,0,-45485853053522688,0,14084047335727584,0,-2072213297912872,0,178294605991108,0,-10274787974360,0,421585971984,0,-12691223444,0,281439833,0,-4512320,0,49634,0,-332,0,1 # comp 2x12 (2*6) r=12
-1457820581875587,-762144656099247900,2722259997412777530,-1850133166864106040,215980764029885826,218711060360668980,-82986999832054098,-408233353553640,5607869776124103,-861184360657800,-128451616062324,45682584057840,-569100032452,-1120899640360,95294036324,14204600720,-2292156997,-60986460,27505082,-735800,-161214,10740,238,-40,1 # comp 3x8 (3*4) r=12
-5369745182110813193,2424200520569222606,2289037744728166410,-941988805779067048,-561451972129411739,258110415344199996,51096286953222700,-35377222162973558,-237588921221156,2419214931777010,-231607427924898,-84005245212276,15689690041981,1145081341876,-466560327068,12516270374,6625904272,-622146330,-29028510,7171156,-258119,-20752,2224,-78,1 # comp 8x3 (4*3) r=12
106354955166912,737014620640752,949513611613572,384061678505801,-91158663079653,-149961272718105,-33832085658371,12938547288672,8321548013115,255068576056,-767889769098,-175360250448,41346791315,16503313713,-493574613,-1010291930,-45106668,37744671,3349979,-677787,-101196,719,819,51,1 # comp 8x3 (4*3) r=12
-136284035303141367409439,10623450581691521448308,135327911840149236719000,-98366208408081177571644,25071803528330451079419,927788111461374016708,-2052293144198351846472,455565615133333241612,-14441425200757753559,-11211135680069305736,1991242155492273144,1831978058603144,-48445732159981043,8289415418598732,-644824788007154,6304073291236,4312339583155,-549051029376,38962414050,-1869469712,63236881,-1498072,23782,-228,1 # comp 6x4 (6*2) r=12
26927931364616346247,87349298129112980636,124088239929693911966,99737375923034213748,46708806603715832556,9058649404337823271,-3780230133637443964,-3913981669476102229,-1737413943554834950,-499566855325795608,-97256991677084812,-11175848156703807,66160287325521,349460237008840,88193105804949,13906232357491,1607243154712,142462952838,9805617512,522033321,21133863,629636,13022,167,1 # comp 8x3 (4*3) r=12
-27500995957023866088135,41076749253706981255080,3715310640928823398446,-58892129491391092731840,71301001334486134538159,-49277956887638447837792,23647479177981797267456,-8509927522920376943444,2393201213234522914969,-539420590386629170200,99069000836782159090,-14988226647751112636,1880952713388813207,-196550385390143124,17120300141818022,-1241178896624236,74575973787649,-3686309786964,148211344364,-4766455756,119617495,-2255728,30050,-252,1 # comp 8x3 (4*3) r=12
516048101578664100,-431227582197350400,-193967370356227272,158737696211146752,15353406883083108,-22493555259761088,-21132735913568,1951654435362816,-98357107534156,-118196294439732,10684224905004,5062525654776,-629893255348,-157455030084,25814908436,3191573280,-711576928,-35853966,13436567,-128334,-137133,7974,341,-42,1 # comp 2x12 (2*6) r=12
-252644216647473920,761227909442682880,-637771191238966528,-123776010289710080,596645348178935056,-436456920984650240,128043668393678880,687705703957760,-9932957533577480,1849715346916480,188909603062568,-90507535778560,2565222600489,2038016789760,-170331042500,-25796218880,3278140123,189513600,-34072256,-757760,206491,1280,-692,0,1 # comp 8x3 (4*3) r=12
158810404,0,-629080528,0,527803688,0,-132499644,0,24941624,0,-11701576,0,782025,0,-273822,0,37123,0,-2600,0,435,0,-38,0,1 # comp 12x2 (6*2) r=12
-898201416834987767,-960362902197506148,7157705028967590200,-12549439131476441448,13022124004171469287,-9685499302701962100,5622758044251692322,-2665302898773659196,1056464129393248054,-354021428498828100,100625897095227596,-24242012819369424,4936939842441327,-846920824597836,121867639559654,-14633183409060,1456396187938,-119070185244,7898447892,-417792672,17185891,-529308,11474,-156,1 # comp 8x3 (4*3) r=12
-18585141744294144,-13574650214953536,16922755047982624,-13259191772794656,1226089967056112,1621457966169136,-487488712374632,-48926690004904,53260486190620,-8840749218620,-3324095892466,1096732516942,148288525789,-69398200414,-3967047160,3204600232,137757379,-86672496,-4908202,1124934,77971,-6246,-484,12,1 # comp 3x8 (3*4) r=12
41143274630072520516,-144356815516605576192,-343998562756133962536,-198112887692213279232,-13215213750830776604,19022932605470529216,3783425531108605664,-715330863136816704,-224270934968450940,12155324664016020,7095870626596556,-326151097752,-140735408740580,-4365928450620,1832314599828,97823863968,-15441653828,-1137083514,77227679,7703550,-165249,-28302,-187,42,1 # comp 12x2 (6*2) r=12
119490508746250000,-375329355355559000,-137821785639440100,202620617814805400,-183313084187491640,30296609861391140,31750586261205776,-24964759265709970,3946449167106631,1804792954081990,-584515324365434,-26842579770820,26519942234601,-1439875992060,-541995747824,66555304630,3953194116,-1067191160,26369496,6495830,-510209,-910,1586,-70,1 # comp 8x3 (4*3) r=12
-6724691224767559296,4740587290481848020,2592705212015249466,-4200489709372836306,1686286176869505513,-47702474764055982,-162598398326504444,43195529762417040,2275767187715563,-2788782727468272,264339937985974,81290742195618,-15754328405431,-1060153611618,415854203704,-2531807736,-6126699335,295922160,47542886,-4008450,-136985,21450,-212,-36,1 # comp 8x3 (4*3) r=12
79658288644,0,-579555182272,0,1197508733624,0,-745162724868,0,169735024688,0,-24445215172,0,2412509073,0,-174071202,0,9209563,0,-353060,0,9291,0,-146,0,1 # comp 12x2 (6*2) r=12
-32180169162547522575,68375746773572354250,8706185083172896000,-90130215366849308110,50165181627929302748,-2560469191680412158,-4433979320605108654,862555870281238318,140614296660069619,-50608515535360038,-744163367276714,1453435207518758,-70249303418101,-23130466136628,2158071238646,193600974958,-29278277096,-517247898,206972566,-3837112,-699721,30972,656,-62,1 # comp 8x3 (4*3) r=12
440031978898840639,2630466104871092768,-2258772739009134420,-1495091466826209550,2647581966775322324,-1320872581908629261,220598436412304181,49058354335967039,-26734866742770131,2341193453860148,828217248428561,-176704441919854,-8098365559423,4647398809584,-100090365383,-66760297553,3564905752,573627822,-42106650,-2931788,258292,8114,-812,-9,1 # comp 8x3 (4*3) r=12
-175539693032628471,-625647022204312674,-148142927984167656,-112002114977025930,16886306339324748,21527783182507302,15041258611122978,15177196700011962,4792752520543251,-1386272774981026,-1053845700095730,-134329426136334,37253369959039,13102658942820,985747401018,-178559008270,-44761201668,-3284102790,112838686,43278240,4110795,217916,6960,126,1 # comp 3x8 (3*4) r=12
26478974881929488384,4828014328092974448640,-951898198555770245120,-1234503027167965583360,452674505101046396192,45054352272554348032,-43575591906934686800,4295219078419915792,1302373597800115346,-304885867175370932,-1140157814096250,6330737356299956,-473409280563213,-53225975634988,8285221960340,64715276812,-64390552447,2093167524,245569958,-15680068,-333759,44956,-408,-44,1 # comp 3x8 (3*4) r=12
-237232129273480404,230772191566468608,709285708158073956,304339153873942656,-63740083148707392,-50715337728235824,2805321259715688,4564092787646112,20934532427088,-268455288906420,-9022846844576,11280091942920,586115238172,-347146745932,-22205295508,7768195508,562544901,-122467396,-9588520,1230552,100170,-6476,-536,12,1 # comp 2x12 (2*6) r=12
1868851057701789,-5151179064176478,3905025047903250,-1962973588668210,82988146311015,144609941464296,-29236074976742,-31674253508452,10211727991273,-1795157373022,-447588478948,107661003018,55150129185,-8571572570,-1038509776,1241901472,5813395,-59547264,-2686254,939662,60895,-5758,-436,12,1 # comp 3x8 (3*4) r=12
11205451621143890416804,0,-2141032633784760944936,0,180296997044614505240,0,-8927653262035614188,0,292301073941406201,0,-6720023077823484,0,111887096261344,0,-1364819706364,0,12134992478,0,-76778980,0,328016,0,-848,0,1 # comp 2x12 (2*6) r=12
2641684462578517356025,0,-553999993917138029434,0,51177121404307261499,0,-2791317744485333338,0,101292524213927101,0,-2598260213209130,0,48588741514992,0,-670037246788,0,6778509190,0,-49118024,0,241937,0,-726,0,1 # comp 2x12 (2*6) r=12
3759499894784,-15186539274496,-77501317257152,-28900198079040,-1320237851248,11165702066624,4862495210048,2439119776,-709622526452,-199160756832,36843719000,30745785920,1274384361,-2558991074,-332063290,135531134,24647707,-4954740,-1009764,115068,22687,-1386,-250,6,1 # comp 8x3 (4*3) r=12
-8829875,4486560,42536811,-25988680,-50869890,43934550,25254472,-26581380,1000212,8270060,-6787344,-1331040,3241005,54600,-845784,22120,146652,-5490,-17126,540,1275,-20,-54,0,1 # comp 6x4 (2*4) r=8
-9977084,7146048,44789880,-11712768,-76218768,-6718368,53537524,12454944,-14336595,-7116128,-1472040,1888416,1780346,-197184,-509376,-13216,92751,6624,-12012,-768,1014,32,-48,0,1 # comp 6x4 (2*4) r=8
2937357568302921604,0,-1025641521867186024,0,142507075528047652,0,-11578445696669204,0,645278818880968,0,-26380560292012,0,819718104825,0,-19607222714,0,360150151,0,-4977176,0,49367,0,-318,0,1 # comp 2x12 (2*4) r=8
-10628183,52253292,79635012,-20442044,-115544322,-41229384,84295418,17291568,-21952560,-257544,-5473434,-1694784,4131299,541800,-1122504,-85736,195090,10584,-22094,-840,1548,28,-60,0,1 # comp 4x6 (4*2) r=8
80365393,195397416,26542440,47784816,-18377754,-115619688,104337432,9241776,-45083001,27195024,-5442768,-12245904,6648172,2146320,-2014416,-195696,352023,14472,-36120,-864,2190,24,-72,0,1 # comp 6x4 (2*4) r=8
721075,1750560,-974757,90260,-1716768,-1957170,3665054,-544440,-2289972,1154280,72078,-626820,318839,192060,-142692,-30400,40758,4050,-7118,-420,747,20,-42,0,1 # comp 4x6 (4*2) r=8
-16594209040743424,34654243206319104,-29049150798638208,12164155147433088,-2233641832316784,-85537759895568,1344662249545836,-2638124835790644,2215966711167033,-932191865060420,171983243212134,8167880463588,-8927610793835,992389153404,123436535922,-30016905412,-77303172,380145024,-13893778,-2517792,144861,8600,-618,-12,1 # comp 4x6 (4*2) r=8
-96521551875517616,413789000326217664,-102651213820177776,-393843215126390368,302828917652646300,-10439956298942256,-44493289909095016,7338982166966760,3695701762122189,-661427752403064,-229069446645990,25192440846264,9964244448197,-273986327880,-269584824138,-10386733192,3977501640,395289648,-20600378,-4997184,-168615,18176,1938,72,1 # comp 6x4 (2*4) r=8
-176354401450136369,-28312301485270480,28810244859032278,57843105919828392,-9721307909888365,-23887069844359348,4147118458985413,5530215254218051,-20682659957600,-508913768899940,-33196645511892,24236688342310,2503479583056,-671084133090,-87636307106,11289287297,1751156629,-115802670,-21057298,700793,150967,-2273,-596,3,1 # comp 3x8 (1*8) r=8
31238714064944645214524144,-68734044520173071537187520,72092179641270779592650208,-47968224569483770961711296,22731498371353549702998824,-8165204659173924102727624,2310097218910512738313744,-528042132797754192216112,99247050239384595212108,-15528721694198368402488,2040059257735901957978,-226304756089583268590,21266456155186207117,-1694803942623753298,114430046237496356,-6525227286550144,312518767528963,-12465372302052,409041016714,-10850884878,226874523,-3598330,40680,-292,1 # comp 6x4 (2*4) r=8
-23956762755419070375,47555760355742746950,-20322832256365308075,-25935625690048417850,30532983936375197340,-9608320938622624092,-1293792304483079793,1382614522500131970,-174848727751688541,-53994278751913800,14585662997340060,297454835049642,-381860328430723,17196766524102,4812627975858,-377593097656,-31867753320,3467749344,100682621,-16695714,-43182,41446,-546,-42,1 # comp 8x3 (8*1) r=8
-177146431571,1579211581488,-4617675259255,6533792504196,-4811791344900,903838311054,2275104722528,-3386384693094,2901780400661,-1866151432074,974118906284,-427499778438,160669975193,-52223006418,14744061496,-3616430298,767879129,-140080878,21687784,-2797794,292644,-23814,1411,-54,1 # comp 4x6 (4*2) r=8
5687429147797446626404,0,-1050174277215803376000,0,88862342276345972100,0,-4556865774296557144,0,157731326706559125,0,-3882531501299100,0,69686162955742,0,-918943077000,0,8836042995,0,-60417528,0,278850,0,-780,0,1 # comp 2x12 (2*4) r=8
-7997911,-21930528,50460432,61670912,-94105374,19066464,64855056,-34577664,-9760161,15012288,-3411552,-3593472,2282492,408000,-594912,-5888,102039,-6048,-12464,768,1026,-32,-48,0,1 # comp 6x4 (2*4) r=8
49477156,0,-51384852,0,-17602323,0,18058002,0,9078783,0,-9764904,0,4567025,0,-1241622,0,222993,0,-26148,0,1791,0,-66,0,1 # comp 6x4 (2*4) r=8
35344,0,-310464,0,672640,0,-613664,0,1101744,0,-1065168,0,616408,0,-225312,0,54244,0,-8464,0,816,0,-44,0,1 # comp 4x6 (4*2) r=8
47860186667832036,-99050670413442000,-50393117207022696,27263665122201720,11087561260421100,-3692884864961700,-1318573283338860,322458471927060,103915386792516,-20066260626810,-5899621514181,932536046130,250957482223,-32987057990,-8104979985,888243790,197786735,-17851490,-3545391,255130,43985,-2330,-327,10,1 # comp 2x12 (2*4) r=8
1109450268491,40451827179905,-100154682092368,80806875879948,-22314877878906,-599296873414,-2857233110377,4018371594644,-1072429193597,-278222712066,122918990793,46652615479,-27981988314,1018462807,1765674847,-217432706,-86503214,23660679,-557560,-413955,37303,2247,-341,-3,1 # comp 8x3 (8*1) r=8
-220417758610192449,-17397654929744904,31135453042047561,58736630392739712,-5748758218042335,-23019356427778908,3932352953849079,5472545176875891,-15809067623741,-507035448287097,-33221115637715,24187669267368,2500973654860,-670068164193,-87583545962,11270567631,1751097469,-115511919,-21061352,698322,150988,-2265,-596,3,1 # comp 3x8 (1*8) r=8
50962537607124800689921,41176599490418516217576,26098737708815199827182,13807504114196978392872,5935772205780443087161,2086799063336998055304,638592857424571664414,172149296910801970752,38440063548842118178,7319427383970964680,1510608710944496398,380599577362691448,91084331331356489,17218819327294008,2470987827576562,270521678867136,22820552510578,1491530269848,75448298690,2927913768,85563433,1821912,26674,240,1 # comp 6x4 (2*4) r=8
-56465504167185998216604,34316869943074082633520,700128561844717780584,-3667708872397073225880,280458404134660148756,182993896095142552300,-20154760279649038980,-5617534090982040340,714442153403242458,117781252186980790,-16113629720093725,-1770139966661490,251288442365701,19457199533210,-2796177106161,-156476658830,22278454769,903084030,-124500215,-3568090,463035,8710,-1023,-10,1 # comp 12x2 (4*2) r=8
11645833600346425425625,0,-2025513419831986372794,0,161455063113689702661,0,-7799634578995960418,0,254331640543636836,0,-5897490831587214,0,99715849188291,0,-1238708829168,0,11220216201,0,-72271994,0,314226,0,-828,0,1 # comp 12x2 (4*2) r=8
942882804822023504,-3363351503285034096,5586637709532982788,-5646600897048808560,3803407463047148760,-1747768993038411996,529625739317820604,-89016045631637340,-544687808687247,4096994972642440,-870653085621222,33996300409980,16994019882945,-2985657960048,34695354942,41703671040,-4007473692,-140759508,44033074,-1503876,-176475,14440,42,-36,1 # comp 4x6 (4*2) r=8
19724804522371,899498681952,-23859504602583,-578674510960,10639868399628,165792464838,-2506019265764,-27616438044,413668560747,2864279822,-49013093142,-187368948,4369104798,7176624,-290448132,-105116,14095926,-3042,-483695,156,11154,-2,-156,0,1 # comp 12x2 (4*2) r=8
3962801,7576478,6719417,7091840,3131473,2125696,1318991,503735,1284181,-701455,-508813,40706,448610,208797,-306524,-49769,93877,471,-14154,880,1150,-91,-50,3,1 # comp 3x8 (1*8) r=8
-7514569596928,-30396184284544,-42837274601808,-14019450199756,23758666936616,23234693552715,618288377649,-7851953635219,-2752253801723,917933799452,682101193036,13351955910,-71319918796,-12054115757,3255054599,1036710445,-27943811,-36068088,-2216322,488540,53032,-2401,-397,3,1 # comp 3x8 (1*8) r=8
1791698937856,977039325568,-89872572356304,-61807636277796,5913284799864,4495635261393,5020670622261,-318595831313,-344923163439,-106492588224,52310224472,23185578330,-3072337564,-2188899251,80331751,195980643,-5276211,-9622884,519754,263208,-12292,-3739,71,29,1 # comp 8x3 (8*1) r=8
13724929,1118112,-17234448,-22739968,-16274874,18398304,24034576,6955776,-12832881,-7076032,1489248,2665728,581652,-690240,-222432,86272,61839,-8928,-10064,768,966,-32,-48,0,1 # comp 6x4 (2*4) r=8
871779569391504,-150711098187019392,11733114077935008,71404976519398272,407375331454312,-15444977385891264,-653400862610240,1878734809759824,110769258592297,-142793421281112,-9701509530042,7157720100852,525712946929,-242654357580,-18682952150,5589593556,443351932,-86090928,-6962106,847356,69433,-4812,-398,12,1 # comp 3x8 (1*8) r=8
267551449,0,-237929348,0,-72358798,0,25743528,0,44185489,0,-4522596,0,-1364326,0,102100,0,11530,0,-4820,0,448,0,-32,0,1 # comp 6x4 (2*4) r=8
6425092586752,4377549441536,-4339149569280,-2763829509376,476338099344,269001104880,17479876640,6973685492,12271755273,7184905243,-1347305473,-117008824,-11528490,35286982,-13769883,-2810091,520842,169087,-28487,-15766,1510,512,-29,-11,1 # comp 8x3 (8*1) r=8
-37888059830910905,-79779111405756690,34425664023760452,31913895406051966,-379750787486853,-12964008523744716,-3388514242760214,6907664034074460,-1841777770465521,-301772187072758,203942297665134,-14811754467366,-6785012645657,1135937140194,84643841700,-28235255864,104066283,354808848,-13464464,-2421522,140205,8518,-612,-12,1 # comp 3x8 (1*8) r=8
-4408688,53769312,75290304,25757088,-175485060,-41595840,224264152,-11859372,-74806779,47580624,-9447426,-19942596,10082289,3108708,-2926482,-259272,475512,17172,-45670,-936,2565,24,-78,0,1 # comp 4x6 (4*2) r=8
24846817,100791864,22798740,113756352,-120528090,-72966744,314754652,-31614192,-119888505,87356256,-4389960,-33844176,11913644,4838976,-3744936,-357840,607623,20520,-55916,-1008,2958,24,-84,0,1 # comp 6x4 (2*4) r=8
866842,-80776164,63137394,-14930020,-154828983,37662156,192730088,17552724,-70169370,-34517224,-4803576,14597604,6990389,-2479344,-2047488,228284,349755,-16884,-36058,1008,2190,-28,-72,0,1 # comp 6x4 (2*4) r=8
-187791110085,234404816130,-180451114025,26958585290,64475301131,-71617284290,16319109121,12805858216,2765700937,-15902532214,8633878434,993813218,-2066625699,143192876,374282431,-123430414,-8175860,11945352,-2284024,-27654,77902,-13926,1207,-54,1 # comp 4x6 (4*2) r=8
-3410680925151665225,-6557458375016929790,-4679947071900316355,-1953981951699688056,-441821110431934258,-6460669139018164,28826488802802530,10222734555443414,2602014442833256,967617664831778,426773674388136,140723995066384,32669482433779,6225394482450,1310980003152,314961996754,66237260234,10532297090,1224918035,103548146,6298307,268804,7643,130,1 # comp 4x6 (4*2) r=8
-208716714689766962688,-172550250082199814144,1510959134664167250176,861080592193938934528,-61699866292578759360,-84967627894659188096,-1559724942099460160,3904021475315252928,182622538353853808,-108976288342445024,-6486528809736768,2037609784406416,134226399638860,-26565268537896,-1830459574756,243538792708,17021176767,-1541430842,-107026331,6390432,433490,-15434,-1008,16,1 # comp 2x12 (2*4) r=8
-9050933,-260156316,274648479,-29101912,-341701038,164444910,313199852,-25075848,-85927368,-38522988,-18541056,17675364,13233665,-2915388,-3344208,262640,505464,-19278,-46754,1092,2583,-28,-78,0,1 # comp 4x6 (4*2) r=8
-219566265121388387036,-171452699576531692800,279742685212820197932,-53510278666132839488,-27362152291393454775,8161718798069229712,1190749762039626624,-505063103076580688,-26889606230864702,18491326561539212,216989047874914,-450311854876728,5109128596519,7643611501568,-196156934844,-91529899396,3209707739,761665528,-31515584,-4197384,191235,13732,-662,-20,1 # comp 2x12 (2*4) r=8
-25303023527504,184221193015440,-445980242348880,597531232855964,-494818617881160,225871659510700,5862036501148,-91553101222570,70206821625706,-26687335085603,3079284487015,2288487493499,-1457223852673,411663881853,-50243402867,-7288229801,4912604569,-1223298609,195661817,-22070543,1788805,-102589,3967,-93,1 # comp 3x8 (1*8) r=8
563696925908753125,1200078800147368125,-603769254739957125,-370699292938331925,174710203343401470,52064079810121515,-24545163943833423,-4320334465328136,2042337312554268,233342211775917,-109369541004213,-8532459153111,3925170390762,214590749967,-96186358671,-3715683608,1611705918,43603860,-18138797,-332367,130881,1491,-546,-3,1 # comp 8x3 (8*1) r=8
-5971712,18604032,26142720,-33159168,-60226560,-3760128,45279488,9388032,-12299520,-4745728,-1252608,1213440,1619040,-72192,-473088,-22144,89088,6912,-11760,-768,1008,32,-48,0,1 # comp 4x6 (4*2) r=8
-495046084288,-1574683933984,-1344884556400,-394018073456,-313299928256,-448841288000,-183443881160,25781475912,5351172548,-28361558762,-10991040623,3639636361,2877446010,152593947,-288666858,-69396481,8758837,5724972,586693,-95661,-25300,-973,236,29,1 # comp 8x3 (8*1) r=8
2988005392384,-22608547414016,-68664349835264,-58868462235648,-15311712517120,1867034604288,-2110327393792,-3459840515200,-878629765568,304400892672,122048516592,-46158600696,-27072650408,-644561443,1836832303,219916159,-87953003,-23874174,-557466,415334,37282,-2255,-341,3,1 # comp 3x8 (1*8) r=8
154771495979,-7264082340602,-18365676902168,-12833567633608,-3972064655391,108429283306,804740623703,457104526215,138079918744,17274608114,-420201292,2288466848,1914020460,477150838,-5619380,-17083815,2373277,2038374,256348,-32269,-9251,157,238,27,1 # comp 3x8 (1*8) r=8
433354378750,-12051960937200,11616262020185,17800620438366,1946719235593,-10439231392008,-2932972439505,1728718887978,1007715098130,-122407061616,-185404124849,1172096154,22479290216,-52789464,-1814118508,58662540,100300532,-9586242,-2999817,596016,278,-9720,1119,-54,1 # comp 4x6 (4*2) r=8
2349296,35361120,29223816,6666130,-39197175,-29676060,53680932,4253370,-19216749,11540910,-4824714,-6053250,4418819,1158810,-1384536,-119500,254211,9990,-28112,-660,1845,20,-66,0,1 # comp 6x4 (2*4) r=8
1860122816,-7888651232,-5611765904,1074643024,13445118656,9107152864,-934855064,-6326583560,-2116054092,1671824754,1164276211,-245514955,-328008952,35413535,52913096,-5874917,-4921619,676772,253879,-44165,-6218,1483,22,-19,1 # comp 8x3 (8*1) r=8
175561,0,-410386,0,24197,0,219918,0,6922,0,-56458,0,57761,0,-32958,0,10670,0,-2686,0,385,0,-30,0,1 # comp 6x4 (2*4) r=8
-9483351,-19693152,54216864,13357536,-117848892,-4512000,109479988,12223488,-38716848,-9632672,-1807044,4320768,3453590,-937440,-998448,120736,180960,-12672,-21412,960,1536,-32,-60,0,1 # comp 6x4 (2*4) r=8
-35678659503603118848,37734568242838059840,8591910206007170304,-46628039100177909368,36749579654511422244,-10207907833645501362,-1321586331340148019,1369264462768283298,-171397967936372508,-53072044579081410,14375010258148278,291600485364186,-378979623175129,17181631464636,4795417415448,-377661406612,-31783991544,3469309890,100284683,-16694238,-42300,41422,-546,-42,1 # comp 8x3 (8*1) r=8
244766025,0,-166478436,0,-222003882,0,28391388,0,21145383,0,-15608376,0,11675356,0,-3790344,0,610143,0,-56164,0,2958,0,-84,0,1 # comp 6x4 (2*4) r=8
-324639257413910,332154956398500,572928883897350,369515466493560,22374906403500,-225153522400320,-165041564226209,-5958371878650,35334163631385,8503707251844,-4233220178250,-2080541245500,-4110578140,163592122500,29293957800,-3536427960,-1878240000,-202037400,17879200,7663500,1028220,77724,3525,90,1 # comp 4x6 (4*2) r=8
16408765786510791461329,0,-2773583739320699486448,0,214856988850850264646,0,-10086967343496271444,0,319650379616843595,0,-7203301621956888,0,118363831989608,0,-1428943596792,0,12578769315,0,-78740440,0,332706,0,-852,0,1 # comp 2x12 (2*4) r=8
-31832951,233657352,386204124,106117728,-404654742,-244847448,344723356,59168016,-72060921,48616224,-35036472,-22473072,19886852,3432384,-4788648,-285264,679263,19224,-58436,-1008,2994,24,-84,0,1 # comp 4x6 (4*2) r=8
-1246517888016399337263621,-2921974734098282254513125,-3565531179837187857565164,-2591771298037627231112755,-1124481838613009701818285,-246681545909185026124755,17077210752918227136330,34230748726758866014740,14039223675077320345731,3646500842258451866161,695753187925170968184,103040841999722989050,12172858079117667950,1164404449065784884,90904491029488014,5809607214948578,303614279541648,12909464194719,442323673847,12026694978,253436859,3989478,44136,306,1 # comp 8x3 (8*1) r=8
49168144,0,-150328704,0,-122372148,0,58459060,0,8548065,0,-15718224,0,8149634,0,-2280432,0,371175,0,-37100,0,2202,0,-72,0,1 # comp 6x4 (2*4) r=8
1447421032414875126841,54246278987188393140,-299103297257424291420,-8109131922713038602,28371781228880635662,532404436335361632,-1631800731980343757,-20028291367574448,63346175048435292,470038142032200,-1748242548608436,-6946811366544,35172725514069,59888343816,-519821117712,-196676676,5601538674,-1271592,-42924001,14616,222024,-42,-696,0,1 # comp 12x2 (4*2) r=8
4328641,35720076,9521532,-801724,-48171426,-15280104,65041162,-9325008,-28352580,12194840,-673146,-5430432,2632419,1119720,-857352,-126056,170370,11592,-20894,-840,1524,28,-60,0,1 # comp 4x6 (4*2) r=8
5477792434953892,6551006457902860,3036539567983194,34302970388092,-218302033923921,295523416832924,221540726600058,-19012486975220,-56605783144369,-13436377907020,3083579571350,1663224225580,46217875735,-78498259628,-9383057770,1814563404,357574149,-20222924,-6769362,65708,71317,572,-406,-4,1 # comp 6x4 (2*4) r=8
-713831574362038743755559,1930523129678133154989459,-2712360262414583050650894,2132326532164720987640719,-948904141723415095418787,195727744769819827843203,28767705856249117046738,-36403567458564410892012,14371073073251588230173,-3688463601653915564485,700159732852545378636,-103425034475496341406,12200591679109310462,-1166053368949384272,90984594361465506,-5812750014221922,303712215437772,-12911829566439,442366329483,-12027235194,253441143,-3989494,44136,-306,1 # comp 3x8 (1*8) r=8
-463439413180506368759,69814540316115826992,-83403427442270613604,2047930152852920572,-7141346852138506094,13352602411037390908,-1566956521276762600,-1070466129809168700,-25934277033909623,167166958526993424,-25167889568912116,-8413869263764508,3705876432112510,-605584863110804,44214902576588,618473815776,-427189504862,37285474236,-1055350852,-66352328,8112760,-390020,10508,-156,1 # comp 12x2 (4*2) r=8
-204751,-1739616,-1040424,6261664,-5649012,-4267776,7373004,2172288,-3416796,-346592,315972,-108096,269382,-1632,-105072,11488,25188,-4032,-4644,576,564,-32,-36,0,1 # comp 6x4 (2*4) r=8
-24377664378876875,4686032564695625,-21890542983556250,-6878160358378875,-6937948840447125,-770103615722875,-2321013310144800,318597262316375,811730345837500,-30257249753045,-82858579854660,1576977209705,4187714281582,-58424848908,-122087768083,1511868175,2187182821,-25195509,-24449133,251263,166000,-1352,-625,3,1 # comp 3x8 (1*8) r=8
96352499,389385362,512694959,390831860,312906685,174975502,89716931,52465217,17039593,10343351,3469979,1139336,795146,33165,74944,24925,4027,6951,-1818,-302,478,-1,-26,3,1 # comp 3x8 (1*8) r=8
146689,0,-3532680,0,5199744,0,6320508,0,1557276,0,-165504,0,502886,0,-264960,0,71028,0,-10884,0,972,0,-48,0,1 # comp 4x6 (4*2) r=8
12630163456,0,-6396936192,0,3742146560,0,-2481260544,0,379955456,0,-22063872,0,-338368,0,-591168,0,124352,0,-8880,0,1028,0,-60,0,1 # comp 6x4 (2*4) r=8
43438556411371860453225,0,-6770008457737119104202,0,483574392219681345429,0,-20933711251304672226,0,611691965430108948,0,-12710397945889182,0,192581537792707,0,-2143768071984,0,17400745593,0,-100437274,0,391314,0,-924,0,1 # comp 12x2 (4*2) r=8
43430278852339650302571,131845007577535620984,-6770775852945716664591,-14848634013981070968,483644299511411053092,734146532017536330,-20935439513615454108,-20798153423871516,611702830771689195,367631543657778,-12710177116432950,-4092620719572,192577061944222,26576489016,-2143738403268,-65740140,17400685302,-320166,-100437343,2772,391314,-6,-924,0,1 # comp 12x2 (4*2) r=8
14077584,-102926592,22382784,41953536,-90185472,38511360,90271968,-68352,-32568528,-8867072,-1975824,4105728,3382840,-959040,-982848,120256,181860,-12672,-21392,960,1536,-32,-60,0,1 # comp 4x6 (4*2) r=8
-738211096003893248,405112879001998336,439355559434193920,39388956246252352,-62328166427318336,-25070478155207008,-2291355795262384,-877239588865280,-898807753315056,-194047356165044,45113341425980,23620911455346,1300915246483,-734428013318,-95510678644,10559346432,2150073491,-71307456,-25349156,122674,170633,954,-628,-4,1 # comp 8x3 (8*1) r=8
-2583751974810536019,-126440283030041423415,-95572531645556213277,7978824568694143203,43034509482608858033,-2342655713518387811,-7500827768899493332,1030280892780976357,747162671761731142,-266650123529806872,20257443921887797,5157538072586815,-1213537172240460,53346223849761,11985718731479,-1808882180836,51633329599,9042595290,-978407689,26508650,1767340,-179470,6836,-129,1 # comp 3x8 (1*8) r=8
-9838196347148180452584,42144656778320462516592,24825123799978652486460,-23483441821017590642448,895172809990813627050,2174719267095488172492,-179932300736816058839,-103065280097642080356,7344730382332041228,3091950490517730894,-101034870583347450,-56531615182060626,-177923254849991,608365803318126,18596617404609,-3722435094250,-204382350435,11409457164,1030980421,-6813804,-2483094,-48410,2001,90,1 # comp 3x8 (1*8) r=8
-82729361408,1083834824704,-951456228480,-3220300907616,-1681851677280,65260242672,1037229451440,367264038400,-227476236288,-156237857208,34366544864,31171002114,-3686075758,-3816227033,349327255,285408321,-24783579,-12529134,970474,317952,-16408,-4465,47,29,1 # comp 8x3 (8*1) r=8
13444989870002571,1769387550474654,4406615042219955,594918922253028,863254560936688,118557443901198,56458053145179,8413912807134,4114563928807,609149152068,287369621343,42674387640,31602432400,4500881496,-1096149294,-107872824,116560678,14300688,-4050558,-411402,59053,3930,-396,-12,1 # comp 4x6 (4*2) r=8
11449,0,-46754,0,-7647,0,95698,0,111786,0,-232034,0,190321,0,-88998,0,26846,0,-5154,0,597,0,-38,0,1 # comp 6x4 (2*4) r=8
40735563744767329,-187603214271886776,-5734327953598674,81122165856887172,4124816705421069,-16372234757662380,-1045007154771530,1904799598923300,132544616979546,-140776608628592,-10267543096002,6939019135236,523368402485,-233252195316,-18053618838,5363002124,423622122,-82901952,-6657438,822828,67005,-4732,-390,12,1 # comp 3x8 (1*8) r=8
40264209,272934036,176302818,42212232,-133397631,-163292976,189176274,26291952,-58149018,36548076,-16326534,-16649784,11941237,2714688,-3186006,-236592,496854,16740,-46438,-936,2577,24,-78,0,1 # comp 4x6 (4*2) r=8
32202778005379,-80500862437496,127389086247144,-149928881536854,131678345286796,-80956570661902,30679979270602,-2117702629989,-6226535098408,5161221332732,-2458925435982,797494004605,-166296843195,12690777577,4712626726,-1901826346,287028472,-2383182,-6422040,1013488,-40067,-6308,938,-50,1 # comp 4x6 (4*2) r=8
2116565377761025,0,-1387690283016900,0,409863665332530,0,-72491790706324,0,8586991887807,0,-720183018600,0,43967095148,0,-1972486216,0,64618719,0,-1508372,0,23810,0,-228,0,1 # comp 2x12 (2*2) r=4
243734544,0,-591300000,0,636487500,0,-432690500,0,193037625,0,-61883580,0,14437474,0,-2475000,0,309375,0,-27500,0,1650,0,-60,0,1 # comp 12x2 (2*2) r=4
-638724495566057774287,-63093059158337631908,97726197280509483602,-9377235347724340794,-13182626328869666236,1176979771016463226,780386233418029865,-187252363703393880,-44789295784452789,10593419167607870,2072907620518054,-274198614320428,-59176613430172,3647671513464,1050509418531,-19992775820,-12058512786,-130610190,87346821,3181234,-333610,-21148,331,50,1 # comp 12x2 (2*2) r=4
17664983685504186258969,0,-2948203348622590859000,0,225279108404228702460,0,-10431330508278523866,0,326255120708869516,0,-7266500681473646,0,118251649612275,0,-1417428751524,0,12424459882,0,-77681486,0,328833,0,-846,0,1 # comp 12x2 (2*2) r=4
177728239797368,32716816149072,892286936168586,113838789723123,1073922639292962,95415717366243,257405323007281,15509699973003,-14397337173530,2887876053627,-454106456416,2912457343296,1826806414380,603467087919,158634803192,25796976912,813332794,-461825556,-78428631,-3706632,305038,51876,3056,87,1 # comp 8x3 (4*1) r=4
54983174124096,0,-48334790104832,0,19258488213824,0,-4611900403712,0,741351340864,0,-84484724128,0,7012142216,0,-427667184,0,19038281,0,-603512,0,12930,0,-168,0,1 # comp 12x2 (2*2) r=4
-295880394720341,1119246622537722,-1677138398353724,1228617999844258,-421529727756957,44618549266396,-8451612371762,17927090700828,-9982849918301,2628174442294,-280935220354,15069484142,-33311352049,18436876750,-4345690472,307334568,100610803,-28416744,1668576,382610,-69887,2386,352,-36,1 # comp 3x8 (1*4) r=4
-124586154984208287649052,-188129133229581732323280,-204734364367829436165072,72305517501373274403496,21482563695646526134449,-5721497585972184123228,-939890219836516287786,229070349905021523780,20771932599997423299,-5435445982457553324,-230076536451103380,81157322754614040,672456796606273,-774540632849928,13638507264642,4596012165456,-184735249923,-15206812476,1025436228,17252148,-2713365,38132,2502,-96,1 # comp 8x3 (4*1) r=4
491258903680452765456,0,-111228431870089765152,0,11542572942573370764,0,-725947993773090308,0,30818546717471865,0,-930371222841852,0,20479869683170,0,-331210830456,0,3905788095,0,-32752940,0,185394,0,-636,0,1 # comp 2x12 (2*2) r=4
-1894592,44785664,-109552192,274077824,-189643964,-99101248,386670168,-80061824,-160379876,108743456,10966244,-49323008,10762437,11589888,-3978860,-1579072,691147,115680,-64964,-4288,3391,64,-92,0,1 # comp 3x8 (1*4) r=4
1176157372167091668753,8688893792578507584,-247612747665991563414,-1321083782861615688,23892839245426954149,88251228174654792,-1397267580014041958,-3378067428380688,55156140323494128,80665483939792,-1548258927103998,-1213011654768,31689711323487,10640435328,-476538627600,-35557072,5225213313,-233928,-40742442,2736,214434,-8,-684,0,1 # comp 2x12 (2*2) r=4
40971960564840,-58990113245268,68251860595224,-44938523867085,4708029259269,10343805353001,-1762937109045,-198073795626,1342106480187,263196829576,12686329008,53455601718,17293369557,438271779,-180822093,138124134,-9195570,-15901563,965141,544509,-64506,-2995,867,-51,1 # comp 3x8 (1*4) r=4
16739356288,127685423360,268449314944,156651619840,-60251248512,-49653610240,40468189632,17770110720,-10343462816,-683200320,2280905520,-423209920,-136476344,51702080,2531480,-4503840,390988,170880,-24276,-4720,1642,80,-70,0,1 # comp 3x8 (1*4) r=4
3163684760789023,8697254989825584,9265418166949560,5413841313723540,1594776808047891,72530438969664,-112679636114094,-20864189492640,11570440934688,7501940104480,1710335761620,63992327580,-40328246657,-912458352,4115961486,1501194480,328305228,66571968,14982388,2967492,418431,38720,2226,72,1 # comp 3x8 (1*4) r=4
134867307220565805,782339870025899001,2007959660162104374,3154557899777027853,3464250359474066109,2852943004942070949,1837613800425113068,951115495560240238,402828914008836967,141365243591357779,41459438399782466,10219148874747456,2123902906744710,372637286908616,55143088096016,6861969074150,714198933166,61659749097,4362738075,248643256,11130703,376750,9062,138,1 # comp 8x3 (4*1) r=4
8139030885584976852225,0,-1464262086790098180988,0,120492813081753331254,0,-6000576483081851604,0,201520417622814583,0,-4810066247699920,0,83698665780432,0,-1070049859944,0,9976852027,0,-66164644,0,296250,0,-804,0,1 # comp 12x2 (2*2) r=4
531165411026406009,14172809954402160,-212470130899837800,-4093632379295976,38957116786285860,519604375564800,-4329111246227990,-37791709894080,324717300162900,1714642992016,-17319513960540,-48988929600,673565976027,816472800,-19245189600,-5184016,400946220,-64800,-5939982,1440,59400,-8,-360,0,1 # comp 2x12 (2*2) r=4
1079486308,5065246124,-676680629,-2358878300,2589253369,94843516,594237381,-241737064,-38118932,45269292,12092695,10199960,3029478,74760,417136,-90656,-29003,-7824,-5187,-128,-59,-16,22,0,1 # comp 8x3 (4*1) r=4
12812740182312932,479112230294544,-7020285769999392,-188354581494776,1756018032473232,32601774213888,-265857273460440,-3233973460608,27166514132604,200062738576,-1974864085524,-7792608120,104722867089,177077868,-4080764688,-1533254,115949790,-26136,-2342577,792,31944,-6,-264,0,1 # comp 12x2 (2*2) r=4
-3759532136,-48191291632,37388238484,42204196540,32690785804,12809984836,16350711855,4262033864,2666102653,432010524,557882719,31487192,-977538,1157640,2155288,-570680,-38129,-43032,-1911,-704,-59,-88,22,0,1 # comp 8x3 (4*1) r=4
2403038777895876,528603432222720,39085566901480,19805348034560,49511055810036,11378311474240,438275010752,334414460160,394815920460,95416482540,17150580,1993360560,1542255132,388961820,-21396876,3809760,3268170,792750,-98385,-2910,3221,610,-111,-10,1 # comp 2x12 (2*2) r=4
-11163741502482886000,6815995217834499200,1658607274615601440,-1426942780691276800,-98119151592866656,143915951570056736,1525852598434712,-9172480614998792,167862040766056,409337451225472,-14522740318388,-13412988933456,627327370922,329258205906,-18002836645,-6060093102,366245229,82111876,-5314258,-782572,53136,4746,-333,-14,1 # comp 2x12 (2*2) r=4
58710551739467969,-168555181547329396,179891685894243760,-78121588307259976,-16914157969382881,44887501911975292,-31593467540646318,13573181616407204,-3868872149600082,664185888404044,-22841285042028,-21848951598768,6309285942135,-724788847644,-21086651530,18134887004,-1648382294,-289543148,106145036,-16078240,1513035,-94348,3826,-92,1 # comp 8x3 (4*1) r=4
-2242480,13177776,4989364,-22773192,41048420,138624480,110208715,-34897128,-47056820,4037448,603932,-5222880,4450051,2323608,-1552960,-516720,318652,52416,-36511,-2544,2320,48,-76,0,1 # comp 3x8 (1*4) r=4
-1124068586078494718550,-201151746635093093700,-341136848576076464295,89648859167056790610,-25313971591113578627,-62626739521679265300,-8378470033565591999,4732699299695822946,1135177389301618177,-90047892070207896,-45087853023780411,-1040258909616894,841930766855401,65868940229448,-7574843609813,-1088714009190,13252184983,8201532264,299948907,-21077718,-1744901,-13956,2407,90,1 # comp 2x12 (2*2) r=4
-234103984727590952896,1880507676832984357760,-145194093097586785088,-263224794679873467616,22134411301335305384,17291179373966384432,-1470554044327858564,-702437893725666560,59423802135827374,19589714129920900,-1637904551160647,-393624462214326,32417845698065,5814652945416,-470613933295,-63167098554,5014170381,494892412,-38447605,-2666146,202203,8904,-657,-14,1 # comp 2x12 (2*2) r=4
6739216,34837376,1401832,226544448,-7685836,47277824,315654214,-13616672,-134113112,42663232,6906735,-28968800,9523335,8313408,-3332669,-1355104,612919,108480,-59959,-4192,3205,64,-89,0,1 # comp 3x8 (1*4) r=4
18529935597,-35448383160,-4935477258,26807686128,-3730091796,-7345476900,4594867074,1860567408,-547367463,134182548,147716946,-29112696,-14263452,2044224,-84240,-490680,96300,21924,2716,-576,-78,24,-30,0,1 # comp 3x8 (1*4) r=4
91739813435029,-34249240534596,333036454555720,-187378823927156,267184757719630,-163104745318868,51331212373656,-14973088987436,6437008287999,-3206043725592,668798489360,-103672975032,3717018748,3611178200,-1132227760,34583336,9547643,-2352804,500616,18636,-19722,-324,376,36,1 # comp 6x4 (2*2) r=4
355920290804736,2834149858634304,9689060526979680,10148892850954656,7964214369555888,4405828215783600,1657012168518696,415100810062584,44388534213108,-15514468695540,-8129368595490,-1499452844910,-33883058467,49861415822,13032859768,841704856,-283965669,-56651408,1242630,968106,23075,-7162,-292,20,1 # comp 8x3 (4*1) r=4
-10346048,8989568,-1158976,190086288,213475856,-334190528,182655463,83906928,-82524884,18958464,14822748,-4124960,99931,145264,-156808,108360,56680,-22848,-10659,1792,1084,-56,-52,0,1 # comp 8x3 (4*1) r=4
16405464715476506274493,273419065144838389476,-2771723982354631667976,-33372902536780239832,214725157888142137650,1789886320613526660,-10083015494403835348,-55006185299811984,319591058062577943,1054523501431512,-7202882019456192,-12730643994432,118363087541164,89652195864,-1428945532536,-240517872,12578723307,-1270332,-78740120,11928,332706,-28,-852,0,1 # comp 2x12 (2*2) r=4
-1036544759617,1114523795520,-119388784488,-36841500852,-314290564428,216681808347,29405644228,-82631754549,5376442872,7261134438,-5329741356,-2300605983,-33986473,-205294644,-114663573,-17140707,649692,-358830,-45406,79335,8919,-1572,-180,9,1 # comp 3x8 (1*4) r=4
-2781242000929656171,-1482482500142492736,-1258034543048832282,-545145990645331890,-253981718590703814,-53048619094030566,3958295752373329,4504466253855768,1817003106000383,259340168260182,-78034886395406,-25135177540556,445937310854,788136731776,37072827195,-13981999724,-1208095000,166507046,23593729,-557254,-215856,-6848,643,50,1 # comp 12x2 (2*2) r=4
31440469348261,34521976887084,15582470466726,-1811681244180,-178695507516,280134237114,3197550570786,-3314912524956,1798482679188,-698576016044,220196674656,-52755202746,5934330979,768055812,-269556084,66672000,-22503720,-1335786,1486546,30384,-37122,-2068,324,36,1 # comp 6x4 (2*2) r=4
2061824049419,65474024586648,690811907902510,479038394679493,871649335451393,481919674008956,306915671641635,156962737321817,29853758561398,20446283205679,7587844364505,3711113268993,1676453320815,484263759679,103910170944,15606304095,713583898,-240852275,-49415823,-2999093,160703,37241,2497,79,1 # comp 8x3 (4*1) r=4
59078927158136886086425,852061885087793272920,-8971215147450253724151,-93475143972605018580,624612414086959343376,4505560595736442830,-26359372821845809312,-124438638019396680,750857257454968575,2144020234721610,-15208700164599366,-23262528402360,224610353573022,147231419940,-2437023051108,-354990000,19280215440,-1685070,-108468235,14220,411906,-30,-948,0,1 # comp 2x12 (2*2) r=4
1423821145548,-3213730034592,3189379286748,-2203432992296,1186339476408,-382375744716,188254741584,-58382813148,-1361204943,-4727895432,563115828,23612220,129805770,96630816,-22552008,-4478600,1180755,-275844,-39500,29508,1674,-960,-60,12,1 # comp 4x6 (2*2) r=4
-42154079667030567,-4232065155406947,307452129262235370,785336172049355949,1098031825684777689,1065926033790968997,784180413947894184,456064176339585378,214582563128127627,82823817305216295,26460647824741218,7038789315212664,1564711909737966,291163904622828,45340527123720,5894523099630,636713557614,56704240809,4115732971,239399040,10886403,372686,9030,138,1 # comp 8x3 (4*1) r=4
23424118983409,0,-21424967927688,0,9049424959614,0,-2326857175564,0,403468641459,0,-49719695688,0,4463029488,0,-294185736,0,14139099,0,-483328,0,11154,0,-156,0,1 # comp 2x12 (2*2) r=4
88747169760596283876,0,-23372448539555702752,0,2808947751887206440,0,-203971375570210272,0,9977733856462084,0,-346690882200016,0,8779833787476,0,-163365676224,0,2217305764,0,-21411712,0,139632,0,-552,0,1 # comp 12x2 (2*2) r=4
847769513536,0,-1170020021760,0,691089669504,0,-237246023680,0,53379154560,0,-8417868480,0,962201360,0,-80865280,0,4980480,0,-219680,0,6584,0,-120,0,1 # comp 2x12 (2*2) r=4
484910651195500619664,0,-118188529525264161024,0,12807414091132202704,0,-824755928985918696,0,35369630005168876,0,-1068339169861364,0,23366529990861,0,-373537036958,0,4336226459,0,-35663860,0,197231,0,-658,0,1 # comp 12x2 (2*2) r=4
2654185252903643280969,0,-522191173061677062186,0,47083271302589124981,0,-2572795833643184482,0,94895900133395124,0,-2489039533048446,0,47604457292355,0,-668917144752,0,6853683609,0,-49935834,0,245586,0,-732,0,1 # comp 12x2 (2*2) r=4
-14546204743833247644,-2598825774963303936,3946140204495616656,731242282120315776,-484632278093947164,-93504808399071888,35916954056975032,7262021064099024,-1790407262278199,-383219811735960,62934726776176,14491929712920,-1579548418848,-402089676552,27720934736,8209630344,-313362922,-121243128,1626240,1237752,9052,-7896,-200,24,1 # comp 2x12 (2*2) r=4
-712603503123231377520,228514504509517035960,205004650986578249116,-90667794558585060744,-18105711048439093472,12407908049448412062,313181046887064079,-890562942902203086,61499235229707433,34672082796799080,-4852064895227714,-706043534438484,167951411593186,4571050460526,-3289952188355,132266923770,33115449739,-3550290936,-17304278,20376672,-984086,-14754,2755,-90,1 # comp 12x2 (2*2) r=4
2340286004654616985705,-7528205737520898436915,11615077219056068023698,-11430447163579091552963,8049170236364746282515,-4313447613027134755291,1826576612436968998194,-626537103339074372078,177050729934256871961,-41702698976795459117,8252501789100203698,-1378933210976575880,195065275006038032,-23373187452465388,2368627599311812,-202273969650994,14469113490886,-859311299743,41840116675,-1640720992,50505661,-1174290,19374,-202,1 # comp 3x8 (1*4) r=4
555419856521,1328158420044,3208520815537,3210404271245,752975744543,387165139414,-1441185492123,-455903636792,-744945528691,-105857921422,-138085007864,-6292307534,-13213152381,-47730111,-647562482,-556574,-7762427,-49197,333348,5565,2375,59,-117,-1,1 # comp 8x3 (4*1) r=4
-5472329275628597286,33905233302626988828,26068892748967752057,-745109838876024750,-4803651695308746803,-792621580052908788,323669284315976833,96835500952791906,-8695559400647375,-5032577652052920,215274546886821,245230068241026,10790340170521,-7130846683032,-941430719189,65293277082,21890801575,1138668360,-108638133,-15402966,-425429,33564,2983,90,1 # comp 2x12 (2*2) r=4
11642607695082875515875,-220125296362174706520,-2023853360620748019831,27648588255943397580,161334886038581108376,-1525852792624362030,-7795917340415535672,48250802341693080,254273468983090875,-951830787197610,-5897048684773806,11824063286760,99714746717862,-85681816740,-1238708543508,236528400,11220159690,1285470,-72271635,-12420,314226,30,-828,0,1 # comp 12x2 (2*2) r=4
193215814812859061552841,559487628652159467708984,772450967943438432489990,675051976154063985423048,418337063174759513312799,195357873339564681639888,71367185139515677853352,20910549959201108476260,5000239089901887023961,987975568321239440424,162711769968006518082,22467810579307636188,2610290448832317527,255499487301345924,21054762943855254,1456518978980908,84135340827801,4024900088172,157549385532,4959609564,122435247,2281568,30162,252,1 # comp 3x8 (1*4) r=4
-2266985,25694200,-34086751,-71547294,102809990,244437368,168154291,-62274492,-78047741,2290302,7423992,-5526976,3559135,2616236,-1399612,-597744,306328,61152,-36147,-2968,2320,56,-76,0,1 # comp 3x8 (1*4) r=4
1667424807240754563,-36789353629201800,-606227259392277237,9646435379531106,101044270452381102,-1113490359608022,-10207895566464963,73653954712470,696077802805374,-3038115920760,-33751885740210,78898932090,1193293116441,-1195312734,-30994996032,6900018,587027925,78408,-7906118,-1584,71874,8,-396,0,1 # comp 2x12 (2*2) r=4
2335723042496,2916683073424,5681795138980,1343008039855,5448430641491,3686181852313,2895587669189,1695915762968,1007524899907,440542266376,156884551854,61922338976,13103273731,2906637519,139354219,-57825182,-10477556,-9965535,585747,464155,-50876,-3775,883,-51,1 # comp 3x8 (1*4) r=4
13840722220736577306841,-101693164950208001520,-2372491172486951455800,12589578560347826088,186412121468078287740,-684837726335229600,-8877137511624002066,21346263084756960,285347585560818900,-415069158250860,-6522386512579980,5082442268400,108707514104611,-36302981400,-1331114517600,98784204,11884941180,529200,-75459942,-5040,323400,12,-840,0,1 # comp 2x12 (2*2) r=4
-84638123499236732892,-20276283923346272256,19677133518570147456,4715613878894631936,-2063112044046033840,-503761004053475616,129666145634903184,32812126937729712,-5431109343517100,-1452886362649536,158319182006632,46035681888912,-3226130940404,-1067321088432,44041097000,18141749016,-339336079,-222006336,57260,1867248,28750,-9744,-284,24,1 # comp 2x12 (2*2) r=4
-2374312660381,3077908621032,-909362027694,186561725460,-460325964432,301078336377,83925981674,-131441067387,2199934722,15430043710,-5911187184,-3277231839,19633593,-183712320,-133651017,-19423103,1886724,-185328,-57312,77913,9045,-1556,-180,9,1 # comp 3x8 (1*4) r=4
-5381175330089,7268409423236,-3140962852296,1370140603286,-1336011015406,529629937105,292684519209,-260946503059,-681219311,37143919982,-8112079933,-4460121820,682795889,-56523540,-159860381,-16177067,4257058,-458778,-128244,85204,10276,-1606,-188,9,1 # comp 3x8 (1*4) r=4
26331060096,-87095243520,71057367936,15920886528,-24501047040,-11207507328,8789911104,1347320064,-355890656,322252032,315365936,-32046912,-12813464,1538592,461624,-759936,71164,38160,4460,-816,-254,48,-22,0,1 # comp 3x8 (1*4) r=4
-956453008633285964670,390447628416655705620,222166913124644993961,-131929218274303202514,-17133274578336589787,17578401660552729732,-142633595116291871,-1256105649660400866,122367751547905753,45649812101755560,-7909378717783179,-772261427666754,241436555040001,619437380136,-4109633929685,234805402470,33888401119,-4311346776,22696347,21091542,-1123181,-9804,2695,-90,1 # comp 12x2 (2*2) r=4
1851144159123165214603,496382275823731352118,329237780789079117637,-74478461264591565562,-58544733032785685694,18527191375326054568,9435793591602487575,-512081638320963938,-595294032852851299,-31454599498599010,17608973372249591,2242718353968330,-222383834595910,-56644953463440,-552128412078,669609138620,49548410342,-2524030074,-508024556,-17834468,1185953,139632,5862,120,1 # comp 12x2 (0*2) r=0
1891189,975852,2413383,-515868,3803196,-1344774,-3469994,839340,2175948,-122200,-911814,-23184,467495,19920,-184884,-4136,48582,738,-7674,-84,759,4,-42,0,1 # comp 4x6 (4*0) r=0
105598894840286802256593,-59395870332281124892908,27348185303359015977675,-8575551208075070335122,2281901796725732236206,-487166603406934297554,90783030345380863737,-14277443549019074898,2002257157644856567,-244394468716032424,27479719918348589,-2785014015779170,271336635143606,-24348499803296,2120614072382,-164743682016,12145598068,-778743402,51121832,-3240300,238645,-15520,926,-36,1 # comp 12x2 (4*0) r=0
765915672953112710582556,-28738241084710752161688,35594456113261112894424,-4598658949126873429620,1294161849652121360053,-182008197366291586280,36400859254279782610,-4799088997371129908,772307342740711509,-91721017024919992,12103649310356672,-1289570433218016,145318949554466,-13193704990472,1286054023404,-104056258480,8908509998,-621555408,49261544,-3157868,219033,-11440,706,-28,1 # comp 2x12 (0*4) r=0
4237769,2590416,10940172,-1102732,8086620,-3742512,-9583702,2225856,6018126,-438656,-2738040,6240,1207219,22368,-393504,-5312,85668,936,-11654,-96,996,4,-48,0,1 # comp 4x6 (4*0) r=0
3991863621647588400,-875146796687296080,-868430477407041876,196336823517984420,89224346266624285,-20633507640802084,-5782270561789544,1359725557531800,265801198554642,-63316412116396,-9220030032432,2216245914296,250547365007,-60230381468,-5475715650,1286887464,98426546,-21456168,-1473618,270232,18041,-2396,-170,12,1 # comp 2x12 (0*0) r=0
47251876,0,110839512,0,133932852,0,94707476,0,46720768,0,12574252,0,3317473,0,948618,0,196959,0,24684,0,1771,0,66,0,1 # comp 6x4 (2*0) r=0
95472392689989184,0,44029111983197952,0,9313169534637696,0,1194204401002560,0,103363118406912,0,6361434972672,0,285454487552,0,9410374272,0,226204992,0,3866712,0,44616,0,312,0,1 # comp 12x2 (2*0) r=0
13081919797175200629824,4209067418523784252800,-1224572379297867265408,-636336819593146473152,53725174391160952688,46610887087314072000,-914209776555297120,-2232242520188840160,-1373820140918340,73001231889662360,689705256565432,-1773297442805260,-2618626945939,29374567072864,-296229045146,-315726273152,6166985425,2166995664,-57922514,-9229164,299458,22420,-836,-24,1 # comp 2x12 (2*0) r=0
85969303312,1025820544,90236282368,618415936,42889793472,1195425024,9707527264,239843168,1233854600,22092288,130817584,3907344,16389560,-67936,1682264,-11768,130673,2952,10100,216,594,8,20,0,1 # comp 4x6 (4*0) r=0
166518452580296094440751104,-275356102577207211724898304,222876042478415373051887616,-117277895606530210493628416,44968759965365629533290496,-13354136035977597621633024,3187775829082429877256192,-626816899421262797537280,103234602099921472843776,-14406483710574594707456,1716932047709650378752,-175627050266290907136,15460862423737133952,-1172012743166065152,76394998645884768,-4266757822510688,202988989195185,-8154299368008,273163618092,-7497375384,164354838,-2769464,33708,-264,1 # comp 12x2 (0*0) r=0
564436672031376,0,-8604734564160,0,16617261460200,0,771509081632,0,288663377193,0,24999140732,0,2364105778,0,176384168,0,9843683,0,362920,0,8954,0,132,0,1 # comp 2x12 (2*0) r=0
12458131456,0,-13967290880,0,4390001168,0,-867447984,0,385328204,0,-24839588,0,7284589,0,-659798,0,122595,0,4904,0,-13,0,-30,0,1 # comp 6x4 (2*0) r=0
3334009,-2126796,2128770,-5607224,-4093815,5079024,-4307110,3897984,6409542,705868,2066394,303480,71189,65616,5034,7984,8646,468,1586,-72,201,-8,18,0,1 # comp 6x4 (0*0) r=0
154834260,-16702840,-242615014,-13195226,148125417,25592614,-86338263,9593848,58148659,731342,9125935,-162484,11699774,-28292,4101200,640,653690,174,57438,4,2925,0,82,0,1 # comp 4x6 (0*0) r=0
78736,-91008,-115344,-30784,887724,-1178208,404408,384912,-440307,116096,160614,-96336,-203,37296,-6678,-7712,1512,-432,-406,288,153,-32,-18,0,1 # comp 4x6 (0*2) r=0
11424087,1348056,8908794,2902920,16286922,-3615108,3169594,-3015264,4199343,-1774740,1348110,-338808,213512,-14760,3672,-232,-300,612,-128,-96,84,8,-6,0,1 # comp 3x8 (3*0) r=0
305456400,-1043366400,2708628480,-727398720,-701197824,-371444736,-80750912,-149861376,272057472,8604704,166409088,10179840,54477320,1501824,10512384,123056,1231488,8064,89648,384,3936,8,96,0,1 # comp 6x4 (0*0) r=0
1449217923018469014832,-2584600029863076576,299843186843314627920,-386265587408167952,28433421970287269304,-25357321138250400,1634096956759434028,-953836734819744,63391394749460268,-22383963140156,1748723392886076,-330802983528,35175443034069,-2851779612,519834277680,-9365362,5601664998,60552,42924643,696,222024,2,696,0,1 # comp 2x12 (0*2) r=0
246698463912401880625,0,-58692900081298775000,0,6425840646691858250,0,-427573711801774700,0,19239377654971975,0,-616251541192980,0,14398884918584,0,-247162535548,0,3092517079,0,-27502596,0,165026,0,-600,0,1 # comp 2x12 (2*0) r=0
2442727327842025,0,1419554700512206,0,393164198526225,0,67727036871376,0,8011318117246,0,680722581330,0,42354776938,0,1935358382,0,64262473,0,1510348,0,23862,0,228,0,1 # comp 2x12 (0*0) r=0
15684,2880,-80352,-6000,283740,-82752,-236504,-166728,299709,-1744,87060,-19848,-6118,-7416,-5208,-1144,915,-72,392,48,78,8,12,0,1 # comp 4x6 (0*0) r=0
426904600063439782917557,-70093897755911279179308,71953918105907436502918,-8686971098183289344312,4547506918757959538301,-409082570470439425072,143838865018116957866,-9866310313685035404,2611207103836854678,-141931688034224692,30343719241728718,-1440597556680208,263029497041733,-12483445625968,2000956301078,-93677335204,13149543390,-530730540,65797426,-2220112,246693,-7016,686,-12,1 # comp 2x12 (0*0) r=0
8736377151220298920,19948673193191444460,24709640419188407004,19736660872559968589,11066198877050730030,4423607108990451536,1220761842430128486,198381053938150891,2006059881511276,-7452315936469441,-1594068947223505,-60302716457347,28995165752868,4648422599064,-5298571055,-64731886169,-4872992215,299057487,56630029,1011522,-252424,-14890,233,42,1 # comp 6x4 (0*4) r=0
112,-672,8304,-30800,76488,-35520,3516,35040,-10596,7356,32040,-264,3081,1296,-3606,-656,231,108,-40,24,27,-8,-6,0,1 # comp 6x4 (0*0) r=0
18294484671,7004247768,19433561553,3532524408,14378078484,2688820218,7725096084,1117359684,2773520883,226702050,669720282,25717356,112628590,1743336,13597500,50004,1194858,-2646,75377,-252,3234,-6,84,0,1 # comp 12x2 (4*0) r=0
3634111819492871328825344,-8588910973329807491727360,9699886605823268271685632,-6965473267778310908542976,3570224790645292794789888,-1389945475633401073139712,427026900176783119663104,-106183571211541680955392,21746012144444028790272,-3712985824521529247744,533033708007827524608,-64696272168071686656,6659765555342465088,-582004004095780224,43133866117559616,-2702366591222624,142320521598465,-6247272125160,225776855100,-6601239768,152231622,-2664920,33276,-264,1 # comp 12x2 (0*0) r=0
747092889,0,-582265692,0,-76724334,0,52155870,0,108829753,0,52809500,0,16979723,0,3514074,0,493520,0,44202,0,2417,0,74,0,1 # comp 6x4 (0*0) r=0
194,-3600,23532,-112940,671205,-141744,327344,49236,-25176,24092,91830,-4764,21277,2148,-12192,-772,1365,36,-302,24,78,-4,-12,0,1 # comp 4x6 (0*0) r=0
123377946960011492,150919238369047456,52783836449565024,-10169972754271440,-11602993737138892,-1962280242212112,625517404970976,281705570600088,17841002355657,-9737215484704,-2061538049064,-33353869088,13137747356,-4152632128,236345304,767962608,235606266,41264000,6207432,1035440,162072,18512,1352,56,1 # comp 12x2 (0*2) r=0
39601,0,-138096,0,283224,0,-404548,0,170424,0,127224,0,85362,0,32064,0,8424,0,1732,0,264,0,24,0,1 # comp 2x12 (0*4) r=0
50716570081594925409664,1264728064414464,-7802088876578643326784,102690774950272,550144342537341683040,-2286639763200,-23510744617039579888,-29315924352,678203564734230912,709929728,-13911969620854656,-1022112,208085311819104,-20592,-2286647940096,-8,18322463952,0,-104401424,0,401544,0,-936,0,1 # comp 12x2 (0*2) r=0
1726847830077226,-10770410976593272,23469678854233724,-21682866233856492,10039371954540605,-2098265438815088,-220219840176386,286003231145220,-74130759381819,-1966191888096,5796648389596,-1090784561196,-111663822767,63631976104,-3397472794,-1615082940,213284339,20198592,-4673564,-94908,54395,-352,-346,4,1 # comp 4x6 (0*2) r=0
20934617344,0,330807417856,0,176281474064,0,19374023232,0,-1834277224,0,-171827000,0,30900817,0,4101046,0,479703,0,59036,0,3695,0,102,0,1 # comp 6x4 (2*0) r=0
21939849896734225,0,11423845855147998,0,2731291831740429,0,396013029769374,0,38757994587948,0,2696880312618,0,136804920707,0,5098028016,0,138524193,0,2676726,0,34914,0,276,0,1 # comp 2x12 (0*4) r=0
96549163657943937739561,20232259669067769096480,8297638238867369577192,1325922336237983032080,318269723848008157134,40935073040450898540,7524834342330779224,840013716014564980,129979169610322241,12661981935591160,1709519572679060,147792829360600,18122667201110,1455673733300,168314208908,11872024380,1132738762,77050540,9477268,668740,36952,780,188,20,1 # comp 12x2 (12*0) r=0
13506977433856,0,7905598123008,0,2097086566400,0,323282977792,0,33488873760,0,2734285440,0,200244896,0,12290688,0,597097,0,26844,0,1098,0,20,0,1 # comp 6x4 (0*4) r=0
2771440,2107392,9071664,-2628752,1636404,-4357080,-3054856,4009572,4861773,-1372952,-2213274,295260,882205,-23268,-268254,-2152,57960,1260,-8278,-168,777,8,-42,0,1 # comp 4x6 (4*0) r=0
87577950867226371265625,22047080474594836373000,10890896988796785318020,2018557269036229644752,533029863517673353294,74413367684611932464,13212180351943246016,1471349434431624600,211001779915611693,24258491208361040,3432492561936356,427164879694344,49831065323890,4412478573552,334754840460,29716591984,5099240166,679680920,34878748,-406760,73956,30024,2400,80,1 # comp 2x12 (0*12) r=0
1034926768100,175900746000,1186064940000,155766561800,646790202000,59300448000,217909702440,12904905600,49432981500,1758310800,7948621740,151134600,927772049,7568940,79388400,144058,4953150,-5400,219983,-360,6600,-6,120,0,1 # comp 12x2 (2*0) r=0
90530156772972734224,0,23448955003706781472,0,2792868656347082624,0,202065443598612584,0,9883013831874820,0,344027100490596,0,8735093240645,0,162940703550,0,2215617997,0,21415574,0,139674,0,552,0,1 # comp 12x2 (0*0) r=0
6590074253301,-29424541386548,42298122083918,-20673356528352,-2846758215461,11677231208124,-250364115050,-2489862787732,710583546315,1803975019268,1294737161042,625735536696,234816091196,72204052600,18741528798,4175546992,803946575,133764252,19141580,2330148,236154,19184,1172,48,1 # comp 2x12 (0*0) r=0
97209318682417404727921,109935566883777642286688,72253231631456271506202,33784434185719448685832,12363686861116389260953,3707476197043433837620,938279494500459536688,204160281905460709648,38701195623375412810,6449119499881458420,950854339466281242,124567568346979528,14538402999542822,1513098027859692,140364868168382,11580913954884,846497353921,54470294388,3057725284,147719780,6023470,200992,5228,96,1 # comp 12x2 (0*0) r=0
1988,-8064,17112,-28304,29508,-19776,-2380,33648,-28056,10776,23160,-4128,-191,3312,-726,-1408,87,216,24,48,27,-16,-6,0,1 # comp 6x4 (2*0) r=0
7452900,-15537600,17114400,-8641680,2246445,-5291520,4864934,206832,-5127885,2912400,1437708,-908784,21273,221424,-29694,-31904,6657,1584,-1036,288,195,-32,-18,0,1 # comp 6x4 (2*0) r=0
2534876655369312085056,0,-392718997295857422720,0,29346590582508114304,0,-1391104594958821104,0,46445884686034672,0,-1148644497703504,0,21557974963473,0,-309370922734,0,3371686679,0,-27260252,0,155639,0,-566,0,1 # comp 2x12 (2*0) r=0
383402289600682946084641,173373047310263067019248,73091488065960343329104,11573295580364650311960,1243521811723704989324,-189618918657602650728,-30987721001229311324,533595172662209064,363460075134631438,39583265445079056,2621555469781204,-202618912762704,-11547831558270,417201518856,108866813164,9319691088,665591965,114068760,16648224,1503408,94606,3888,364,24,1 # comp 12x2 (0*0) r=0
2509947976583161,0,-1214264983058572,0,294529237313542,0,-45134743148048,0,4818172917475,0,-374813231984,0,21874857600,0,-971334896,0,32857123,0,-832724,0,15098,0,-176,0,1 # comp 12x2 (0*2) r=0
38699609021954244,0,-16437852723825316,0,3324066373133885,0,-416961385944374,0,35953028631889,0,-2243239004404,0,104229467012,0,-3658535282,0,97087366,0,-1913248,0,26672,0,-236,0,1 # comp 2x12 (2*0) r=0
160668,88128,149094,89922,-24183,-398976,304238,-344094,725157,-141294,286068,-62730,51981,-16338,16260,-2348,5649,-90,1184,36,177,4,18,0,1 # comp 4x6 (0*0) r=0
23479941831886279081404,-1941320541807129586248,712125352356540026280,111050224756877928180,25825927317068607109,4732031885379019592,960939052796658418,170018128097948468,34044312862997397,4530144824934328,700173998376224,108632737715040,13775411948546,1396008495752,161898040428,17027063728,1416966734,101890992,10081592,865388,58857,4048,418,28,1 # comp 12x2 (4*0) r=0
57734628888045969189,-18742557618457597980,-8108985773180850282,3722043991661260236,480901663837462635,-361533769459582860,-8195104510168476,22276356160780692,-577996889254103,-965997222575244,46404175569034,30999752033892,-1657564824305,-750086737020,35180163418,13641385008,-433423583,-180495192,2299216,1640016,11203,-9168,-230,24,1 # comp 8x3 (0*3) r=0
1506140502910427232,346438456895827008,-205697619460306512,-221159845599123648,55751854385748360,55803290759337600,-7485794224065276,-7060238176574160,485774096807900,570607681312988,2032892099376,-27920594838608,-1755741752171,797420154720,93593619470,-11638612852,-2256734085,46760656,27819220,855276,-160717,-11212,222,40,1 # comp 12x2 (12*0) r=0
319072212743690816,-1287032522978457856,2172715615975241408,-2015042891582299136,1182200965208439808,-503352566443975520,169283181824343960,-43937281526804976,9455993698312049,-1543642903834704,201848455704120,-16295496718536,427766814236,137702363904,-22831229088,1373050072,65930582,-20944304,2249976,-30296,-2452,480,88,-8,1 # comp 2x12 (0*0) r=0
5878084,-1303584,-4867368,-7352192,782160,7239888,5137348,-354384,-3729939,-2211536,444600,1309680,388074,-349152,-216384,44048,64863,-4464,-10364,384,966,-16,-48,0,1 # comp 6x4 (0*4) r=0
99471038529381772,-157148582661567640,81609009185819928,-719520446408484,-14932465788467212,4703766982690426,391341030751739,-463532280868106,48878420293317,19188303557408,-4236549207577,-472461162246,196938260050,3569303186,-6059897312,105588704,174384199,-14435510,-2578251,343434,45109,-13270,1254,-56,1 # comp 12x2 (0*2) r=0
18246400090744192587,-6938746480371853440,6041117077238617515,-1824683407948396032,928292045190486453,-216854463444052662,86221637236761973,-15331668891162222,5320396658840663,-714731862539808,227440708728594,-23030116946736,6858537050246,-523131338844,146397769238,-8384178012,2191655333,-93104784,22442867,-684288,149373,-3006,581,-6,1 # comp 2x12 (0*0) r=0
1815808,3279360,3505920,77056,-1508736,3142272,5156448,1489152,-2937144,-2283792,515124,801024,96177,-184968,-49632,23212,11004,0,-1930,-336,288,28,-24,0,1 # comp 4x6 (0*2) r=0
96452228361197577843216,34401551546493309312000,14977603534885367491584,3359563979690521014336,804782658632675469552,124576922209226303424,20579985674427792376,2272643468138239464,295017743053243496,24602823209215352,3095585129236444,221683926507608,29908026110480,1603605816310,207792184127,4864056258,1200422093,27798260,10396226,205532,40938,-1346,123,2,1 # comp 12x2 (10*0) r=0
54865355904,-121258295424,141767943840,-101647645824,53577089808,-21589188480,9151998032,-3755055456,1822640352,-584751192,249779394,-54156672,31694801,-4668048,3674940,-162864,330591,2808,25506,720,1311,48,48,0,1 # comp 3x8 (1*0) r=0
1568591268957906,1726929892336374,-2064386766904706,-1859834025066148,747874740574660,522119777468051,9517680336701,-44267311147197,-20364666771779,-4459542765180,788481399664,570748575422,23460041866,-31407125371,-1829760805,2026897701,326023945,-42649470,-15804386,-1142110,106498,25043,1907,69,1 # comp 8x3 (6*3) r=18
-15668368901,13151005002,48881684898,-21084847740,-48560766678,9757228002,19426831341,-1729293684,-2914553367,322862020,57550554,-65271480,22606552,6817446,-1697187,-326080,106788,10008,-21469,-372,1992,8,-75,0,1 # comp 3x8 (3*6) r=18
17105733691751343,124974512589637632,-393639340059526303,521298186753510658,-417037461246683311,218828268416407242,-73242402427891765,12799734434437436,151221737865277,-308558350178310,-176185367340612,130503735293508,-36277307206479,4998248674930,-136850162845,-70909906514,12137510536,-659366424,-40700474,8289872,-426230,-4702,1511,-66,1 # comp 3x8 (3*6) r=18
2869444019099418402196,5599383740992746945144,4709948462949961434276,2170552879937358183752,551492492705097893002,50751073227283408888,-12089871565747868740,-4272838001499875256,-346261041031844663,58935076473620688,14167845907122360,344899435305904,-187135566061980,-17933210993712,983457507848,221708312624,1931406066,-1437662152,-56491676,5290376,330162,-10312,-900,8,1 # comp 8x3 (6*3) r=18
-994197263,-51625522404,27007023262,1619447870192,420235482684,-4997499350944,4250538375288,-317079268840,-1169710418877,565164221560,-32249302580,-43909661936,9344400268,1814143456,-749265376,-50583568,54169747,-6154084,-1102162,341952,-22288,-2832,592,-40,1 # comp 8x3 (6*3) r=18
10540163512,-32911746300,-34154033382,127649368251,16742558418,-113687988261,41865915093,11700994881,-29514561162,10135310389,9025047060,-3985800540,-1772290202,979053771,278863710,-123938216,-32331534,5527998,1850587,-24678,-41460,-2564,252,33,1 # comp 8x3 (6*3) r=18
1330320668345664,-2059340713646016,-1905045018538304,1890442510868656,580456024329088,-580618872593264,58025676009260,58621134755088,-29921518839716,3808415047797,1777905462337,-687817201277,269984275,36339710095,-1491803119,-2171437707,329509015,45504495,-16281905,1178701,105049,-25019,1907,-69,1 # comp 3x8 (3*6) r=18
150891584309,-3052386749734,9530923033783,-2614648620250,-6803785063492,-7191212353528,539973237812,7674322126480,1612152622297,-2308206351760,-593697824148,329086664692,89269026877,-26171784372,-7090182332,1190035088,309414589,-30096048,-7255536,405008,87280,-2606,-491,6,1 # comp 8x3 (6*3) r=18
22644939131824944752,101765906757904497792,213550119148524818592,279351746402536580352,256394092083405364640,176067066674545668544,94141276405738267152,40250273116357407552,14017242274139604324,4028179584638113440,963931097583797416,193239201244642976,32568062241256748,4620730718736160,551453968487384,55194962964960,4608264465723,318280342048,17966454888,814632896,28930664,774624,14696,176,1 # comp 8x3 (6*3) r=18
25895318309993119640,106504758562984719856,171801647270455165526,139493436429586682921,58738461299415907152,9409305148603936227,-2093447702552231343,-1207060353642158649,-151907066890610166,23904200806277159,9105508691562284,586865861181610,-142453262231264,-27604075822523,-522951648528,324180246900,34599017104,-104411244,-265294869,-18794984,-69522,60320,3700,97,1 # comp 8x3 (6*3) r=18
-341491154874314040,-10093195511329927608,15070872596288232528,2080505304797381352,-15308032097013364536,11838891422332104684,-4225406635942273188,618631390448489952,72149498760370312,-45263178866050504,6101098637648958,347751942915158,-195785638273334,16230516528792,1674621736348,-409540041559,18314856321,2479477298,-358366886,12718338,824944,-106282,4860,-109,1 # comp 3x8 (3*6) r=18
8686002542268647807,41128955230073099904,91166569368510344016,126178855780036634400,122641927207903034492,89217276591568933408,50527519594295123232,22869414372012161712,8423477144375100435,2557038560809045248,645337630370398816,136181093217371072,24105425680572680,3582663474058816,446578875251648,46532369822112,4029870928749,287581053568,16702789968,775785248,28092092,763296,14624,176,1 # comp 3x8 (3*6) r=18
17998544188299219,127176587204376210,-360461080746713217,440611629177282134,-342447331355040057,184650413259592914,-66247335106662153,13022142554566902,-144690809594679,-362040546161632,-117264285780192,113931259525860,-34016169973565,4894291621230,-148701002475,-69523448398,12253785882,-690040404,-38753210,8310180,-435270,-4242,1503,-66,1 # comp 3x8 (3*6) r=18
3029206726699968,1827290396405232,-4694480296238976,-2635418022609636,1601713119460444,1295591975266860,122018777250980,-154174141496748,-70227839804264,-5694264052164,4894825015116,1544621401374,-11964239384,-76163335737,-5920998577,3038436591,581116057,-31148916,-18838794,-1699050,64474,23469,1883,69,1 # comp 8x3 (6*3) r=18
319063013,3220380000,5222506476,-6123693888,-10702820016,3762358488,7607156444,-596438952,-2383813316,-227315328,278665340,103036248,18394946,-16087008,-8533780,1314672,1040419,-64008,-72908,1848,3304,-24,-88,0,1 # comp 8x3 (6*3) r=18
4682329295196240000,7140787180734645600,2491315200510214240,-1833380376014570424,-1864438518798617200,-516590535594985396,66178442663389492,78261601840329326,17098051631806288,-926483265691539,-1158673722627653,-200425029711123,4963457737259,7040106022727,1008380484223,2405948927,-17144354645,-2263173705,-79021163,11769891,1857881,127217,4957,107,1 # comp 3x8 (3*6) r=18
-210054869,-78115356,1118452638,230524952,-1899757788,-283345752,1358844928,162147288,-418684035,-53446624,39682356,13661304,3251502,-2150568,-741852,168784,63654,-7272,-10418,312,1230,-8,-60,0,1 # comp 3x8 (3*6) r=18
19117870235677,55163071301510,-33390833612165,-181049368694850,-167835126045007,-63761748750568,-9008946100751,1654798449304,2749606722511,1732328990122,363737943078,-90115846940,-48578531487,899971848,3904041625,483530666,-181496126,-65663112,-6860854,475196,216910,27520,1843,66,1 # comp 3x8 (3*6) r=18
48564152769063952026083,23807905361211034065996,-10561664240158955992278,-4260675976341290613312,1315800523554356533041,296840804633594783666,-98723815992795264045,-8451098834392596558,4278886655127597138,-8895288572250038,-103990669494694589,6359886748941918,1313892338101956,-156510407809974,-5892399524463,1673551826710,-37870190024,-7956169010,514544705,8414462,-1771311,44598,1181,-74,1 # comp 3x8 (3*6) r=18
1063363169990854440,-9900071967024571320,35476702564752629646,-67821611173651694256,82323475999830378886,-69992263984824375792,44266246064116984212,-21659721745924812688,8421972294727822873,-2651300147791472128,684631016956971056,-146312688064921152,26025698977076984,-3864562359685760,479271807848256,-49543978388672,4249414093818,-300097894024,17249128098,-793409072,28487822,-768816,14660,-176,1 # comp 3x8 (3*6) r=18
3198104850720232,-5860060693087728,5946425934950784,-4593744576461965,3422962866707481,-2911672320808314,1409907066203371,211052848144849,-540949806981636,195742175073505,8054431490249,-24142599045352,6116802718538,39440429006,-334313642507,73630568258,-4394053896,-1098401511,309696898,-39816951,3192857,-168234,5698,-113,1 # comp 3x8 (3*6) r=18
-1403278430533,2122473363920,5026704323948,-9959319409566,4598071436948,1881221345311,-3152598053747,1037366139879,556330414723,-430669134984,-15219787575,70315016650,-7353265817,-6320096366,1176322595,315591801,-84013154,-6815088,3083112,-44762,-51170,3814,212,-33,1 # comp 3x8 (3*6) r=18
3988822151851,5912612493200,-78378077999951,-204957051442446,-194883425500678,-88405104880504,-16850903701160,4051334357440,5228801145007,2277952662460,271052368464,-160495853600,-60755919261,1293155340,4319277892,510717680,-194503709,-69350088,-7333528,440732,215524,27496,1843,66,1 # comp 3x8 (3*6) r=18
-28335446432666650584,-143763052986796677710,263195570140150649685,-7547814947848497125,-87839321866381763144,21828875695264098002,7215088674673475097,-3219748790225668032,30052344599208416,145296634857284448,-17463379755270953,-2248697131074527,587770377475045,-10538160462318,-7282284708289,629780515516,22868271342,-5703463057,181002840,15524787,-1284657,13120,1858,-79,1 # comp 8x3 (6*3) r=18
-13589962140328,17892277141196,8182001587252,513860254619,-1950489200887,-17920638859465,-4121378452789,8266985657212,1926282857635,-1765406447818,-387872532276,217901305138,43515064051,-16413151545,-2910694943,755699108,118706512,-20842503,-2934159,329885,42298,-2723,-323,9,1 # comp 8x3 (6*3) r=18
655117226279074618852,1176203388499137158004,477804925744506514119,-234264281851217115969,-227356107291423065142,-40464865881662243322,14742832066951283819,7209104376547993856,752893908127050984,-152878818532189950,-44288778188648225,-1772643330465101,627399244366759,80143660950670,-1376687572597,-851642221500,-38060120472,3382693743,342543478,300771,-1057337,-35272,812,65,1 # comp 8x3 (6*3) r=18
-1329125079069950175,-14272201229435011800,-10476625264091023824,2625157026879320304,4090039635579891258,561774316621350006,-431489465510107017,-124529921831201282,15386757300713795,8860881465040068,142081932135724,-309246109095460,-26304089638169,5645492684208,827511523294,-45405035952,-12613055419,-87681606,98738365,4275458,-332487,-26382,63,46,1 # comp 8x3 (6*3) r=18
6881411876857168,1540801875304944,-12141048189177854,-2556298570182168,5343430361191438,2138466747126984,-602060643217552,-478070710719840,-25365467064353,43210284531324,8985555058396,-1616689439832,-657348950050,8558253360,23771714296,1321764360,-485412005,-50071980,5314106,851184,-19736,-7176,-128,24,1 # comp 3x8 (3*6) r=18
18951348045923859456,-135778775000049846144,299358720265649536,104213895785910479056,17476928193578830776,-21950112251417822860,-6319858156044996330,1189270386177883882,553384918634539108,-260397507785454,-19220986435730006,-1347989324183015,338007578447169,45412127143196,-2189511948624,-670657381937,-19000172201,3788635038,291486526,-3448529,-1100097,-30868,990,67,1 # comp 3x8 (3*6) r=18
-289864844600,-2146534925400,127982931270,3117187573985,1124180649670,-341519115931,-587623261971,-592326546479,36707989054,239896906969,27054849036,-42894742940,-7631296980,4381055661,985157320,-251515216,-71426882,6285024,2791445,31172,-48878,-3548,220,33,1 # comp 8x3 (6*3) r=18
41401457171066698,187579643552766985,276434641981973750,97598519126241936,-133838116203784893,-154173210834979623,-51937746896845857,9532133996961797,13915616069778175,4631912110631229,328281085044165,-261326781008979,-104447573764022,-17379811108870,-441460613759,473299975630,128224277647,19352477613,2004635778,150085658,8179444,318115,8395,135,1 # comp 3x8 (3*6) r=18
-867914400679,3772790436442,13821874918183,-6154294052738,-21906855302104,13721614468924,10462350437732,-10241138241964,-1294626455099,3054012422920,-248245376580,-423472280488,68848759405,32031459360,-6469031384,-1364880812,299999617,32397996,-7187124,-418016,87028,2654,-491,-6,1 # comp 3x8 (3*6) r=18
347766819150424320,-3301881167353789440,12410337452566632288,-25468351567880242752,33484622164013594848,-30898503405638920800,21183319936748704248,-11204923733890692736,4693376482881902392,-1585515463650195520,437572461933253304,-99528128908717536,18762048590677988,-2939610813283232,382940685243816,-41390204696576,3694355864556,-270193063048,16004356842,-754841360,27651194,-757488,14588,-176,1 # comp 8x3 (6*3) r=18
89778680559,-1225966263896,3318081179841,456059642870,-4873015395479,-3273948399482,2429459211227,3931457691092,92638957339,-1363405389598,-234982028910,220437986932,49869492259,-19742880718,-4874865901,989592358,246704008,-26771892,-6385470,377784,81322,-2526,-475,6,1 # comp 8x3 (6*3) r=18
8865484706624,42495175741424,48404726531392,-22603497655843,-65538537472387,-26149725842293,14845726704023,12115993078420,-692864047943,-2338169965630,-188771261412,259647816316,34591429285,-18036611349,-2659310399,793071686,113639944,-21475203,-2865171,338159,41920,-2771,-323,9,1 # comp 8x3 (6*3) r=18
-1918577,128841248,1131613184,-3691119600,-20808719832,1940706856,27464956848,-774074464,-8932948514,305135740,803016060,-79624264,76549174,10209192,-21437912,-670376,2093080,27096,-130314,-704,5290,8,-116,0,1 # comp 3x8 (3*6) r=18
33577515,-868626540,-1716843234,23281884600,-37170521948,-12493158520,41733688576,4949372280,-12809338643,-2026844000,1142515764,511414040,100362062,-63174280,-28916476,4018320,2753446,-156360,-161938,3800,6094,-40,-124,0,1 # comp 8x3 (6*3) r=18
2065885467668992,2141782150804192,-3474051909259808,-2452912242118584,1092948794575112,1041540693353548,116304640079908,-124908712527790,-58484820554078,-4261420526437,4242636919377,1270821150491,-22313388639,-63968956935,-3957193031,2837136817,495328321,-38050863,-18273649,-1545083,77299,23975,1891,69,1 # comp 8x3 (6*3) r=18
-9927865858782,-43857131325118,41242062328242,24440296293527,-59120902784732,19553203355329,28004027927601,-18588535736051,-3702969776552,5055990390873,-330021883098,-600013341925,121949448501,30889272329,-11584901969,-121379296,469743853,-50107728,-5557399,1461423,-65987,-8487,1195,-57,1 # comp 3x8 (3*6) r=18
-49421205961091217,340187173379986950,156948389621928936,-251509259948905878,-174985462420375299,22307244704685804,38953570720625137,3091055522174352,-3693430493570450,-609294562932744,182148895888735,41934336277422,-4870942595074,-1550285698878,61688542807,33874759722,29503948,-443141106,-11140813,3331278,134695,-12786,-641,18,1 # comp 3x8 (3*6) r=18
-2556436406400,-5027486681520,-6285619589472,-5725886699688,-2342085025620,-617473897971,319861422043,264534781455,7777341138,-29720074417,-7386393948,-428452752,723296265,317410752,-38482728,-36853985,448281,2256675,23632,-107454,-3921,2577,9,-24,1 # comp 8x3 (2*3) r=6
2809786594952026908848,5455867658914763601312,4579907795725559558496,2112051858243081118688,538617814593061391780,50251871681132942456,-11689381486408216048,-4192253976917243432,-345207324875944693,57587924207977306,14053178994967995,353991401996292,-185854911041225,-17997224989288,974619127084,222518566176,2007693248,-1443690864,-57048456,5310028,332257,-10334,-903,8,1 # comp 8x3 (2*3) r=6
31016248317343,190566665573872,112074455700703,-58023833093070,-40661864188009,20798934979120,16436986184779,-252343655782,-1587024081887,434133345032,479575840380,113173070120,12055648275,4868407908,1760076721,-76557494,-187455326,-43911900,-1821754,1063792,256762,29012,1867,66,1 # comp 3x8 (1*6) r=6
14654291388352,-8112101389968,-41759798776320,-37430381277139,-21480498787479,1363906219419,11194649782619,2652580739952,-1684933170039,-897656614998,49291760952,133171369920,12700035393,-10922243805,-1539476343,541688766,78076404,-16155747,-2170279,278355,34500,-2507,-291,9,1 # comp 8x3 (6*1) r=6
-1711826132264,-12281297779120,-8148244696928,-5826278877668,-1596086986622,-567706196744,-42254234775,-36693634228,-7782696311,-5959185720,-654963131,-45057880,36663276,-12855792,-8096120,361540,485113,107580,-37557,-5372,1075,416,-26,-12,1 # comp 8x3 (2*3) r=6
3351039280483248,8600981393676672,12374799223600692,14352477188820101,11050891448561226,6154114498324884,3018341677466728,1296806848557641,446093202690871,111196124571434,16727612737218,-701551889355,-1204016837744,-263565147509,264096998,9504288068,1373559095,-34768682,-27284249,-2234956,90871,28349,2117,73,1 # comp 8x3 (6*1) r=6
954209621130192000,1072012406176021100,420601266387226450,-40309214348750910,-83310237484614000,-19688292873619296,4210581561332218,2603028963860598,110723113305991,-152881542300842,-23753362612696,5327444106546,1352985711848,-117719414220,-44036441978,1581690372,920531299,-9456018,-12566856,-52872,107608,1266,-512,-6,1 # comp 3x8 (3*2) r=6
4754262971,-19932855264,-10541148552,19654341196,40863893415,19516865760,-5158361580,-10302176388,-3444327471,852315800,788210748,73075716,-67909809,-21092316,1199670,1845592,223113,-96264,-22706,3024,1203,-56,-54,0,1 # comp 8x3 (2*3) r=6
-843006648,-179740032,1057680272,273872000,-256893752,197684608,263486136,-83328768,-155319068,-30507968,29747792,17222272,-1575096,-4496576,-969424,549696,208858,-40128,-22764,1696,1510,-32,-58,0,1 # comp 8x3 (2*3) r=6
-39613157865016,65519681688330,159443791139112,35558376090781,-61148989678634,-15380396854771,14164686744649,5332494741701,-1501665335774,-1105472940233,47465802564,161116683983,18857120825,-12747160995,-2877992959,532553698,223397155,6751356,-6184501,-920033,391,11815,1259,57,1 # comp 8x3 (6*1) r=6
-3855383876714,-12407558285896,8795265721706,21747836707204,13916916059171,1625956344216,-1413705247676,-697805071400,11239014103,68099653610,14339626516,-4510796808,-1146468687,-25523750,150873658,-10332706,-694571,-1816182,519492,-41834,8725,-3868,628,-42,1 # comp 8x3 (2*3) r=6
-1304685743972281551,273671028084664296,-434780440724510880,83576103965218464,-24822477265985190,-1236976075852630,2124283037288819,-887399122636306,371316034464259,-142972692332100,43727851554692,-10601737757116,2458155231791,-499427790744,95209888310,-21346829192,3813137053,-316666650,-10788095,4229386,-250367,-7226,1499,-66,1 # comp 8x3 (6*1) r=6
2185319756,3951415072,-6254990432,2534937592,6796040038,-9055916056,1565958580,4426694668,-3040176983,-944768,697945570,-204001556,-60162197,42045036,-1398578,-3896728,652570,209748,-60866,-6424,3079,88,-86,0,1 # comp 3x8 (3*2) r=6
-110534969887990,-26694064582075,164520918743910,65192265240154,-66743654161687,-27297938008865,17924405174167,9503594369141,-2150248401167,-2043181455015,24570542917,275222895673,35289101212,-20170805572,-5055613243,598097998,321854779,19542387,-6525146,-1164984,-26018,10545,1235,57,1 # comp 8x3 (6*1) r=6
-666823995,-1002655800,510171606,-141650400,73080196,283209444,529496912,-111498036,-221535947,16297848,75695244,6648516,-9419165,-3186120,-59668,325248,64540,-20916,-5208,840,469,-24,-40,0,1 # comp 8x3 (2*3) r=6
-6743050633,-1632522436,16554787732,488700960,-7144043284,997984564,5782686202,-105063348,-1546234955,-117767976,73266548,38637004,44615881,-5741492,-11023942,463944,1230598,-22704,-84634,640,3703,-8,-94,0,1 # comp 8x3 (2*3) r=6
48600183,425054268,844516068,-385746000,-179681332,-249296220,435301866,80261436,-198367211,26571000,43107572,-16558308,-1491319,3979740,-1112102,-443928,214822,30528,-22698,-1248,1543,24,-62,0,1 # comp 3x8 (3*2) r=6
-841913949218454,4397527440011646,7322464804072590,18129423607637940,21186977875300380,13362388169080263,5769446799044977,1924904765161355,624357097718957,222348394694492,70358361441224,16659087687614,2945151248474,471198057137,100152522167,28289470409,7479030509,1552828814,240265898,27124862,2193062,123383,4583,101,1 # comp 8x3 (6*1) r=6
699226260225,15338796352180,4091408464239,-11872877224978,-10765765261268,-3233426776634,3394855206557,1708907648846,-1223673486149,-605203257796,121031330082,125011395646,4584134944,-14106452200,-2023789378,826050754,159494191,-23738982,-5149326,347124,72616,-2442,-451,6,1 # comp 8x3 (6*1) r=6
4909327216901,5429348880400,3047331339448,3672826794736,1811789051060,598445887786,307570406606,81913438265,934489291,4281800104,3767471784,854230364,286546606,124962936,12047803,-2050358,1982239,1058940,123000,-6692,2800,2177,409,33,1 # comp 3x8 (3*2) r=6
-3800565531427,-12160018091906,-17035425430520,-15417747365831,-7276222509811,-1309653061133,928033554848,613906448894,48738856057,-62266629665,-21859035849,-304438186,2106064570,504593778,-109426598,-53591489,2632555,3064575,6600,-125054,-3563,2729,1,-24,1 # comp 8x3 (2*3) r=6
7116660002597,2325311598656,-639140716448,2499793887248,729975526880,-126895111702,192325687982,80499475849,-11997154997,2767653728,4750540608,311789584,-40576778,127276632,32614363,-1474918,871927,948228,160380,3248,3724,2209,409,33,1 # comp 3x8 (3*2) r=6
2305770912,17659585440,-2209473720,-19915859136,37219131684,-17222221872,-3288702880,8540835696,-3223977276,-666543984,701694942,-67916304,-57832495,18289728,610926,-1586304,242067,82512,-23070,-2592,1203,48,-54,0,1 # comp 3x8 (3*2) r=6
1261531946957,-5080966844522,-13815919427579,-8106390708002,-502510850461,943064354026,726676779629,417639067226,-524179580351,-99471123380,57153515244,25051826948,-3187797683,-4343208018,-420845105,435718810,79002268,-16814844,-3812490,288724,62254,-2242,-419,6,1 # comp 8x3 (6*1) r=6
523465284763978809,1533462630633323880,4067506731679737063,4855292074283930654,3640276190311733464,2014073608571155010,878822069095126046,313789321682588322,95823301288073032,26524132440568728,6991282031829030,1772237360090300,419849341895842,89266307287130,16453351020056,2560890004422,329772415183,34523045778,2887829277,189224906,9462601,347660,8825,138,1 # comp 3x8 (1*6) r=6
-2311657204,955991072,9037409248,-506402008,-3742935002,-572695496,3265267780,83463428,-953447063,69277472,73399090,-25442716,23362843,4151076,-6995858,-360968,856330,19068,-64226,-584,3079,8,-86,0,1 # comp 3x8 (3*2) r=6
10849515198831051264,55759519079866392576,127236731142083242432,176331942112992308352,169002254946054928960,120202648338322324128,66261758784930110760,29134999852060547616,10421746720990805508,3074727610541674184,755293153414063670,155432514199246616,26890200722269801,3915258036195272,479258094696038,49155756566880,4200060151623,296358361240,17053985226,786286232,28312739,766200,14642,176,1 # comp 3x8 (3*2) r=6
-13418598369,-173991744,12406419878,49513136,-5395522808,315746836,2122001598,38904576,-397939859,-84564548,-42047338,25496200,32864832,-4036208,-7367464,358728,867142,-19284,-63972,592,2998,-8,-82,0,1 # comp 8x3 (2*3) r=6
536493519749343860126,55933948535349863280,-156355560407836029936,-1893369186052502640,20187786684109122318,-1363349000196981960,-1416948903656216482,199554747299296080,54042262851287901,-12514850415877560,-958979718114810,457395863926560,-8139815761210,-10672107677100,1100673338976,109796074200,-30979491309,1816266420,183281482,-42036480,3745422,-196980,6402,-120,1 # comp 8x3 (2*3) r=6
1417511399,-5887503430,-20164831002,36417839640,20833591182,-61441444810,22883669305,10691935200,-4791123635,-1844385280,201313658,390815120,29628216,-43776250,-5400511,2145660,487060,-72660,-47925,2420,3052,-40,-91,0,1 # comp 8x3 (6*1) r=6
746568619,-8105201236,17849291390,723936840,-678613308,-11862950792,5783710080,4815173000,-1894607411,-1520336048,381668724,363908072,-30783794,-55246488,-2656700,4044304,585334,-182424,-55506,5896,3214,-88,-92,0,1 # comp 8x3 (6*1) r=6
16806451645668,11470481828826,14247237678751,9617788153175,4368935436154,1895411214155,555212136011,75853804170,33812648383,26000280615,10077878482,3464475935,1029456007,114535694,3238157,23937189,12053902,1887081,14665,33422,29845,7133,806,45,1 # comp 3x8 (3*2) r=6
191770436715625,-323310567811875,304220839027250,-256792094421550,154815719406950,-70382751937950,27254482460200,-8302534329340,1912069260570,-313260376941,9650411424,17986374124,-5091659596,1257716556,-103731803,-60403297,2295366,-1361722,14194,90039,-1027,-2066,-54,17,1 # comp 8x3 (6*1) r=6
-179170864,1360047072,2006380368,-1993276832,4120512360,-1303117056,-77650992,652133328,-373387692,-65709688,101898054,-3432096,-11151159,1988496,279510,-202880,54759,14328,-6734,-528,267,16,-30,0,1 # comp 3x8 (3*2) r=6
-6419647747,132609284,6344404444,-61897720,-2908572650,-153128360,1160880316,-14312608,-249259478,47345024,-11631542,-15657448,16975810,2769876,-4476620,-269384,582892,15864,-47312,-536,2446,8,-74,0,1 # comp 3x8 (3*2) r=6
766216494243,-190367477316,630285766956,-349986678465,284832306594,-167051822460,110730095876,-54394814100,30508271223,-14885724305,6866438442,-2903551680,1217389992,-466952379,165317862,-55666454,17308092,-4821066,1200420,-280377,57780,-8783,846,-45,1 # comp 8x3 (2*3) r=6
4746250989,-72810761922,259029180279,40519032300,-63606249000,12701220354,42979796438,-3017455512,-9708757010,-314163888,1377289316,159454332,-46515193,-26017194,-9963892,1758768,1180270,-73188,-75251,1884,3301,-24,-91,0,1 # comp 8x3 (2*3) r=6
128979834408006750,174402303418980000,24814645467980025,-75102622533086400,-66458181205457230,-25644513178453770,-3860930699204575,814051161212064,481398239376949,55120637743698,-16294745744347,-5356688970312,-55284057572,185534604492,19376560312,-3223933548,-649071938,17304030,10573655,327228,-88037,-6576,214,36,1 # comp 3x8 (3*2) r=6
-6526847281,3259351088,15822415558,-934255824,-6701210005,-2028396656,5839161382,233981904,-1645092620,230953248,96446054,-76860752,41910115,11464864,-10857550,-927552,1225000,45408,-84550,-1280,3703,16,-94,0,1 # comp 3x8 (3*2) r=6
