185147443,341456882,184975174,-821398119,-1004092672,-317355725,1302247544,933756092,90421128,-878936878,-264854559,71268038,226742824,-39704282,-35506891,1786710,23924002,2891721,-6674992,-1265253,210,190841,-36,0,1 # liftF r=8
-99397369,342169207,313335095,-1647984958,1421462052,2067710906,-3580820970,705583510,3241130659,-2248225760,-502977270,1648812480,-544498457,-412155522,315986866,-43543823,-86611942,18086822,861723,-5025519,17640,164257,-604,0,1 # liftF r=12
-8159871107,-13335747941,-8943580956,-24156122056,-29027387609,-15172763248,-26195063976,-24406643164,-9451398519,-14023923727,-10024004662,-2562151446,-4062682237,-2034230222,-250285049,-632378602,-165360872,1892792,-44371786,-72389,318,-218766,-804,0,1 # liftF r=8
9349,-151336,631068,77607,-4067392,4290460,2488615,-6315035,12646212,-8095071,-1878433,3019899,-9446160,4238745,745557,-1081256,2812424,-89959,-653682,-123478,150,32736,-44,0,1 # liftF r=14
2353616,-2332808,-27164844,57385574,-14506389,-194785490,567010741,-608509730,135518068,744080837,-1242421582,792228254,54222157,-526752310,339537578,19020671,-96621181,25756955,6890741,-3939087,26344,189975,-1300,0,1 # liftF r=12
227063849,0,0,-903597073,0,0,1369474882,0,0,-994222169,0,0,362286371,0,0,-66466277,0,0,5716862,0,0,-182563,0,0,1 # liftF r=8
348464471,301964490,-227559576,1194371682,953325834,-510523898,1800299181,908814312,-426235795,1344309772,204980354,-125968006,362650045,-128778822,5613896,-51159918,-41640430,9803864,-28076932,4632306,7572,-323274,-540,0,1 # liftF r=8
40391,0,0,658840,0,0,3248807,0,0,7263554,0,0,8218200,0,0,4561206,0,0,951578,0,0,-25200,0,0,1 # liftF r=8
-137864998448,278282705464,-213303407508,-175954929634,403570788019,-247082122835,-126526471697,235680573464,-101941600668,-58405730021,66135303122,-16423856089,-14542268706,8247405499,-530895690,-1565639736,277236755,49295115,-42814048,-6870112,25014,260400,-948,0,1 # liftF r=8
633727,6399975,10230521,979836,86290258,241005173,73123523,-57027431,437643310,423560520,-564514327,-671263666,343348336,228965774,-480360261,2266006,282295959,-7017261,-36166769,2539499,12196,-268720,-1220,0,1 # liftF r=12
8705497,50859429,-11541209,-33835265,17958304,21745131,-23040114,-89826784,28152746,49470231,-41363546,-16341322,25260637,37132029,-17902350,-15566123,20881223,-2148995,-7523968,999960,11826,-79001,-876,0,1 # liftF r=10
-6270041,62369591,-229292453,368940270,-232737517,16414442,318719584,-1176414690,1728357018,-1676775614,1195329972,-312966176,122027187,613784898,-846714692,-64998392,250578797,-12348169,-16838307,2161181,26344,-114537,-1300,0,1 # liftF r=14
14549519,-147547434,601669088,-1255630514,1473137448,-1248332756,1177491571,-564396320,-671891868,723786658,-320814768,712973663,-314850524,-330488759,40963898,3143083,140852564,-657279,-33678643,-904756,150,239798,-44,0,1 # liftF r=14
2077736497,-3741012294,-2450534015,13850232443,-4645847844,-18511691195,21150789897,11225925377,-24630023370,6055841159,15030769631,-9373164180,-2661441115,4665843341,-632863459,-976384581,263282515,59032684,-38055304,-8242911,25014,309958,-948,0,1 # liftF r=8
-629390591,1210544363,-713581722,-3117831344,5897441002,-3133054703,-5544317120,9990949701,-4533717859,-4667916957,7404462198,-2583301135,-2034368128,2384483730,-481200144,-455811872,279846213,-6979535,-36465548,2526343,12196,-267612,-1220,0,1 # liftF r=10
-98379577,-187308215,829877384,-223726314,2725832928,1829518002,2181303168,3414918402,508548605,1931640761,939215794,-233028394,504784946,-89691038,-65886928,9500550,-42911701,3494728,-10896902,102356,318,-316838,-804,0,1 # liftF r=8
-4180635001,-1178327482,4034164816,-11489925557,-655059787,7078161382,-13827682622,2019953063,3539878395,-7156024585,1236659520,837874191,-1839096846,166820326,114460159,-223400267,-17676959,4709434,-8718090,-3075942,190,324738,-28,0,1 # liftF r=8
-497468381,-244506037,59896200038,86543643323,-13947531396,6410007477,75347158489,-20375819315,-39832436706,23876541074,-1913191302,-18274772866,3901546925,3061291725,-2301722839,174529001,618554565,-40986455,-38736011,6574489,26344,-328240,-1300,0,1 # liftF r=14
1449314992,9428968880,21675193008,21084741286,14135006117,23235522278,21814493865,216079187,151153083,7264466393,-3560055326,-5443328528,1384961470,86530932,-1309830798,231727503,354761042,-37603622,-22152950,5969526,26344,-296020,-1300,0,1 # liftF r=14
475671323,1609151986,1780401607,-554192238,-3676456575,-3794901077,-299725162,3017694840,2939541693,522605314,-1160569851,-1012078566,-158272554,246833365,162816925,9858796,-28124075,-10196057,1019005,1184403,29388,-24720,-668,0,1 # liftF r=12
-10935472,2552472,11374176,-39844884,-38768023,52381644,-341401,-136810663,36405265,114520230,-102081970,-48457801,97135932,25488917,-46144280,3578097,33313575,-4852630,-9720217,2122735,210,-320064,-36,0,1 # liftF r=8
-24521923,-25602993,-9021591,212784999,168885868,36884776,-624234877,-348678761,-31279853,789299955,273354743,-12836044,-458852287,-67143991,19974264,109975675,-5594532,-4354018,-5841037,1928408,11826,-143483,-876,0,1 # liftF r=8
691933729,-447202730,-127865354,2354949585,-863709778,-398566733,2976300973,-522687330,-320961137,1822015347,-116634544,-84414724,580043962,-12570420,-7694077,88585877,-2219050,-106888,5143962,-72362,-432,61464,-1140,0,1 # liftF r=8
249023107,-3603048573,16478869398,-27335786711,10787025477,1468888944,14315773849,-5272806004,-15032421737,3018854898,4360113146,3725475499,-2098992310,-1879350384,511280395,336155945,37960308,-66344612,-12060994,8033963,29388,-172949,-668,0,1 # liftF r=16
-173417,1217353,4735197,6731303,-9903996,-40146588,-41709143,31100089,115326845,89363492,-55993249,-149137056,-76862820,59332363,89401577,22546012,-31039057,-20213935,557758,5683389,17640,-185827,-604,0,1 # liftF r=10
-34802862671,6725415700,7060046712,74537357223,-24464804388,-6195924995,-61996868229,24080246248,-67862805,26439200931,-9909369964,794176918,-5873193544,1859635402,-155671099,623276429,-150445634,8143382,-22379224,3953344,7572,-276106,-540,0,1 # liftF r=8
-39610671907,51831302355,-1753672270,-113939399996,134954985364,-23476615875,-119143182384,132405529284,-34728395806,-53714274491,57277293074,-16240692619,-10342399313,9757793807,-1801266324,-1166677975,550907478,31047642,-35626571,-5056315,26344,255450,-1300,0,1 # liftF r=8
4210557041,3695668923,-4040737460,-14643299193,-4687868742,11814361631,16184654326,-1025516673,-11312186684,-6992974137,3287412343,4454859206,899756640,-1356331877,-672689066,92078020,172108703,21348114,-16865067,-3040383,25014,117579,-948,0,1 # liftF r=10
2103652981,-4223104249,2293943620,-7519268334,8739261264,-1083051385,7094075129,-3004853921,-2708642284,-1393304598,-2345677674,2035217934,-891846285,1517060841,-349396550,440181085,-218491744,-1850722,-55819005,100555,318,229194,-804,0,1 # liftF r=8
32866679,29479399,-1944719731,2473131226,8167711904,-3622392385,-3574678688,8757144005,-2463777805,-6969372600,3642767172,853479502,-2661778670,658712539,826902446,-280764127,-55863185,73953022,-4540636,-8948918,29388,191973,-668,0,1 # liftF r=16
161507821,-1035887161,2609421653,-3772734332,5173345113,-7464885669,6922647320,-4085433671,3879092821,-2618336398,-1135814160,1148712479,302376870,571420460,-675690007,-174456651,189296122,20471085,-11934458,-3306174,26344,165803,-1300,0,1 # liftF r=14
95565584,489898944,864451520,633776178,607600281,1166327842,521088905,-550304018,125904022,381522221,-612618050,-292422222,397666971,-26003772,-182723302,86725947,51864179,-29936969,-5825181,3641983,29388,-78903,-668,0,1 # liftF r=12
-723745744,3733420808,-4891440612,-4001972186,15319182901,-12634275145,-5534175999,20749266817,-13601624296,-3752535459,11879618480,-6568860830,-1613668583,3038621726,-1041993370,-397313348,327538015,34346725,-21525487,-5459933,26344,271416,-1300,0,1 # liftF r=14
5473967,-2841942,-1432886,27949331,-928352,-6559068,37082857,10136307,-8211258,14338601,11459023,-3693113,-1080796,4455025,-465809,-1589608,629894,61811,-240436,12200,11826,-4110,-876,0,1 # liftF r=10
-25189273,-19972540,209115006,430153760,73623140,-678847963,-1036772684,-498169564,650734946,1185969428,653905518,-181429090,-575828705,-337337162,18040347,122907259,61124964,388142,-14356797,528339,150,-140251,-44,0,1 # liftF r=10
138206021,-1343069222,-4766743617,18422446144,31039800462,-19383006311,-19898408095,21620654732,-2363232579,-16410232227,5772428367,3811255582,-3541043090,356082905,1088908768,-266104775,-91782471,71957491,-2668177,-8697109,29388,186459,-668,0,1 # liftF r=16
21288761,-144643577,-316178857,764542393,1058085072,-1333517115,-697388916,1145826173,-1279193426,-921863766,1348506328,-116275412,-392679573,591795851,35267138,-157157449,78122954,-3495362,-26803965,2285408,190,-241404,-28,0,1 # liftF r=12
-2889253,169212,6330899,11763654,-19920551,-36605589,-3194753,76033366,59478398,-42796006,-93783797,-23043821,58470230,31734029,-11588921,-18193132,7563065,4802114,-2549352,-2100300,210,316594,-36,0,1 # liftF r=8
29443,0,0,-515870,0,0,-8243924,0,0,25213008,0,0,20001733,0,0,-17453326,0,0,-11661317,0,0,-117039,0,0,1 # liftF r=8
576811,13687021,-14014403,-114286485,244254088,191100232,-823746786,213261919,1266446350,-900358228,-993277481,1135186475,451091718,-760585371,-173810855,283766168,60065771,-62645798,-10067434,8748076,25014,-325634,-948,0,1 # liftF r=12
171701,5391277,53070848,189551857,263871216,440366241,174109934,174809072,-642040221,-228722257,-949677394,185466578,-369306188,697693002,-113549185,368698447,-116330270,9990426,-29485586,4775256,7572,-333198,-540,0,1 # liftF r=8
230011871,0,0,-262133011,0,0,-246109521,0,0,162854427,0,0,92176178,0,0,-24294329,0,0,-10593119,0,0,313784,0,0,1 # liftF r=8
-22967611591,27843531205,-8392576551,50290318665,-50056978235,12088218495,-45282159696,35736227367,-6866263598,20879296460,-12563046436,1933032391,-4953382126,2221798769,-255637593,520531800,-178016319,9841717,-11654910,4779726,7572,-331610,-540,0,1 # liftF r=8
-318778799,-1592175381,-2005320547,1619183443,6785525046,3763286321,-5474568677,-8418824279,-236293708,5281543614,3564932027,-1352426109,-2006404749,-289328309,461788049,301171459,-92662625,-31757629,-11375550,8894418,17640,-291596,-604,0,1 # liftF r=10
307585591,42782371,-156729637,-624624680,-67856890,135689435,102332738,270557319,73354119,520253132,-349995322,-59536766,-483811252,157780641,14129638,154972375,-17299405,-2726258,-16709610,-1241262,7572,92189,-540,0,1 # liftF r=8
-258713921,-1212377463,-2189174623,-1799212695,-791858935,-663645284,-346955901,656639215,722330882,152374244,174168611,198471944,-55810959,-89029235,-7511924,-8088645,-15079665,111728,4032303,182605,150,-47190,-44,0,1 # liftF r=8
-3234279581,-142727923,1524300014,-10816418280,-3226938600,2583000183,-13589510084,-5741748852,766719612,-9075500493,-3838031702,-187398155,-3225747555,-1113736939,-91132342,-563081373,-130090630,-7519656,-36755103,-3616095,7572,255022,-540,0,1 # liftF r=8
3083724283,7109238865,4606811039,3988227634,7607267232,4315190278,-1706233368,1684519497,2236410880,-4242474299,92830140,485114985,-1908922411,21291575,34907081,-335190685,2064938,255273,-20964962,-285308,-432,-95813,-1140,0,1 # liftF r=8
-1602155719,-724961142,2385544336,-5301202361,-1582337474,5968307517,-9207872006,212961970,5193962783,-8017605206,2159207289,1202520811,-2866986363,903966756,20524521,-440983692,105840882,-792632,-22683089,-1115095,150,294530,-44,0,1 # liftF r=8
228649,-2848345,10978928,-5462653,-56816555,119168156,32134770,-342006908,237947604,398444853,-565558151,-161947029,580085242,-62496522,-322087972,78840592,92698072,-25687360,-10186439,3607993,25014,-136343,-948,0,1 # liftF r=14
-455974237,0,0,-1413819058,0,0,-1785634770,0,0,-1174334880,0,0,-425473333,0,0,-82179588,0,0,-7358885,0,0,-191407,0,0,1 # liftF r=8
-4241261,23801596,-52785249,42501982,48194057,-145081381,107252026,62814129,-166632757,82520963,62732259,-90673886,17800920,31839573,-19724487,-2686756,5673251,-737935,-677705,138579,25014,-7394,-948,0,1 # liftF r=12
-81828683,-31841417,110205231,-2678227,271914281,-201871344,201801580,-389405418,131721978,-232882291,222321895,-44483542,108761529,-59898186,8485306,-22660423,7356871,-731625,1653927,-300274,7572,17446,-540,0,1 # liftF r=8
-27237447463,-24954143786,4460070812,59888656732,32720872418,-15319363059,-49694798080,-12525148877,13318862599,19467070887,38785401,-4641121313,-3731016048,923291755,677060521,313352081,-176474865,-31909407,-5900620,8901529,17640,-291486,-604,0,1 # liftF r=10
-80416552583,69018985192,-7568195997,152817605806,-97423162621,3324875642,-120518483065,52662929582,816123758,49779546826,-13434980785,-651981578,-11263046938,1540074218,117371059,1323796152,-41937056,-6990458,-64529106,-3208562,7572,231618,-540,0,1 # liftF r=8
11423,779453,4153316,-763745,-36616005,-59763266,45458695,212364076,118709039,-248677170,-342207020,55557800,337729698,113074252,-159509164,-103092391,35855465,35691529,-3311088,-4995612,25014,185941,-948,0,1 # liftF r=16
-539411,-3591611,-3509504,5296931,-8091997,-10986093,16722023,-16887902,-12818320,20681681,-19633433,-4613237,10608289,-10173044,-911537,2853531,-2201520,-58129,548475,-89942,150,23440,-44,0,1 # liftF r=10
-1002461303,-7077310510,-5423354032,2169600975,16720341402,10383238792,-2790978505,-15691929077,-7344806273,2334967721,7304918086,2281625289,-1083401320,-1689852255,-268384777,242704836,158484590,2091678,-20462989,-1003619,12196,120205,-1220,0,1 # liftF r=10
393109,-511158,-575206,4760862,1729135,-10914074,-11126038,31987803,6031037,-39306271,-33073649,61200990,71734812,-79473572,-66602182,7747653,85845091,6133064,-33405210,-2812160,11826,215222,-876,0,1 # liftF r=8
27913,2691368,-56660633,213167079,216754647,-550550389,-543579632,380008041,712279257,251442405,-443262237,-456128004,40329057,199131746,104002087,-24781387,-47645803,-4591571,4592626,2998642,190,-316528,-28,0,1 # liftF r=14
25552,-149776,-3554272,2222308,69333459,177190292,350159746,524918195,213642086,142737319,-172680289,-329331183,282746013,6291472,-297801697,79923060,103286182,-30429124,-10849099,3710609,29388,-81123,-668,0,1 # liftF r=14
-70467596071,-203932651488,-150613100640,150716719652,338445279112,174718069152,-117409933587,-207195821804,-78341788342,46493060794,58692951159,15547871360,-9849917339,-7635616176,-958631954,968367982,336050988,-43093124,-21457170,6793572,26344,-335570,-1300,0,1 # liftF r=10
970157,6604141,14418539,3485998,-61365464,-128830494,-65272874,195649064,365012251,159751506,-289754490,-401719108,-96469529,211657820,162746246,1082191,-58027660,-17956446,2888379,5024109,17640,-163997,-604,0,1 # liftF r=10
-1455025783,2491351586,-1742749616,3908621834,-4739838010,2599042977,-3675388711,3413831845,-1429188949,1635209377,-1174659831,353848006,-367431572,194833811,-37221239,37660068,-12682709,1084936,-687467,37452,318,-104167,-804,0,1 # liftF r=8
-25944041,-389750678,-1919915972,-2727323718,3156714859,7589874130,4953419141,-4190271455,-8891372934,-3324903117,3019858113,3873499310,826508770,-1117105467,-681337516,13660027,137715365,38135562,-9338596,-4679770,29388,101383,-668,0,1 # liftF r=16
81118357,31846210,-54639332,-367839276,-92549194,163430881,646152019,110984350,-174823747,-582516827,-70799926,82570557,293100186,23306636,-15645139,-80253721,-2872270,326231,9928526,-3754,-432,-178365,-1140,0,1 # liftF r=8
7231969,17634812,16323547,37426051,60928041,41059043,63368642,78781629,35404861,50845743,48611497,11093098,22476935,14363534,63613,5841235,1515773,-337273,773558,-34856,318,24834,-804,0,1 # liftF r=8
-1039177,3925078,76866731,-75613450,-249363972,176612775,121433979,-292486943,162022742,194880883,-199165464,37489833,87838020,-79582116,-1820755,22314724,-13691235,-490219,3441593,-709594,150,186699,-44,0,1 # liftF r=14
1175056,-1983720,-30031228,78562754,-5423627,-147368863,171485011,9783778,-191199117,152746895,28440780,-109344867,58127016,19992218,-31588548,6660061,5660394,-3771948,-420750,608851,26344,-30240,-1300,0,1 # liftF r=14
-746383333,-1624838655,419666757,-1971074586,521354084,3584551365,-1895197456,6658270167,-5809535780,5146183495,-6357348384,2534972078,-2774296470,1926258550,-326516069,577520656,-180740937,2392731,-40454789,-17858,318,-259764,-804,0,1 # liftF r=8
1949392261,5608976906,5120876340,4470829439,2845642138,-756887396,-2185748854,-4295675583,-1107578559,-1635284876,307625216,333442981,683023443,381926862,-55448316,128755807,-88560703,8018203,-41069732,3801829,7572,-268192,-540,0,1 # liftF r=8
-1122204953,-2289855312,-1708907587,3784789752,6868462777,3972422306,-5790746339,-8088191682,-3362447533,4830499696,4621403657,1211315725,-2194211743,-1262253141,-146442134,493996290,125606147,-4125435,-40654809,1805596,210,-272724,-36,0,1 # liftF r=8
20225173,65982484,-397268668,364224527,118977646,-1032194597,1451075254,-1048501962,-53112280,742756910,-655362429,192962568,118868416,-95308034,21244245,-4883010,25888316,1180841,-10173274,-772635,190,81717,-28,0,1 # liftF r=10
423875483,-37898922,-86875001,1173781573,95629762,-288355214,1168505904,402311875,-355853943,431791944,439320034,-203484339,-34552921,205956814,-53081227,-61811011,40721772,-4819803,-11592606,2228820,11826,-167241,-876,0,1 # liftF r=8
-2817953,-12553152,-19573142,-30943869,-62891255,-58189198,-57470862,-87519078,-27825144,-24381198,-26365574,37180914,8239630,25786525,27824484,8040016,16061673,827335,3851329,81533,318,-50566,-804,0,1 # liftF r=8
-12613,15019,144239,-65953,-899675,913083,3393967,-5189595,-8836484,20969484,6323240,-47407732,20911789,50404122,-47841436,-20612019,38287784,1392937,-11732938,-610611,210,92529,-36,0,1 # liftF r=10
-1639615729,-3774923688,-2822341068,4354273321,8696748143,4460831027,-5126280151,-7231660291,-2465474455,2985553682,2755337197,526198390,-852666889,-466753614,-16717716,103657838,20483289,-5046695,-2309497,1675555,12196,-168273,-1220,0,1 # liftF r=8
113408,-5760,-2898240,5322880,-4979376,19573696,3999864,-5495400,-1422301,-108625188,-64252125,-190110342,-159129507,-144147578,-185464778,-45894472,-109432763,-2658240,-26510574,-27272,318,263022,-804,0,1 # liftF r=8
432787,0,0,1901060,0,0,-7816233,0,0,-5800389,0,0,26694078,0,0,-6873039,0,0,-9856049,0,0,-160705,0,0,1 # liftF r=8
-376630171,-1140360190,-1380572222,-2785222992,-4912669341,-4300834588,-5699802090,-7349972749,-4593302195,-5006359649,-4992119747,-2030171802,-2180634102,-1596972192,-314684396,-492276449,-198743487,1826430,-51387286,-93020,318,-222698,-804,0,1 # liftF r=8
26748719,1148557063,12447326480,38104970749,11636139371,-24304714311,11509440183,13194558894,-20031842777,-4347138305,7882314252,-2815696813,-2079287888,1709894692,307192621,-297472491,52520865,45250735,-11869307,-5468751,29388,118369,-668,0,1 # liftF r=14
155709529,111010172,18715136,-813518250,-346999753,14802416,785438967,-27401050,-98571289,459711545,275234509,-25522988,-210537795,81803558,19016465,-97870739,-7538238,4940991,-5296730,-2200137,11826,162841,-876,0,1 # liftF r=8
-20760934021,22837382667,-8111524041,-42556704826,43642469768,-13489690026,-34633545664,31753355072,-8065597962,-14325568262,10958618250,-2047052773,-3183639545,1802988652,-189169670,-358419619,116280491,-924001,-15744798,637687,12196,-85459,-1220,0,1 # liftF r=8
-58308403,200371589,162556353,-1160823778,936191938,968305497,-1885125197,614017927,966880983,-1068287660,92753243,421145797,-236773675,-24131047,81215213,-17872462,-8565806,4856512,-186757,-530745,29388,11294,-668,0,1 # liftF r=14
-171344,0,0,3713368,0,0,-13313020,0,0,-98603350,0,0,263630551,0,0,-66107943,0,0,-58783224,0,0,-252090,0,0,1 # liftF r=8
19038469,153442469,468539825,713129744,833118390,1328632031,1573875922,834555795,707514859,956323516,-81624088,-439342832,180897548,-125013107,-298229944,74213675,81660543,-20710918,-5180070,3269538,26344,-161531,-1300,0,1 # liftF r=14
254047,-1299865,1674888,2110022,-3426940,-2952207,-896812,11776050,-2684030,-4946809,-10303664,5481605,8386639,3744369,-2221818,-5413119,-159600,-14168,1199965,-58195,-432,20764,-1140,0,1 # liftF r=8
274989961,0,0,-95419196,0,0,-337035262,0,0,45610102,0,0,116568475,0,0,1758970,0,0,-7726477,0,0,107013,0,0,1 # liftF r=8
2957,94204,-618049,1226646,-1442898,-9998,1481083,-3455521,2351672,-1284479,-2416315,2104018,-2622876,-129977,260712,-1286737,298112,-38460,-97656,14466,-432,11056,-1140,0,1 # liftF r=10
39766673,-215759627,104486410,188711265,-527407648,211733072,308931557,-517323601,167142026,243640864,-257187002,63866829,101046186,-66767760,11766501,21330517,-8178145,864803,1859662,-324826,11826,16642,-876,0,1 # liftF r=10
-1335279961,1187605422,599414175,-3257370024,2228216007,448287356,-2505976607,1523821860,-62344267,-674048384,325881801,-49839579,-24889717,-4991841,-5808640,18734478,-5343545,-893083,2791569,583502,190,-61546,-28,0,1 # liftF r=8
-3590242241,13867628763,-19461214760,4684573988,23606454119,-31822425152,8542638920,19076064398,-20480787436,3073654754,8664287892,-6139403180,-123789832,2043793347,-770045771,-194741479,197442936,-21796285,-18771583,3114639,25014,-120741,-948,0,1 # liftF r=10
-261709867,-1143998805,10041455,-330402114,-2767741410,-344696976,-124395226,-2593715042,-508280266,-18347602,-1229443088,-256895087,11526375,-308499494,-53115790,9339289,-38500607,-3775043,2027974,-1871585,7572,128803,-540,0,1 # liftF r=10
621080687,881308083,-8529587,1643530900,1681655780,-585250032,1951380068,936375293,-772173062,1264032919,-87153902,-209467103,300590389,-132449689,12382565,-7381299,-9212318,6000305,-8005882,2833720,7572,-197317,-540,0,1 # liftF r=8
-2223884987,0,0,-6331891385,0,0,-7162304742,0,0,-4103642260,0,0,-1257541627,0,0,-198200634,0,0,-13280020,0,0,-136219,0,0,1 # liftF r=8
628415981,1909473190,714135759,-3401077622,-2295898454,5134700480,2870997175,-7496829761,-3682154443,7577731142,2175274735,-6170451211,235780651,3245803218,-656781914,-748771085,240180359,59054946,-33458149,-8250453,25014,309746,-948,0,1 # liftF r=10
-101260637,-130653136,8734076,162275784,-14332805,-159410984,311341525,693905377,129974157,-517715486,-184449545,202813526,-96788293,-539431224,-134265002,298339828,171788687,6302762,-63632928,-2922500,11826,230778,-876,0,1 # liftF r=8
-365209027,-1412779188,1724869595,5650101191,-5159885279,-12348891492,3330972022,16142774775,3507352401,-10791459592,-4365915896,5304582437,2942283686,-2138562837,-1595419688,440841102,500546260,-46812049,-56944458,6586645,25014,-251956,-948,0,1 # liftF r=10
-7456133,-30282947,24080223,134422022,-122226126,-139927522,256872969,311646757,-598022105,-57187848,855791326,-565858532,-378860763,593530526,-149865191,-236688694,123270593,4215310,-38682820,-1844991,210,278624,-36,0,1 # liftF r=8
-61415729,-582103078,1109484696,1658550332,-2580802798,-2875594301,1525040219,4189628715,124393210,-2671807215,-932418711,1007308345,651055477,-329889908,-207166409,44107179,72310675,-13663219,-8221237,1932608,25014,-75289,-948,0,1 # liftF r=10
18412143863,-39472721166,26088623430,-20270252014,5342073230,4836153978,-14898482809,16815417856,-1278247779,4531775250,2889370362,427090684,3169333501,40825694,109798082,26937590,23960122,560370,-65663164,-410570,-432,-231522,-1140,0,1 # liftF r=8
283361779,-4199044583,16506116125,-18441086720,-7245213096,5803586410,17502685198,4551023338,-14691359511,-7748719726,2781751234,5645560692,1336637069,-1559027512,-844037444,45063787,182074026,41152064,-14135061,-5046015,29388,109689,-668,0,1 # liftF r=14
-4691,2004945,32928415,29573799,-371070097,453855741,831767106,-1901828172,-59209977,3056195274,-1622294277,-2349396741,2259299364,878058412,-1460099057,-191075649,452492688,42170219,-50267780,-5943414,25014,227904,-948,0,1 # liftF r=14
1813153,6588552,7694937,119197,-1114970,8271556,1946036,-13889565,-4926088,6519097,-5400987,-7639052,3835454,2620857,-1986908,271737,1192867,-11151,-147237,46881,12196,-6646,-1220,0,1 # liftF r=10
-4681993969,9931463921,-3629251807,-15317672491,20784260691,-1043561634,-19327220210,14042749694,3636395180,-10596572517,3272794205,2391760650,-2738220927,-65576706,496460290,-316045923,-108810649,31663317,-10702253,-8859816,17640,290424,-604,0,1 # liftF r=8
-34990336,-2742801408,-2997860048,1062192960,9278277699,4976602170,-4343474252,-10255995815,-1634917586,4528315453,4436057847,-552453929,-1842048061,-577140664,282466525,293768434,-42306656,-18702934,-11671257,5201889,17640,-171337,-604,0,1 # liftF r=10
-11628307,222653137,456799449,-5278923820,2199163534,3065004746,4158923480,-2401397927,-4106974960,-516050173,1283374476,1500878671,-230497781,-422077345,-110866719,56412759,51322862,-16405949,-3973556,2583064,26344,-127937,-1300,0,1 # liftF r=14
-89680067,-144929961,169874144,-435389566,-684621497,670933112,-1263075995,-811897575,776529601,-1649231415,-346433606,322547878,-975902715,-18473722,37638069,-255293248,12560865,-565995,-21894663,194370,-432,270450,-1140,0,1 # liftF r=8
-1295809,-19950635,-15340603,38917526,-124238053,375476147,-437052953,752312390,-920287567,804969700,-1041729571,725975768,-547830084,552029360,-185715394,167706246,-104199411,2398773,-23758130,20352,318,-241424,-804,0,1 # liftF r=8
-331749151,654568673,3642283113,-5015431297,-3331879123,4114433493,1555845475,1020188837,-2798085510,-444416688,836892384,300640004,76321487,-316341058,13736660,33688169,21744686,351323,-6175376,493393,150,-130449,-44,0,1 # liftF r=12
348831941,-378612203,1341936,-603162182,4124098,462709011,-97941530,743474080,-191961553,294840241,-164956829,-256166084,3227888,-204991009,89861107,-62799712,58102839,2308087,15531885,142754,318,-180189,-804,0,1 # liftF r=8
72794203,204835763,39254519,-446416950,-602942760,30970660,713795581,649388015,-58557670,-512824143,-365365807,31010753,191189599,106459639,-4177201,-40283576,-13034855,-596236,4098172,387980,190,-40828,-28,0,1 # liftF r=10
-435501851,270719466,361837055,1415381657,-633351188,-768901955,-2106556814,412137429,528274238,1537465538,-90365039,-148938843,-586319317,488386,15591409,114987471,872014,-220540,-9619468,145489,-432,102781,-1140,0,1 # liftF r=8
-120078719,555535908,-251057739,-1030653408,2039778766,-303127946,-2562098117,2543526432,188021136,-2673689796,1307898580,285576938,-1347417978,264345266,60715620,-350109154,10808284,528646,-36515649,-262030,-432,-246140,-1140,0,1 # liftF r=10
-16424209,-42115156,74101544,-112575401,-268865378,348153916,-149824235,-438533177,299490855,66707325,-106533120,-151861663,109550362,180031021,-122116269,-20115122,72660816,2283186,-9467317,-912497,12196,101865,-1220,0,1 # liftF r=10
2758589,-63887536,356502560,-555898948,-546196806,2295153741,-1391592793,-2080764718,3436047227,-754380353,-2231085322,1947784979,79287902,-897299394,417354435,98160315,-136233200,20962227,8957300,-5831254,17640,189861,-604,0,1 # liftF r=16
7678051,-165111997,-917628655,-1671595088,-1916980179,-1692391501,-614034613,405523100,745908103,510046103,407691618,134257080,-181675247,-152798906,-3346017,26088593,-16490049,701033,5604664,-456469,190,48040,-28,0,1 # liftF r=10
-10388837,50864343,-45376303,-137940417,186191503,295654986,-405865193,-512152515,657708438,654452726,-657612593,-659902432,510983175,467373887,-306692988,-205952217,99547835,55680316,-12257321,-7784853,25014,290270,-948,0,1 # liftF r=10
-35377273,124788898,-134315773,-176590792,519555935,-391786874,-314908062,771620214,-420189431,-269621804,531747212,-205697647,-121041156,179958456,-45785986,-28769310,28921622,-3701228,-3294743,1749865,11826,-129503,-876,0,1 # liftF r=10
363132563,-66515339,-33490306,415573313,243775291,-67743725,-1160081003,223530280,146317148,-98857771,-472880543,31845437,691142899,17386478,-76640891,-132988637,97792298,6246327,-40604155,-2855252,11826,220184,-876,0,1 # liftF r=8
953602963,2027859257,302757672,2964979912,4444274526,-1076110808,4793467753,2477951521,-815573132,3093327595,506978711,-186617846,950986574,28587421,-15129272,144622481,-1147130,-296048,9610698,-12253,-432,155033,-1140,0,1 # liftF r=8
322508327,240817729,32401854,1090511395,998552673,224530393,867173592,1155389200,414548558,-352053180,51083274,186552504,-347364250,-352859765,-59940053,127241220,33313044,-4988947,-3022429,1680966,12196,-169311,-1220,0,1 # liftF r=8
141911069,1192009310,1103291879,371125938,3410564679,-1858686050,1992932280,-639799141,-1257357606,201845853,-1433220114,-308194414,-531517184,-430539569,-46818158,-179327065,-48295219,-3342333,-14592023,-1623073,7572,116589,-540,0,1 # liftF r=8
413167,-2064825,3655957,1176052,-15821582,23040516,-2338374,-21971779,4412178,6354353,79193726,-156194065,18481453,199790375,-154209011,-57685843,91471250,3372463,-11597082,-1260786,12196,135629,-1220,0,1 # liftF r=10
-2523088,-13749152,63384248,416725146,704079525,571105495,448412627,159413672,-309468699,-301485613,-282689661,-321038323,-40122917,86776480,17737003,37263909,47482460,-238089,-11968641,-302251,150,81173,-44,0,1 # liftF r=12
-1136901179,2530844998,-2191266199,4764338920,-7027407002,4556535753,-6581426969,7288336376,-3387500491,4276092485,-3591962347,1064349272,-1463968315,851192103,-115629186,265387989,-78162249,-1219309,-21345243,58850,318,144481,-804,0,1 # liftF r=8
-147712,27346816,286503744,481446560,-306950784,-602800232,1205692892,85948658,-2245174899,900749192,1197347238,-1849412060,72240205,1086424028,-462770880,-144718852,278837958,5055366,-36054942,-1955686,12196,214650,-1220,0,1 # liftF r=12
-7685508751,5358930743,1886387298,22579899678,-15853287434,-1730211622,-28041927790,17369132840,-333879360,18174591866,-8996060233,735394600,-6051051505,2107477090,-177696648,891007089,-179438621,9165341,-36094755,4427624,7572,-310136,-540,0,1 # liftF r=8
-704974871,0,0,-4152846859,0,0,-8053688769,0,0,-6161832168,0,0,-2168584099,0,0,-346663492,0,0,-18785668,0,0,271444,0,0,1 # liftF r=8
-21048857,0,0,201573822,0,0,-673646236,0,0,1058497966,0,0,-828192766,0,0,295095382,0,0,-32049153,0,0,-246172,0,0,1 # liftF r=8
-21776,-59440,-49068,-199372,-601453,-678388,-580163,-1038068,-1379029,-683800,213378,216957,10620,375701,634338,249666,-216920,-235924,-42178,37905,17640,-722,-604,0,1 # liftF r=12
-24880114313,15962085096,7052528024,-48777101099,25329265305,7676646106,-37031481835,16649112650,2878751182,-14135818875,5454100887,429102914,-2896814203,885208939,24060309,-313659005,59606551,374930,-15615688,508528,150,-135161,-44,0,1 # liftF r=8
-629594149,-5073097035,-13491888548,-12023178617,8447563377,26030739943,16494692818,-7821069774,-17855915600,-8010108074,4075657060,5849248574,1567659002,-1116339809,-942229095,-78242236,148002404,59273517,-6232885,-7249244,29388,155787,-668,0,1 # liftF r=14
291056,-1717928,1009752,7001404,-6952557,-27622192,19511318,90566615,-60399586,-207078239,92288737,408682025,11859138,-510421089,-141366329,248566066,114434039,-4229988,-35878185,1851313,210,-279536,-36,0,1 # liftF r=10
722483,-887094,-92216177,-454635250,-757256721,-1396802416,-392903660,1837902198,5874770530,9592756736,9858772881,5907279884,-198211693,-4347961004,-2856673732,356437912,836354816,26279688,-55296092,-4480928,26344,233410,-1300,0,1 # liftF r=10
-883,-32202,58470,226905,360072,-1309809,-2295110,446268,6716647,5795308,-7951617,-7362569,-2853581,5962942,2805325,236992,-1415562,-383210,67301,102653,11826,-6612,-876,0,1 # liftF r=14
1261516891,1684611470,942475322,-3680565784,-4357013846,-1980713555,4521231657,4384170937,1525769844,-2931668273,-2133389873,-518593485,1029094359,503123422,72162701,-180349069,-49177359,-2734863,12527149,1194744,210,-179795,-36,0,1 # liftF r=8
4871963,11755061,-2858868,-44697697,-53989253,16537682,106895945,102508904,-9558867,-112945420,-101845826,-10083534,56068682,49913684,9092632,-14444237,-11812617,-1876033,1943582,1225070,190,-129303,-28,0,1 # liftF r=10
101489,0,0,7358037,0,0,-20877015,0,0,6393515,0,0,8764546,0,0,-5557831,0,0,820559,0,0,19896,0,0,1 # liftF r=8
1105936,-53098760,31545704,-9846800,218343049,8880490,139314223,-251490149,-34319478,-199910689,124942103,7163416,106338492,-29094405,2680334,-20389186,2923659,-388740,-386190,75664,-432,194549,-1140,0,1 # liftF r=8
37048016,-173944520,278898920,-78355196,-274381495,362486873,-261340883,197897034,-64218703,-121867712,175921795,-115656360,36225823,7624482,-17851675,22012414,-15564484,2235819,5288311,-1460536,190,154141,-28,0,1 # liftF r=8
16013,-4635216,9011948,124120414,301916042,611563283,822842473,865704345,594459131,229470599,-173156115,-315941092,-269409268,-104749591,6329069,65334472,35175615,372374,-7767415,517900,150,-137017,-44,0,1 # liftF r=8
15510043891,933796332,-3396944097,28373637806,2778673732,-3435573996,18317140705,1053490629,-885633580,4306882935,-571085251,2635170,-375293894,-339948269,42284310,-313841267,-27236960,8378144,-36771928,3924382,7572,-275978,-540,0,1 # liftF r=8
-1292783,3664685,-3731852,-29391784,57010617,-34602710,-107970339,129697801,-18025799,130380573,-252169458,127239608,141688137,-170310148,32979145,43920386,-21877763,-1992363,2836207,522344,12196,-44112,-1220,0,1 # liftF r=8
-30008009,64807740,267789270,-902313845,578747949,294809920,183467281,-385391190,-697385374,377395155,361943875,178458384,-159788921,-210742217,9157755,44369303,33147697,-225624,-8019360,-295698,150,78965,-44,0,1 # liftF r=12
-7851755728,0,0,-19541210864,0,0,-18202291544,0,0,-8027344206,0,0,-1786499077,0,0,-188284401,0,0,-6313851,0,0,147951,0,0,1 # liftF r=8
31007,-97693,-115229,1727814,-471646,-6849871,16752793,40762032,-29184323,-37430500,119481065,-26821002,-142999967,85683269,2307340,-89672215,6860526,4123908,-7764988,-1845385,11826,138375,-876,0,1 # liftF r=8
299221232,206228040,-141400208,-1443112064,-341088455,614024847,2266843173,-293063644,-549033227,-1400171929,584485680,-4107581,334797608,-222619786,44350604,59756277,10835076,-607934,-26026768,211931,-432,295338,-1140,0,1 # liftF r=8
-55874717,-47557327,36117362,-93326943,1289677,158125071,16179935,200248193,210543753,139258240,259513335,122664892,127569000,130491296,36347530,45881278,28789398,4816724,5449743,2254803,7572,-154637,-540,0,1 # liftF r=8
5898593,-34105891,-4857064,90447118,63812820,-197816748,-34021384,513667102,-395212840,-363238936,637565989,-234382325,-359489519,270209860,-35089505,-119887747,31099216,2149002,-10498665,-940409,210,142027,-36,0,1 # liftF r=10
-666571,-28302216,-341025549,-1113719355,1195885302,1795318079,802018482,-2399355622,-1828970904,791476772,1472337444,514165630,-701196111,-396160525,86709130,143870162,32151860,-39228270,-6094484,4753435,29388,-102537,-668,0,1 # liftF r=16
-685600481,-1731963333,3145858405,3163387744,4080640323,-6377894118,-6822505871,-5354105924,4696912992,6182311568,4167967613,-1048949414,-2280967276,-1305329223,59666970,423167584,155866612,-808136,-38961235,-1125754,150,297896,-44,0,1 # liftF r=10
5344778749,-15255460903,9515561464,20589410947,-44440972800,27275297910,16338579728,-37248190264,19765440420,2788021523,-6043568479,-65947519,1119000463,1530112706,-1711843833,-125055399,594346199,-86289205,-56943482,10524779,29388,-228568,-668,0,1 # liftF r=10
-575536427,-3064658497,-3195816597,2424604419,10176323347,5547738646,-5973863554,-11326259128,-2030490882,5554168285,5106685485,-440130634,-2259761307,-808473432,308661556,401321613,-20628809,-32458555,-23247689,9110324,17640,-299352,-604,0,1 # liftF r=10
3092483021,-1879635729,100001075,9030278252,-3607286273,-231066562,9745325588,-1985109952,-618696748,4574266481,31505620,-422283291,731933725,304860754,-110972911,-66740884,74555640,-9772047,-22723499,4474200,11826,-331344,-876,0,1 # liftF r=8
57378637,-56520473,-610405939,1994815147,-1484281055,-2949909793,6453475070,-1915246204,-6233509325,6579207358,885666365,-4972644973,2012484434,1515810440,-1312278931,-43774475,356661288,-50864479,-36383048,7152578,25014,-269912,-948,0,1 # liftF r=10
-25688939,0,0,153384339,0,0,-356075426,0,0,406657773,0,0,-237043095,0,0,65312945,0,0,-6461278,0,0,-78023,0,0,1 # liftF r=8
-156367,-2044541,197789,40245739,27551873,-39646468,1878350,23851382,-28440900,-59721373,14056141,59740604,-45261775,-7980450,45349998,-14818593,-14327853,6621711,1197521,-790642,29388,15790,-668,0,1 # liftF r=14
-58383883769,-247885057635,-231770781675,175594482824,447893113994,168972996389,-210308099483,-233203112173,-19494172498,91330525982,49917938449,-11626659288,-16121672612,-3448820510,2849943097,1103953922,-195284375,-127219897,-18203331,15377989,29388,-330084,-668,0,1 # liftF r=12
5826307,-263886630,3133523545,-9603405768,-10526830746,10724735360,16474380426,3195636023,-11716977134,-8903728743,1914940131,4670819023,1640980688,-928698769,-822707920,-43767576,131542720,47747393,-7112013,-5845914,29388,125925,-668,0,1 # liftF r=16
-56522621,72957577,63922001,-483671674,279977084,381528104,-1241674814,265812223,564250890,-1411428139,57967800,229727487,-870550145,-26180689,18820769,-213989589,8644966,-337855,-10134590,133884,-432,148441,-1140,0,1 # liftF r=8
-15645733471,37191742333,-12856489411,-52677979322,91216552877,-32927732446,-55769757099,81775616426,-26392164336,-26527419786,31552439201,-6504885117,-7441284118,5458608812,-73822147,-1043079234,290227425,87339115,-44518442,-10585237,29388,229160,-668,0,1 # liftF r=10
-31292819,-309585553,-380562091,1334210653,2825980098,1153911060,-3763098883,-8203750426,-3233810739,4299624376,6096779578,2082100123,-3530692266,-2010129092,790025427,581973868,32678150,-124889164,-18408647,15146411,29388,-325156,-668,0,1 # liftF r=16
570197,282633619,312064801,-935157471,772839907,1497557387,-3096843437,2698864053,1293650665,-3574979334,3005992754,210181319,-1665660889,1531478949,86416924,-394166233,261331251,656438,-63736146,866524,150,-231166,-44,0,1 # liftF r=10
7086551,63753752,165496620,230046066,207118594,103216409,-91141393,-324011986,-308281521,-237990625,-124072078,37824997,92850962,163597630,14513133,65365461,-20864138,-3426823,-15300702,-1598746,7572,115195,-540,0,1 # liftF r=8
-7920673,-13756873,99993852,108089256,-223426495,491013591,168633099,-1011798036,2038054009,-1583691036,594792652,824181067,-1052612597,645223708,61739377,-248501797,173538056,685449,-42833109,937602,150,-248782,-44,0,1 # liftF r=10
44038363,-254452849,257170421,389342015,-1085304620,77661639,1589028280,-1223534199,-1275225644,1829643083,140972863,-1480196091,448681460,594904784,-373254724,-125768566,123980956,20446603,-14520506,-2879541,25014,111169,-948,0,1 # liftF r=10
-27913,-524558,3888906,-1101430,-4058465,-14337573,-92896022,-111705914,-260242162,-366129257,-363121803,-583340287,-367757780,-451561181,-324558524,-140219018,-192236225,-1857003,-46663815,74785,318,223772,-804,0,1 # liftF r=8
301904,-111256,-1514604,-5663758,11851545,8552580,-52115724,44818444,138751291,15832411,-80778857,95028282,153463590,-130127372,-180032879,-3003049,106455651,3628357,-13557486,-1358093,12196,146179,-1220,0,1 # liftF r=10
-90919603,234944280,-173098719,-636011304,1514741628,-879229504,-1732716287,3338546616,-1286885705,-2319631122,2899172534,-370043646,-1523793499,892646018,154660749,-380263672,29021102,29836364,-28440934,-8383356,17640,276030,-604,0,1 # liftF r=8
22954487,78241248,74843313,-68114394,-120754072,33409773,54028573,-125064787,-115504088,80122228,-4400244,-42904033,75870145,47537848,25152279,-15788355,5380020,-310512,-15334337,177765,-432,139883,-1140,0,1 # liftF r=8
-596607827,-470229849,24579107,2159707626,1081102306,-235063229,-2947724718,-804522821,288865171,1924258896,227793848,-101121106,-652908346,-24649201,12676574,111294151,409543,-216046,-7979848,126994,-432,103455,-1140,0,1 # liftF r=8
-51239,1177470,-9802006,37417425,-66538951,53363285,-42494250,51281515,33821237,-69519165,900838,-45285020,38144708,36282336,-3893174,-4739926,-14053369,116936,3352156,187700,150,-48700,-44,0,1 # liftF r=14
2248487,68364887,33033421,-247216108,-44381678,265503616,65073590,-59389284,-165631722,6416078,80866832,25213980,-7854283,-26623937,-130955,3658567,3079112,-79567,-622971,-107097,150,28446,-44,0,1 # liftF r=12
172234991,-335578545,-18484052,645556803,-737117885,-69960226,770295127,-664025133,-54452790,447901939,-311003631,-20836286,143749760,-79229240,-4374817,26912598,-10117853,-338435,2849091,-491842,150,129311,-44,0,1 # liftF r=10
-53339303,538289850,2348551304,1824331917,-2169857180,-1866967060,2823493703,47483763,-4654604783,970723797,2446666066,-2012515027,-225413322,1171088085,-234038847,-154475000,139708074,-892444,-18058979,667361,12196,-90299,-1220,0,1 # liftF r=12
-53494704883,38426063141,-11587343381,-86200807659,53116188235,-13054694843,-57298814035,28812729549,-5445593896,-19927692670,7645082462,-1008272756,-3781989655,995551848,-75077750,-367416423,53464850,-1194799,-14503514,525573,210,-79937,-36,0,1 # liftF r=8
-1468976087,-15590615419,-16183697012,-24347585258,-50176303900,-23373137927,-38462442782,-47260033863,-8446439973,-27145197241,-16976634922,-1456351075,-8490845516,-2634812744,-161457606,-1122330564,-169576625,-6646501,-44688094,-3234059,7572,230356,-540,0,1 # liftF r=8
637669,-23435646,21340239,10991344,44057163,-92385434,-12736632,96530023,55127866,-70448355,-133882246,86973030,94756062,-42995151,-85927304,-8490015,65739661,15472963,-16340543,-4378371,17640,145211,-604,0,1 # liftF r=10
3052519,-3995468,-144765891,253267189,-673324672,1277757602,-1444414919,2367443123,-2428749256,2135001071,-2681344405,1594626306,-1289102028,1222617361,-324052970,371685773,-185468184,2294943,-43292169,-32443,318,-253516,-804,0,1 # liftF r=8
-16889025497,1243636046,10769770765,40981721252,3568427735,-16694149982,-42346063260,-9125061729,8117575585,21245753773,5729825685,-1422328291,-5438725425,-1385754512,63094502,710447304,128414512,3453470,-40839849,-2259226,190,238720,-28,0,1 # liftF r=8
743154064,-666578272,234939680,2053009494,-1654490187,500443744,2316619892,-1624556493,407342298,1364649872,-795583004,156642937,442502792,-199298165,27926864,75190433,-22716558,1804358,5405194,-742539,11826,47076,-876,0,1 # liftF r=8
-165239,5051094,35900775,89257286,183985331,416330457,584293844,803691527,1222578141,951771385,1225353289,1091118628,252869488,936033901,-331718277,316571028,-191517263,2682157,-44899865,-10255,318,-283528,-804,0,1 # liftF r=8
-780030721,-7312118333,-16656229864,-13026172296,13748986833,35597666031,21366512014,-15902501667,-29420122690,-10296617610,10769811428,10785647533,1107747673,-3381082288,-1589988121,251422141,397118759,56412251,-37143145,-7938618,25014,298736,-948,0,1 # liftF r=10
9007483,-4702916,-26747347,-40430061,21824169,96145132,118593753,4700880,-119738075,-158939403,-64374190,36705960,75262324,35974515,-2571449,-15645836,-6488650,44902,1676032,85129,150,-21596,-44,0,1 # liftF r=8
-728568353,-626074571,-190480111,3230165150,2334463852,538133105,-5474675775,-3141225105,-480581520,4495837644,1874951559,132330838,-1880075547,-482908193,12763217,373648990,32457226,-7285808,-25673116,3273594,11826,-245790,-876,0,1 # liftF r=8
54405643,2653867289,10228985431,12888474731,805231585,-7445422297,407325089,367367127,-8119584894,-2014366891,4349813234,-742789314,-928626581,1710825374,95230639,-430638919,149336327,-3282644,-53950130,2147599,190,-227012,-28,0,1 # liftF r=10
70257769,-204352489,152772962,637752364,-1152683618,214555857,2032789082,-1537437146,-408367542,2085332306,-377781852,-136943358,891212823,-11355422,-13724290,156216047,-506587,-357330,9996785,8326,-432,185273,-1140,0,1 # liftF r=8
148051639,57737528,-264637067,-487985955,-225830323,703136146,697943005,445683993,-726868224,-536447203,-430143804,355296224,224308724,201050272,-78698627,-49234912,-41513133,5620705,5102620,2732605,7572,-187923,-540,0,1 # liftF r=10
941172053,-120706607,-1392793581,731826378,3167042638,41607427,-3522134532,-417971332,3234658405,1048208741,-2376722054,-1299949545,921839094,767376652,-220136863,-264248917,59312633,60797548,-9090196,-8492278,25014,316070,-948,0,1 # liftF r=8
845683,-760646,-917127,7999408,-3717143,-10375238,16556108,3521792,-27049242,-9161186,25599465,-5628258,-27127955,11566612,21137784,-502,-13091604,2091594,1760350,-631664,12196,59176,-1220,0,1 # liftF r=10
-485244703,-2343763635,-3075962581,286827538,1278737172,-2337087444,-172603378,3026920930,-995691142,-1209708400,1633655816,-149827662,-646060477,448503077,17256025,-132780749,42333650,-789407,-9303809,-1124999,150,296644,-44,0,1 # liftF r=10
84353,596203,-17844244,75285720,-63295076,-105967531,166645658,-31563101,-124653431,115118359,14295962,-63695293,30115176,12364860,-15438770,1616610,2723789,-1370579,-303434,194749,29388,-4362,-668,0,1 # liftF r=18
-24649,379783,-606861,-364640,-2433116,-5008440,-3210193,-6625203,-2230566,-109479,-211170,5914040,3511550,4802886,4130850,2025825,2049140,383570,418140,23150,318,-28868,-804,0,1 # liftF r=8
68280227,62472743,-274856330,-666459853,-634540517,709575039,2313070520,2411421406,756557022,-776289108,-822397696,112025426,263880306,-202101537,-175430785,110235604,67177844,-28880785,-8147217,3509636,29388,-76473,-668,0,1 # liftF r=10
-326616989,1490558489,-2609951390,2161474826,-856952236,122430575,772312347,-1831569245,1330739966,-70062350,-294363060,195635858,-392187065,209937133,74157076,-130644055,14297820,4302102,-12800021,-2810685,190,296762,-28,0,1 # liftF r=8
-724700107,6451253256,-13318985753,9610285768,10193391059,-24509185068,14573728631,9556416413,-18444184598,7241028625,5808465486,-6707986781,1166349567,1857167090,-1094260101,-61600708,248168591,-55188058,-20885289,7754835,25014,-290162,-948,0,1 # liftF r=10
-82113553,-113071148,48671731,-101645414,181284345,496139305,222953776,710192561,38195973,34470101,-126417859,-706548594,-223713594,-584025395,-158564699,-191512038,-80810087,-3498855,-15781965,-94571,318,325244,-804,0,1 # liftF r=8
2671583,-2752906,-60942572,-49903101,-58199028,-382880210,19674946,-610624971,-437092579,-224095552,-926448892,-205699733,-482044111,-521820320,-90764806,-250107297,-95940683,-9876195,-24918284,-4713399,7572,328480,-540,0,1 # liftF r=8
8066857,0,0,-205188844,0,0,818204951,0,0,39165280,0,0,-629771307,0,0,-274204492,0,0,-29163823,0,0,240686,0,0,1 # liftF r=8
10374047,-39704789,-74364370,200985161,131237705,-317035764,-41950423,175601746,-137307845,-50803518,105199248,3241496,-11889478,13225656,2854352,-2138239,-3309425,-336047,482840,-484686,150,127615,-44,0,1 # liftF r=12
534165941,-761947488,-1349099560,-211919265,2708172745,1524390262,-795091611,-2546505634,-619009130,723306545,1163990087,57773292,-260512115,-258290427,7041717,53441269,19534689,218022,-4812534,296474,150,-78737,-44,0,1 # liftF r=10
12749287,55721469,77995637,-16815847,-123401950,-79814639,911647,-40354070,-41700419,76278801,49600891,2876988,17418547,12946870,8837972,-18589706,1618501,266884,-5621306,-98376,-432,-131377,-1140,0,1 # liftF r=8
-4430700037,-4988016402,-1971176067,23275521835,24605724906,8606895168,-35721431540,-34462770839,-10168943420,23457145355,19364291159,4323008286,-7140289748,-4364321799,-518175306,972097093,313245861,-7236301,-39020987,2627789,12196,-278184,-1220,0,1 # liftF r=8
6102608,-47905640,99336656,-16967108,-159700867,143424576,-7848545,110068463,-91428216,-190969565,88176523,-4928506,120077916,-5441265,-8638448,1697326,-19455089,-4251042,-11000698,-2007896,7572,141537,-540,0,1 # liftF r=10
-99933872,-412610000,-630896820,-404571960,-117390953,-121831409,23838630,324820972,200807590,-72070736,-3241106,66419271,-56557436,-48492658,32834145,11117896,-16497602,2659604,3249872,-1737071,190,183351,-28,0,1 # liftF r=8
166363,3821772,12215067,-48950065,-79933668,-261656573,-175313610,-290861258,153680002,50864216,478991556,121503046,245894425,-105453925,-20616970,-97194568,-40671214,-3589262,-15258384,-1719001,7572,123181,-540,0,1 # liftF r=8
-66769811,-75336373,66276764,-178626021,91136146,267132838,-114600891,428581201,-19321052,99219563,81059926,-163612106,48315945,-100030523,-34944365,-16269927,-28289568,3580940,-8332419,110825,318,-321078,-804,0,1 # liftF r=8
111814711,521681047,780045972,24350473,-677131145,194012893,474086289,-996764278,-830633789,607511181,16494924,-591553701,204405878,268173964,-118032871,-4316659,66065491,-2630349,-8151887,1006537,12196,-109045,-1220,0,1 # liftF r=10
-7881546119,10948488256,-5985451212,-22545829223,26638791957,-11205154747,-26877447768,24533599979,-7350478209,-16512535171,10587583766,-1982299900,-5363685076,2119480304,-171822530,-851713454,149360525,4263060,-48969326,-1865914,210,281910,-36,0,1 # liftF r=8
391028153,-812226104,80144313,2974718723,-1480161486,-1410623003,4094201258,2755893377,-2219210381,-1082603584,3411172650,-828317578,-1848960346,974549010,-58024001,-443695216,58250273,4915195,-21670096,-2149936,210,324300,-36,0,1 # liftF r=8
585161387,1298617691,1045021052,-1440245605,-3424251026,-2350863437,1582868020,3531706180,1942672583,-1024633025,-1775776392,-716765542,389751754,436446224,113065053,-74306343,-45552102,-6109886,5013618,1642228,17640,-51948,-604,0,1 # liftF r=8
-954627859,-1941157468,-1592532378,-3712367008,-5268532266,-3327592790,-5038965551,-5507567758,-2548953290,-3319388972,-2822720182,-841398211,-1186477532,-722012143,-93182756,-235716555,-74983512,3432315,-23040125,72514,318,-318244,-804,0,1 # liftF r=8
-536312176,-1035973120,-531254364,2202025620,3646582775,1475702971,-3785432694,-4936631470,-1503898127,3429828425,3223001155,683520905,-1703241004,-1031156859,-129156158,436536593,136982518,6017361,-45486569,-2806318,11826,218116,-876,0,1 # liftF r=8
-2912097653,-1452086063,313226792,8355690527,2527892491,-891880783,-8920173535,-1403977145,634344029,4516909140,313796249,-130201536,-1138428426,-43500762,6188826,122804500,6013888,397084,-2309625,-85873,-432,-191027,-1140,0,1 # liftF r=8
-8759592976,8321147784,1100120204,-32723010394,15954263439,5684476131,-41488712491,8734089253,4076994462,-24422682215,2021112266,1074023378,-7316123703,231417894,102121788,-1075477008,13730543,529663,-62325459,-399161,-432,-226400,-1140,0,1 # liftF r=8
66664139,-357070947,692921425,-138436986,-1570286734,2343392669,-211265878,-2662935005,2606403197,161461208,-2008929628,1267036486,271577282,-702250149,271861210,100994691,-106141959,20224512,11042622,-5653094,17640,183809,-604,0,1 # liftF r=10
-795923,816646,41412,-9382504,5446341,2976836,-36202197,4922911,15629733,-49101644,-17663111,22948946,-18935371,-28334308,11411782,6332908,-11453085,1429530,4067646,-627334,11826,39372,-876,0,1 # liftF r=8
19533001,-55749476,2802800,-68922356,290254111,3896952,219140146,-579267343,-120230831,-448420910,417410773,123381449,366162092,-42500082,-21430894,-66610810,-35395888,-4405637,-12913527,-2101904,7572,148357,-540,0,1 # liftF r=8
-991198667,-973893107,1841416953,5625437542,2758182248,-4457627667,-9390645831,-4322066595,3596612458,7566095816,3280383683,-1152651392,-3069590333,-1180224149,133189929,630764838,164173984,3644445,-59314320,-2383911,190,251956,-28,0,1 # liftF r=8
-142122310199,-399599596220,-282064841403,266326812729,664983035858,388900384408,-174096067016,-409851676025,-197402415034,58264350035,118060871291,42847594610,-12049495098,-16630005137,-3429010040,1394500047,976155779,24391883,-64405069,-4276739,26344,226396,-1300,0,1 # liftF r=10
-27149,-280738,32470102,151270930,-137372206,-346069068,9212895,303543806,266883186,-72630120,-240615914,-83245209,55363616,69639497,14292616,-15409327,-8595276,-535551,1317751,347752,190,-36652,-28,0,1 # liftF r=14
6751753,4621203,-56253606,84633907,-14344989,-118924731,179849294,-92264235,-80553612,161110975,-97171097,-17626007,63093527,-38809189,-1511204,12037648,-5256428,43438,1222687,79991,150,-20424,-44,0,1 # liftF r=10
365669,-2747432,5680853,-4982990,3830190,3417472,-3337145,10906925,-744296,4011715,6107099,738486,4645024,1294567,590424,769985,215012,35608,-274632,-32814,-432,-10992,-1140,0,1 # liftF r=10
-1400257,0,0,17450422,0,0,107399322,0,0,-72300474,0,0,-171588880,0,0,171804082,0,0,-40751562,0,0,-272558,0,0,1 # liftF r=8
-340926569,-674155760,-499283375,1255637108,2582542946,1756513978,-1796459043,-3752475187,-2245721706,1360209427,2668479697,1315080066,-615081970,-973895781,-351446956,163753667,167844656,33681596,-20085056,-9561852,17640,313898,-604,0,1 # liftF r=10
127895149,632911936,-6542172,-625484577,174541134,1297757290,-8906560,-1350913657,-251299421,1012796765,221531367,-747522453,-198067392,352598480,142215082,-125226751,-36185016,36490790,1065458,-5079435,25014,188259,-948,0,1 # liftF r=10
-113107408,0,0,613866400,0,0,-1343878944,0,0,1512443546,0,0,-918474557,0,0,283530477,0,0,-34062720,0,0,-220542,0,0,1 # liftF r=8
311728,0,0,3885000,0,0,16763244,0,0,28464850,0,0,14367711,0,0,661648,0,0,-1056834,0,0,-181421,0,0,1 # liftF r=8
-162027373,716480475,-1288626032,1353427238,-1102079360,811316122,-254939470,-367408818,465780924,-252453848,162159900,-104684761,-41182252,75329374,-17333293,-1904116,-7665047,641401,3490987,-418901,190,44128,-28,0,1 # liftF r=8
73352432,0,0,354587064,0,0,-304694788,0,0,-505697418,0,0,183896879,0,0,145964814,0,0,-38535799,0,0,267832,0,0,1 # liftF r=8
-1016420921,-4711388921,-7075063121,2156324844,18024526174,16930652271,-5898346923,-22550546743,-13759550129,6600643050,12664270351,4659156855,-3108998117,-3316774243,-573296125,625839740,335355886,4622444,-43735491,-1886989,12196,212372,-1220,0,1 # liftF r=8
6448951,-84249562,-125988091,2330931011,-474842091,-2791805937,-3633680611,621727791,5311929738,2396298679,-1335039438,-2236924406,-552487658,820657652,101760205,-256213805,61630817,75352859,-10482446,-9146077,29388,196575,-668,0,1 # liftF r=16
-2490874307,-6447786030,-5050941558,5159657729,14079885424,8636818503,-5309179256,-12224985234,-5473564024,3201757030,5255832783,1515589918,-1088583494,-1110968659,-149664124,185268317,89474927,-1732414,-11331790,786854,12196,-92849,-1220,0,1 # liftF r=10
389218384,468177944,-809810596,-2973210366,-3945090895,-790579090,4640731901,7401779664,6482405590,4373773445,2931621562,1477057498,-698316339,-1777279192,-776800790,268374889,227965659,-17395999,-14711407,2873703,26344,-146451,-1300,0,1 # liftF r=10
78960919,-19474276,-654549932,-912314484,747440311,2365010308,1158104182,-2105690081,-2336118425,-194184202,1674714913,963500517,-227629486,-537793652,-174213962,93636252,71151262,11097155,-9555411,-3191768,17640,106007,-604,0,1 # liftF r=10
-4951157759,77695987565,-322107233163,321455967068,305754721041,-516337340454,142941382291,229166092254,-242008632858,9199280262,78163901895,-44350624883,-4075464440,12794424544,-2916916621,-830526388,808607381,-24112705,-52579812,4166793,26344,-218320,-1300,0,1 # liftF r=14
10786398256,19986322360,7890882304,-26560621420,-34416686531,-7462326786,23912736720,21341531545,2603290473,-10126275339,-6438650022,-424262983,2285326996,962923334,45035256,-273944256,-65085143,-2610280,14186200,1702906,190,-179657,-28,0,1 # liftF r=8
141518473,-397987672,397229236,229701548,-934186594,794523767,141054351,-727551910,436726815,68584095,-117794502,-45639359,14347740,112962670,-94437601,-16689125,51901680,-17977791,-7257318,5102470,17640,-167663,-604,0,1 # liftF r=10
24112393,591112238,3433068661,6154309214,4128169898,6585068070,11950652847,3224382457,-433070552,6680070183,-701634517,-5220375686,1285180360,29283031,-1914407740,256168479,544823208,-33742340,-35048678,5458890,26344,-274378,-1300,0,1 # liftF r=14
3239524591,8412905426,7648972901,7051659706,5796528191,1071402155,-1873427620,-4657440180,-2120184779,-2539110439,-1087111810,408085505,285934540,708151256,-86036039,330275875,-100429900,7283642,-35728474,3477849,7572,-245522,-540,0,1 # liftF r=8
391577,-3203766,-15089460,-30807004,-39422386,20383587,157021068,234614061,111500081,-170560081,-338902909,-230682907,1289394,115255415,73911989,-1461873,-18994165,-4390635,1081430,600183,26344,-26340,-1300,0,1 # liftF r=12
-720337091,-1456770,202994532,-1709801740,43793994,305035526,-1646559338,94194164,160432619,-811313223,66303606,32714862,-209686743,20041657,922009,-24174837,2455408,-317077,-62285,59708,-432,157039,-1140,0,1 # liftF r=8
1550179,26470955,168214354,509307777,834955238,1135027627,1864706642,1714859224,458346961,963718287,345537144,-1389391946,-176598842,505289368,-468929347,-279488075,219107194,101660408,-23773546,-12358286,29388,265846,-668,0,1 # liftF r=14
135557047,-83441466,-2379533599,-4229588679,-157396772,7161938974,7863841088,-11166991,-7063801432,-5568698291,475157166,3262970674,1683340424,-372249318,-753631376,-180036596,99679395,69233208,-1409065,-8449160,29388,181089,-668,0,1 # liftF r=12
234034819,78615838,-8248220,-571401778,-46302746,51662023,39676921,-188271929,-17428794,425605929,44278611,-44094737,-2662731,83057864,-641215,-73285413,7866743,4136033,-7373415,-1856598,11826,139005,-876,0,1 # liftF r=8
-884579,0,0,-9205609,0,0,58941553,0,0,-112352200,0,0,93328903,0,0,-33826200,0,0,3912164,0,0,40168,0,0,1 # liftF r=8
36246073,100612300,-624475566,820285419,218160271,-4101305771,10546467099,-14363409168,13394159327,-8917794491,3360899066,-1272853597,-532312734,3854134699,-2536466366,-699364797,739217313,30760033,-47806040,-5092626,26344,259984,-1300,0,1 # liftF r=12
-3598073663,2444467480,2226275234,-9625634951,5262297350,3265563148,-9955281897,4978539505,1631005470,-5060591050,2338142200,296633877,-1328405037,519653204,18343185,-182595304,46339503,300796,-11924658,402675,150,-107237,-44,0,1 # liftF r=8
-41309,-245644,954009,2732363,-8982137,307040,22540993,-32925953,16024403,24283251,-49211579,24562754,14052303,-27794856,18404570,6418505,-10433377,2709376,980737,-1769794,190,186821,-28,0,1 # liftF r=12
-1054149584,485409968,1069792224,3071100998,-744889797,-2508175981,-4453682776,-192962632,1954757720,3317583215,851267182,-423688978,-1069127196,-323271091,17388104,160615576,37828644,-281353,-10200820,-378460,150,100749,-44,0,1 # liftF r=8
8705869,68610440,218812399,376308584,416214882,371772405,267082963,26983995,-189168676,-183639095,-129627520,-123382021,-26338330,61996074,27647573,5157930,18850955,1133533,-7791551,-741280,190,78375,-28,0,1 # liftF r=10
-724573,0,0,-12748121,0,0,-68168170,0,0,-143509160,0,0,-121104785,0,0,-42824348,0,0,-4988044,0,0,108741,0,0,1 # liftF r=8
-31532009,-138433966,-101581012,208128040,436756046,121360984,-360704806,-452017404,-57202140,265946331,245015103,4644008,-101518986,-74510176,2959762,22809377,11529066,-481783,-3032413,-688047,150,181397,-44,0,1 # liftF r=10
-6231381281,0,0,13143510045,0,0,-11425504002,0,0,5234675651,0,0,-1329660057,0,0,175956473,0,0,-9011952,0,0,-87391,0,0,1 # liftF r=8
-2345725007,-1185166563,2635124054,5736767628,-284927096,-4844109486,-4083641693,1910024570,2959269521,1167676692,-1251704100,-824026889,-97332450,355515712,96480452,-14627276,-46425433,-2872203,3718246,1874200,190,-197811,-28,0,1 # liftF r=8
-699808688,1488555888,-1076024680,-3481269406,7270138741,-4645884482,-5359936621,10248443857,-5128456694,-4369819266,6418379243,-2294336593,-1989236202,1924618666,-433651156,-466844967,247006083,-26488413,-44335988,7539166,17640,-249768,-604,0,1 # liftF r=8
136001,0,0,2349425,0,0,14299408,0,0,36853965,0,0,38177429,0,0,16906913,0,0,2933820,0,0,154215,0,0,1 # liftF r=8
-46971664,-10654352,74404192,-1274807622,-2726936377,-2153448713,5157986938,9331646959,5348810549,-4503284107,-6401389733,-2153608443,1639812690,993341697,-32010393,-83183930,133223371,35298489,-36926370,-9969408,17640,328086,-604,0,1 # liftF r=8
2544389,6621648,356852,16636078,62940751,27685267,-2169411,86207230,88594672,-53164572,-106403030,18805622,34512035,-64840088,-41186955,38856341,40580176,-9214639,-11759725,2599920,17640,-87425,-604,0,1 # liftF r=10
-8763467,0,0,122867998,0,0,-561644567,0,0,967377246,0,0,-759810129,0,0,276869926,0,0,-37481019,0,0,-244602,0,0,1 # liftF r=8
2885173,-257024,-3287484,-28191215,14037074,25804955,41219047,-41871143,-27919777,21248276,12311619,-22622143,-22690213,24306733,11103043,-2325074,-7641161,1375217,1045292,-400819,12196,36280,-1220,0,1 # liftF r=10
20569,-507222,-412128,5023233,-4922179,-19009142,43592141,10799317,-123121970,99639892,136456573,-256796983,17927866,260698945,-161117558,-104242074,129339996,3773085,-39729943,-1651928,210,249606,-36,0,1 # liftF r=12
-409209347,-1275895693,-1538573530,-736752187,681277639,1287244618,1337065505,924778803,159589996,-505018909,-820645665,-324928011,-137216130,145286904,53204000,152736281,15003408,635820,-31705295,-233639,-432,-303946,-1140,0,1 # liftF r=8
10830971,-14123365,-239148304,626316766,105262761,-2466032079,7587894689,-12397848538,10655467609,-6997995074,851924481,1988950713,846079455,2018209140,-3118771328,-474099850,909732614,25725822,-59372474,-4433207,26344,232244,-1300,0,1 # liftF r=14
971339879,1123435044,-2173397847,3673947919,4792967416,-6550597476,4854889848,7967444605,-7309947592,2487002721,6430391021,-3590077124,127179908,2518922165,-667051886,-252221281,387731553,-6856009,-49275493,2573345,12196,-277264,-1220,0,1 # liftF r=10
1649339,-6926510,-24962671,-1785615,51261769,56540364,8384084,-41311683,-56115535,-34261077,-6415049,13139247,22008081,19832784,-1958618,-4994375,-6306034,-29710,1527743,-68158,150,16986,-44,0,1 # liftF r=10
355247401,327352946,-119424765,-1407798787,75310491,1090182172,944556726,-2107292835,-1539102951,1062175485,2039741703,692769875,-930790897,-656403344,-110612136,232252483,76143802,4379426,-19958117,-1916632,210,289156,-36,0,1 # liftF r=8
90949,-125637071,1174697797,-2987636230,806885467,629237709,4220635552,-233476069,-4180822853,-2323823102,815215928,2715421631,705440122,-840460490,-554807657,6072803,148125336,31785753,-13282928,-3897068,29388,85397,-668,0,1 # liftF r=14
-1840624,-12104,9071744,-1762084,-32056237,-5602707,61276398,14837379,-98077572,-44571229,99647420,61719452,-70734440,-51062152,37593483,30484264,-10919136,-10554348,912890,1466063,25014,-53720,-948,0,1 # liftF r=10
231570023,-342111665,-110328881,975911925,-855811976,-292023106,1326140027,-890847362,-216599546,866855705,-481627240,-65741130,298186541,-133235104,-6293545,55838249,-15522001,607389,4948549,-395044,190,41550,-28,0,1 # liftF r=8
1565497,-303890,-4391468,-33352072,26334760,75477380,-106317206,-24046258,335247941,193266824,-340235112,36926312,536640189,-156318180,-617493209,-70374382,365985446,7175750,-46706922,-2649224,12196,283270,-1220,0,1 # liftF r=10
137939,717874,-2530427,-1228257,10034684,-711958,-11261332,-927541,176853,3836973,728601,250410,5198871,214133,-1893935,-3301017,-1216169,695607,696575,356842,7572,-23646,-540,0,1 # liftF r=12
-40341527,270523380,-544555543,179186681,1080799310,-1635995680,93186316,1930253253,-1539471787,-605003446,1453747740,-362706509,-593669859,377986092,99308413,-145795043,1950510,30154753,-3462808,-4194614,25014,156349,-948,0,1 # liftF r=10
-648389351,-1968232325,-1709497451,-3420498691,-5613311243,-3137921793,-4890281922,-5328066978,-1774014975,-3025793083,-2101389310,-357715941,-898845101,-352793106,-16135168,-128375206,-20300889,1023176,-7571880,-16570,318,-103111,-804,0,1 # liftF r=8
556631,5402073,9360132,3916562,16294211,47208014,23291224,-19168367,39553748,62460261,-68202709,-82908065,53087559,11138230,-89835712,950759,54201982,2755173,-7074611,-1016396,12196,108851,-1220,0,1 # liftF r=10
3451271,64449325,-279472374,-1559887000,2261445862,1981586678,-784939344,-2343552714,-1959453538,1537308784,1714655057,360457309,-578473569,-629635908,20418329,138972701,71061034,-390020,-17240325,-525941,150,139839,-44,0,1 # liftF r=14
95870513,108346554,-5394129,-419143084,-259175237,74304296,631693413,183488894,-77689747,-438303326,-49826959,23097442,154369755,7004620,-2508388,-26013132,-1035362,56190,1758107,53446,-432,-30826,-1140,0,1 # liftF r=8
-52772387,375529814,545623626,672432609,1571486205,1296372109,1445403674,1913525671,1030104425,1090479389,996883266,338321440,384520684,234266862,41538930,64647034,20509175,840568,4009574,96130,318,-40216,-804,0,1 # liftF r=8
-1353097,-144674,3514298,-2400391,-9773885,3327437,11377914,-8194793,-17598661,8745467,22853566,-7396128,-17278098,8585858,15704804,-3305710,-12332327,-610486,3708282,265890,210,-39708,-36,0,1 # liftF r=8
5509376,-29459456,-70995456,16751200,158462816,207624816,-32411088,-271753842,-252443331,19213144,186915234,136783254,-13702039,-59146388,-24938540,6695442,8989722,-421946,-754298,-68644,26344,7912,-1300,0,1 # liftF r=14
209194927,-1383407719,2909409050,-888217777,-5494352234,7928478270,129471571,-9163835124,6108560527,3588821273,-5776284236,265384938,2617772813,-694648117,-786289699,310221662,218845087,-57356600,-25568687,8028849,25014,-300758,-948,0,1 # liftF r=12
-30333473,73560839,289803646,-1113088486,724522687,1491812030,-3172724539,2642078979,475844853,-3601692628,2685106226,77040480,-1493817578,1254063413,59043205,-430101343,115438367,-3081656,-39445502,2016046,190,-213062,-28,0,1 # liftF r=12
822544,-1125440,204184,11784806,-4970747,-4902688,16307546,43452925,-9206705,-154382795,28706454,50769837,5760420,-136821666,-17854082,137905992,28777215,-3508032,-14951636,1579556,11826,-123007,-876,0,1 # liftF r=8
-1010224,3427584,87828168,223998242,397281909,518752174,479587015,278660056,32431346,-127424980,-197775877,-127683085,-45988489,8893976,12660979,26666304,10337430,-1499634,-5124155,980014,190,-103515,-28,0,1 # liftF r=8
890025923,-3464799004,3916537118,1311161460,-8156722046,6348882384,2009767526,-6416912098,2637893704,1533203946,-1311404459,-193508990,252069622,471819020,-275613629,-134152350,184460238,-32500490,-38175223,9204562,17640,-303312,-604,0,1 # liftF r=10
-11642857,16048905,8354929,-228008222,-113554820,72640908,322246195,-400894749,33718512,853648549,-251358263,-70265483,435871743,28031533,-55166477,24815568,43470439,-9335010,-17043522,4253512,11826,-314314,-876,0,1 # liftF r=8
-105473677,36146059,50628285,-70875388,-243563342,136456749,357540584,-321213991,-171496482,334486445,313255250,-323864286,-191065392,398389738,-59896559,-192568580,52226431,4928913,-17827777,-2156066,210,325180,-36,0,1 # liftF r=8
-45244037,147406000,184173874,-1050460115,719255737,519396502,143467897,-598670275,-853577294,498114055,513056499,203761749,-216606232,-263594218,11161980,58342882,40369712,-282922,-9793371,-379388,150,100959,-44,0,1 # liftF r=14
-713483779,0,0,3771853145,0,0,-6936450735,0,0,5544239732,0,0,-2133727741,0,0,382337420,0,0,-23830850,0,0,-270722,0,0,1 # liftF r=8
12161119,-2131670,-62933442,-113030033,56612954,327676008,309027883,-255067423,-626173804,-325513649,445869512,518529092,100504511,-337210828,-157554355,26588645,93199685,1453137,-11895876,-727961,12196,88479,-1220,0,1 # liftF r=10
-228337507,2408417997,-5829840062,4996060776,-552522169,-504022333,-379926709,-2076869560,2933467887,50761417,-898272454,-385025038,1863483,563915141,37832751,-137710414,-51562203,-2624083,12961796,1712672,190,-180703,-28,0,1 # liftF r=10
-16613591,0,0,344359152,0,0,-351013836,0,0,-1658352718,0,0,-1283696902,0,0,-323761944,0,0,-20016511,0,0,305802,0,0,1 # liftF r=8
-12271859,22207783,-14705413,-11998521,21838301,-9198660,24273648,-50476000,38302550,41681701,-84601895,48036986,24467329,-42809738,17468140,7598513,-8535801,1976737,1024031,-512450,17640,15494,-604,0,1 # liftF r=8
1238093,1074026,-25685844,-17928217,79349676,57275516,99638462,-94722657,-102730268,-324540404,-177389204,23970017,-50806938,401848210,-74941706,234354418,-84072159,8131457,-22949024,3886540,7572,-271626,-540,0,1 # liftF r=10
-58955983,9756674,333900859,195432425,-287948312,-1323611398,-601208876,1061542747,1841842680,470595037,-948773901,-1127944764,-59100268,364539891,219767818,-30164783,-71688811,8278167,4765673,-1116509,26344,48110,-1300,0,1 # liftF r=12
-282270041,-2158603,204684978,297208269,-955753347,-710217365,1006335066,1772772445,552059127,-1441344845,-946441118,-78478122,596949956,116685389,-26767728,-61350089,19311255,2992046,-6246410,-1308880,210,197401,-36,0,1 # liftF r=8
457625141,-1110219840,859455488,-467059536,1145751598,-1383403650,-115686762,1193329002,-436109319,-180556641,-386446350,542104170,88290809,-355863457,85632633,66635059,1904474,-15057779,-6592539,4227216,17640,-139097,-604,0,1 # liftF r=8
-21035592089,-28418602376,-15949374301,-48047820912,-48981714127,-21581107742,-40454327082,-31938593363,-10559614297,-16512400205,-9873318397,-2244550025,-3484223115,-1446055336,-187188422,-354989986,-79923676,-3133104,-11381623,-90082,318,294806,-804,0,1 # liftF r=8
345614608,-503969248,241434652,1316160208,-1396434735,409819199,1921850291,-1270973824,124094575,1254847703,-363027219,-84196777,318250637,48137296,-41893143,-1988769,29079038,-2907427,-8261329,1272209,210,-191921,-36,0,1 # liftF r=8
73678747,209136725,-124167757,-838812938,-1227590490,1190736007,2881560105,1011384835,-3033770787,-2976930834,1020840947,2312709617,999857453,-1271649725,-530975999,20661560,320247866,-4740674,-42015199,1899969,12196,-212656,-1220,0,1 # liftF r=10
-13979906819,31923298033,-23626927498,-32377181307,66480347637,-35038530388,-34600192798,51190800224,-18596869733,-18650175764,18612865726,-4150992243,-5074029613,3199368894,-297531934,-635107851,196012292,8645070,-24643675,-2971339,12196,305210,-1220,0,1 # liftF r=8
200498237,1549693457,-1825224043,721569480,4066481579,-3605477278,541166640,4280578120,-2703095560,-56738141,2262651709,-929641391,-197431998,608047261,-134609319,-72584663,70822874,-4450028,-8757710,1559865,12196,-161625,-1220,0,1 # liftF r=10
-67761149,-412555173,58957329,737033772,-3152318381,4166934019,-3712174302,-164408296,2788782203,-3649399869,1288562485,588723772,-1497169072,490709276,127439357,-280691388,11878919,4775520,-17374435,-3119627,190,329384,-28,0,1 # liftF r=8
9179,-117924,-73282,185257,-869266,427406,-1197589,-7555793,4295507,-2562843,-20927740,-1566207,-19798722,-35145681,-11437027,-21999260,-18508992,-3942796,-5555469,-1881443,7572,131543,-540,0,1 # liftF r=8
229471031,-2287857868,-6507291515,-6539803648,3935969594,13495611587,9676236745,-4763861071,-11062128686,-4816204519,3490481270,4179445299,736736483,-1190342821,-673162227,51441913,156858666,31235317,-13788169,-4409918,25014,166389,-948,0,1 # liftF r=10
377235169,1957521805,3458539205,4306301131,5778091065,3977575664,1688812966,-224642982,-2582815718,-1786584099,-2876023169,95359750,-593389335,891364184,68081152,436134149,-52305921,-7431835,-47537001,-3472746,7572,246844,-540,0,1 # liftF r=8
2406941771,5420705667,3935438654,-3454353613,-7669830811,-3880920130,1939545360,2195119236,-39705355,40898150,1599666762,1110453911,-630695915,-1125940520,-371509838,281237635,217755748,32416650,-39038411,-9197177,17640,303126,-604,0,1 # liftF r=8
5492071747,14485367959,-13645264817,12651726346,37678610762,-27570725719,8783391273,38320099321,-20234248034,586290580,18970065643,-6396334288,-1555712248,4567494628,-753700491,-553287598,435889979,-6649487,-55459387,2548971,12196,-277496,-1220,0,1 # liftF r=10
145075993,243586925,-209698386,401829321,1189750476,-656191303,45834455,1955077952,-689143856,-618521657,1341282540,-305063572,-526255379,412506729,-55763946,-155155308,51141684,-2970271,-15457947,1415183,11826,-112025,-876,0,1 # liftF r=10
-2058191,-29526968,-133793768,-276241057,-582276089,-1146363718,-1163756870,-2016045643,-1818901133,-1561533067,-1902633939,-899548632,-820129199,-637598044,-134650564,-179241863,-62627153,-3138857,-10648055,-90212,318,291256,-804,0,1 # liftF r=8
-230924429,0,0,-1151418678,0,0,-2180925824,0,0,-1981162036,0,0,-884488527,0,0,-175310040,0,0,-12002193,0,0,-75607,0,0,1 # liftF r=8
1954219,-27996816,24314856,170962855,-201317030,-344064050,405544304,-60898026,-470008415,561694523,245770895,-87461709,425849701,214394949,63458598,40882499,15694382,640510,-37423852,-255065,-432,-304250,-1140,0,1 # liftF r=10
-8795316368,13757147064,22766794016,-56867036776,22246879031,51855166931,-63815661930,9010868452,37374320496,-28141472026,-940194688,12105355747,-5056874438,-1195879750,1777415033,-271151440,-212714794,76849551,998704,-9259878,29388,198265,-668,0,1 # liftF r=12
243234809,-635112582,552624675,193781676,-217002363,-363589669,-93115844,929472817,-371315919,-374835212,-159242826,337343070,201788559,-223803295,-46269276,18870031,63618426,-9398028,-16857353,2660703,17640,-90343,-604,0,1 # liftF r=8
24991,261468,-6449976,35656545,-92804244,190183767,-339709439,420269510,-441620885,427638321,-199644230,37395052,-32152120,-136472566,165213827,32596755,-49061554,-6880340,3104206,923802,26344,-39992,-1300,0,1 # liftF r=12
-15355390997,21320454042,-12408437737,36473710798,-38513924587,17810791002,-32587127013,26966078215,-9459739570,14459268567,-9206285360,2227819917,-3429709523,1542042486,-205301037,418190288,-102089961,2401252,-19812301,33379,318,-241294,-804,0,1 # liftF r=8
-13245300611,12887392125,-2364849340,25294964046,-22842610750,4526979818,-20384576026,16418089514,-3190175292,8618789106,-6058673529,1050996556,-1945441167,1187681710,-159479300,207921545,-114698681,8686017,-5843279,4204034,7572,-291292,-540,0,1 # liftF r=8
-367125709,-6612042194,-36624076146,-51765528561,56423948954,85748674893,39274821061,-56467673108,-65937161233,-6363106687,25634930254,20229171064,-1214109794,-6150004388,-2216204857,435918145,623215550,24598386,-40905632,-4146798,26344,214242,-1300,0,1 # liftF r=14
341633,-5429932,18039353,10372803,-91234435,22352260,105294945,2695323,192570480,-19137383,-223335826,8443276,-289541708,-259131820,-34181619,-151885780,-51701865,-4296113,-16255756,-2066441,7572,146735,-540,0,1 # liftF r=10
17263703,-24457776,-18967167,-37968505,177394198,-197971527,79120534,14259169,-6349978,130748302,-148395475,49064243,3284431,-3110498,-7372309,-45333267,1257190,380574,5916902,-38503,-432,-194203,-1140,0,1 # liftF r=8
1011943,-16932436,90969536,-182604244,144171486,-96337030,143386642,2558905,-146913271,44284612,-58929490,101558676,201236,-26231105,-1090990,-9813528,13385186,-437091,-2231602,-622854,150,164201,-44,0,1 # liftF r=12
58315067,-40421437,-38191387,-85700198,-100741808,101358052,-18368505,166238512,132926505,57278964,119258508,-78370622,-244834,-60936814,-66142658,-19404332,-39085598,-576162,-9481316,56278,318,83627,-804,0,1 # liftF r=8
-6572889689,16798464880,-16020345801,-8375575279,30519109023,-22639121467,-8231238503,22747662440,-10938971314,-5935182144,8101247624,-1739023284,-2116155298,1231743973,93866353,-301099105,32697374,32602687,-9092556,-4530119,25014,169849,-948,0,1 # liftF r=8
-6980813599,11814133682,-8159882808,19450995988,-23259520370,12336415605,-18304954388,16504402545,-6508498282,7729751368,-5256616379,1457962548,-1520324677,748029108,-131796530,113697240,-37731753,3496893,1453303,133303,318,-315976,-804,0,1 # liftF r=8
40389077,45077143,-199353030,-186175226,168346948,409061363,173899398,-220275525,-499869634,-10193322,188233068,174177924,24741671,-161287531,9511995,-302645,38867795,-451023,-8721012,-632545,150,167163,-44,0,1 # liftF r=10
40639751099,-44798594139,17998910898,62620297499,-61190110011,19988916056,34051570886,-25720567016,5445296721,5935267186,-1150242964,-730314527,-1149958833,1542374176,-407611984,-554259239,282972456,-26956100,-54700463,7669573,17640,-254698,-604,0,1 # liftF r=8
-147392753,340989783,-276053877,-175962049,334093340,-65407248,-23556921,-253629151,248597165,140579060,-246199157,43851996,54693976,40617727,-52964979,-26754120,45168949,-8054105,-9898472,2296151,17640,-77375,-604,0,1 # liftF r=8
5971249,-127507911,77024617,278759092,-511369233,-964926782,862317407,1649819348,-1806192756,-461179504,2293689403,-879307590,-898603794,883621335,-117019028,-320553568,101029252,3787146,-32666195,-1657484,210,250328,-36,0,1 # liftF r=10
-3616768,28241920,14323200,-86160832,110798064,158595144,-266937676,60786682,378230057,-244937516,-157603606,255761200,-62920771,-148941198,47367388,10413246,-32234850,-2334090,4300494,611474,12196,-50480,-1220,0,1 # liftF r=12
-66945763,280831395,-329490860,-266057162,1147094926,-1135673806,-246255363,1682814596,-1529661576,34563889,1100949100,-928410447,100567201,336658985,-229813071,9161615,55681973,-19524370,-3850423,3067652,26344,-151259,-1300,0,1 # liftF r=12
-203238979,0,0,-991298860,0,0,-1782055637,0,0,-1518477047,0,0,-664609110,0,0,-143921675,0,0,-11818609,0,0,117295,0,0,1 # liftF r=8
-115837,0,0,242319,0,0,18783888,0,0,31365810,0,0,-13197629,0,0,-40667050,0,0,-14289258,0,0,-140747,0,0,1 # liftF r=8
174464167,-208121986,-430130100,635203955,2530488833,189239809,-5061532439,-3752681356,1994338249,6474139977,1071676802,-771407931,-3712069986,31428161,64374352,783819049,22994457,665569,-36414498,-250982,-432,-309028,-1140,0,1 # liftF r=8
-10340096,-26838656,14607312,-42854000,-150115393,126011867,-195360187,-200697328,205207309,-338019998,-86653429,119620201,-256011935,660678,22616438,-92212044,6671428,-279345,-13535129,176440,-432,116451,-1140,0,1 # liftF r=8
992065057,4881706904,-2980810835,-2856614259,12256112492,-2781758567,-6186542550,11135602483,-952254951,-4337251500,5123437176,-16363312,-1475958880,1210919030,37892543,-286852554,115744685,720277,-28258636,1005558,150,-265980,-44,0,1 # liftF r=10
-31036391,0,0,-1133695194,0,0,305540204,0,0,721683455,0,0,168816060,0,0,-12101986,0,0,-4157634,0,0,102989,0,0,1 # liftF r=8
182567081,-89318093,-111652980,-618037100,203667561,256380753,897331881,-134800466,-200764625,-669872306,21686925,66326697,269592671,7644550,-8074444,-56504734,-2460496,71450,5077508,93497,-432,-51390,-1140,0,1 # liftF r=8
-883,-1407,8048,-22684,-40465,131403,-159383,-415651,732188,-302404,-1829594,1585017,471347,-3452739,820864,1757091,-2091992,-714735,946983,324727,11826,-20826,-876,0,1 # liftF r=10
1,-1555,-9254,378195,1634239,-14621922,6882470,6132156,-5425199,84537044,-12460430,6541735,12850725,-144652886,-25503542,-91097797,-74580018,-7328602,-34089933,-3475953,7572,245170,-540,0,1 # liftF r=12
-13045006201,51779499280,-45244727311,-46504206853,120787254957,-63621219643,-55259841570,94741984263,-30307997541,-31847260948,32218461187,-3126323098,-8961033408,4695962739,978019591,-1018489859,102177355,118440905,-32895587,-14348778,29388,308688,-668,0,1 # liftF r=10
8010323501,-10191072521,-27413792471,-4810457729,51599215194,31239998340,-21045103764,-47106776459,-8100330192,16636883540,19130843173,-936814239,-5651722390,-3017388957,275780421,994395280,86060871,-4101524,-50885856,2679456,190,-283066,-28,0,1 # liftF r=10
-258104167,-1223919242,-2216639344,-2279398019,-1841610054,-1270352243,-128526964,930386914,827828807,317464988,203650016,105974312,-160145661,-136597817,7851744,26225647,-14631359,834253,4170082,-543547,190,57284,-28,0,1 # liftF r=8
-6565808,-11317920,7517060,68729776,67968601,-69036082,-242259231,-125049297,212842092,365285409,50467381,-272724472,-230082562,54991719,137823374,43770274,-37805737,-17721072,-1339272,4962198,17640,-162435,-604,0,1 # liftF r=10
81633661,0,0,90846189,0,0,-1741979755,0,0,189141648,0,0,684249203,0,0,-118561412,0,0,-32623516,0,0,280610,0,0,1 # liftF r=8
29375219,-193190821,-252168385,-817756410,-1522043214,-551889743,-2231001701,-2678808585,-317561527,-2571940278,-1940492831,6826967,-1519245637,-610697695,40390269,-441639990,-60922884,6696808,-49789587,3123539,7572,-223756,-540,0,1 # liftF r=8
36120751,0,0,45116536,0,0,-72961988,0,0,-27944314,0,0,42613783,0,0,-3870132,0,0,-2942201,0,0,128913,0,0,1 # liftF r=8
-2550409,33922377,-153007218,251801449,-4868887,-257817515,-26239414,85299651,251025608,-25080757,-179714353,-57589889,33496665,62774879,9865974,-15194694,-7287044,-469466,1383019,304841,190,-32116,-28,0,1 # liftF r=14
16723419893,2833706322,-10471046594,-35570805698,4858760418,19255824397,27339115078,-12203295309,-12883768025,-9009475887,8113348469,3800385443,879191632,-2261339531,-444004759,151080831,241298051,8326629,-29367940,-2913775,12196,301490,-1220,0,1 # liftF r=8
-73679,0,0,-1555937,0,0,5379315,0,0,-4989995,0,0,745306,0,0,713137,0,0,-283149,0,0,29132,0,0,1 # liftF r=8
2184433,9545474,-5348121,-6307472,59548989,5491392,-64873731,99352810,84409737,-94931422,13295930,82511796,-41881659,-38952010,18592435,-1159452,-13222700,-1399232,1740355,322946,12196,-22674,-1220,0,1 # liftF r=10
26496097,-89599039,104126977,-39169901,14181589,-67063540,31989658,91781818,-93028330,-5471165,10289577,43507232,-14874189,-33641218,17642854,7251501,-1558081,-3689993,-556419,1025568,17640,-33802,-604,0,1 # liftF r=10
352496,-2546800,2534384,14788286,-34022881,15399571,57404843,-164777712,105568739,43817203,-230376268,203779395,-25071978,-89328084,88679574,-2527091,-23980054,5123396,1421256,-707887,26344,31400,-1300,0,1 # liftF r=14
-10693577,-17377092,-2208549,24208590,5262593,-19360200,4698462,41285059,2514077,-33304959,-62395,21660217,-7087985,-21225866,7752348,7112130,-5832468,266320,1696455,-115144,210,16958,-36,0,1 # liftF r=8
19670597,-805080847,-2871947111,142934349,5436179907,3143634339,-2614056763,-4190967523,-1039050254,1696891187,1445474996,57470130,-418552027,-209554358,6650133,44975511,2269359,848040,165956,1218465,150,-320920,-44,0,1 # liftF r=12
1730889271,2799533670,255105021,4851627434,5855421626,-403954550,6192361011,3875733391,-120990142,3272123133,1091292247,135383624,570148906,141004451,41486920,-65377935,9040216,654418,-24117736,-207238,-432,-324958,-1140,0,1 # liftF r=8
883676083,5803254784,14099175006,17031294141,18564474943,28867642921,26930496124,8735787176,7692754386,10265527611,-3849782502,-6686517096,876555731,-686935235,-2200681868,263782968,662876261,24910187,-44731261,-4202038,26344,217830,-1300,0,1 # liftF r=14
-10826111,0,0,-76200947,0,0,682723074,0,0,-1249776866,0,0,825478256,0,0,-142214365,0,0,-26877124,0,0,328690,0,0,1 # liftF r=8
1194390829,2214792790,-1882816635,-5602845780,-777266044,4999514625,3187350163,-997367041,-2994168980,-853605883,1424142922,441196151,95256966,-507608198,10130301,50053504,52805059,-529321,-11722871,-742612,150,196235,-44,0,1 # liftF r=10
-51093703,32600535,3585277,-233136466,48783904,63064982,-175233624,-138896423,139810017,181286988,-254790957,92873655,149065923,-112337580,23041715,33521896,-17551140,1915851,2588997,-790896,11826,54834,-876,0,1 # liftF r=8
-5308065481,-1472068036,4125182529,-13172747599,-559960330,6712741988,-14205417364,2160901144,2935493466,-6614544179,1172588343,600641472,-1534327065,154048136,70855617,-169161864,-8269954,2491150,-6089398,-1626324,190,171715,-28,0,1 # liftF r=8
-47864213,-122068152,-88296765,337381401,770296595,421411541,-956809712,-1693279563,-549453011,1374070654,1530805097,61202598,-963332970,-485546623,166550071,255033265,2989875,-32504393,-20455217,9141704,17640,-300212,-604,0,1 # liftF r=8
41593151,-48542560,-192065366,152683043,770404805,-443743018,-1845671069,628423761,3349018477,-496697015,-4152275832,50026260,3316149290,318548176,-1733646507,-211872838,519647377,42880559,-57349505,-6050523,25014,232744,-948,0,1 # liftF r=8
-187273,0,0,77202,0,0,9329061,0,0,34276707,0,0,37393328,0,0,-3202099,0,0,-16900751,0,0,90485,0,0,1 # liftF r=8
6446216603,4266122064,1092921607,-12351635229,-7379155913,-1649851409,9714488612,5084723486,959135789,-4016052898,-1763273010,-266258742,922105988,316866437,34942139,-112277671,-26539751,-1748766,5893262,689766,11826,-41508,-876,0,1 # liftF r=8
393954871,3386834093,9276665088,6076872452,-6702281154,1302712071,10967497762,-7428617866,-7104016476,8077554625,-651365934,-4762398425,2476479601,979439747,-1196265504,201250455,260878874,-112672474,-21897727,13710511,29388,-294630,-668,0,1 # liftF r=16
-469643,-774924,4968175,9768456,-8988064,-32884307,-30442809,8360597,68269260,72056273,11121668,-42977495,-55869353,-21236861,16555889,16292675,5567750,-1511293,-3532983,987382,190,-104273,-28,0,1 # liftF r=12
-1410151,-1582452,19437463,23427570,48506264,-12305635,-3213739,-89363867,-13638698,-48695572,56230387,4309453,44270060,-13640533,3073277,-11181080,1826752,-326496,-1200429,70313,-432,164265,-1140,0,1 # liftF r=8
137559971,-324855669,266917187,180463109,-521552843,346168994,18705729,-60956900,-62818161,-77024943,318103702,-252103948,-69842585,221151385,-111497742,-33856367,54330251,-14208532,-6572399,4050556,17640,-133365,-604,0,1 # liftF r=10
-133519,1850315,-7450073,10707706,-812959,-8494659,4141830,-10901395,19126262,5288031,-15158892,-4500962,-4433480,11688130,8997393,-4844141,-5062781,-2296893,1124585,1500593,190,-158403,-28,0,1 # liftF r=12
-1327,-10059,9661,69346,-47632,-554134,-557947,1823819,4035584,240699,-7438703,-8501123,1798527,10324029,6815299,-2402986,-5455365,-1831604,907332,810484,11826,-58248,-876,0,1 # liftF r=12
3201315253,0,0,-11693756600,0,0,9394475269,0,0,2821999764,0,0,-3697045479,0,0,840533376,0,0,-44944903,0,0,-307252,0,0,1 # liftF r=8
-32401,-150530,967839,1800566,-9702207,5047472,1719117,11704772,4467332,-20217361,-6738588,-6574556,10906626,10963053,-1410203,-1214646,-3635516,-75784,916190,-117075,150,30516,-44,0,1 # liftF r=14
-43082608,-262205672,-211683772,1284784038,2573204201,793238566,-2996997855,-6552529259,-2015225646,3995325662,4651285665,994650107,-2876846798,-1400170790,648521142,486416551,19964767,-111683883,-14778826,13543242,29388,-290740,-668,0,1 # liftF r=16
-493836433,828954106,4242988561,354651074,-13171042425,-6678769518,10192642694,-2717261616,-2338350658,11049890088,1512805817,-235482890,2963614723,-60240490,-49577414,62598630,-78687580,10058500,-40164318,4762170,7572,-333430,-540,0,1 # liftF r=10
2859650921,6543449672,3499399177,4179839502,11943809927,9255230148,-824027786,-1388466748,3825893746,-393320830,-5883868445,-2399194440,1385076561,501592034,-712769956,112625924,417599744,-4619674,-53103698,1954994,12196,-222998,-1220,0,1 # liftF r=10
-1516111,1738148,11696017,-17077112,-9251026,42422293,-58305189,15695301,57227116,-70007037,39794198,9829723,-33206751,14730211,-4910901,-1854683,437164,-434163,1270647,-624104,150,164305,-44,0,1 # liftF r=10
7241435497,-39799114350,5181204858,76983725737,-41018806131,-62709759127,34073705238,4375292211,-27573130599,8079283391,12299980490,-2583170552,218914932,2972972912,48696902,-366753700,195150503,754174,-45507168,1035748,150,-274574,-44,0,1 # liftF r=10
-1002575137,-261516840,1201262200,-2208576495,-1169422370,2115542432,-1912621646,-1447662064,1521209167,-787015611,-899003593,545848921,-132908652,-299780069,94459383,4310709,-50956313,4668212,3654846,-3048599,190,321804,-28,0,1 # liftF r=8
7544263229,5588344631,-5535911202,-23224966552,-16703668455,3529336051,22228547226,17983157501,4515457666,-4952403778,-4968783430,-2117686975,-690185117,-50159008,163268439,411737745,149997727,4077919,-56587297,-2666438,190,281736,-28,0,1 # liftF r=8
975322639,2840007566,3130746965,3209995339,3187466309,1492308023,158612393,-1076164773,-1022952698,-1032932305,-836099650,-44202898,-43311050,223176560,32783989,110583727,653945,-2329741,-8706274,-1039245,7572,75895,-540,0,1 # liftF r=8
-57296189,61725553,310180175,-315084766,-483449928,668625954,256136706,-599195866,185011162,231082950,-307535340,-32990058,84433333,-58660151,-11142685,19020423,-2083516,-322691,1623731,211487,190,-22246,-28,0,1 # liftF r=12
104957,537257,551069,-779227,-3686958,-1581690,-852169,-15607095,-23461647,21955634,130711231,82750050,-67570780,-150556585,-28754499,63501134,40483551,-9141515,-12727764,2572337,17640,-86739,-604,0,1 # liftF r=10
-654229,6078747,-21036126,37746553,-50461682,53771760,-27044556,-3113260,54643624,-49295449,69222799,-14320465,9586539,32111998,-12620039,18627853,-1616999,-1649793,2851590,-815639,7572,54542,-540,0,1 # liftF r=8
-20992381,-22899271,417156,-45398488,-89574665,-22883895,21199689,-81581136,-70266851,92279177,48357472,-62345818,33570525,92517769,-11307083,-24998562,27605069,3893545,-12049282,-1773774,11826,135197,-876,0,1 # liftF r=8
-451982807,-448659922,258683413,-1473805875,-1015855375,718356869,-2247226308,-628411355,529653603,-1628015290,-96783293,139863328,-584788896,24132161,9386195,-98382701,6448539,-580605,-4901801,128984,-432,290976,-1140,0,1 # liftF r=8
-710531,-2426970,8900717,31732230,-39111539,-165385750,57397029,533336077,124075710,-981880757,-608945986,1010366105,905227485,-601471098,-622801457,222612128,198374699,-55086020,-22959201,7711533,25014,-288798,-948,0,1 # liftF r=14
-67,-2802,10970,-3288,-8321,56863,-237097,354674,-700311,988908,-995244,1471906,-883528,1128625,-601950,357819,-278840,16132,-41727,-4781,318,-5680,-804,0,1 # liftF r=10
-2433209,0,0,-9333298,0,0,-420076,0,0,14447370,0,0,-3114857,0,0,-4241036,0,0,1736731,0,0,-164297,0,0,1 # liftF r=8
-12359532611,-6304252981,-835453596,31061132975,12456802600,1033496154,-31524289721,-9302061690,-253679897,16312080089,3124813672,-139434034,-4426772405,-390193583,74308783,563992218,-13012593,-9088016,-20982403,4054533,11826,-300718,-876,0,1 # liftF r=8
-2852291587,0,0,-6955935023,0,0,-6808203976,0,0,-3409431939,0,0,-914247837,0,0,-121221925,0,0,-5261750,0,0,166189,0,0,1 # liftF r=8
-65139664,208456560,-123035344,-353601622,590941767,-104968360,-536149331,555895326,-32092894,-365437680,271678169,3519155,-130565011,74840944,3487071,-26638762,10581942,404652,-3061537,576710,150,-152107,-44,0,1 # liftF r=8
-81984337,234458536,2004415637,-7997306473,5435171492,-1036610150,11706245400,-6555673461,-6195462080,-3827575509,3082888971,5350132628,-230448018,-1408036257,-949795574,185487277,301496383,-34420415,-20230459,5459359,26344,-271096,-1300,0,1 # liftF r=14
-3964144,-4717288,330168,11754748,7429449,-8112482,-7372938,11605336,20353737,-5856117,-27962116,-18207088,7990080,17513586,6683856,-3176539,-4306015,-890615,511478,357532,11826,-24778,-876,0,1 # liftF r=10
10742777,-549225317,-1012458531,332722732,2969427322,7012090630,8970210328,7242925054,3002641026,-946368068,-2441561492,-1917605578,-694712153,-252744329,49879765,243844787,185109042,672009,-43879625,914071,150,-242684,-44,0,1 # liftF r=10
19403051,-86274072,80229412,119203137,-200535193,24962815,94758846,62417180,-11790930,-138906198,-10688076,13384483,28543972,10949427,-367694,3754809,-243451,-1007923,-1322290,-457777,7572,33072,-540,0,1 # liftF r=8
-4999,9237407,18949333,-297157142,-40684100,656448115,1131923327,1678828937,640998648,-727341152,-986207911,-1066147637,-454132772,165302525,72103363,155955734,234214537,643166,-56094762,854549,150,-227704,-44,0,1 # liftF r=12
-17521136,-165087584,-433425016,-381633552,-1018844463,-1326387986,-390216185,-2280682465,-312881688,-995041241,-1208710551,99890594,-650167260,-203273183,32282588,-150991910,-2630029,2487978,-11217474,1112136,7572,-81725,-540,0,1 # liftF r=8
928490513,-114807732,-1818021310,3112861602,1238292818,-3870871559,2852676993,2498051264,-2786357595,960046491,1651273664,-881599311,45090028,473451734,-121384091,-38276129,56603028,-5374295,-6459398,1831138,12196,-186269,-1220,0,1 # liftF r=10
-7722793,-953186,20092205,-20111757,-108870149,50724216,136944946,-152926056,9528256,155141367,-38650445,-19633345,40247811,14697376,-7646498,-3174622,5283532,-499750,-1468456,219256,210,-33222,-36,0,1 # liftF r=8
8866959568,-18596797440,13344843816,16487434774,-32882269687,16985683563,14043894763,-19557116940,5910700899,5475526927,-3349434300,-116621701,425722222,685692244,-315250012,-258750461,229545034,-27175310,-48968328,7709995,17640,-255602,-604,0,1 # liftF r=8
111345581,0,0,-413152437,0,0,531957126,0,0,-220226886,0,0,-80968907,0,0,90858324,0,0,-19645852,0,0,-94121,0,0,1 # liftF r=8
274212311,-74108351,-205119508,732492886,-189890099,-330411069,810826805,-239528487,-187877044,451981304,-144735872,-39299769,129555113,-38650327,-2671972,19116079,-4310472,-76477,1345367,-119651,150,31062,-44,0,1 # liftF r=8
1040197,2442368,-6455024,5097128,11841152,-36162124,51938750,-41496738,12592357,12394655,-20991793,14668928,-5955498,-104340,1586092,-2663257,1447769,-120062,-508280,79122,190,-8428,-28,0,1 # liftF r=8
-766531,-20071814,120868664,-142834153,-32844016,-66210882,166000006,202381724,-74667051,-156238013,-164754353,40648763,112199258,61583383,-4767263,-31779729,-12215975,138302,3323698,213925,150,-55714,-44,0,1 # liftF r=12
-24745913,22903677,57516667,47382497,-250102856,-190980742,185513896,514922909,96167910,-432497854,-253282461,85780511,215085168,-47475549,-56604399,-1427072,39987513,4778324,-11526196,-2090340,210,315206,-36,0,1 # liftF r=8
594032,-2793880,-4499860,9743766,39665323,-16737151,-109855358,-4769420,177912767,68241039,-283129089,-47407349,218421826,110218457,-201495484,-62863457,159426198,-3730465,-48178995,1633816,210,-247018,-36,0,1 # liftF r=10
8756691161,-13257158323,7044613691,15717075930,-22492970271,10032106284,12160963280,-15289167023,5465141379,5153920204,-5249273999,1397671780,1247439549,-935241990,162053888,163615088,-77528294,6306375,9936548,-1960630,12196,188653,-1220,0,1 # liftF r=8
-148988339,0,0,684566811,0,0,-1254339584,0,0,1171207237,0,0,-587158769,0,0,149774529,0,0,-14982620,0,0,-90589,0,0,1 # liftF r=8
-7545630131,9876107397,-3545184665,19229510292,-19732538618,5066537481,-20056104113,15736518003,-2738770938,11102125002,-6273779775,717261360,-3423184012,1276565748,-98668201,548893466,-117944607,6395929,-34506655,3084011,7572,-218720,-540,0,1 # liftF r=8
-367670423,55205554,515934456,513294698,-1463036223,505342968,697816564,588742301,-354306815,-1393809476,60408693,143874977,575232400,62035596,-38844904,-57146162,-28203950,-5054325,-7377119,-2414082,7572,168415,-540,0,1 # liftF r=8
8105057,-72689139,167058689,134778940,-798514304,464769167,685146607,-1111800789,686940962,377534294,-776523541,248297782,-10097803,-96379075,73833185,-8539964,54625486,-4199366,-22412304,2744476,190,-289820,-28,0,1 # liftF r=14
99413143,-276708786,76338299,519410732,-994052388,1041734302,-602189375,-26113677,1171981600,-2747156183,3024554559,-1344787142,-662049900,1219415913,-421089420,-244860447,132660900,41234328,-8284338,-6440386,26344,315982,-1300,0,1 # liftF r=12
-201757,-741018,13894887,-15748608,-87243487,180941444,66914625,-520677722,388552538,465602119,-754104650,99841360,578731034,-196365925,-137658115,130304240,108397268,-4619540,-33357406,2021581,210,-305126,-36,0,1 # liftF r=12
233341,163938,-25273795,-14739144,24555278,198222340,588542424,896234945,1184081792,1176241773,880450095,511628583,42751298,-422093507,-352291338,-6976142,99686340,21402393,-6649975,-3385206,26344,167651,-1300,0,1 # liftF r=10
-28379119,76479241,-67910659,-138712765,367232615,-268794750,-298868590,679325946,-376854638,-359101552,589507587,-207621561,-236480320,224093933,-22215021,-68006434,20073968,9689882,-1879384,-3177441,12196,316728,-1220,0,1 # liftF r=8
-11677856921,15437238227,2463591578,-30322604941,27497639883,4626923215,-28185182807,18156300891,4407960921,-12460587324,5059202649,2263098636,-2796550326,447569094,532977930,-271469854,-34201482,43873148,-5718351,-5276755,29388,113625,-668,0,1 # liftF r=10
2403777287,3081527680,-5389720211,-7969536473,1575540546,9381161884,3571217270,-4448371085,-4864073765,-326000778,3375872018,631560011,-215745257,-983112974,25715973,140268399,88781424,-348301,-21095264,-450612,150,120553,-44,0,1 # liftF r=10
-25564260611,-60587228124,-42156164704,46809698190,111465754151,59734317767,-41541641997,-81232447353,-31217597987,20974359649,29232991215,7103184325,-5908456879,-5168095790,-575525452,841614256,350236875,-5206841,-44887024,2056946,12196,-228170,-1220,0,1 # liftF r=10
-3033822721,2698138396,192492008,-10471612289,6307012713,1220091327,-14075856757,5385421460,1512757867,-9533184323,2092429282,660384073,-3529623388,357342185,96156722,-696849665,16119933,577145,-57984466,-354142,-432,-257052,-1140,0,1 # liftF r=8
10539149,86179462,-28869984,-540200041,1490353347,-3044234242,3694591267,-3528841901,1728719996,-171756248,-1394990983,1393917697,-1042925900,184582755,130513912,-335513928,125763998,-3587921,-47137675,2346214,190,-247918,-28,0,1 # liftF r=8
-771706093,-1856470861,6022136734,8168332275,-20228069121,-23205156058,16044692864,12712084280,-13949656437,1415679798,13877459860,-662689137,-2937306687,2493334532,482405072,-752723091,-21645468,33126394,-33615707,-9279561,17640,305462,-604,0,1 # liftF r=10
-170312119,-381005291,27056887,1351091791,-1313764640,-385828880,5484006277,177875380,-936747314,3504269107,1481217262,-597408952,281907579,804547622,-131684287,-249274683,134456631,-6997607,-46921909,3233508,11826,-248136,-876,0,1 # liftF r=8
68802773,316934514,-440519448,280416267,857062560,-959540971,319114762,961751938,-821707344,127112170,566080509,-344093654,-3613124,181505141,-69895148,-14913095,29407735,-5407884,-3285442,1805878,12196,-181761,-1220,0,1 # liftF r=10
-8477305511,1360150005,565940212,-17003518416,1469617138,1229103360,-13418116615,92970356,986821205,-5253703558,-426628380,369187707,-1045861732,-196485968,64990552,-91936992,-32961979,4384663,-1281220,-1891928,11826,138849,-876,0,1 # liftF r=8
100248217,-483464845,959846101,-1087394781,977407556,-888962783,517864799,73416490,-281019176,215966507,-249984199,191954821,-6074951,-45932614,11360601,-19187306,16855999,340751,-4953634,480494,150,-126963,-44,0,1 # liftF r=8
7690544,-58413464,143694840,-150511912,242510893,-421504426,139100955,-308977884,467519700,100830610,352981199,-195875545,-118338215,-185290294,17703091,46248342,44177402,-465948,-10811981,-652246,150,172459,-44,0,1 # liftF r=10
962947,-2262388,-8171716,-12891234,38949977,83678920,31725050,-225896483,-238568665,91847054,490130433,98371537,-307567464,-274742248,172172428,107915096,-25418734,-21436357,-6837213,6012848,17640,-197273,-604,0,1 # liftF r=12
-1874286397,2675761818,-1212685582,1021567893,-3337208120,3253104020,10895731545,-18178595329,9251288651,9770241819,-11750728517,3280769395,3362323285,-1711105437,-48693469,201808598,170964786,-30402596,-50326659,8581107,17640,-283832,-604,0,1 # liftF r=8
-403681,1398082,-528898,-1207081,-2375232,5762670,5962872,-6852227,-16598999,-21944190,9389204,15481159,29276213,-3545076,-3225646,-14423077,-462437,101409,2101196,23081,-432,-54778,-1140,0,1 # liftF r=8
59161,117058,-158722,-478542,833600,2255637,-1000676,-6412857,-2597453,7394739,7447987,-1851383,-6534052,-2572089,995717,3015615,85427,-69447,-595770,33161,-432,32812,-1140,0,1 # liftF r=8
1851655471,-90381471,-455391472,-4363573434,226913543,673099656,4163149570,-163815057,-353920938,-2056193457,39876647,78455044,550241230,995535,-6366022,-74888395,-1414216,116310,4219396,56054,-432,-60924,-1140,0,1 # liftF r=8
121900063,-719912436,1155142075,-159425764,-2192763800,2713417338,-179701587,-2676517835,2262033738,184526383,-1519238321,842275778,202957564,-408309439,136737424,55360673,-47667756,7116254,4148646,-1925198,17640,61732,-604,0,1 # liftF r=12
-72139909,-100920846,-27678485,-187815634,-242522242,-66664084,-212925514,-236339492,-58482060,-125718752,-115878097,-23434614,-38333112,-29204386,-3972989,-5103146,-3434724,-139814,-118650,-146748,7572,10568,-540,0,1 # liftF r=8
-469643,559195,5462741,8209391,-28497203,-22483237,-15925725,102055275,8818566,-5240178,-93032178,24031828,16348095,21635014,-21038152,-5904599,5682778,4610287,-42022,-2111313,11826,154353,-876,0,1 # liftF r=10
-15032183,-101233709,-256998819,-350190498,-325938520,-250002139,-93975132,123812216,183721129,94317451,56413828,39914563,-33105578,-42881940,2808339,6500451,-7464575,717576,2298418,-468030,190,49348,-28,0,1 # liftF r=8
1,3,-11657,169757,-340840,-2622763,6380453,-5198574,9322812,2637155,-9567123,4712365,-11152259,-3176874,6596029,169218,3504043,1865837,-1865132,-1219190,190,128723,-28,0,1 # liftF r=14
-22859663,50995966,-21256149,-160666754,214398302,-5325880,-391632314,253863675,65565088,-376603203,89964245,24966813,-164104556,14621487,2077158,-27955722,2216636,-315209,-565487,63374,-432,157075,-1140,0,1 # liftF r=8
17239,841859,-9164303,18775798,27014926,-151962733,110682191,308845152,-541938497,3441612,740463827,-590964635,-270840282,597706632,-199025452,-224602749,154195247,-3371799,-45876175,1477212,210,-223456,-36,0,1 # liftF r=12
-161263,413509032,189026898,-177993987,2096586180,-464640890,1147392510,2640328333,-839649892,2312263966,1318342986,-202435319,1389301962,253020358,66021638,229318470,18051473,607007,-38095350,-260646,-432,-280862,-1140,0,1 # liftF r=8
20231,0,0,317229,0,0,1189365,0,0,1744433,0,0,971756,0,0,5571,0,0,-118547,0,0,-4836,0,0,1 # liftF r=8
-74189,1615431,-11117323,25908807,-25597074,100691964,-53832051,130153293,-152523799,69396936,-187844707,74219666,-78914322,95471321,-17239993,38022932,-18630225,2285231,-5988682,1102641,7572,-78891,-540,0,1 # liftF r=8
-162618769,-370073319,-289626834,717113446,1595251211,1069438513,-1276707441,-2542775469,-1347335709,1222125624,1889087574,698455494,-642494093,-643921091,-119324929,157163255,74107230,-4609423,-9046617,1610200,12196,-166643,-1220,0,1 # liftF r=8
198119,7310987,14381772,-119332320,124213190,338411664,-675228494,-223031374,1362720530,-328927434,-1467116764,764171765,1039190970,-633596576,-532784825,247258116,162091769,-50942219,-19471753,7128365,25014,-266936,-948,0,1 # liftF r=12
-1960337,-5354107,-3406517,-17195666,-62322605,-68910268,-5965372,2319959,-72794941,-6975160,208094495,217930432,-42090951,-202767584,-94925042,43408144,53203438,11284347,-9250738,-3218190,17640,106803,-604,0,1 # liftF r=8
269482777,249235060,-1270396496,-3518865877,-921073404,6574171441,8737140220,-1787469577,-11525762797,-6567896173,5529106688,7391228244,437393679,-3315712945,-1277412503,638350077,417866998,-42592224,-49440199,5985015,25014,-229278,-948,0,1 # liftF r=10
-527552177,503404408,1519115648,-1645285942,-4048418471,1520295890,6646458329,83361251,-8081637173,-4169678536,4738722629,5082437572,-429929735,-2450642140,-638423026,544356490,246155085,-63429346,-32609920,8866588,25014,-332282,-948,0,1 # liftF r=8
-19447,11277416,104100398,345080032,639947684,1048001540,1221271348,1131265509,645229215,164392042,-372524846,-468724240,-368105858,-110861241,19787334,106540088,45673478,-310897,-11958062,-418678,150,111409,-44,0,1 # liftF r=8
-40057711,286621978,-739269919,1131004564,-1460738872,1540511562,-1175819165,593702394,-58780816,-260390742,459392959,-314133414,149966878,-402127,-26187450,59059583,-24997328,2232305,7932020,-1457912,190,153841,-28,0,1 # liftF r=8
602479,1609413,1534009,-7048317,-15625225,-9824191,17200250,26666941,6953274,-6868206,7017208,9171619,-6329147,-10445645,-927947,2694344,-1854813,-1129585,1009103,517734,11826,-36062,-876,0,1 # liftF r=8
606217399,-3018157696,5260260258,-1049885745,-7287668936,5890131338,3033241150,-1073097460,-5674893623,104468961,4874917271,55721053,-1296574519,-1112521769,431021592,370007941,-55879644,-32276846,-17502260,9050477,17640,-297058,-604,0,1 # liftF r=8
367307167,1271846982,1436834965,-360374475,-2551033043,-2189264986,512247498,2126406003,1144183161,-533836793,-841288667,-194065681,228285691,138854590,-12818208,-35585079,-3403954,4292574,988441,-620632,25014,21188,-948,0,1 # liftF r=8
134125307,-1290281557,4056725056,-3617750460,-2192359620,-425122828,5521822091,2786286680,-3723328952,-3668661301,-130922256,2483644685,1109167901,-545918369,-605855351,-88776005,147326915,53092146,-13227727,-6471838,29388,139805,-668,0,1 # liftF r=14
-11455921291,-68927162235,-100766818300,21262773035,191183007862,184450127789,-12672409977,-168320974617,-126829337436,8411999432,65089521520,36024125128,-4664529383,-12570397873,-3473465335,939174129,992731781,24363023,-65237505,-4279053,26344,226712,-1300,0,1 # liftF r=12
-4861,354689,-2896127,8768953,-9120020,-10894952,37331198,-24381699,-30227510,53959112,-10663099,-36084705,27309898,6620925,-15174401,2974950,3756183,-1586646,-434966,241206,25014,-9828,-948,0,1 # liftF r=16
6179584,-51144192,134839200,-210006192,507681275,-665658287,616220457,-1145992703,562538141,-420425165,658812591,504563380,82197255,357208696,-361696523,94928985,-219632246,-2182671,-54637364,68941,318,252844,-804,0,1 # liftF r=8
-11551834493,-17908905520,-7933027965,19920521473,28450553612,10275509565,-14617582094,-17787332727,-4835990512,5785848184,5425145207,946688307,-1269669715,-787762676,-51730219,138758605,37809570,-3107522,-4820720,1088511,12196,-113329,-1220,0,1 # liftF r=8
265943681,-34814195,-117873823,537751732,-85717309,-130186820,263641166,-154268311,9222341,-128071214,-113999921,59574118,-176559113,-21410980,29086082,-63194054,7567992,4803243,-8175638,2236290,7572,-156439,-540,0,1 # liftF r=8
318453181,0,0,-790950365,0,0,-295696681,0,0,803859201,0,0,349303622,0,0,-92475301,0,0,-43855403,0,0,219066,0,0,1 # liftF r=8
-26417863,147116797,-202267523,-118435079,691050862,-520722502,-456409939,1093470599,-329591599,-618973476,733080321,17604712,-365148656,196740825,67923043,-96725592,4998895,14623209,-8938160,-4097381,17640,135183,-604,0,1 # liftF r=10
-43984099,67330412,-26241002,-211353014,272332255,-75993108,-418129335,421349604,-70805533,-430612303,306027041,-16136794,-240080567,98911150,8395433,-67258617,7609778,3353605,-6941832,-1497253,11826,113245,-876,0,1 # liftF r=8
7207,-142087,744913,496960,-8005387,-4767976,7932116,-7357234,564472,19259255,-5393174,-3492625,8083875,-6486538,-4154861,2213408,-689038,-352217,594559,230398,190,-24296,-28,0,1 # liftF r=14
1648,-22424,84820,-88610,159851,-372349,-573877,-847069,-1455524,-459296,-422992,633264,1278209,1260148,1527934,1032313,707218,351897,139932,15577,318,-29314,-804,0,1 # liftF r=8
-101911123,710595251,-865649381,862863730,-47294956,-2720553990,5063154474,-4427433915,587838538,2331822355,-1677467844,-386560663,539353023,197073887,-172627059,-107042413,55146228,29167827,-6835722,-3543478,29388,76977,-668,0,1 # liftF r=10
3091618027,21225398934,53749150518,58957524644,28291127326,26035935963,37461055730,394040045,-23095587325,342845227,2593626871,-9730505859,-2213336132,3604913993,315651063,-573651281,194374393,114836201,-30288920,-13938341,29388,299834,-668,0,1 # liftF r=14
-61574273,-226223256,-199149869,247991130,357608579,-367178473,-449367515,547069774,530347467,-518002167,-302568850,469420903,126821922,-276685762,-21697597,109319383,-10996392,-34229098,1664786,4783677,25014,-177163,-948,0,1 # liftF r=10
29724416,141604672,191864768,19620560,-25127217,95781580,-121789444,-208710903,165087964,112748129,-144281197,89888488,98354694,-119396262,-5158823,34906542,-24054725,-414867,6045533,-606609,150,159367,-44,0,1 # liftF r=8
3269412697,7077552819,893401088,-14890623888,-4904899174,14951338536,4593356272,-20538180060,-746577102,15111844490,-1150534914,-7996210075,2166309068,3790811794,-1426795925,-784149822,456729401,43544609,-54076809,-6120033,25014,234780,-948,0,1 # liftF r=8
1482795931,-11305692837,-7798618992,78903710494,18007122898,-65170653438,80207263036,26422343342,-80359359998,24965088304,18703704765,-30962336424,2450494371,7685960504,-3555326348,-240190893,1008809903,-28935963,-65464551,4937086,26344,-256804,-1300,0,1 # liftF r=14
-5723354981,11065867479,-1731912185,-18531541035,21824375288,-827897756,-19167469313,16407293634,-48529716,-9299124701,6162173854,97398642,-2338946113,1149199236,23576999,-313023273,78126691,-711727,-18113175,-1002976,150,264900,-44,0,1 # liftF r=8
27625424,0,0,232656448,0,0,388652456,0,0,-17094606,0,0,-218093961,0,0,-89722558,0,0,-9273614,0,0,166093,0,0,1 # liftF r=8
1111789597,-403828548,-619296933,-3316174029,1640266025,928315545,3617595500,-2044508981,-199377663,-1683827072,1123489021,-194155548,81842206,-268906537,76005839,189057189,16031815,-650965,-45276713,283880,-432,307752,-1140,0,1 # liftF r=8
-106499984,-728032144,-1416858788,-999953972,825072943,2140151865,1364654639,-545225146,-1362610702,-650232347,280798392,443390833,125705596,-88213455,-70668294,-5386626,13036311,4105747,-744990,-620290,25014,23826,-948,0,1 # liftF r=10
32597261,48723984,-253855402,-295821836,317419660,555447315,1049106254,-938207043,-589437823,-1658648189,856503137,289066705,1083198882,-97903969,-69867115,-182610037,-75288567,-9078847,-21320232,-4327637,7572,301634,-540,0,1 # liftF r=10
-56522621,-108568893,-5987122,178698805,236480843,86325057,-95190338,-169006163,-123757668,-55897021,13798555,44514465,49396781,13502177,-5778822,-13060184,-2387364,325708,1427081,-212987,190,22412,-28,0,1 # liftF r=8
3209431,15262208,23289942,5558954,-35599104,-52387226,-17373532,35881328,46913775,13630398,-20019554,-21015994,-4459087,6411062,4814493,574050,-1088602,-506550,-9916,76800,17640,-2036,-604,0,1 # liftF r=12
530657024,4366812288,12906613632,17058099040,14899425680,22667832056,25658874664,7013197370,3469374465,10556591862,-3115778986,-7596726774,1645728049,-217278612,-2502234524,352087020,715295190,-34239412,-46173222,5597154,26344,-283318,-1300,0,1 # liftF r=14
2769364736,0,0,6366477696,0,0,2489172096,0,0,-3407430496,0,0,-3056230896,0,0,-743026344,0,0,-33417784,0,0,334594,0,0,1 # liftF r=8
3815717,-17553218,-11410798,-4136155,-30066944,146850060,106230361,259624561,446362374,208890750,500179320,158957413,159913253,152781460,-82328891,58668576,-46136523,1682638,-10384808,19071,318,-167443,-804,0,1 # liftF r=8
2277389,-34451042,130446786,27623873,-704767924,560902687,782235214,-1334444854,579125687,955444842,-846963040,219698334,428589307,-220786435,30327634,82050221,-21602093,874427,5848790,-380735,210,56976,-36,0,1 # liftF r=12
