785917032909146731018382845857558847018173544524123889116494597631718363779772030966653,0,0,-23194754859653832244482009352956488232536948885455299970098653058189218622816,0,0,-831745563203645316886779693691062751143479031948765960819900120036,0,0,-39570776748247478830973747960563240067411811110160652176,0,0,3050400874008999219441661032470769938274899874,0,0,-16959854602748498701998916835056080,0,0,-64338365609329267214892,0,0,334731302496,0,0,1 # helix3 r=0
3473478223373612988116711646239105506886361101942004345685435777390136185990488720064687158114346196481351295766477270208615981876108979083746401338582710223941717388561765085571190147953665272189779308159033830812628,0,0,-3263813813854828555347835233400127088216467433164422319925454227831484887845752271164596809724965625253329379880625250254880308582554991941380093702653000908091651862271967486898547902073112,0,0,-5000929588490222080333911372948774997398645030736620150551029311155705918965084455137053782192688085937000570038084391895275710484640396293190463964448679611806060,0,0,-3604125112235901029370179621616864184600607892246186798262287758366669047313017617390205658679175922577177873188991287087435161464394512,0,0,1308059279307494755121348811132403229880009572603808572842473813378976650272949073464633074207455422740367990,0,0,11039395825736643023046236172294787281473511456148878762848888770421508902679628752,0,0,11091737384510987055355075077133856010211760853666926640,0,0,4268388343411977612914218272,0,0,1 # helix3 r=0
24445520887780490577402173459924678053827077022429962942022233300885113917081581216370883475631378707940657283760285146644441434543662177165976444891004553984697610214714829301836617275502651846214938435777469062477292292590936692049167415937415507501540358465148886377642175296297185284418217875474588004551976314383730873659248858538114424037456520220713921631112934394332253651319022694936652646284826698423034218089965237427248320456910554493266729269243550036541350936104426509024347690059002397522965286868555608565378540328597058275913209858679367277950044686418055336780703510635577014019970995390965416606005331951343976071041263984901359159318836228784036876349762474977543811541179947130161063150426338440946649153383207054470455603186630656,0,0,-23036824071239489899459636723363839595419200172291242580788462079512348643822455196104175868709382806666014473640901788533381077932040178399516032692600335230912412680490643113611338456645469224138535384387528971615127670939216065986795187788248440554008376837353451077170654452645094754508645594753574919043307923998622527311024108496314420839962804611184550702158658898987184122748683361100475024943041768666008279955342141005254913027055929610771483297806519351786874897357522426336569083280538415592215599704439356682333087752910470783087494750708991176546204280000889817759361632709494762236358500833506362089873383383225990108191943529779054331939520512,0,0,9530735522674599056769916367886360815336670969309278864685873351159698120701926458816743933517531882014149421883247097313834211754630876007148816868197902433060953019311844411592700226210612141616643664986955725339496453703517401129353289241464265689895102773005954676212660995510458588361437930641394130873258241659179311256639145936417589354623927716675700675336158923251203931611158768307550469603950784053268556288857112369023307295260853499302403299735777067820876746397412894026459105572471999738538632839151141957408664608754088310590687516541633163903893504,0,0,-2260993485794978694906657989801823003772301961056498682247792711280845876265068124809913879312552748713383410326758609704918275658486591560249873197104954318879307481827855781974743029229826676059456353470780264088706564180041927388431258246257716964193644126002048785459829058576130680354644376484019884120479566607910458700187968721652105361959519458849510603830949008161650080894864761564861868236800660269871082652578831822094195056600731674329880681320533851547631616,0,0,336410737085864737209057699182995438438738596668751687139883081698885045373849003717544657646156324122295778632834154454929868888215923130033315972589193126926432254150186181259525146933598164561270582081700451995561346204870585421377362319699803614460744179417935132550155548110143646159146579296423709078709697020279403245201602877828791936429560496204218653235543645744005120,0,0,-32148008271991847150560282787973173969198817049236345076995291300112682351834363149674272895618967005770503692563657030737165617264698568358016898397682674004147191666533501889978861808322700840615197568011078065432324728998619415371945001719674997294585900917126578073084069352046592,0,0,1926964867783666295900853935404309291337323266410961412456423264234704229664056364892569577866835415769649496053290613158344674999173698172461770299148718498147103430621584495248283334082560,0,0,-66242822159742840722793703244823198790900254766740990131374947729713365805230752140735658590208,0,0,1 # helix3 r=0
84221886041632223050448421444593869201160230139450547324978685865464764385977962478242074212525450004534452371579069534466548209810415968601620180247783274387297986132061094559624137647437460667272759832959143627446776362147486294398477218477422671212721748043220381151710583342612314166986148499419953667211043502479236651585083627544910344081082100007701794813780400192443132729748202276385800889161850574777354077878604147896821591859207229009,0,0,-11317827115667322080752975674625309515590760416448283184195600263174290080933333917670140562772001067212154013197240603630368677878977792473189686694734496010708842076634282336776805306196670123515888704101686051019922902099839959071724306819393781119613527865133620868343374902154763651314837689084672282194441852106907494486494283268402002774570412833705706706817850506346080637096727329972,0,0,682800205063825250959568150160215875492374531933771098086549084711361374963854704342973445030479416141545141631922153705819281363277493244793727413420296805795700848301383849081775203387639638780854851760240053223621812936651854889399535530685534978385158179049182958135012527200678869057212583154583286987062379308507410491147050362086,0,0,-24072488150133334143347139268004018473656670666646333992251559487580121380587230921303201876581723886281580219806767607043221702818552600297878825899236193729176858570959201473762882434429906120753677845880929024626714782745180022645210829640717063626540688103391494435961032884308,0,0,541550081408392086534802980272293446385066887434238032643577995528027260657366107664667350434807402876017490942423714308829225031219471377052388323623701396252193368475061210579286021071778349378767618239292392284757221065871,0,0,-7955332500533038962182105643313120651805887690719364918669762288496424025348686261069001684244519827090162838844345690514168384922200643437739092995469662160734351030556,0,0,74539680694395467291675325740581541015254360354874431039743072808454744315974231905989047252833613735894739727238,0,0,-407782219509223720911025898879344117203260192173945433152,0,0,1 # helix3 r=0
308210634524550754487612368221257653655442681448537967379481622409753040987078234408064684609334054920417357353268310703890682575908723204662069366069766768413693659020986837187506125793123099129045294299282700827128671,0,0,-1218814840269443713154587852444783710258450562909830667203134320251504228735994571204327739718359777383202775395224221225475272848420068022023582065881843768339516136409588213717654016522384094,0,0,2104786682938252485242154944332698914331221826147098144231527134719242494577251946630944579918952491742697736817290915755821497257602348893959397660960572127541989415,0,0,-2071848949174713881684767897316127983123580368267917073059092540966252779510413900882975651948027216513832082850628003821025302400223477964,0,0,1270573897373384753036590734030002848782316400609966244843707942161365207203495631954493861674181140752743730650,0,0,-496689431377477359756307014356962709779562265034276869926823715130321635416783117148,0,0,120753700680765720369120650593503030283840196217532957888,0,0,-16674120857905122929136895012,0,0,1 # helix3 r=0
199872811827548949875902732669523260897804183751651446114948036257553074125094109455759050745693626368050353015021189399286537860359828492881135772837137569936769525285390138494150111864783185499546561466764193375081249650791044958877449787756480794808269368105343077240575230107987845708727032434095777,0,0,28625130580848739694784353236755541767491139819022389365671962652430729501780696883303275447282220070491684151671195225733121961614425998698922705959838775306678566568480758118985159783182850930518434475705363746752522554510813631687581541570191546383999385843369368,0,0,1912178392408881208526183544348722167119666412453057002257162291874321339013646344596229771007377364952917909259310088959705471578764563070452389232245398257196322669733190508162977229263494254496815071498893809992529565618016892,0,0,69788413031402141681917379906952110874408241306311294280739309117496880684699771206673191607786574422260225610425960966106274058276092488711172238243784938427145308249524913793808720376636776,0,0,1482309185843439293052413513610239076318656439855037148300796753516601145459887181214137948671821445273300991830281104757297639508799006533913429669604774,0,0,18800671952597629404006753650873615054061070962444559455658638936237603001487621161420743631747407311691998357472936,0,0,140530628684264850265886152944784404639426299837776123492999507539273800026044,0,0,574180460051024192630984540911058059224,0,0,1 # helix3 r=0
187419421811255947342395776406408591579810885396256825066983038639391148680679876747078494151746298845744970095810921643198112499584377653714547762253565082204127671921372730111162095339067514469357422633050372939788009734386080082331338419953550139123713647455839831290699455435635212384469664912470158135665513889515768542440516262758813192920368347583563753226626452579950065713560620918028202934218393457128320760650081487884150171552490288637766306852095829054590921765662445395602152099536559526068273632440642758745523637580716936801474809729182098332623880144879521098508740493393430835892064013742326639157145115498637,0,0,-770735464730897558002479994773731701807364375195087864138698461194582345972748760037451317211117298863642103565134050794351768052021798600604537011477042156709823978066774342911308409156358076883651997257026631223026331287661996349870018371631266690425291472108866845630383750258200244979776060451257040625854420044743391236738869354499514762458929127239212618266081857214750142056046686142946333567428057766548464400728583891793642375566279203685623087676048772838656870019060572654555971655301851306615468313879513470769652949757904725842315268604,0,0,1391053649931895032560843413938008841471820529949758986216741580508700998784636510174847924272277947948394723521379536665863136617856386032286217088020012399544147297034767008607549245358686362844490484839650179933756149920260200710573063154916841248004158078265578181543994926565537357920711401175642103225898029926804701343000785372343417100335987789683775006312408587988269138092713491290813968872223231460147995859541177024208785041615633350566473073178096867638985242,0,0,-1439261412794249197831648875478175451838057597242230707747046856832303387259971321119311561538616694850139234298213616098679027315958154140527804030245954446900247807036260926439504737378442749085320331197210449797152939761832930838361217854599928052196154797157090500519338327213005841655071735179706967256680121885155855182644985885691954046818403998807177493489086772087937584983502786726492,0,0,933744315710152283725667058681704679427843418400604252545497594992770640464205973170122261782753788483453181808802626698246407818612409308380752904914387277675417911549174636502162498446832336873202619936419308659574533964395228141454851684629186182153251332421904220965725292738183758314807841583864696596398444859,0,0,-388970829606734923451771505640040764135681471653006175526299456844044799456004045526308251710836454368585430745692922988498695059337181631833150101758198871166126474925624545451588379375842820252821387382595383004802497623345424438150940,0,0,101602932534019304411115350666916379428293487815692645078172818204514017433676140765358043016802923664262580031623211872065882714147876986048381221028257122718,0,0,-15214859173548517734281133300344965329491985889802321870764484292370993548640432,0,0,1 # helix3 r=0
1256284589509524658518985354185182224075482291171243297175878095690986813783958856183358759815851556404087139142142749304863996634234701985534418759263619203248421544736788806100725669681747587291135411582374322600950270159812777929808758446171465986592204911354465162761543001136119907129791739533282037704718627984930962709371068608769,0,0,13058022439420522589990722574489097927650688117919222558230477125028420804984896079843096340550340815872592306888997797885663465751969302440562031908850715495626011931357054515344580435919442129395536622185047051594797940927060443759680833571239161359175950017084309043075233091172181352510731918,0,0,52566363060574352245501404035812395710182929314334111600447021356380810095601453703044884939653191557065596003500974495385736885314604346620525205701502416489437253165182401839044110430529644054247428560290773072972915584907356415959249582189752668873332,0,0,106936530731206922591872516862835924177448403746672996834015351380866193311097937471427024259502684889987225674897580312087042861068498565320742365658610571875867717905733559128444714233097817403975101791294892714,0,0,124606557504346098501776498297412358397249843624347345152169341336392611256619740175856593790607402207648457947934039818815550314219998292138877488874925990431801885361732,0,0,88088099206663553659658017457192189441512838137918339487781033972137588059587906052105516889730323799345139568658304961374215468,0,0,37951611917904148379073227559414649441933255981839119128151561993992371177861776422587,0,0,9294061994615244054544994740510094948549272,0,0,1 # helix3 r=0
5269467888129931022999389747477961306322114350785704497421212564201964459169075176457576438074565638829917806648351096476361632622425301570834739042203543506112626661896246053752369199086102119576884869636126247256115671989513381823383946623760119407263551884114937684185389748964558148168364664855198802795424568296852517941089545526133983999991257735679608622010848318427012070567,0,0,60833502864505413487049680961494147127418962073783173527116389821580796555978552635179703308871762724639310936084344229200256159330264141555991848738403510085825395200512914770754388154483411379588431428425389025827328682434115416098160947722167543742274650605609412381708369254789852067217751687355071341703905138662264880896423329564,0,0,341481844594214420645511532952404391534766206077539134931595179264579844556690532708217417519130910733760773529338531204736536627794081113332013393156505116855510859367923611728930401855793029561753622309228421679638577795624524356703948469962083960003924613439065588849029767562869454366,0,0,1181812857861607225431043147867258737516190100680204201109119804118567016685749585752985499369407627129680795743130290633693959445173544128303104120924872242777683173166298475028595277378480837075610657422827635873493623985066805139544803360,0,0,2745136429050938154940542396358110221612589020813733758032137752050193846264048459323014261256621186110121791671216529739747026295049308660924166010772161370731382959912090693558289609085522376,0,0,4368076407382224115328866256743626432646384628445385159561085191962873815999832148164346069987698035411018362120092061278112374099973611607370164,0,0,4672507759635546742123943739348410880773536413714623939416346721904823732474934566766390445936498,0,0,3090945701560576830367715717981628120575327988256,0,0,1 # helix3 r=0
416983491653464440779174339500206170402890951931883298577572428401116329179323857751816998366335245262574087453588563769441797787807692362723131909293231952332874317687319313724162861145399646314950197570924718758882280351977669505453997990036883344999336281526680088903043363087297900844989768514968888938249980828032270896890531039565045405463441610588387418594018152139278610369137351881978564472013495150579923871911047949183126361503065758187475419052732139408545848514027133974902667406832720708788160915545191740437554644524559306326016,0,0,-49302744411841099675508895396318848060787214720127792359224221594551095354750237107689820019718178283757998301167796903429281217881853664286611343322861781173551527448634193386189961025437739189264039887490652823895731122017128744701391569833806106693499070727881926058293057430457714625151552065369652731052142905792831029029009631218165424341242137901618669497540798567632296255210471088763218664790302616896850965712864938468435686537415107176342849453914250370164457472000,0,0,2657447555459161090051546849954230390979652631917361220405521533122850185574302674541201043328924644076589752884371845683610272108182242044429696766308155335785280393462949555844151594055268504738343471761506173958482265110459806547212263889464283302994820765143240749954858362107897802549741020286186887319415221620945858283286288653870438464609042516751632623505999804021718529889857714800090916735779078144,0,0,-81863101488905435370587396054181190958881268681584708012519949770922862549968338127313469236139295817285011987849184721356540193886489682179341735040647737695420358468082342977628227337832413735825164885221535894767713789277710208374273348067375226265066586358522080213911444258581822034900114367295013665322951989153399214343544894180556800,0,0,1613978460261296517436010044476477631137080576965043623852780909847880181314506564901309911035426040197139733073907085289164762662091422444431096541974868992430158745178222908179630165904776424110021815763012674824229900035919558922274180711155933717286997123785107143917568,0,0,-19984093540717815923895756089034998912466685069961856347676077126604911181170692189766250036106978359248656511323321190742584558998797100232237168790138943715131111030482168743472049686485899575411142033408,0,0,147740138665719545031815289126193855777324170689468152256893401627516447465604720989127705223479704926581634981012946338759297850448805888,0,0,-593829150224290762575991798640037002536205078217490073298260017020928,0,0,1 # helix3 r=0
8673038854859403356509264702816440770103568947054423389293373682078351005700498187305064801081699318590695602931301742150164891543401168577811414608464549737300694648096293502576444958850231666540171653468665394824353277020405913948882706753749886404688471673334069397692593659364830583336511857467706785830333759067027473709995506304186726411837311846084668251412743639899651953056912712902724713502726669013990517590989451260811108493200139116415103112435809893846873285906199699048457723976938697722183848047256428021564526389009931470270392958880987628192360483442973550700417690696379705354817,0,0,127235259535124788426614780162684221806013199726476264779728878331883822564266328264634392072270954509143867691211044551435588124954328198398727504449890431329955765952820396305318635215234022032437553554763494600247380191690993993041506066969985387767302634201430557675177150362600285656122869963758767328871627522372051807014730784083724179783144404947535096060081668728411414466352934449775951229332311421867820780129457737595261494476440301860281085912936477239616314045273253435868194646365257499647517180924705446608818,0,0,813760208594944854740383292191776568203407533911001219155083641226737950244715596866391317799025062172888595128227615852060546260003641959402745560530549849028629305660242562676797653149248696391828517417078981980865123034035245529820072685354311290178081459641887500629617074682287071101665338539974910086838190783641546945601201566646580540652617404295702878809101886343096869745412115514187597941368308199844390287014178252964564444464651762872238,0,0,2963199538178026126395917437266581830929771458189299764574733278637130355639011945661744228283079325895102791354012862477281886651165716184160517211185064467516166641253183192114743707497241579739820671439741955260875370438763274792597874580484398789188423484396738341206688401425146276146714738473068297669689336823896273102151597618516919384658260071315471598200031457224490,0,0,6718531347168831888861489054827977256079874441502599112626348326573003307023225761085523155500073034305592014160998438498116836621658226955624516961405266378509960688976635246646425005057795499865131987315646874546443155269853557386869645897200003453211545164119486975710719140879187796557722610455630,0,0,9712026609792077864437378450612355621373760622523593462175232279671583411760641050816520193472309179153054333410960444452651944545993390567690165054207032852780171283974412841921524872005890214927713327720261310313926767913022,0,0,8740942638553821108085736036879905803464384421001103735773802114550041340693174450791138251494705104053728583547800643515111686932777910023188879358950,0,0,4478255775959453085341733175391431124682214975614149943811972185755198436542,0,0,1 # helix3 r=0
46736665265448422067568391484328329904123393363082856000915467697153935830448630279276815826828772367037015420162710258730402838110189990356636859063845519230728371000224948966461720127752194914961073820265968204944851852567202746728362829580087153659368090200007928916669127808015574802679869443296060562061926490073621488099491377042135145815221169754809139477539145084509310689744442635930124742945039773154208862725588499959695851978643844154390237867507142592221498723190810118084804218009568898166095207936263012739991876823632417548473537387709922474321950724956762760939949954636643643061094529382620411664695567788866378219733654731578694262187494472276921266331002637896761707475121286481535972645161973203961861968809961767371280055894945912826824416800178408162442611875875484202706689846190513329590614351341059178635562820056391910169,0,0,-40472341979145524757285639083087426465940153149235297599739606703109159073333548972004387855673175395218975948564405213685606375221457651572434216996017912789798855036334243980678036528881392368194843072448368099090870067734423490514295876689483249027869137364196315652300442713429068205199449334267842885661506387295297942790782520840200580144625145896627980636577813840231716499891875861726955705588544342042577348762697547930378137252131566215463273518563692700400867623373427085975224767906383155854144682963188600968579665067392668933318205140490629168732298484421097585812364068937656336958112532610930290620653684106665667081115309565399510769209453076186353190891607946954757749086429200828821198156901637697646227084155910901118623382,0,0,15404492782037496590213801907954143559227258014515888553939101226196011661372625911746293485661976431929921705635617359098447776422404812453625812877554986459160616272936646900901125934090833933669848439613555699269131620308285105435172033691728068628775320879949381340308323067381516292445647015235267282795733373800772497121441111569620091016859622431762898130130765124098630275555451409008633370189881952659136222780712244068161386186474428372736904922230335535052694575255293742817192833907419113900276453743140350253234011663543819442677329831567218806788313363751150618928739946550137461797925190758616670285232588423376366109301870,0,0,-3365695893547308443515345630562022183954771371898571887882512127271665396299973929663890833251112655170971337619123991837326254557501952796390211737229958361527465603083085089370043922560410563181179776973397323821177563335786303923705934009135066870333976079502302637075143419301294789482698643196188210375042349349946246736933738741238402008476879395580358876838707242170922627061517959951547920246691252397220576411144308185187135548849947590456898313510236549148383216558882959437856743566468102828793179001801285612357584139082,0,0,461678771833853306082141464327399022168637849212733991214936463574444173044523716923440339749847506665998819350919359050495197073973257982426221112597057928962913696276808226007889792477895040819649178850715225867966025004543549439623732974854485190773638902370755879672330799058773391253945194374848583391082738921928305354327820256211544751870028774776734107503327474831980759928055771133929432114115288284455273688877738147,0,0,-40712812727750289026522022314592940857966589961261470989205256879333635942101651818259890781199097186962455271847718203365913798783902952994406639607063566463756612534075338858344583623843610255088618850972626829007581672633924345855309203650919358428012079811693159228575010986696287327576627550618500962323858357411642,0,0,2253920108886966391921618893172462720037834207963533429565270138414448628387931956012869202217207807037158666484766673817629529414248440254752335445591294336014322674834393756325902106580113988823752272892099929712,0,0,-71619277848669721809128585112841866611124121447134216111598956459630922257294016247166005212225768117456884,0,0,1 # helix3 r=0
2866633136435837793259615614482353095805872837028250370869716230037176066648498715508754416477881340951525958057043634678486933224137276639111966068149653884281704652456730503735309516911406327112830348891147245521726580409607828024217533931568118825304349332033126857717926485933292652673943684550441103048491233447459506672621309405563606829202622227266023311135692209049573153574839283531609140215461158937521980876384397,0,0,49576428097727054703011849844164266357613052790080644928743002358160338284209352084560923889325080828208432408615592940164122569271308430412691292150205567751498131930970665281298787645197313795830917297500694774617247464651425531386398039905073094046359221046008291170537135265945958722476177269604011517703862108260988402067498240362881774638002490839731927542131628268,0,0,1035352467259314412998956571341341572415364494167266750143759331012545965057872867839799173827327146818861725430958053361426692988839696394115219871434947411263552443675532016331666838407865305235998594987129945378318554993349512568418354632171585202221388020324134675529812459772970677384661282530527962196634211130658,0,0,73047885498126519442992779311083015446551398492454518529216243492268877959623758007406232348646298400305236896018087944548069840910108503336295901563587154562605174497591169908102252974183647939440329225809655680313168943084245363176427704448133464086932456259099688,0,0,2018187257564510648019088246888417706374547506907563628209065527520611466587445742024998068592641914562472083554443455554508660284043159125668982702091793232496438847700439990512408660491063192883895917599645434502,0,0,26569341713478216977025335274478724880681618619624411613965709870641012895946057963119348559948430717111557471567358285811125904558167498878043608694956740071788,0,0,186135280775680744436227923282296733425002351159466970325008637039739337720106048441756030382697722222124582,0,0,674677010404258498991123982320350567051015897333442400,0,0,1 # helix3 r=0
3481392891868482705968952427973357706196635697014805300314922080432530215172935410879,0,0,-741726628566777322298105072947421328998911598136773357801720604763202169240,0,0,69496296867557173556497502542415854467786799608752046738964516488,0,0,-3744609375033818648591477818205860418348064749053985760,0,0,126795587180655435127852240627392816097553835,0,0,-2757629628119364471011881468591452,0,0,37567186268485909995090,0,0,-292889889684,0,0,1 # helix3 r=0
1513494544538391458063458954676282743486134207449802729038718511873272964436499375365023091936262689172018434960501962871849097973385084253880120548044814853813595363279509162389634655534826188296237939740989750340815304440378611038479704129396560901428902168354975869025163468389527168950640539256178178264059698713246281366085386254986368719519744,0,0,-373020660331881905908792452511370004228139999720770123095542378608574220543735158980994994085502577463134629209471877170357412168556960512396621581558531714608993414304380820525414665068522401460825132514625121797164807751388716111535844471338743348009510546971698475393103915988512643892419946768679043072,0,0,39995671919074557985282264024940697756110101112600801282892202201205307878430486767654065920400830829604341331325649004747229002150934129387692081810039241870351032445310747725930578180505773504028018172963855619079632389658005878984201012778835781111437439533056,0,0,-2434895788506325434221289829710319470472768991827999255876772968784097985370961659443907934274111447035958242910372663670081766298411332132594300939315003836607209805419461699781426858771165642454681466342022580206043136,0,0,91979162571941221383919024187412193874497928107804722096915829791240003946742569507625308348821109303073522609875345758831062549556186000505087169354309625023690097619999129600,0,0,-2205656145160356366190432834819267630341282737093639147157624419957323018907032879140609300491275117107795540303812153311948856885248,0,0,32755968755268153308048840648604055039744798690590215477475799804491844186398100270612480,0,0,-275156458160527946342659469695325389994328064,0,0,1 # helix3 r=0
481676972374190411331048622618708837111484617324632484076121003563729592979394819955911237662463640839416179877964827713641633096410066855795491211731511845605958526517835599994075685798677735487480790081731522088998358841087153799914356039699192549769824533459219226942610121266379014788509491381329446168169822017768455017637532,0,0,-2719704788694698815592315062407042886990900272369139007748806908787701266719300340903373157453569428575860213187647657338478699252635900721871791414585481072396476658236429305512005628956665019846806266002618687632930953242953266799340326752335416594205275315506825817922070425077145270712,0,0,-87326133896899795008806622384428016535265787417054756854540949245021754003808808159313801224528120854629203443028605054172024706150583107208742456287824153785169293856965956112273131123383409815457969197532177383044971252670177716965873399185218884,0,0,565199480720104260071152852223087811919317094122935170209371754044251847530993884657393817172606218520839523036102995800340702061508210618883245850781596241551212217142542104029097758741399748559190981605280,0,0,2760835958249018448233106386692842281959504754357697301659634563752507022259743394984581013889777932891393513618115603196935082623979065059840654781915349766935187346,0,0,-30388570527086163758797987630144558698702873602579667191500989871115880304282193286254710356127462416910857183548680878308920,0,0,223900277465028874466792885529524011279656134891943790370479680750996211368759986508,0,0,-431209937369186333618229962686728833295224,0,0,1 # helix3 r=0
65489780821705157192704559019698714504087522340282774541610157040232144961929071974767951534982094814650244047100366931921432903735480426024743023083776559260641263819102976746252898479397856960260902215460894040966796716955570650000527131196916280494770579717449211997828906818781265478932652158228563711581785203229032692602405569267899040812476142248212,0,0,689732259327321399192716829503452580601817188656836008709994711074128882757639962771637548325201025620656745933737213008529061071763426153156384791086950657250315368099466908413196139972984004522103643081216808880898545988663733676327521498862788081484404339077339566428873631771538058903010394818384537332995440,0,0,2356005967732438715051144396173334359071994018993158972794185369129995548862602900393895755515819026774501483049534297411005409877648057096753793947362021987794100893714058766350167691469581299432607915005604709183631388016769992646043995760380546294205433450398051504,0,0,-1504786573405692852881654181654548431220599699042107017160762029554963216385698856013515084920726832889197133247335492167764656000956466392709198550966681306495827938143205939659818506941094023027295079194228125378761094772,0,0,-26918149511733408571274253373169871210388751254306194100230596402767389883811227439797881122980192665931997810297774137763901990539698093144466921709329276027895134030031769966568,0,0,-22085632900579195297862364651876934129717143460575317433455205588839692822624951543028689544291397911006217450208150081651744952332436,0,0,6843601578544062937593806205281844916715387290649685779167115927782077695915272505811916,0,0,-187070058401531519100031912990339419574661558,0,0,1 # helix3 r=0
224722015061102229047090998750667148433249903434067867757550176587681117964770403135676569948760307778447770935164508372781775471042199069563324856224227351460228685936154382051067952918908185255621615944059193218405686324094364953712334441132710494837080890483625444948499773051119535067645269275000788,0,0,17553085938111221391433619840797773703002621873621911501916959597010056197595922151148100881535342161272812191550366751950150451894501147987205940819014422935920989360573034353451614635985837798804666569464630278246725117676722785297416792615949424914596192905174528,0,0,613864852112538138960647533079874926291980703653696417449183141384506470405044936850579807238535742824106466185380261403430351130890733609856118863163526935732929205899986737799756538473527300543565409988033378852646745251405912,0,0,10496213401159768873119898802382327256471339432791037318393397556355064818359708803597863317789384911382826070945872426245100696095305282498297474212813579967473865101674508963653351872527224,0,0,153739561354215097624970239434749631716625058674732083482611768865955081041258319957750195970956913127762532687938868538277100964742769288923626084944608,0,0,2131533337984654949062344635979677260490593397342302990740830128896557008983327082748977613412307940326212019546232,0,0,18612900767037648848310764390889437479811713413592812697056038106594706947276,0,0,133757066958917280182194413208946743052,0,0,1 # helix3 r=0
158315482240323844076444538606138345703454033430063698733733069315567000908853423540909348275256952910321059576994277984801620138276867303173109376571485475368216382174467950651137200366215836221483942773445637332112751311378230878620629946498691279594395081863559082823429589561873060440345644424277677353945573218915523248492303728967053663110148511575896436538656600013094044787893554903110710823961911577626283483578196967329124192198859271190042465392439278653156637251616135034684782672831643766630245586781163066036802052914615993782780874005223119432330945272139141086890805177611735724710771677769773113769756779101061959067081,0,0,-48372374766735583721950173206050237142016178818170884271018821473555669808523625469593308628821016938890346993637423207672584255891683433826772932085214000594687899671086846562421752708267260420828104227008133761986591344394541473367378234227460370006282065788050655064368132949384649147401063669489710417988962705510502604503724835076427382989158932564379706304807286345331181398527720422708764718763890718052909101854870997598474716078562441212839687245679628691677715012953498210457866550498169229147885531759219154239653696396196289192649399767324430380,0,0,6548810781899250050062194182535271826502230426194495390429178430862755597932325448433018660343933080628040499033290404789197154498061373167136217930331524761083223003037898964717598458244520220974736714293350351455113757004251285752523740184208449212594294559197688310682166730787622647996978923682539214311867157211732381615858839227440573179406419534797968922361660831493072783795087170727541186927044839000589999019229347160759337028879329324121831667001765084012467374450346,0,0,-512746922688975851537599770231042143019177495028856263598456218197461152609508929918149109932201193428338060720686267645767438856056147817401765398802870262332049758245718952145630824755219366782097011101954649718442132906436875760351195162170631032834644871569552667036228212533616733431242029087001530693687507638239580370173294530421958180639246451287690682851114816998441547556481122061889590300,0,0,25383639358573542330499711575540745840493266773048511610397256030638438858397116153073254511356588877557373046315616550645037457720349597036038270272684552842396496264752899801820315035664692486553239785115884455092071033515326868364799176408691252088992246830689760309277080182468536529329278975042274921782023217418399,0,0,-813426400714100182942933970939660369794494278573846110160667990304595892512561292146517336835546216107243435445087362731472036847194460901824732494128241073171106879335589038866330101715985836387987043891764080236815498203463738817176362040,0,0,16477008183613274599163884432720302319119143996150966391155451470009016671326223223495782302600558173758948743511076238938554449459477316022995720490308621472916,0,0,-192920762428941579909824390958379943877083322201023351959820064969442908103436160,0,0,1 # helix3 r=0
10491599631861719604287279274642404867573346239823644724083276707092474817409943580768185833449639521642860232046723536150568328298392869468810358810457610550570583976982215121213595928299983203856179669526244310437457193424547360702427167410547945350894102522296890817572986865497758420203279971080015618042723441452784397744206152729232890867319966712214915825631690911792288809454619863498989893716197284775191191391510052700277912092185396292590699092326411020857092542341029213306369244130192374462526562331528780399779981678706299305426305698779253672711672127868880493331364384119658840160422188,0,0,70279008447551286379572684238860341878367084750243075381000384441065707121776484493365825278795429839349017447896019513306857482066496581246024394178768293160524408728638205765655744302917842689150844574784453655058087691287583444646829234412814709005171219733832764266856292414760242330539256518344487391267243804371580023485769841790068733350123779126960956549152515772473533414255037956142266757434929507673733187340280932129733973057774021719929933135558030896391619064021475759408805797208302760842307571571392641063614920,0,0,200295917853242516578136021547823020339075993032460011285653943362664049476836321535567357317703178996528530322907542906680437201653092278691941807671746128094906188445174986926416827221271683477226042531237515108607858700713825472956478669313257223514149574311112225254480980441948115784706726162370718249587189911618143413405132538040174164980288359153604679526728335125496217839371225651324823706266939051427139236209776540089245710793642208113051028,0,0,315971717822622922315976744433235161043250305587909371947130331253099601660606302249850472315542273473821449254393491236667026794732418049977710482123084479119349573008196579506468802016963668805465584992931194749947653814122243163887361507307426885336439409008423805114425187214977707271946247655048332206042716895794485684208774754987038014387165641561332169328017563487387840,0,0,300669311264919952273796695778308829988917623404006437126511374472512909503690022627646478490216455827687243996806703586972549047458607548263534253608233505659032145678047314291901747390114162435227349782327350141331165523478370443166498994798395669154315757501009954833579771716569187935742841733987254,0,0,176324968922124888661629376376459068659718595156785381548682035064041309753119774245398645971309734156472187339394475676999297351401216100170519836502347789778883511627019815648314233592187297490393825194079850928240639360485596,0,0,62250172332453070735474345640439635523277773449352984994929790253969259902301210552376142079520593486491411721176666463403117917132199034385479546246182,0,0,12122315698497801561673333230617274291927705058695793950649138920806679650708,0,0,1 # helix3 r=0
4038386057010645286623101683431164452139504384199066009624094701044356623371380379343373308341319922401426469561134743819351501212674968337296508320521637650758266588708907618823014677315966301890474400158539100400510857759655372160882840101857095805671018391491312227003994812025514519144333254433925970221527356303635086002498111542575594244105608538815585031384322627389183255810202717984359392801033736029944817190079159254260767426703055714354076764633771982600382470021034130384933280734529358201578493493942211149479745872069824119387741285776058453174595354624,0,0,81398979998413226583401446669357109132546434503995863265543207735601133907163184629155003269877156507541518398924406809532608514477809123237688301972437727753959521765276132247937807810413990318824685765988131552473909076482090613534505788526916541237778991214832294858897815965503503208397583229172334671691358953865424686383238136615355751537439321451958339179400130723367942528472054393584365913368567782872333380896906043249561853442181384168065491743462341416904461384921047160523496701820928,0,0,-1012137885476858844644746256545877647984051619916277751972686722675591195254153837622719648781812051134057951158551807510362306680419662196322783172476794956786492022032741826217806204002390624090897819621112255089525163971174113015115744769149519170225550561874299666406641252933473727115239533976836670706279254049809378068325942355241600924343034240103238493739081078482697252734898100088018217454649513767758678440013725696,0,0,-22816874370386173738855494137688419461449818762576591208916365232881880090710305123324175194240079759070174272776108676074566001175667485842882972298054649274862074616671605136351000830403528345708126871078822370204397233878645544826074202069655043121512530607093712106975302520752316959337620035522580885411425285384865060973252001109263901569366878060544,0,0,195953681092867521084742492975464015166532686897609378215718867577452721078769372819847638715831473461301978425768019940233901336790598838607457904418947858388680925415565484461800501231362660783285206688721016965246389235519540959909450012939870858717305754488339334800759472244391936,0,0,2709296660096071684226992375628114689623346670405842218194523795770025516840133752128028992716435050376067080773536420654575892082623925207012474734142703390798665939072475806006844472498615580507154184859218345984,0,0,-9264736959581678140970051102413023901006406977547283598730417913786219959406904364944186927540775055749202829080742202184096799132377166118912,0,0,-217168193220813691492436881144472881704267663849323804066727633526718464,0,0,1 # helix3 r=0
183045656806696706278554010903892503994483539028348872249729374056249790742542709674863885469242164698460730422559176672856385583201564531270103590057237676417352159989222748030796326739851226884571194907096328792926145090193321557985347271554668577497885337420676033472125615242619969532003282226896398908790004012738915698660795742324533253958370452867616823403309791937483742833251459510819001322453460565432612895766758941988779155868225284504539903527400042666343225634165892798682818809892222697268498163381187005107759739789473323468854750275557182527539430083457897997740877318412935263446763704203021485272307947796988354135893222712767031487086200929522556345082966989359331419350541214416504158703773184658812598628221168795178757221060852921558091900811752903283458186133266463427675801300348501213283290250401582166107384720739714870521,0,0,141208930203224763618820161096474514607071066710767253152597831102126201114011638487696554651749749176882906707683752975398070349776658015968222169709366095821935047957578340903130720971330322772850683481731848470156375420145473397774065806568501667514633760993105275188413425647106425814244862782539052883807323983017442327995428491413080581377151872215243568869145689105187476789725812632940732422332698138634256536275443318081353752654815882337128233908840455637141440069964941819892785630960894588520264277765795905626007615442715309878364183767526103952047684978990217913693495254277169227039676589226322176521778390318324970047274237529896051615904345810688799246461271436720327899423244680924703351537889600058084886152711860709649870144,0,0,47093991022734891434508109653817072052241263679884995114405442741247886501112274239417499861776955750876664558131017372446146554883779793745442243154740234063989904092125102882521655946289383541124811368504586425719215540476497443375685232955046931532854348822885780732139852406623976626117102082226603938555731960578338068027600582746680779013109989962838072576702212499247228188126108445368171254887942679592396969541690053482204316503757588336050756360705138985146733303224192181472759806704884474171621443771527489631429262779366147910301122244713700800070357034746154047917108741165277835005206236087911754638710418545932495966037486,0,0,8871830466645217977313423467583723691475151863502952166435007133839738049217336754085132415702541169855412628165203505164370951564536417463869868917545743266030103004978260113935696444501936328778697148546017249378603051082479484787448414971022784322231575904555808884277497683589155538525456258472986274371059031171817303004447039354268873702639449176634608866991930110121181854792464105456818694238893441500087446841467559667180217598607069140264218246237906408014856184468451994435941098805365031560754301486454361181926482624828,0,0,1032980191363713182928399027830766174313799853177134592002780043339265133118955053037847565207805162145980554237037449829448875290498269841696821579892396658076627911790398548576013371127950868288410958857313914099966237823363343261212187420221684028320416203024024177224804380580091855939121114011615968579018037290815063747217419378433015950301114407085136480353496323100816026427222022346372330264449971219036008596980484219,0,0,76147887483149804750361614522741142563930439516864614001424821188422354258498043243860541273969956121804893363374581397527673894798013832114829083356162535393328000228259438830543685190037359496442076059776777806481955836197969373899486541884349616379078356169640269941104129880621966493948260568659120246844841718983732,0,0,3471737490321214186635620239384420307859692706270908942566944790042841202726538143638015119278808312871194802242273018786998280574705298542137950724502400486005655699579338165450511533752033050869665032227673197682,0,0,89527416536297107128932868681048590500528140605092364806554772001124383082555664901560110707206907185806780,0,0,1 # helix3 r=0
847738629110923692618555418402126718470444759422405910922398295147054308240762932833819248160882500316689907665045346864609381951508311270399999886262748786994004734838249053402329365400929715940399846535665107419071176217158338086484164356128616055754347935302329179504108588390027960772974119597423316066775404561733094862262868776968076610369890000185876266527297818705491276502121071298646108724549718659538303217569980332194091696335876230538107789067137643968348928545304338780329582548044935827911718664748630108788665257985245226457857413685306917684984784964963982038568395698002754851383969279743440732973640648007944247667690012948431622413589268416482920990787531544661839002580195274463146702425718561396130668938835585117869214788566047733803362583251752447943836074426091268360114732985728393311562010107762554269251355640768737,0,0,-2919558501953741947743320608069464772750417224832703546204585381370014310300770603674910594144940616357953671285923577210517405282303120939522738941160461328283778378794232370528876003090610199829721954231413800690079341993068569848485456328490788958192539840990381479018347628390257886788871247592556575004805869404834663659444774690852353223200499214918991795901054153241683419803961920333397646398196062450372065394006642377406795373195703222615575002845266706728727553353798545981000968673344367403936295876983249487359420884348085421417704914427586768834296189002760224065214400615899660590267791514732461250615508284950086665061824305335873374075076336805516641075773379014543034841776895252281905451056838947467553317348138380222952,0,0,4398970259507021833969276616837788311830100935327560679385264526223641462946736326780785916275556649179517060611678609228867619670300879094014664662060710604329560309974954237749268417143961694090266447324180360815111923726063832999961628081079454092651642079683130556333372256064372102599253389283547453531298753218390865715639036064404725690907412610843647693191303878946522246128914048729409374653038864854141829320758966090689361361703136901765507673635078508620707737558974784945628954728172718973961504772275452950898064841034185093848932342587642289658131751090526668309482387908028081484394784167404952125279779961716186459900,0,0,-3787454287975742605579273930952281398795084476508472217942713055343460921495419891185876920879106296111386090901778459767223287530122543561043348271725390474330055419590851811267281168403681374530697306801800441043316520139842736962187195936111193086148704651314516885320679949280826302268289736325076580043460284333022799347851555777370429578598210717864594295978690285685441730292558067091917637037750669638073658626727464203267449303499113205017944714639654239418898571249713135660774790473819195064996848662072652448669509464,0,0,2038094756950297609916789017298506930836461319622895262223574671552143185487473282842824497785649158977021152252273886727962066363592727515646859854962614019695798422743550568050335641856973601300323770672463408297783297630165354716846644109974355636893445203228797345884198244896277341423432218407179465865396375255505207270506468437323834217684905275004064112859655830570824026164797289160524473762740374213715921617300262,0,0,-701910759071494021152018158803251410423879979045455950208826368854493926305211039057730615990960696260345303485746921184313071082085046032490091098540252053964958732130335869805625488955688775490807563796015984771479150547806827947531936507714366256351390986613456571664986538684733541407577906183332128931423698031000,0,0,151084540390130874190217307163566973037081469509953210668773893808235932316861247454585784446337249947648073417344019111819152839429007367936165334057506491134484120717824553534776363425974726065598983520742059836,0,0,-18583208178941591558422299964966772010756402620368037703606853498975922428504080816003642008071025262513832,0,0,1 # helix3 r=0
7875788362860125129715408923680263830372420075682152072684693437258339524065866331852650376758179008918544905699646255687162125294984240491515639585524336769996155904423192596136276644926987061727471473575527959499506396830399982480885288785556882270300017540768240269844196715729082247727388892189576367050635328691532871491190276302079326620792061548645456588721276212485761069745685104062447634110106378886672151009523527628972164554963284658273163150769933563586102794243325364232314603308175952205142136578526776990066325698529957843779072391008082197892627387260227043,0,0,144630403381405876484231914676161281434627730651960292777195521106248811677899838116366771911765445799012640892228673708275876805806135726079301986389711845505331640674050704275375939253870233969755082093893181506176007270105362413219581395586333169194977186875752443428906103099356553399133833648427757276425575665873219406868693879899917537194391625876309288155198305106321005740127647507096323306421797617477212959496336873289149339158720136615981254798554199453414520639771339363683755808653726687376,0,0,1076290154027102792299074012330928556367825774102612611008015987498634253746297196591486806376989306937367512975806453952402731778957284469226482495683492195582773272070601171022790907564336963093159023600785869153510951968906977175330072068421273378692249916038804271840787376304446754309224711273497722185877891204719314315360019437913227978192213482466686453503821403193381273414570449110541979014844919459600885927952598335181626,0,0,4349943870809703168608260944252594744449457035432483886090900600975058809388678336135238504059549734148562618179135011948477375955129462044934454914561982251231823414158604354175222341696240571552858381453340273684045993992278895881583630785765287647810273045478860394083964021939862615751580627408113479155262837107641334697022024866231890751270898123948013560,0,0,10621158574011472084939977893019469423325291566638089337156162022313827756635909323360378453307024798214089994536849564260110267479377213779315021561720284089850560235328473961491059616329144874829316585013446397767374049331648741674286967179561186993637134569942118041883831205656836381772,0,0,15251299721510217003747142444578963817356221201907252829628113539181321553948401722843797764616333060507037182300661092488582416307403438515986039456324912335674562168841869759197573030851232328980521376824331280032536,0,0,12551454291284502528806820089466638664164440219621415201987593794509455121699687072861006077081337725926825030334793141122250640132525188057695530,0,0,5502984641526875376958549323931689474018439188497328824395677471010929648,0,0,1 # helix3 r=0
2403707685813089330167649700487876770813012027586205171629698767777762286631262111081906387030267156416379645639264210803077053168930639640660564020212493075024135164849536629654681560899852230766538253884982513726047062762504034586807242512255102875555502426248952586878297462706737859345852839393284977719906514045986109512972881263467760299770524184301187362037725914013696143275478744120223436973891178268216640732976412847644335668480088272718935540985039522171485148094608661691056837208564157422693479072131546023715368541937166920171769825611683085908860650423455417023897224721632124940681440636591864067483235905910806347924035187467933698841132514935103518947235426423227984365692338875277615395840920813305856,0,0,-9629025899624204155504423901153310181541669687085821718036760396601361709859741787401275483502173213037628098008566597263165904897084749491895837111025052931859987348499807890657605682579358045644956843098440699864638203276093340301456758634810685731069169204626355461685805644499394844800786687718735318489219250953794938997299747011964167212898762908468883566059199745441507627557330676105788176540691676490639904395143941473661634402550485074287279338058215707577237973732645107445735016706108900501432341633541712560196779158848807233272777140918489452946152519646812117131608451642601123191768293874273232705748401325227376640,0,0,20959387233982708007719085429703214395168963195893033644147811256981884521171655361933595182278502862523405485483501942463769571543438944785322210761335341820631648539412294442839317149802165653787989209901587451825950859126719831109070304872132757771342076780705651060498421398291388172140698113415153414219589345985012309437985090890098183525551041459408296029434844559724304321173188619737967419587152394712110679469417381514664378740349263569184496217461774302648413467403734517947207770274010622842137694138384007595461238760913779032064,0,0,-30115638113293184268162924939694114424785206711532998949388279647091816265227841295565984122828403862046541134105739063886460900681325644758935283095462745046120139535533041515429601378254031925611700020748562501206967259431965153187113156394354377740564358398167461416137101529747661872310118972621917179479316204227615349982022811031427678256657402648389416730223016257656798795489036759605019934808476586060806388733209199740558940628619024662528000,0,0,31519769926858998061431187861237733752490692300495124644943742536856604939198585833050306495817116566850827588872352542045978167706399396422982327648263221926675241224344051816123977905039304592942874549209647468866729353049811476460069146654246540879053456631308419747803945467268963101844094211752694498088066572433474126023433823586651679838119590544061497344,0,0,-23899717344090931189000606858349640872711338556422598801151489173840127979451656708470175803429989309137567458770388711271815682420168394629653913288483815812840909361657380061910653313628445107582271354603431917973008747049658902385828555773371405555419955685088169033728,0,0,13149299401928871706899550774998287982323481634127691840982993482084749609379920234002130275787576317173336798644927040047959689399247026209829428517475791375003612739725944516771840,0,0,-4782242461680569846857239631709316644050441158460039142676920240476936325164459347186548736,0,0,1 # helix3 r=0
647269284703064149529074193938442901420954489749415103237986806733063458808535795424512883106150134029420141587093720186984014052239670880596256973521828443602836759641104044530493466934526301103467464548836019128393139583233777150251527442992121130857534623366471601973109005487478391895197544076765034390579663556420527618792070028363405296990792725717319015447404576697427523958310410084868853299868963863229109113835967787112868714658994480008272054153483409086362052850075335610012932882068597567155989925145163563007975888416886308095606471930174062415864763853426929507310021661337587022222380302107601077624370372922551454713676524576465435196044626920495723636233394946352195935218041251749968556660340180605795651981629312813065088902253915588486019889418501269456,0,0,-1228433714621711839295557862474187734996355136878126516374328917835361336985139036587071497361739634472761164017107354791399898526412430561168810022643574826656428571127664382703951061871496273141970266171988314923812201091689054642961334547605712843020246188200300873747895383911915640046239416495797878387944443842979497012168699472796702087204553031710000437011957363775567922163391286168470235152878547885542964639737115568304519009427189149255891937112296494349297660262488877907833686428140641583740401318729306808321851555583035753552861138439328546881837560312522997130878730937757108297614842747450220752005478054629616585649460432387170932322868620108419722137830725696,0,0,968593459575612804011761961502802455055074742079304145624663138073039450285026476041007181646291904233979335001799501591508391234055948543388361380055029192161747044088536785016126445955241691940659779786454244475334235955114968053138654737583910138423560030439077793725754605864094739507711880633560773735293958558141498876075805431082674579815433343341647572644759124757971276971546075788140692978316866003411375532965700595155493248865726450599852582865980892809146743361370532718777912560009010431215369148344376286844911059928747150477318660968073539063732344971854897207562528,0,0,-413719363551741617487451789446643924677826319118491999163399297960719027011549139038855033020114530275357539956564710639136600933079899217371573234272315135108502466247160150862307142620117707258420395558174604076317321335885351794773715043832603713745440590958575506299719414291063794061195513342694769217831651618113171175963463081951790668881306378930207379183694987560307038704884800196466580765158915511390490203634832088065576855405739898663228948747655617686456057624864686003680,0,0,104658205844203130372305437261330321349021177059887533738146114230196307116252315953145036141717196582846807406251032594829000018223350862591000656476461595003518421612637754630413750759119880846285535009970957627923366553380058004394358431567746802316801069621451126527446100761138858566423101487981037734865738644400519620745938349852640704342913864053758484873411786175874551620720649032,0,0,-15423282155300046020952084508518213910255910745486976554641497713215338633505517747958730843924051472615823642000443971957216583736431557214305830471399793912382190074416452461060458431208017388331748080441824455933478755694462125371569734006142076979089738854333598597400928997669448262569584,0,0,1286404184602924931966905837781407855769104287652790634447810138199951102879361696687214137036192816507418482842495737117475338557649711520978180970987216544326122261905102708114333191987855212328,0,0,-56207791700767777168700959340158574676005464755278070354432745611385503583288918123185356987423128,0,0,1 # helix3 r=0
551821791139694719771612802122709554564759112676209074837136790686229160585149389906173656660261718842800511617568195378570446368318972912573969580755343451155807926989766056307523409915688563891316966864732655651628458895224754536417557903169589788019345337989443071944687616,0,0,171879538588292642293743142565632356455539317909163634385641267830426007638263130229712402218806532663580464986375755135651933956117938199795148575648092991957397560461240508278756192644182119682171961260996971211587936144479174011799130341376,0,0,25851840272398564943500507411144334065185865592559462268473014117992467622053750873732219750255312387398822467884087725988027370765416818655196857371330225167271892140787312437459682190069702639084895954010112,0,0,2196109859565031971657045712098864767753129102554326338586254335758579896188375086024667567151101986208824586237402196746491848353967448942879581837639293751763996064687849472,0,0,105451559138825978199125944625215077910143846024224337844317517643820702207921710799791278773601844801213884740298340542364205325720926289920,0,0,2814150379651580253846274571062406406860073500760161885523185142825536574353771960411253795638286814806016,0,0,41536962543370641997456439218364523258568480952593519930117616111190016,0,0,319022206832338429165047600757342208,0,0,1 # helix3 r=0
21291914104680510495292209374513385345871473684973869646363489966264848857764854975753441691446658981039259916635038921472639374289226706298425768764018053228630193754161588440959978322867639634469956168845322548835866593083642960011323166519321661599029264881757540210065138663816679399182444817264666878821740370136423974123984446567734724740541150287350694883262143586337261709847336511310559518916717146313691587562684767708155067217825423091488769392246835778032011643422128930148593735198035143062192128,0,0,-13543120047004883014138149438501467120949655688102354188199454966695639011253231243028559896908995494272175451625224795224291923483505853206225532556831246712277879075095755392393618509242502148033098887934354405628530491962973794607196193705659339638325760020689468409333424741747830589471380773993474064279542313005411953482848583288213705915693321415018398899182184243448412920903384572714266874064759994017934416666953298418644501897465036800,0,0,33327121867173191935395638425113281589398256571669102087070153381313856128015880227168487985305520049100654555727076399064668815185602345183249400809012899611259858725891941783700953169387132751388511965826157200541768242692960986502982336189681502259103821989263119658220928693079867114004589404321805925270477078600183756231932930958156372381760189335892561075026832409358984282112,0,0,31642168710832028768774387199765033265266759528661296964022297951234601312719210505721792511520505893483908129494932105889799888114372262021488762109706278850336452989805124264295244464009203794189504281656512495850309475691577089376970566033616973746358108144178814983474608208430099122218820304756199588184082983419904,0,0,18285298859554576268714642558464617229305347085996484418021654414491133882148059903682862522336818574820834685551860044667014418577459897612789676114644232878600656026534600573089641265578229753257328614190869235214580008311523639789541563129819476839628800,0,0,4928735629309575009298643720451571589920174003340851422490161216997312880349409242552388853232035762972805374971471480269037113126419453747015921607647176974034752692679608456584466107266498560,0,0,646118330712478595851202226993898696095872063659878266510589991683452242951739506667980829457534468802277560449808777635304570880,0,0,40794431410924484495953140176029725594923242622816737937995071488,0,0,1 # helix3 r=0
40401734633760104402021749781925045327304710398692612079960851349183948150461071388371183977473091372900970273048507378572506333624416116589803507889290868246295590572587924191080673829239108869646466167110091358990672312138380954947168147922240297676093933172767002225974990436162153567902652148732051429084326027100324179801376169532090115777845580056184288993109520173681859532615329341468605522798751255334319829698756791251274003623799000767753023465675180626898499433452506857990152257285250373615185190569447147445998179966108864126853095271707958027415678827837690294269081410030381247468585099690436402462424210552922129112937651166875152977132784925158077280541246658145130994924083038187189987267220723808685609818088201917056439357402346496258080788685455481302127827912102951007122349377359678191816832612040704,0,0,36653758849650265704727838883926449657968023999069160956830601788346285692318633084239319369879889594299522793180763720516287453905378614632626706957334832941098507042786076546503581852413181681428655565774683180215615631245064182490638396721501660750102115868380577461777403374983154151383508363448532615304092051273153686396847934212887026673381252835712485376240358430112041837554882521044778294621883250167539428253864668578891913967906370193662931069579871649702457116440012052469592485924290761381474752004162321865199111417581643795377482152137074311531184818102485335089120876494783351424620191839226592056608800613387827549751598432270843365911008246475522224783423603900878013671470370880607358063074175157796864,0,0,14499312625744835775334834182885771091831914173185656463200494323663726866671606918192702972702504078816111652040276799681808227410744117372296308088410454112829061528362765916146492558325274534481832288029504291410170801127400889791842383015186233694103283807026418404334548455624389521090670300487395346235738271844406263666723114799457716718915015244886386125824678500560910020452208877628195389597345569352877875091256055337362374208434473453883887542203178129685174567726928944105018546331620278641928532047995556820861961115731196628599109589721259107528397160363334338856489227663828927719049783837902022127910912,0,0,3266002259809219497749945615168794177486050120812581606303429417742948036927779277092731057768366001416510230685490310151612341691249044552576672609001224042904654889356255647502411370861427268158073208657961022244011411229178903119326556990395267759246189594836312485963985937748951825655062881000764188165773725547602192077678858126423356654263220052244773342233740369603163256430363232410279695741005276235188148236315590472195216848434192353302649189690864906646316922119422005650028072573660645283672778845716480,0,0,458140625238670430426801514874450092619460321908121477078678419569726145466214928019213549652933505341241879011138765069542378637472116211409846885247452190935746293916683303039277822329901932251190348754530756949068372905472339299620442670578529496387965116981023155295156814946358458666893626001835948942500830608151940465683213019434867279086843273717982777425161093025148225360616028505730326398521039072002048,0,0,40978849752834346752831529008748252556189828854100074804375124621535509478813199409169034258623890815373842816972470551298503484997206968529260078058351827516350319633135238650871946407777627864054079802778603305284673337636938228758309884887855348996023005734982735014999903252624963364780451116218225096916992,0,0,2282317597363559032187395853702561583074589714485955457331725509243883407967996669561330933941063547209614073657733959933857705227019936419874536846393530588290067013013134944275192182582155977862074949697536,0,0,72363201831670912452216795321238001008085035625826896609245511748979053438123134388343674519271174569984,0,0,1 # helix3 r=0
39492031394107751565096915042701869380690639995768047526301486179685095552533412057929114856318998128082191052973793976105350017413328590217509810289489447486260926847478880357508619551367889798833740166972112792950698792362502032612055049847000209323444060982867703306606720043394134249281201878775068697659580512328068639646733749805440977443471905353981274964424960998651928030833236479219447727103217803446288386975900858086773244474017169394810359,0,0,1123835511984686277309517253910540022140648021015225197132565378471637200738781612008226267220508083943976948933237601449968354496041316758823368063104636910409209308145784782415618768809276654022389999726983775657043328871315844629749912914662835673633908289636486223565712779040216330022272355664548651753166523178399082473415597262535562602912774385259994879257097877561842542307407339440817464,0,0,13989369073575201340031376776848817150739742845858284323628955004772631395365336680562896518070439092599809162370455106195591902205024453696632012836130558353703139399365756256712109584651252396630358460166590859556229284759821052110681257447909750974124410608793992181599617218458757854160070478412617497007070522392312237461561654708344556,0,0,99479320400649199603556339572178482811008991244098023774575331269292126757610837441773682236559291329076508077100711616959297276376949615045918587911847053352327259859009252705910754465850602901038144557198580423921351567645979851607871227525833612673577295663388178002564271192816152,0,0,441946518842950857584773350445185902820557487438199066982492810612358511235565018590609010162044547534738889501461430381987160079648117288337014265838293292528386365642978206278143502761163909006842477865332200282450216760671467,0,0,1255871209188628042458678150489115139658142361716929029948361529292301300906036727573010045219655014543595280334573739019460821521734724174213030682321953108202932086249108,0,0,2228880104395909738271265151334657883867745139070669225013318144101889458784071891473215168218221632156670654549156,0,0,2258373368031450248392225562004048577951542423947568953228,0,0,1 # helix3 r=0
11816211096927998785702312028055587906931266456101552404836985863151617324876079191592704905396940728833698082447027742125375610040908085412454337887817597666819985005742974947999615152528820659965047821592612806061651847720717305994283264516811271147968368426867078453888011003148473537089079511330787278409395142952767014399174941453372517786524742801176031353765869868156337914427834128853241144555489097863680406670111881152382208778355931138089227645577098998561210794834132840062137907928693020309385991543542746600046117538339192750080075497472,0,0,145250445331320201974604899573084311466068628211660911030556682855883702661585768645249114182133903263786614464186692121877451165657769369355000670160129181551079853924012178099720441748969140496919291624414889571820662734096367382871211678727256751990300067383821608196469263382021566863625728338837802955059454972336282227878746171302663407409493525417745812273369478033619892693440838307861313800645534631282664247509382765256925948957193543748546362499651826738203979009157496832,0,0,812794727326429323027401985058838518159425402593013014840682363736330504188454454926616710830201309006814705522689138127959299788605617695167605544339612656321081528733551430567256690108066742307486279328633025489918011977598050027889421161070294039224938091493833284242740765445667204763213962962563646898816226115025856207554691884765845016675651966370601953245483104262944058479401072295858944845916007821213696,0,0,2692592706860362695996288926592520586968537863812358652561081122972381646950866081913512411643159159329467165878322931347717360939952206937178913626577254753996170249265855273447420764444384222402339429509391275017895655320871361044851620165805795825828147953233135127164619604810605204337352601113155539147435109842877570991238933849146344341504,0,0,5765349486770795336781656204523174173523705420537056716967886595082601915338691754863949351964687133434987848320309654023630955651970736151723455633558721476366765689172441753785172049933502883608961552315146582076323578190633384025467597991091382795335298774931269697581088768,0,0,8165745106870373346377268427629972233775949156124207324769680160211106314218740446090866305140519541993443124089694576085099868680534063338440707145981091171791561026640525347439982693054524092913748608548864,0,0,7475692325294860430685103141672611124944277525094211211090302030130050749042920034839837757921482783876177213413451963287124106604978372608,0,0,4052065102653606345500382338542516159811166052471082500626636028772352,0,0,1 # helix3 r=0
633323466286166139056343318665238317114049536997434883955689524856594538527616280595103554855084589593074906358261664864519393000411891194552691766161975004231689352113647823393935139420241282179312867361528121326189051066413461466122022320402569230654732569896573918524732138616583669905652177592160014613705295787769993093031588545951858396337103506935032629736759697070180302251424392128931506191530123208917875149280862421720945784858193137089544965037242554453204311770757687526448598326211338354974344551790359131973159083266654143232,0,0,-136537436572997170049964603666786573164131386568021503874910357237671378125490343395246573549525647587470078665682379455733839358747754780896859264920338406462890127075333053950279809572802498909327246062701656358669140905513736088154369024864494296058463197179562201711189970954320895546341074384217772763340544970923629772260496399828076367017792773315120000397926546475784183911257706979433534723798672740880968976006107723726139108063102441839727270090698730810227035136,0,0,15235481818445837721548787167692112408243370804553740839036275557375774314557610587897431204364856053179948309680181366087236753061633411058338692454108141703044138182910586956169597997947748067825909861337196984298006506026616984080017521534166693662472518904097910647882847277321394309488998485228855443767770926759549047863620906728902697986056631419194492419131996426194149956799350622132917837938971776,0,0,-1046218230130987971942909754963067230809879117997143064751781009154108227630457159767516538525551117489253354459146943733907991885876657793618509502534061674532381139772699321597772242335794207120984051865158912945381832904387046432466154993675399187305027799451094791043133937603686345479718173220318388595786502134608004350004085920162688,0,0,47309854016650669990701437518434016419785171444395206388635896919858300231009392860149889235156447412898275743291692909136859818895351097893605757761595500561513503238138777400956071073614874512974143349813089347896971878102830697076793012568912302673215980268426073767360,0,0,-1386008860705176405634743758187909525167762444316027945868498248396649224543801408659203759247317068680126650821392917476848367595739477148075675330504679930804753971331346152132409750489490025693504776768,0,0,24798385920851388706530075572777191160096185215839841949235973119371011962364813882717013449328614012334086622513328589267907903348517496,0,0,-243472940043302098271505974443415045676681545940309190674675524779272,0,0,1 # helix3 r=0
44239612872838388945769821325817984982685474157219313819583536508692180384273564339135934508390120727477496144737842380186128820825352015927397243775148955124615125925888,0,0,68484460595925714149602719365373537359916609669953946857058740682129361000292376537731846839018150584024931169845962577376690857556154843789740998656,0,0,65410412516330186559636650419427957516382357816924828799310745950938065472548032185214341617774558886792628418094839930336313344,0,0,3906304860467730929951028401647226506223170301840521747908546773807112481826149153743647009039179831050240,0,0,-12348204263304694852824627982875436703346530168542800443134418871912937914634975838208,0,0,-6801894736733439114270896589912598146090872996470503161852854272,0,0,2419377066615780165568321901259329403617280,0,0,3407786659953311219712,0,0,1 # helix3 r=0
133097600744918109368239617837489637302409397153797015409736895151649858443456536788557625271742555942341031099185045811365399409099992732965409589413887913656341660125368220460339227853732909418247952239630062874186100798477749121706181473745610497653915940991747395222423707695677897955653635126979370310413512664675290630232822011167776424527172249567978237696792642126261473097980160644314704320355787747098137610821261770970808112639330534198994932269039463960529817509587239665312420058488823393052778905874253728735798758304959434855928502464519509106638623644599530152444952754250131364613009160269490256656861581558136972914463365249504347206103337836017899998126538752,0,0,257795645285161667254313025755169169215446111784848202197188004415101586333446050855742382615153944085558572642351266600400104424798671609786192936451335362372483962467787799442526735867627886495274480788350699286418659493506606257842808337549266390660938921582508798190462531739693633501890022408225060226039029064312204893544121237752652115082374548861736169406326368259229105036483046593424716634384064674826938594649359312021084055175322281476125346398423806546266732342593880133477219047813852632206914768583554529902139773393102713045286923308047344946892407861353613007347954066672058368,0,0,214969413758934361695553109590735888055390390081817379134020294775750294011166897668662834479316871609035240556648613857221181968178609004861209426717377428526038477928416080081313443999896593608033975147720034477022445088831648277034209987925911001650621972814899113432605461596166641525820222168934199867976915785056353174320943119159816967714289228509701348572277025855388438846675774700619823109570314562593465175599015430015907212499354791595776393716377803710973977780943336565637492426296774148218683392,0,0,100766794936222344566751138063777701182108544513996593386510634111742582506212083909921047764852158663985936701368140546307409230951529675039461900193247014111062244887566303903185714777482609620260435510436835115515635977584116294396257281362655436097687302261232720849161584525042663123405305370409727796029295615713364213556907357872512059792808981637528990194390010721075443643590209854041640767959893770438102219390713856,0,0,29038598779547547761306675101035388484212429637097574213892781529276761671665162788561221367690782756620828982328779207061707314241627983042174779729453175755922223149899519448602846042623221219097866865716706179345160329802369015356633557834805105255159829646606706008089707541923957970171003017217105926314347582743186246672158168170102784,0,0,5268811961379397741718924456210411931488033127769685980372612353627387610133141100866679623762829798541293102093855843065139849777575877532602898446926956830810102897294422043901043884134600567642318801778245356438119525164466371784616789884372436517912576,0,0,588029078042584840035261432100116456479355507522210193400064596918898381816461208890240236049066490258369272257412791749619427600524169810461356291632532091267508072349696,0,0,36930004649592559897706145628740810215975212056228092689405830116127734248495495774208,0,0,1 # helix3 r=0
1793720397583210741091267098587643768149031996784599212757322334527605750678333939755298059663027056498824738912659020626612764899774396861807740784369717841238185823394264929147940321108353128464943088135641651420328219902152975044717432608507999395428016147092025320576832808569537218684129588220526592,0,0,-293217071040399874468519039472648512639760586249209099394940482212988106988160260419157377212676832018899770130079584150916038752462130668656343226800759085088250322136727148023739081856348121413376717469027823674128254224851645299719561425950277349670987339095080960,0,0,18244013545485941088673399639790092373474533806829863758155061839087567175792972505980287252288043141742248161585028144930981853200702808666604101895010502649592776936850344445620218094474129294202093573707853317961610633584574464,0,0,-550895964974470850719722708648979103069141701570693778248143612344618491470205189868629637703044547493008952502802759936969581095833006180168646691258781573669767848427659741607121993848586240,0,0,8762767337352215575116206187646168474075685847737118387655991739776091281416395012651465018308252439410872625800355695922779506107305385651141340498493440,0,0,-75857811566535907573483333681562196892931383462936787053221267842291363031807164573078762775756786382934491590033408,0,0,369008851549570228004513306080415356730320253648497023591094933441184131973120,0,0,-949344715243706160815823428913696079872,0,0,1 # helix3 r=0
299265950916739300512573455987850837191510224612858843306111657654160950343787061103337811636538086643640874224739317953246754095265960361319361297101161021945586094039690947882452407774947984519411371048692333338253295591704111125872396819435699815454663936975499175443320720704842954844341521792087397111581051263628930982091406584078811827663791460143923385255634259798602360864574616497280054768512906408808469154515899854880605023732954725803502160223422278054092418072370589934250086320090102607415666456142780107250858751928379459223060904354362451378316834465363144526533140063218220564890488462922831491678526045031422779958846588319947012675881157416543765545837352637155588907625467827253994309388309340098892498790826828153600591284930417427790593202230850015993257178840135187599127353854223353670961,0,0,-6749752219297967566622637481230738285958339619835541644418331878751283111622583034886111243329645186193025223924502205656011215742742158295115740977110564548142557600297291321109511793715876082356832928453440677712552183325226349438754563703549520251326933623407804557784676881042629084453372767422731366299563667637070390562208799280827136814372898562856223642527217388941780531457995763427917998093822310991233116702979532305415061141579786033203916498456275531197692143380818554221316577509173316932046014596337397779371568249658741537552385746543528345461674750705150152940939334610120402824411166151725253011000282537872755294625415403077498701791046357491775338336052251031772756257138709804162785635520004,0,0,66186243692189891106904716267148975136799528957712487205496454095983678474804967366215999588646788351051469819800724968720892990711590267035792107013282135258010349099725157601529669770725987422098557816826162290685140762442474957091233352264419298351989934433190556289066358110148072158076082837860374940921114070929197730636677691443661273345522061771803267411677565637449196940466656617948628774539514341473176298783654899598235508294168397914600995907208143041368781308407880084857875057597450167061676029256029815444366576627878084921723685031428236803436685168935688760946863011816515109743039859057488218,0,0,-368497933386201584252043782459616100317563126669194423317199249982618125855362718205686659032473947133498169787133500534674243021857123675378727906276331977942257234548157090885054627567586240027062587731710263622644292314858890729604192933709768900195272160076832625214758468964286191172790905160007626079124217216224268052189482053246770238370302634714908054517760884400089296439978082175522622360523073062812260993335663986124925045239954350274456142002958501183736916260831730880694698001259367200948668680,0,0,1274048373001927905678362345230857130496570692219911687002588483168475964471810727810364996993368011580735726763073479517843240412238433694658088794340816145383626896466756233907152605404348548089651965878035380621114029747260133039973724508415703445137947928628107520286203872629812828473208684032622334677093847421611464034632618526366900091976642352972147793563502539282408486293337437116244874819231947790,0,0,-2801079151829931330256172747900755112367166276843371872639607804683466318562436560648445645827353355207320843360365003272609462176322424649069703809363414600218592636975358179403279926212226384995122516201221008426952134561582821732808602549441908351539027137615570388173983433764156880988166665719000567260,0,0,3824606685649720889398579435690961126791024741241653559334116853446568226698246895274080497099696873516410130672414447988484472690190973302463877536734558229788093239131667555718196543430948166913414748666,0,0,-2965595614844620835078570835996615995224939396207218038075348722672698944899361039726046695237271911184,0,0,1 # helix3 r=0
47912629001992026883180198495133627401403384790292224324611857361743826686796374271979198337888539423290087280202432885807566336288635110348097469825726815407680532000051080685798628096195738336063447755073646709741649386230453473678172679648435339574797740518434070699094650801574528589298507415482330216348838372438735494808229754590379698740853060129752151217549441917657034341612937492133113553201008380670606946727918957224755878763546029110539991147397957881181615492694016,0,0,556195212703713533500175359416341129844940692017906505627952646649679652427546219255971786786854105520480636267419870636002222299002671090982093880454579380477253700585773332042350765737106899547017863394006714048786545940291529694522110077775089385909711046081845825052446124832574291605839390446988958955560164377310098360397281312200482914034883937094783746050278748782930277497741142443135800971707543187224417796096,0,0,2832563951008837869345493415473179011035732999861690582808430264628930370283485994710980543878163897802422810216031858706159297401980758763486752273759247540103141720934088626414773652147940422073363337969065013007156384012880259010756177177582525933570861010823580862188907814870768548975585456964811320320862280578739687035543556951904675189842951138063679488,0,0,8262982612166142826338499010097750121486351648064052605765680703561666885653844358024865937642797165665507429372404178797261532200166957268594411596423160422581920113248839506982616453226065788872243123835455407854007725563733606672901649847535218785924908945876538210009822540414968315996138121461760,0,0,15096505674742212084018159773018660472351832558729075343654664185743734656629799399440627899542639275289194255337914782974177723681294021736476700082717872837504636940217265504192789500561621771713602123486357937131119622909631656772522475520,0,0,17683817015320164348073082419912132013173431317583936113101212246946552917931686679444981694062498427456087689348943498408417169014207176289360948179752898973364187519362286447755264,0,0,12966840099899475315347790344946649212883549857477265214166534009464883275497354996287964976152150235611544251117672071168,0,0,5440697726879282023321635670332023518631165216231208335179776,0,0,1 # helix3 r=0
311401916709473405231364479755107358186457051058143439012702868927735141369012213381448724115628217160894826061290683455584176244911366192431227512555334193190590135391609082157044767191701955995987796441103618226063158954170920419765689448324552798143497660557488903651968979502765549999250717736341786598973185902879742458922875202455727940648726808837650265473456773366364025480934244340201829428169537893384726285982313106716115453733936648110210430854513251306491485071126789480346828786928170395875225214172724676833337973471105417720706287043639294295744173321498221771754021676061322328045062760734681582663449340797549430424725996635997589495378062935083543685798490111343595415342538223948534907251175717517454885245963,0,0,-216004857995128498986873842309480828651610236653573370003923066931630592651703137366271075436076830146380251257081368088635010441936407070730435862102780987931626581024788350240491661092969725969906861722830256304968177134315708131883363051658286344609369658126600380868800290236157113293919849814967934954007698233979562785725903175976538752181581308586836805021561563091571733857954195162416210639207206146270751786679958015877685478030489974149616851079767690630020022994881703733777867381899468199424013163222404673389411394792032384920189422297016928056179361870985286112157751661939908050379086884762823989952497695981420941545782240,0,0,65563814505258084459979101386760832130682512905780704616873423055069623574199391102030632479122838391180910698692548397247050858812250998926637622262370433047513573153501113148111811935166439204390135501353064859748046744033364818456968247217513935973208234292063980626006748758248300181678166953976990705240414195267766798176647820523751682982178788223269263059203074814165354211127222630278998152986946485923116439552519132253031594370277259457564441320466723257902216886233288098172981006864935895092257738723698151116306731990080181546523063290,0,0,-11373847456877354340928760564099737992206096042276363172447174171441861230492012028202079717168294056949993271601301586703630307619407968292943518003646798874168354765858627500405889508816127757954922860732618371759071512477987634326228780667847954713753858876146582209920273165623607574823059013878529236735730240615491647741194845618969156809074456359136145171748390304211131619044814890583662530261689875530431764680982307587582052209366834503711266034912,0,0,1233420914109513010958557077829226311170458236412929688810246710724832440415157968591525645672218852966738772614584820096910451850986292560491280660610530025023292199768715673321036939884618163229688049108927128865539245606459795533358003056030062099717991059701806138062875054017738869175386244070488566510953477686790565305130890456417991518749533197831356163146636,0,0,-85620169523537912371324893281634659776125024521356142944377836260280772685313924707381151803854819391285507923602154686333861975394767847491204509429298442077115633639122766032312345443551967615664345755703349559130456383781494391304663153904590139702980594467509867970736384,0,0,3715369221795278664089712860970848860213084098676266946924155533253767198892066508202737878996817527466295858251406131864893683811754797235767816352447185728979241761846211889623961586,0,0,-92144870347446188832225723373813943652138039622847054693332547881364687470393223721271867776,0,0,1 # helix3 r=0
4800122653660072734980442340047743798728115866302277629939985647153750221211331425318785325705011879795194765927068132559831682865902899026851626573653384759416484884384771020336675921841921912578058294533797641639481019005941999852277314653999357708764129837297923005518311403934877959427514712073541958436970748557941074979903780799933047819749591776931382491849604275002998121561849642212838284402493101782424784157389104064074084895528065417786253,0,0,242347630614144730377559400979991381483152603709305512562744850588249732584854452522956857630772071640889732768406850007713811201661333861960526378235231632760156522491769527568160978339361808930734123326657281749369935077687610510160359759243123541276396112852438313302457578778354698630939633113494812884491338284915999220334582295795097967070047204383830219186622075654304353603041970223207754,0,0,4955378868284889370780475799537458282238026632274773676457878454484039295746841750818258739865403974856006688543887474122139805042102425646833252475449563181087648045852040627029855696058265480010643225146579550101217568066614933257383038435320147845091530918112575979396531923937786817809209706259486159961845680487187264820828871814017973,0,0,49795131000131667505905736790129356207917852323409794321743975986170344201559109414187445097306190043552451353597890202583836259420244161762691844510303295464554169511343975547762111488128834468831000242819347676484070787911608771448957653752609005206845901998206385614840527160257978,0,0,281229712623438304591755546918079922669337921435239876976824897123115579072803503831606356009042181774358923242096845088535086978122769685246637784806287011148212640027391076603110452133065298726162954591391448679746953380047425,0,0,947081787417518977132705378911915986501555452134881476553189048267795661256734678456233576745259160391622704090144674890189370089905291073187034725035873745450805981219690,0,0,1900166988140409020139240259024256235571430790537791328405537751522893654541308398610373199165107411089265018827417,0,0,2107876121596430535914814111992457672910973677031267190756,0,0,1 # helix3 r=0
211380468132885783963218518061542350941789185790060104187809329678234001986541238783631,0,0,-39157698211537394833268193700142895629057435531779568432985394451854023551232,0,0,2423369169366250288373315392044900953747733104350935794747497680882,0,0,-23212545811487468364613133200997048372920380154882575888,0,0,-803307878689181279736089444832606992602772376,0,0,9510541141361305690838984677510752,0,0,101759659892306494064370,0,0,-669462604992,0,0,1 # helix3 r=0
221716286698648676781685605891299248563165683719060441294220106486437514862996550691864594650542944366410947965531311969786677015160256845765322259190544865160290716671184188567240315943475410631087069121216095322606700985889618937286073607605833634114142086821350383675069601386083295911360193383727533495990828896762530909062989479336596717128568684932856003102412547472968391873874035541037598243386943531602417044130561067981981320940128324078765199681679117202921135778231781874704011,0,0,-158566891680807198387730234122074736084691088616835823380564181586088980872118549999169617705736617491924328914331253225753712972218782679553248487122501164839670733422658881053582068747332101654708416973479277409095618900559678946068754511229371506331397219664035808335218678438107230171809347787669876169917603185090526329413549889230031826587087044504878672867975824902063862186614083170896294316011665214355646181696142618552,0,0,49816301715108824858400719349221695891400449742221670595205721967581388647817549568079930572223463241475581018908847943050746700379914695998967052819834730730924259861195009978408965883951240542065197803992929837789031359136643572309062417337563261960771595523315921520099404326465064149558514030028161196037127303185655793168262601403429582813299243749732481808270756,0,0,-8977003584869831356719299225064143871745645658160443646443181600531400902475018534801032177764064024056656950570669996972237525722387797926504910423730526093880845346187089190725023084037536706442098770979659173459133248660788522675834742587122919729112864766226059192997511333636648307980043116105997861352,0,0,1014622106928284119681140665611309813916342455869093124598048412739598207899226973894028683325716998703995909266254524488676364882597574777847998374324625757950528977468290163880247714722769067247773846766877029973882410033376785650070275899470000,0,0,-73637712342140048967309529891662662185691073350422395069294094255637158422045630834453327111540797889457721792918654171417725079643339450401208504180152595901873673130413484520690701112,0,0,3350760074924957801434223419926803895290346780459631232480095784626817423249179200590191096925902613709253626364664657468956,0,0,-87388261124161245937148103764951828125537083769373176114834456,0,0,1 # helix3 r=0
16,0,0,32,0,0,12,0,0,-136,0,0,117,0,0,2,0,0,23,0,0,-6,0,0,1 # helix3 r=0
1964034017683634909072914377982810843906741406460872542187128184183121506044563589085082232924487166101001428715356175481229792855696531854736466138772140966650082624472881819623065948456329297401600735872365323194776280342577268283236454474005314074151260049347315867221238302605935871462301928504099116304601736147232994218260990093320190032551578992336555414077551650340637141860912626943390714281455141,0,0,-30501100390720933213831611292133352523444104334243644407295540011023875038981977706125758706750776134010198583947380837931018524058382701125586600136906595484624735731114345742418472349973181978878685004090416704027883947899395657215588332521899247612647422547991921749415533454072687056369258840540548142731140458658793352208332885437460311382226563371226,0,0,217697415806191746784532088821413804274666400191816322679700224172657096606595157727449128593789560825111159444196260222929071905264116206799890770057046542083141676995197264652051917678345296837207200836102003605971823890363759907335482587256787166941036634843499609272409599402989548946804950209957349669,0,0,-913053135326849246950989672912473342711265173021551139612924854540082534498921328617439893480334378901493198877674774216172878834879923632269112394467379518053394630423661440959488393969047098478141317208472210885875172206029259650657910654205714915483654,0,0,2448104034836117956322882206283307743362263553494428605941954581662301480521714347797164910620776173877963487372657342935173331573430581867177182215671331376057560548765827457152998198494504100964666899615,0,0,-4295127764927964807024061806363402955070696237566653841011372537766823390327921062482209844230418580531869230532813669010116358066037132653704210749281814,0,0,4838627942393510857809234467853700308978134200051395287449906159172764760773972399867176095383532813099,0,0,-3229537151362542222877894247934387635588121429830156,0,0,1 # helix3 r=0
2688416124495339761262426166709264478145743060612494986256143462412184309583861294666725109732124878814766088522481906103775644612825747336737279939987953525976640888066500411547507325462314433010115859003107038528544958190070815437886858802721315510159522011904586734089543011632086475321543076272396494835873430409692210891817781151361119245115109,0,0,185917834567923490838877067150166767813658484428823747673786719344733533423675506028298271771667920832572490183264025792925958692843664270300283049233290004505262942351629160616734295499483225449471701322103975388446535059607178898220784665077741737498795840562499949481915758690205938880398473136575976408,0,0,11002418560428097489757306395479217201392579760306350525011957688984396779695877309005089986237979868021964908380069839269537443722904999510088762428780856712403474343549014477045030308278887143303944799821594722048291358564246128051273276198234608452968286376010,0,0,526148579614722855745885391149214250299945240581088639166030658111335356195917909991299774390462340759434613400177368464350582139347828309484335248567850074403664123340975340870946352586696686849996109750452102779792212,0,0,16690277190998709504609787472951137132418911505838713684077149310576141159319190583345238813509981625215902350983620989444842211301767109197793620160509266344967937897992156653,0,0,470760013410956541224011160557201583973043476067670472567803748288336956242093897578862826046315981479111145095177407833705039564948,0,0,11683193360516323342772445975277151347630716571157457591995394775691299602081604026514056,0,0,171429873842112545891062387036934459849156652,0,0,1 # helix3 r=0
83727228007423525028137362087284348843524568166674349009592818893070525266282166752980761528721866278163959958153997332258391807687461983935994477796064239304215855112774911090853257920440202398392899650435645010179392255576407186196559056331183973655432659442080999802989955628751159140368667059825783376645298527644577127393533621339580567204450712510289350662714001931998798285605700620852303493096913892545516244724381300417969169156855302787821770349530047301175153497499053084515631142041486381803307967185445234292272482319232386551743584823129122576897059413353384191046524359228506214882190355538640896,0,0,28895087838562015862836648033958594131555693384681462622784535915510215883569842257159440695936315511446924207981433774431314410466812352551547106787775888435502461180687156353649805755097319199549213203517965817437806806396109978608588666670884217477675288455114275731389544519196463480183328705629504897099429545807646772681152781850000153566221985779663339403285843958275846731983992723054540422474741073139260301957474343535315788284860970329680813300477828786687243779001815998422724665218375619937773276503929191289205894267535360,0,0,4362092396091798276096956836058196227978489193283823284133892915720465260221533283972875394017169071342576258726597299768961887415856273973162486686884120522608806121657047345503848901267363625968314274279914329535419304548347963010003538750861028547484167353693420921871056230653799770085895719992259422950569493072346456490845824589194414896812837547681985967103565047149483975997724454670368033851770512826218230658225238246368964869960586278500844332646400,0,0,376238412962453204868359636914178211780538246874582514100580659017258515145549921343591737538244795253314763424552690172229832493065176009325224820962457391317716917846868699521329562304854260902876104926542194400102601198689238328302382601683341863600598106956663778049446981735703757979600839612441206779959296709608697570331931563518930736895465664779682631761113461858885863211008,0,0,20279018202945572099592719786913795063962114824627257386475022362462929727893645427720309093155998740067214807711939016599758507900926322243884958717820274726418773614505315891946568911842833235878319252772509729390883027724849123554465889854379514772143711113134664670901047137111855025487808977062942736384,0,0,699433175078836808930541940706951175203261910236824303793308598107304017698408725552710154857534269924819419032998780877948564273784933827303809973589060719352895311734946995996230277552578852412875072504040033980709589515413487616,0,0,15075132539787191034643164703409159439550395575551068200070039228945909886207397803417811505558404112862219024612959621510955944955873771271047220566163456,0,0,185640899870797407481498840724771225910372654690951494819042635757982561861632,0,0,1 # helix3 r=0
236847378699825375261960943329994225245147485531561121172143721468961564179836837290657371755898459111090612083855726146298094654191115696323409441484142878410824973758172253651952517264561,0,0,5303128561730735875263638072473243718786611715969138841327548257605895352035237792807448458307037863203905433340117230134666829535018001444432949820789147608134034444,0,0,44635135578505609518360953480913942605305084271719354197809920233408163007580632852581175867349634186727003640627511744898206388981072770333156,0,0,164151184199681726542704249107875842969184499943923429774259885283739111984084168793004515814905448239956780471658352312,0,0,178928400012741986590344915423547469088194606119596070759690566322132617559029737419018523243490,0,0,-344817768944018770900415544267835728344536213102953874736604097530236116,0,0,-712231040466998830770099509277808306434125456300,0,0,157437569732740350380600,0,0,1 # helix3 r=0
77858209024039315596787211313093385378670663208667266176260494088986607977197161890689835987747246007310824619165807919572070517421861482919018890605507422942552607,0,0,-2248387955266876188207208067649423631350239509871345201052608589142060893783926341997623590236742284610276822208833744626732588473189835184819360,0,0,27124745847938678023400589930898202412830985184637299927045109586729973341877219839271799078868518584168322338173024310015686,0,0,-180044676557713665580826354923724326183236735137110219329756398840498203470568172885831121577496833331352,0,0,729439166772187176823793282416797492502405858174810173756277635946126199406274155840,0,0,-1865727973783159059899379826190052336450807255534898532709774240,0,0,2950559852769173321235653042139823386711162,0,0,-2626055739156296621016,0,0,1 # helix3 r=0
243857288262002011444644558089921847761946466287236175504613480233198077217985856584709256243175849058137389412826910765512622717685075893428735707238650986110832,0,0,7353209339194672894654309441965821270472196938439572903275024509793595893412507420146857066737988330943812260441984243563854996588931127377952,0,0,58679791921618204350001855985225444162346113582683197564226279684693760733637124727824958094629813826708604047609309179360,0,0,-689810153670201810963588644579801122060592445878971641825810158634892762570317821323736838805232357040,0,0,-1015644258056389316475234759511010051307657025277184009435226559725442399328584088,0,0,25467229970387319113975584543810122623074472593466425879914972,0,0,7981676788374679859068493351144698070454,0,0,-510621949280391009642,0,0,1 # helix3 r=0
1728843751530382165032993904132229628242750259369,0,0,-11184102886465898633634752183476198596277266,0,0,58975178082809103207528647849511297723,0,0,-140889369592029675502175009545368,0,0,249775322088046785885471078,0,0,-209131858513818775260,0,0,82281138294798,0,0,-14880348,0,0,1 # helix3 r=0
8311068582171351175117874668370101430084640791831094181583753849996622881298163017521046917317009954294802598239022997697326102418907368921026026465347854456392238747453787055432179309254510016864489419413998792794632632447353763918927264951955539514300648811289918940903428039457747686152764174586887423224141721980100771063401685029257921952876974942081697739211422676872035231074341992181231245265697664923220948211615172526179092232593147147781134480307374864956702664304648332554201354403543771096361974856132272934539656226499915760469137434665345594295711783967540491635955654617986204334500275466021067672592892735016613112436593873050039245774992457687866574347716849621886691018967665274311335654495002435424050135981260938571356793175318144390563587402474743281315408155429300252465614556310454820145536696320000,0,0,-9056418265280114721913232413464622741267954778929319128051358654341437480082851498979271487645872817199991445619565330679614808303700714509879277168065930082266117771808955506281221089840985333989620962638023872280771339218203085683764352519157404869656090373002391615465282999817817933473101656074319148157944115110272664092880272352121812487127056845935808712325464021918058898826798450405333600469936076431224866892457116434586023595216386877813377853380104180667891577737036067697146236003254859181377752388157963041034115285032450896865609211512506501473783587373521285734636055398573870637454718357943058712862317378384017592476244263281503127528583482879741896129920846753910758873380317312372753060257431814144000,0,0,4319901469078897297766130651861781022185964954011797666129744953319244133395165616653697064119255399712683165278597730865702101507819565754515302597344689674078579824766643135350384368008075562062486067253003978283084676327872748045415442763873002171375858708017610545209761214659196661987386599938726883086434733529110073945406862048048612614623704450869753564089386224806131540606103889281806324170090456367902848648732605027659893429836798151205253675910786304318709601219724497784038735342369772623584995152760960022914180964519235125390899080982128002429210150578934841911643365924795363901371978850231826933350400,0,0,-1178125747029300929589624929792203372418015093892096257665888301036753447632068082261841701073448860361350055223600179125589518934623378093967094856744235483563245749663950522661224223482016398863159283762685906305243554888324286958212722726428058994013093957376944246028504188538633443528839082962917643398015632074129853813896025163276316737242002086152638123165676460974363288592410242133947361720259470000074715863769419656920466078909323605809843135044928282887705202992875864509500485038782525646885104448962560,0,0,200921802495118291633965048375528728243125311585280318581570944875188963888425896027015387047524743659058126671279664986399291340122042144862690307901407352721484503059210408727513494269777927147831032231713321347369989460169567581570160723252665573867867610889700740583561143113636555833363811702362910085796990602315887320552400981523582911193573509896574449545101094900977358959034442620337539479447712565297152,0,0,-21942165415486383053904974422359678520634763614048034373298476572506422930950989809001252350009542267565732220823735753968742007098468976058198847498141469352847287180472809914488339886855339449541553584873987211399848530961279008630518171894918609072931883153849187236702874486449030283940426513384190785880064,0,0,1498472225349715892490682873957130761669564642267154101932788528313196403374559802271582824886068571680039592082523465383692118794022160017097352079930223266015774880739797930527474713367266501008077646462976,0,0,-58508195628369431919238832447559514924165311946536509120983837728928687629936781575499876291354113867776,0,0,1 # helix3 r=0
191011238112236296738530011641042969091777885130533012932087851430564483283819766313198079579777522975221610022079573555986468699352529362686233596720456955485616794547195972928967948377794020954579545968067182023237888,0,0,688424111311368498621066560640594741151468480063114382359837643223885649178376953061726100175847685022042014111259585636506345847411582944317766623939378300410342762355553114664874655707815936,0,0,1124218773185439213982252770165326586875728157344525393309974613462841875084156612001450111619736867156860948552814874229204864727426028700841999720455888776946823296,0,0,1090639358838153303653035969031649733724426097193916725286322491257977405149567965599619440582834307769096486795317315802538083507441839424,0,0,689915390176580614976440623265175716992904563850233806209849493116538757409477906598267051250737879126347488768,0,0,291094329851678165277439766881103096475782298455649535744005351786638041356027633344,0,0,79894003905934052350324526979437935834292656563093551684,0,0,13105051799093917214357236896,0,0,1 # helix3 r=0
5798217898700148851555678545600576028562001488492589834160906050522328048013033837026733841407498547328857805580143055948460941662804186110275662279262424481749844728315475578530966977733872250827396089549085051868720271783505399252487592290286931240358332529,0,0,-161365324082858052791311786670449764028403661190993856580618542350593367194872351859402465721613012880152535097813479184998180016572075526951252010702718193786969779663766105142923000770196501313267506919493315461715065599126536,0,0,2370433141644603924526538581819832053362385828485400617036540177026591469804023746289375476832737140466587556673684891965766392860025242413999661311008226595067169258323216929887722507169116627530,0,0,-20784485389598907640805478039569345089873435029479130584190067592254189098437087726140744118681022659775298501852265504477230276373428090501041690993281393936805936,0,0,120204264365390361527632534738969903932181747324870362469922967640266055689351262446443828151016644511665281467002227485916380698423,0,0,-466624187030649368100104815495101281743627536976199453203456914582426775935968667740372940817636176,0,0,1155607194077305759356516597645434398296927593352612582859766171706,0,0,-1629546535201528967344386969029616,0,0,1 # helix3 r=0
122529930441289733394219328966833480700571138667895851026987478792645045657118831559191337523216935833674054302855829219640449508140180487807081343083650334866766331278715590257287314741277182783569161259641386739173127162711207376551486355847659677743364890615143442037213884556446940628910030515724508981400632245644465063366682736280809176078778831713584438990558558007091763205368593122795737891500009915500112691196204191148193188,0,0,923652310082759445014714642047170257646660861210863847383483432697014268016364466336315113857378657932303167901930137360652514232060810012497163740004107647099162955985884024147952727217303323719639393400249777698171843940078992706560852709686010970787161020060422671501659377847664660092079126987979699162421069301128341157349802769025261681075984464999335390040219506802224723400,0,0,2468643096959039158819784908205048718610835353091568384692428219690109812795440923922731076269747934436861364588928948095758046848289409141551835128919792495041467009027203313971117461932335890944824755720343525845718827916460785400410167501745733924135330412246192067413925150421617957099347334184463515619278648735606398313180,0,0,2945893754218387304806683597606042450084013016742291015299309518311847572256295380738700168842933590069936311340821270159945257874371166178572798713787171936404852714765919679515961312279407692450198392491590010569672748030313246769919538210067470916082499675656618961778496,0,0,1899617765753201659849478218496544647025756513419510395944078389194600989627337368496962525096111522829497232350395945433362420524683222415609587583004679514773066838949427684465515448234511118087083080057498821397140342,0,0,716503127832412705508520802010565057439169302391630334703234127767395816243730587445959995021774407073274584178855928178627514645439861831542643082612371257881363824,0,0,159133959527567129957889192059420359946446736263405754194952771948870810699427453543356555321019203595580483602,0,0,19368375627888502067045694837404808484151755389477864592,0,0,1 # helix3 r=0
190647390409206320339425742021690875544330599615378321191670232056255241610533464681897040745302731335032788065649000154709185204749264463010650204529310930368385253191864195505045461950077750486177088057319426792310099037345185459781288339172265943022866309574115462790657451978537011271309209242608272719834227496582146604332196981040241569427576984303021082515757524357904164307771376146012148143181446540196305693603112858865666574600950269610721886577920305984073647892345347020600229672232226588902271,0,0,-405180193924951412359066022698495792541910078339964468725524183188050590149033091058208701342248701351363066436734745626120813244619568523379927600050288025314133676521906401670321433781652656485022355086431890165651717151668744342800620273989057323940678156243849910359336827018871875045349710845284851852737195030000961825651412337525903609961965618793772746058137508410712590010696899698339125030546700439047238894782903215030366446211575268,0,0,558841681638469803286374104521697990907528904850618669841012312108495917797282631914467229269874174084710589440079687482843776364542666970181260650835204293587169921737351521730069673757299409136159491722577627659512486735987491919230392392493165276371522281749546906244573632680136987347938018526266878456322041555996472227065269072984535871636926169889365547353319221888329809500,0,0,-514954862737242291266139097181154547611079642007505520041731073234659047800746113680706409349642285670293812074923312932469304428465582983890391839166804269145196693108009557493477962966881361549701845669880304299486705183958434014342118566056562194715749566785623790456284002382197331096983393611432466517578241415516,0,0,341207138061354510572765445715920235388836931546194888976348490369895874130931234691840291749252915243332878684131455678292991347225857494939869546505173150904317345681877133270551320895605139393173572428882986356294820010835089640224506351880233218753540,0,0,-163703860055682102696528561359952542747809264265513446347855249137156277678567397693974718468163260827089079907851203624610677661242675961932261295671963045341176553711166836928485845850428690,0,0,53997974007599875126165591578968929765884354589442986930308600635334428435840449875351895438311495732097139371492209694660853903,0,0,-10795709950170543219879524283392498120905343886171055506643757730,0,0,1 # helix3 r=0
8302050418937522914250368020885766861691658342821472250322746683495415418904956488399251154995206979630409565246816282966360378729427781224325532307114296920376194253729615177701595883168401541419821087171309237656545436646405382380192310904586808680258138717362906135083406318487723612780927574818956428300869059920499353102848790915763584162545651714127403048595127753812531771523850946203190890903211390420022952509088232703517372644714250000000000000000000000000000000000000000000000000000000000000000000000000000000000000000000000000000000000000000000000000000000000000000000000000000000000000000000000000000000000000000000000000000000000000000000000000000000000000000000000000000000000000000000000000000000000000000000000000000000000000000000000000000000000,0,0,-288542811049962077201441905704076893422505174010055692512509631166251011002763629731485729923392060764412696512835340027367507884730970296305719196157074453721006565056150112494404385975362189955993659575087404282095089783304867049651208932511727210079243187293448067970453434177835093104625634059631322945825829941597616353845744096774085698353628589487585149433293434717585519813563078400000000000000000000000000000000000000000000000000000000000000000000000000000000000000000000000000000000000000000000000000000000000000000000000000000000000000000000000000000000000000000000000000000000000000000000000000000000000000000000000000000000000000000000000000000000000000000,0,0,4379460191778352498536224189131233514622716426698165532633696501383420512803462228857996179284230227523558016781058551620008756411207019864872513859036732506006280297853791959593865022615546936179172893324476361449266329644555736705574202556052495240655521808572988369454166609672222216498973356919929556681708492222823517399021112056320000000000000000000000000000000000000000000000000000000000000000000000000000000000000000000000000000000000000000000000000000000000000000000000000000000000000000000000000000000000000000000000000000000000000000000000000000000000000000000000,0,0,-37913036193102201946772320323550259234258318322731685846620203037883065446329695080844984239775182107968782612336522286399582831899777642812916935446137398859207321539335850500228040888781619320290090529933357485713027241583057679345007754423487963275551752991579381037043759468482560000000000000000000000000000000000000000000000000000000000000000000000000000000000000000000000000000000000000000000000000000000000000000000000000000000000000000000000000000000000000000000000000000,0,0,204749654607045046611621568172715608816357952453835808804397569192663457821568769902439819285888044096896296782229448437691052965058096444007634285774467263279243005351818006004544461004766998771031290989693321437025497316072542720000000000000000000000000000000000000000000000000000000000000000000000000000000000000000000000000000000000000000000000000000000000000000000000000000000000,0,0,-706346703478165965727008497625786683285242620595704417121311385742363278280872915023853848505007799635581889270765245420803025645212261366049375788933154388753534907064217600000000000000000000000000000000000000000000000000000000000000000000000000000000000000000000000000000000000000000000,0,0,1520089085170585429261300719778756772543080935473087847948167231151647731726582476732225382601264539221663688620262400000000000000000000000000000000000000000000000000000000000000000000000000000,0,0,-1865766389967965089731533705211998719221662574577229722240000000000000000000000000000000000000000,0,0,1 # helix3 r=0
481444670566587308468678530400789108157250704704901904266754987485007799217538715109718934416961399668534453590568115773517489834103469118594439340324145359456830122605287675067932804543094034071110028353419433294372210207185303235072343801605485160222569283179052521259594663606936872393617689200819961847469507257229369075145844057072695833977807999332928784183804527679640139111973896640954668405703600659677731572942549344898040331905515903617189858173216974921412768402691447105485683199910564994450190819483238767816258649431901051039209761137415569689386138613736463781215352825659788285266732156820108502894530629446093705225945358214521112030725781344979752098156532439168785599099085666986762436608,0,0,133112159001002499144710036397327518923807754394186538251099429741053789053236676253804934724125911929519539808165086789626389370950002085651854111074880250239426429193714535366213149875221614946040513639442113936324509911659438538721508629499942052329687129523009135135373290523649329436617383586501637804701779881556723274102783954613483857215720292216967385951317446254552721273215783265673415869915076724001437775914719832432848784221106662861896535380316844908075697124969217859812937241253890068933299403745912390062708135541605626576567776407885061000519028090168467489560097402706540405855058020582428694135439360,0,0,16106495555564130317169015659485867888134624838725696196677816361722449582975159806577679925913930151252612043506543966490832088997440320722933260609304148396680081974879800427151840340046802542461665644378607522869103216754256045402666115375709745060317272558634538408432113579537238604158945909582037900048126831515185706037516824792992127986824068241993996803806325009185694724232872444774657823158466325046502132925027226668314779870415355248482214770700362534741358018376790029930353746081985422908633840659920291954737358569472,0,0,1114203758625495628311017282580623568746493770044245055143416951745451063137175731319379722197262598505414102050544231327630230750546298610491469691924081883843690012602448751646351274910221153534864587957548125883182182799164934856452306129531465565989183485354411387599346637043444421556918155810321110343691758619936463707646405822964538932108385800258192061915314319550974491756152121125750136471502953695770137393310511274163566777527697408,0,0,48207605877297234559914326879423387441255968382782215502670987272675988962040539232005079859426103218554201877146361082488471093793021205021881020959847828307853174670926302795810758801030404452951017858749482704991423148043408322287596565471513826354157169359065823424062560334330060297897434857736707460812044456404130480971745360032661342035641880281088,0,0,1336126142592121765287027822561335001858322677366706943490050666260045746659217480016903620959640175027122384371560784857360975047800110807780581150057563536178360701472140512510287137970891890624308981747269653816922181082496602034366067566403390683975236882704367616,0,0,23171735687259476172648495995744648205168446012169859910874751950267726193819699674178296253546311560191666041548862819460004698841027136899017520408654254968623950804902372966400,0,0,229950387949670028655695439026139920671999098226890304494895068770845635330300381069574144,0,0,1 # helix3 r=0
5894079307920297087707815404261913559331713358905695447689478723424385180459556023452734057994277003973967205665673024775762788571682348475792396293065350157201976974577937623180687378913250560782103854916366664360146515764866287108775823054001186909661935792227374947064400999857438542882645529717947159605156976101315718664169393586498583516440005270554944908357462392832,0,0,99808296895336811765793985545173325936833713368834474817244298247252246664612615535860980890465433387361651707493466672105419145837651897860232617769204691503864202242504618011641199559670455465594073530992717211695889355916023173521068737431647469002917253211258198905122046870499546238700624885023901577192468834540977127424,0,0,30550480502998071107854934115210509626216962929789687851159317469934495625235939956566717623763669029972297954364357928186325477630388161177896533253658684783304308990007750021623863488207990735457485812324732566702576055755625043631447418230177965444498351551541305199280976297984,0,0,1548528917579597313259094051044039725279676626436097118685685074814637983500485455967299957452774902157333393904948203145480896261364716674227789807419143606652106313537438088679733484177909450907763004451757576268639713463891516194816,0,0,11023454904444793348657674317016050851300760120709909510289776218698023968835225833415240976021110958541581419630899221316713771138855312524754161190513926086253825580451554072810462642176,0,0,-389550536180623830126811484361221156699629169849512046728801864585522681209786640615524265009232779065578904242968892401803044329961576988672,0,0,-1836016969662342654014644295899649911366650875423451321121929442560398554916484490457123913728,0,0,108392590815843557983936788590237951239278034944,0,0,1 # helix3 r=0
313285996862469126595298181452812452551213581821065357408179206033819947926536668517457899791815780175526306848167010282343137984927820140981569323318157113720940704358662457110540612560965781080589899965628641944829954061335784323120218416636316810930987593814142299291115973154639332443283276579676947229321237404693558610116323897804404863340674152368903581229140301716627521282358761414522040368388294963857754637476320767297539988954506070698941906864919642840467317209676011907525784974456955746435222871045041489178418235803527526671056633375197228145360578730974613729635387041776582695787038763757417863849911467410707799071036691014475274919074453478800277920516782023822243033522703772,0,0,2974158369393423281913014307127996979639760384394174121561865222392408864808797157781172021581544247017925605703273616380731892112542061258134966437500065019025442462451321294862281349983763492635785275133272127379020351557251246379467924250229164300134831617264767236360058850844435299102033772988692029453323932187543882152295196938188757568830414560921897560977807509748735592432340323674818312331252360473557166169844469696888719822134407987783662994314697077442485222608181381266652553976991776224764993371546886734948072757681834476313498629358199798345966912290458152123885334542086749546755405259708208,0,0,12239110820626291908363627542299618623409825180168158749187016646978255582240058275200411577163232253644093669377005963330724171847799966111098356011064893437749681380552918336383782034394012856955521437378307305372684911661074266590818627219435244163792209558284568471992964241528900291287140290694007574661674693588636106771292746517281896597977918035233824667586642533244421656916415696964367131698482152741159377782381764177557849187589035160566768369896695851770175265929386674533208527200451493758774172080466360511936,0,0,28510139265092593744803488182490603856372596805930825014573338208229960427415984855385486059107064599630634881318634371351654824770384132581071125479458625856987833290303348216238130927012995872961816680827651782829977613491575888832633798699722626295127685691017618938816641243906017656718885036943683788353305224336427060350603583711681297875862031232139506425416327887488028940906424191192185632106180139784671393994332065284568132632,0,0,41169737966078016662052151113021047798804990539252635493557982691388815644522132998412514128359576410690447887225632553336466521765101557396602494638589610269484005362693818925976411830976633729521591599317114868626711093272592096412378816918197602853128773075811239140672196310493766385077861621124050059320891238351833920466959606546734914420365278,0,0,37804989686574498583725906423479805723111052848369804314397558022147550075088279230394541108509262050214838617318944406485583309360444816503650070752222429619918891733072187669824571714699586263621431938842509834045962484514653954263304027969593485352012382447068,0,0,21597628155465017787979999240136912861243936608299333189566567873597213014091101232463956989607474784380793180164769530541267172158678278972198340073084966081765592024850626910,0,0,7030473489373009141225714645200353675326486623478958113828428768356443792678481191880472,0,0,1 # helix3 r=0
43877090363812632174500823887687723734231800407081726669626847227631136439899711014849881863716813685847885348795842006106750775900360490313105298381212767132651207324463958638922902158279777557640337607644282932868543,0,0,-219270972848218227336158305685114462938945380048110948461731256714442446200096509071152126190724874720237605359328947447959933285046704054159132956511528912168858405308887217534598605447472516,0,0,479164529611631289443257613331653523635750239625006679332124884303882886279083170512338848478400524640077260792459429360900820113297912290669212289052035276406861132,0,0,-597513684096972770134838444567502189321611563757094731721929723639729684298907207504269944900627060363869610365747495166489527496365219524,0,0,465139880722047872325252178966916053023554025538809842822701776124077182453505883899699055982872124429131115550,0,0,-231602382989781279031050142378514523121715278685562147146962643872186505201222436660,0,0,72079735857780307508466825835004079655050406280100126775,0,0,-12827656537900281666913748472,0,0,1 # helix3 r=0
243723988,0,0,413664836,0,0,495496246,0,0,190824822,0,0,10336303,0,0,-4293176,0,0,275025,0,0,1032,0,0,1 # helix3 r=0
12725702986101581423755196683389437241163950579033878608052885091560354830215463301032461353686095917265785179231330988459087078318622561438662930102885576865266462077119013060753455881794211815058160781736638005692311782913769007670778483390210302606989386644706428639155141509828944035421409422207552796309772162863245390468947364316073154090631691341531314230274613108346234070566386945600873848503581602210047756946364237300855864873908924218905686261336435731088952820407068260136362631976216889911797089275370128194724229669242626245719263860427753778951621819562485429435766923618911250532771295260711910959870718341541977485289018870784,0,0,248879043738929640282761707999135803271777628496455057683821000398553648958561889055418106348930872681213204207622383332337194994857296733367407385326391975929566102893322994219791227047676321580107090366941729768669899640336695108125381045523406508685812075626475474652183892897884650517236137016620821420370446621062769993998446382578812341563110048312159463073413208670917512870531852272170711718304426692999862613256258216290674604032004411703150208527630679105974784865224774065385757085686710436020012818649894314935422362783751549324536291863759640337275392,0,0,2823887884340975610454451342528380280568948235759885046435159471258177318821230669556744575886704111997416337626551072760157331193876091783761380603434166091290389045225346126554975296553012679396191619058449850089632449983923675626681088059025031244356685284055724220022307854025084012080243585947409744927504808806270952383009269015171179017390389242089686546780074655929221573999341543344246063749372687380235628218924780190770451686496094729744108514280319276621113680585934712192,0,0,21584265934072196321520920312454724594112573140665605056028064767323772285218059861417060339676781298140159993592313274168994308953316737223772868787545458213513682901715836825168209347063742468594364385078633958710353330201822400888993711592901979574777772427003815975974330598030476088698042444128485007174058997533518238460051188597306128676012712390431002060994983134464421968157044079319675350766976,0,0,114214027867990287409537143950390196512909559373966486439046547637532191442013411354016236474479847200430537440222352441696117704295413432135521702019467514786268754362109508762901080518402942501967941725711425208951498199040411763193750028664848296318233567642230334925684355492897495616229974303650623347236870465071452176,0,0,413255802625651596287186224614729607092074359239858692230847923601725759663526244783945829570094821951856139004632820691059157501898686036722746375276648521784439335418233488856108880784705838579565235473190162696173177028879477990015572232352,0,0,990221868297499069513527432326910841063491935372874323727435193517632779509372733062558694054739351575228585205839114934789282407046296933049904223587253589726500,0,0,1438933598004929338453578703702744315762749539664244471833664145340812187525636352,0,0,1 # helix3 r=0
1029352825692117880574730192725073073564680604800269275708106890662277102291633142808481699595508229946103105012677919012952319050457827759689336713330651801081027875991480387106932756064943302611756746802353946761325443727927798721620241127657284689107509360834112284491399738366843708789186105490165692087382510200349364552487319128902277992569258693837192583150682724067693684230649548734982916797380183816547926378907892559637221721101843863069978543157768495128658643205613110182447774662451700184401869957440362721769082748436020995535481106926772801630125456171356786612693678664760239839244332673064395009248919878088928441221653369634521164,0,0,8274741349360129211718797392167236676926684924975097035826004628510993771869180368458970615319924478462917322385628225419636776708407448856137383386371576198479562558623056611875033693356882023905921813932046755014101374563910679906665334003014231217169074990982787160429192848529842213261107377038567731826937087762221574578411073928335107697179496649085683218597872446231932825588885924351634018618862427880223039238173211362583862523278717919737488813557792837233703605648705303066320679387097006056609445362608404983424106896847559402607115267881993126696689005256,0,0,29143361698756948570366451530885116556436971779289815164396579473552931617138975698509872252477504466963280312294078554039120530752730768650021217921365323043644819359209085951202437010824700741078938663729914007791963953499707474127538211615932231169241897586397792173270063612410997271503893613292497617276307755912707908154353684254165252218135967204898181612477688445385660492843405108854327702480886059366166871477484753638482647872428818242144945085790755780983403496559355727718428,0,0,58588429186296504563162508317125294298178619050221230920873720435908986080869844100282839238213207504999350207365229553723977741913780970440294561188157069966257154164801822282881016307870222943646793050701938162221542563610799607537738092634955657424627678165771161882909111585350646492691134690707525348436947810723710924043094802766847728287059168711728157621435459675526091743681248754955458739638406472,0,0,73399998183453896023563339368135833780308781947117491860411115115723701125172847274445189667992277835995005865741220266688388436733665982987165252481360626771305330504772923232613155619943328952631609399489239066192185003485772343292387402877428202589504810867541543229766506303606442763383123161054932019841806669212271803946,0,0,58586654865660869869142113855454718786985165917246789845663813837061172968856080206213632542935469972918013532254591069622409141476337703278933357835669694745254673720875500252660721173689258838890193876429342500065813027855495464231597250483632,0,0,29056945934857964329251729591175146765543194746093164305528056296785377768507901333471380110738338791774077552083905058527520193180607807828761681269140153032733808,0,0,8179453704995924430546616254050865496981406546057110273288084032709862518877582560,0,0,1 # helix3 r=0
10551729448835079691768910105026747369292495851122099091529324845667139888923804941578708306672313823714431115805613055656038204098171694081701503853906327252875481349900791242332859242670484974950508373939082479915531014482983928660196953803457341641362540768251855438819813601674124009676832374517008909801670674664534189966918276211159968729640629809734314590307180400313067601383150785054014141366059293282286465596176061649514432807674041699032404382875873615858914481222782884529514157785571500036180953376589926514883563976466528815470526942006908032741177757637534484562539157815616405584772733874042112828571815536572679319890600348159859774375922072169594167478656722236164767083023618828386260898885714115239606512130132458379140323660993200500487436539143701807978325161982419841255432980393733897747568224868052002079972342568547597,0,0,-26291834777393818563836116839929985480295934394409072015541126133342956534640922471696673473530106609962807930047075635638184902368092654647639342316923942165990004686653004150029182134129112806302909090680737395029050310783643435839442060803584231164566962368085984887935985904760287521944000018143427474685133552747405056260746893136200276563224356059014225553900101527187197416594637635316089957769015636898377841006279535770000344276909952876582634211964959550713373097085089593471961698906988677434863435059568038422344211424419038822717007706477103725390284892321654845292453600198465214809938239193291069495026620654007166262952717858492559258438606173923319163173714004211174868298145081545304150784618365648164579833482377843625828,0,0,28731739719945160055275067708529058984000999442018533819134965229947249312320993406848346073132444095600218511795360571835545763878554926188451159817111333563328590547860695039279414765448472200531543329882022338802264825780260300327740358530297264829947191615561296847444379236306873090278622457298343010813442282469351757193369477625237052596595397196055898084560523033893088673061321536608486248300378655848468402709511441547979604200485040351817190733529733312361145982763225773083266690949538171826900548621779829223890416412434741818011038782240401069959961083034090284352605433606331645333677604696200594107491388049818087759914,0,0,-17985354107640767142106505122448543417439664340938651231601671952925713763552745899767763118222552542776124578658692263621638991743724513825559803894266843757861641143219580739358944807944053193242621034585086914607703876928554644250839521300705290447711678217996425885931140697677279402310082437226391036946767714330344616843582348928687397248153328394598578151661632023694649497602548106367480081501896261386523122004765303493757117181075297206974146668127705611537352871268550510751408177551210922553927570767289359252233444516,0,0,7053455397169919704302997041152204215969241799704914485842532574692605051630461689392894823831629244875020708277596931581353091485602600561270865208204899803539182380788589186389936319750036094828880780861402215327225862494181779151118496762124145347873484293344360148932504041440032987962942533090883857431620981111912171410546217935535585380501350702794540585077646396973934601553008346754101986145171792252267326670370839,0,0,-1774621040530361428213763353586704905355045681480843775389796540217992542621284502310566730781983100696726713742681328472001502504572362003971968715701894515498698324251268824524846065879503778991661243834015685945429606205390122102703406113988766703509701838761548930456563406388050532944547031565108751222412925177580,0,0,279723020709038296366833770159748213957405160043265319600821545680731245670420820141764544370796414418607786572335132952391415052640941984028778152591961026583115966703641623071097112891498171154865453678072546966,0,0,-25255316185750999038772045308914814447003622711001892734535624676926034705091895287756638949526455056279152,0,0,1 # helix3 r=0
10381392493687901004330563131380247863095108299170375273744963806195365026505152307117521191036731169687006298613988913475524447892132379334307142982040976683555465491857992491910185047208002251091619112563964006241499741545135593199865354304491719481496153653697935929096056052537378028323346676342303001953256425028341195122609232468891000100877024608126705583,0,0,66736559790660075751573124637274504982381070178997760055024538638686154553700871271691751278097671643674157499501824882020752053278518732955920360242507344038927957392724777367077142387097886056659460368174674014579676582806348766877176106066408397721667559458750188433854647871443357551321643064147720337472581476310,0,0,183915663318791646263505321382628886356045233098680457405246226992730170694066145000158845858516263767856117377977858533279064628915248095760113202600630201853369737204266808236809776788216784258592348674601884745953000726263745544317535575205986365557137439628526107491788,0,0,281679754952675016702404886278766339176915273096640956625856675331773005783435206771937593396048385258244351215197195141647854236964370189963629221496227563785446712626181386262180076142119492426215082757936237724274832525270226,0,0,261233084062818785324132939303805656420482383325136722393250654199465180383901109181108051163188751820728234653219692146063678727549644597590001905128500468371306292391895363657839599,0,0,150493324292238328502088417109971322712293812756669823461635757215620273336160688919421219031894411205777341090335177267699606702841463614,0,0,53225841963628188532799395366914691626357819699982239294459617368759539206943857174213735010,0,0,10821630178891089364239802860368130212356722612,0,0,1 # helix3 r=0
12107063700556395449320224927799753409454548856389192203619465595937159975694297497463070407442172742162205607336590479627728516421752884479625458029531497736505603493177546100446586301256425786519722337419966112814011625211984850238020391582497198012031596847896081047108538066085129843322151997914844319902125504808320268339342980400885540459816755981534144306211340828932101453588553113326202365551584720658144416533125209657081392612848652005286165186178508571568507443196444854779411050531162100839294370121464380502201851592931580251139908236008696563149599386761310596406584276746400662959053639514827172103436977591536893786904158220038914254997831078409,0,0,-2292475434676463593873224147407211721091048423350165190820449144018052424730730665665437772065899743155685408132758228196685986468646730819663441205059220139657713924286840598699148519191815873650319990974531204211428580109802171741230826843479918924824126116341172057662083517230410112130732672951738676905891852214478378336067408925286045288168063610090201889310361831638479359621195210303666884657353279896556904310753191435685169488117480503362851680446574521845218635197334586119244828535638158996052999676218664806181524054141197538663967104566018769692422106633250149081560,0,0,190146910185599719423795702364444210006199380018560766249242496950198333788226809582374913367615911283502731640310730010340042762498012430625941871018562442424467318973880776113888366250083696732482503133769008569620910523553676791655102251518781397402336963196711149869277409228528004878762979896095764242484992495363393860648505766499923101161746238575485944192373647889800444190691225865066237105514215376822079699388873740729372720977756775541052921907182278379996829373439057145527835337475204,0,0,-8983850796871992226664351133564121843019389029153812970921670018036442777999265998991674412439996354767342362519385700489852862690567960387854499842382348090465070766156558272725976049093666554105723551071202119859626478086859199009102463833600420028601194615541124389428050362084638085777094702265075402790744478931461098477139358652191266565143559313636664995273495580656154405210241961322505618949344819119197448,0,0,263467243036073396123993526518874687703544671743839211048535847937765984535249422499471477688563697299373089169149706573279673617868663251076170787239171581139402141222205986459227506031659780566038118739759077752955432502548168350204055056423382271715686661143703897855513979953810664152276452995466573194461509735059205607569340398,0,0,-4892410436484203003125396222377646057853217441461485697657436443541182952835004464118561942876504143622771041107157850805966238868769967438098097445424073452232546565358075253117839124729845164736269243321079656505600136405868616577461021893903330376,0,0,56005636948348369256569299005774804160339308846089878724330549098648821947336872669413224652929124664957923251802051005953994141990736154820559684522625895559148745524,0,0,-360701054931113666424724431744889302804408360363401795209550213006429267949247056024,0,0,1 # helix3 r=0
60875128215279470246121405394248933746981893911785852013172254284965740544,0,0,145524309288094159353080087082415685284410703116969719164892610560,0,0,171866980383826832513547434177677252584742188273012572160,0,0,250660376031484204110861473384567583327219875840,0,0,313323961631425638416044270490457473024,0,0,199927316344588914396208562176,0,0,55628462597280366592,0,0,6442450944,0,0,1 # helix3 r=0
1567893676496991390647150026520743819269302170531151676768353958972615428118814929941619732367872984723584029214966471296723597813952724802703316925190458334724056767350052229485832538167985320479147885830287095445818334124634012742641688561415784513963752735555669491359949838436331225250996345779502946418778196478336082261232643206629836999621498074966281953442386483091954569576448,0,0,-13139785250836612505608514721909084419011076659296374259375132484995000444460458703035879373447867665291063479302182489325306608566792393939761017433187675629783345540421355770095192586808973886810430804284520566375099438251708510882608095492881372668034768995396069554565016960803054586389846219045109543766045944866547015437548123062272,0,0,22535351158034190989287443304811086644171012394673514295810718129832620775409311256039521501461109751634432883192393957006486173056025551404164403932511566476392945958143842213627451401121467960124414086982087604372783889725345185522011185420259571480228195777550433984307357783680171900928,0,0,42938566917122223244194774054508568665450883134880508198435387474424997492855661926474124093121794180747873553989849921408082148313604472323853473749242522259122824467097820552198870716049431342247071108091010848775660301429065208995136929792,0,0,44086076681149618118746179884045478524267326337928311223128767385898666139507236115355394855381893619346366303947212351236274054434950685440508810095150675522998155995741208085072960392083275776,0,0,31270797443855691198839787726319766027965187848089555826704929358708538203473498662022291097641872496941129599566222112361375365783183318698688512,0,0,14865688559548860953053158386210036672103092629716731022096605098160607773760870831194553861537792,0,0,5146532475457880032781471173269568615490596634624,0,0,1 # helix3 r=0
33362360034222013140041772731098484630389892568262006964851609901105611472428195002597487198446078738467494539112458364207890931951755404070881041780080699969223193488123729673547163623347769178428721921414931275193575655921354161515602871457919554463112267913017829699272354785266372474286250663493248178833787136581603684000190699165116993386404793917002596494907781985593086850319476209230474420794139195844530056142148818766818088238198532611966378098276028508561210071071195747319905610184766204066636731544999542322078820072967692509806739619495294090421046799379379845345188070626592619869620697121296504653557954453385472616212708877389680246663611199513934008262411059229523352435796410403518031307846695231690366209907992229951116953170685817619333615840937224061668584766306626975886031817805024513131696343035330456224977140527524479668075907606338814676754126400369658236172301,0,0,173281372395286248710926979895152947003335829725963476181125707482133544517767498819973781409984423843671461568198239004620001513957934980342450961789317376904227729371198770578417268311830821282237935437762523272283342523731662917122372055917029959411633506283090500967440639501868155849807600497218837136737434373646729753800083458591203973919770892915612834496373112998344372316727937748861036573660992402196349655718100105002409918359631069694779657291192437187704582566280396952125872441446128561180053220895114796832755743773416156232030459747819487440122411029206192849932834572139896095983672362273198143394068149442346200322066552144581650487036289488906671056972467693342263418903586369847859244299105768294207615598617755776414937907614278711075666675042581350113059068,0,0,393143556464832548120413943984077919457291822177335071004904935850386187672480448787791126460968798847957635758036203139703001392008742114956868002027277210871090760453113832422861239371227886949290310221741747745997771859595218536246887844749161636648391708145540093348793654620153516641771740551063996107725874065891865742295085101148876880312027364543281628667781416253807842511870089855487891667616134814784132924596538434796493787744670846836324991985339356158558316495391635769490797852623646312448285651524327249715320196140251876232843079637243340040745328152239196979944643630329285475445282403304788034404238675946787933414348447127260041964392727661088594848,0,0,508840355039697893795564589406283036213533217568996971540452184732416046949001547389225259757541764587252133297224510163762159663798782282540512552996759434133524742018719740411476165734269478896534090148451998275759583985154599067208215496620497034318152857428127985589577141046778431079158025173725887315471274517269712434994366335232136139165933359311039991992353973522884206296873705450139544481032642260714789261368493426985521931128371076181746234082311032077740204883727414141110173540860807622802588892780772074110647231696737692924968256669282986472,0,0,410860183297953867944611949442907817757981841809890269801493418243897702891217971749370439376756756540191336416547608580177937387865246707637418028034044031883890291377120057743291311070633202926816780538892024871923881787478475034803374809277870454891025850499326884254293205063154739672888094507243433893724725479198898057066116073841472444666870965354968543416667626783312953346006841461690257326208017200739827194478555213603888964885799078687,0,0,211892854109378891915158457115253644325793516331184375654429767114102607207215546074871409597360113951972413130532548166204462912601789041991446635183193345583605398977542157187295557652883940931717210713067351082603537741630445726457870750934404123241301234131305857142212308613631542041131688222767398568266755784708423498144335865060,0,0,68151545711523129845081077055625066403367451586095120655802059749128264518324046923035701816458233036458050372141973300510909014114129513526170532151826241102642824663402949496823552924373820300170348330176352233284380002332,0,0,12496415685611081390844904522495911765227465173657903795759497856621302893078964151589598286200959212733325672852,0,0,1 # helix3 r=0
74665713184087812183370702895568375622759280229443086932108544884122774690545880622825291577849193200451090276128001142034146126561504144384888656941718443545191828579622893897699108762662416379012717550017133547104423306204084551573147540440617635592393964655052020020064768529938092185460513731598252788886139636088771556765914025999474887693687630532628711280850930636509664152684334030821928181276282240505423661202666226465099891715510551027482037894950667876474867687606319078178965475516446919827363592128714780010582056390677958825188782342246973465373783155038756937858770633817309251909831605711839499613871552237435227520920462239064600839600604488697637775625925883902318456741095347919639752743570460192926154706283725877602427552277083268686628125376040022819640804173108280111021555413611186473834503562866562286524506747513504276822461213395569932087281059522603384832,0,0,-2026053922816321591611834210332382623137965352103967819582668896778825033520559467475618335666167794876776017539525523789405137591342596232062450727961187727883869842692324960556165464497442420587380110430266522250044427698795021485308355434388174126030980248734409611630524702382212135147047470967316258496037901086153137421430505988419120829269624815615355451458383415841429331762858045741285754812417041038042800970712094401154493763966305413685530596449232270882895666301445255036739864874212663852112849038655772340505200407256061999260170611681444549087730634239441056929233063705256696792831955986972629269117266149089230197873587240692405206794353704368986644853143982378144495532434809743009241818636802012067377782920927790623548662824896711531104367653422800830464,0,0,23827106908706097442658999414173524077128585259710977558293620971413667567805475040406263726101171398828120445999934570726448366949119268836982318577349845286519985011095148202659127484286095788102543279840696919861555230612036853006693749987278698367736848305803966127534550278443441766160267826997483925047204505175679767234212896644386423565740069955595480650668081036770042647822290755882397691174315312201511892606356357579263250318506096487751812074743229970510673089769935493049741167866405274489563331099824398849978297328805358880479306883387881871216252495872193677819814641142720381868894988967948437165760009683814971210583476895529120071664550868418560,0,0,-158589219020180714155855498926634591552957064606216853641025880876832319538253076241786882135416182502014258966308558960652813900881132335531379056844697791609311569037869118618012723409456185829566266617063813995468956732660306426980034978413913385977034742647734431122554968298790787432975783241428619283220768824989115529806015063003230497097307426813731116597877492884950442829147876578755233898290054975085430628160868740977380750976088385408142804098569118377294453045932920333507922331116418477755141537544930470900101592020542848542969197987102720,0,0,653315871077662523682847119441899453951435610274455718145748647903694389821408158913288792949350181753998230813975253099498093894418843889872752211622413177807038142129971613053598986327918006393250302273302471057416638962021089992613105194103231001196263188229973231738235745839932728376000713332057413796942769719557824692929074346780887748035504635544929723382447149254301353563537771967070233143192755911199277581569545958430404247669440512,0,0,-1705739698453276024182576988071351716401041650281226502811381963499006538590953676456130545334678599396197979012494954637089077354921263019025580407353346225359046567454437384426904287054553602422276374088159055396735555677457495931112282947598966505543183740289270716502942517982870932329750594469952384725133097066517993000930377728,0,0,2756658706435844725336377282665119428758869966396322516525571561166864947023390224956803163473346238866374979134772280166732779629216765656099468412750392251729377686120588189059893090033323770241300228029025354025963356160,0,0,-2521738939210203597291528073656870571384691201415959690808364268799622517211520040369346657955195108811656396800,0,0,1 # helix3 r=0
1584814620340561220347639856846430166161199394467423520239321493683112739604535070270103645642514063832673318844686059271968217421128154075536829053204146933910940999237133578592264039464769669059710529389461322237555481143287303894788989112886689086073296043995033077064102981114320287731354295094233690768529165077880700068347772341619239254682146412098605661611491542794152381754271798995567992846814508120001147142318337535889258107042979043254102026329525936324084826885671130038628183985775647338606665992555446992813384925726997156525474115955358643265142949522238011087165848502903245426008354333771762719000928990649462075603832138837044417284375872915791301000322823748281911383499197892661593756273030126536416124964995313475108,0,0,-65727425519420040676363563736917151237395736494353265684465869405104189986113555719671375011786891010073504983910073392598718029433584053011690700153223422128153474515110684015084219539554160506424821179453783762518736785680230712053443007919452705182357711432661183457130341347071485883520519838844345749028472727761962016331898938546950215873439877093455380844001430937695940816147955161511854396540996395244683238998355536876800297659924190342177666923155698591635620285665294309795740653538317966384087588287630537239917318754561158837662778715665754416258777920434118687445301532481006494230935109177305898326960534343471152627807134816935728,0,0,1200067231629770262849100687074481488245945932813994908161818203183399796089134431698811100297715017672601855831526562696228368963447354879650580850869801984172135927932364437531758226725670572232915659647263699107206129499973633082276903409086551356202349424260663528852856263976188176309912653974520872235144347924795680138179954183710665404235953551638405078942687124716279339845600605982379341364667019151927372382913342261485320938749809105882735388241513734979950269418190480797889565731223420348629204996760669788464712552146866675382886039687567080,0,0,-12605308999864827541414663436701710959889536029745305782925561451202878582260041616484085303586249208821907494042149139321877205368698035632111808596055311698991482558429121323592920230880804848046629448912784519060999776853954128822203662116767134697274103892689398090611120642966285065591380578079589742043928419043747963642868809649270853385197410451196730473009299508047558592025200259036548578376951998455015680907733065253555022038870703971103070295708586112,0,0,83337354744238974045670286724959625803307232458948789643291472646235190442673823414243354223042217364927864150942150440877256454574310576258825022926814690820587477758048083248535008010512136089509541957849335513779897085431870556713825249623254383438845429780738180103103527179386462155150899341393606022229415453195537783478966327527281083507543093317239236648404714108,0,0,-355159355611650430795985087604959525152630138064671414816935522603345709694972348037797177277985592514294475664062353436066411908315090949952675092595287161301013524620521311207987532479719132683668204911601583530952269632603550510343720116177919018410634217785854978385992487832,0,0,952794432858693355686531549104950582397512765587846833072458931936648593250258089536756538127293278370574265200816000791163454784406468250108197261831285402263723683066253143711836950716,0,0,-1470866410367179574333405247536763484191043713194685850808254089374510117943471127140032078112,0,0,1 # helix3 r=0
78041566796435685944910682813098714273870630663298734038256045428630097594312638509020465631760088736810777122538543604041297354831940235368059427370072206396201538354994834543700107587737993529779174008648364345301071989214555967795706776911304297666047550643148074464012073320025320100817235164917206219571073802454938185209550535070727040751131772469105984483407396254578374824904588296473557158663490755019670865389718504732339649386812921956514267406671129834388842172398377692277714816361737156520064136265068079429042002420987996433557157810423688225814696506733323025923885964032690578845876103685830421661334074110985470678519992320936696283721203094310106709396493642559663903080679461069571958542686554791653203896733286002121606461318912893404057927168753540073016202423424232455566972272635209301744214083482896435549430196183982548009093041483247409520403546112,0,0,-30084481618512037572832174842737059369701857833432139950421980519447080072225579650016335573311966616197222324225191236273584741442836953227548622288087674338958413158902917990956872085418677479868886778774188503792440061856614833473646622692949953216121843913028991385064211987799044520533007405635889177062959292198546914043844731082327213747185113750276020966085215957900671518757102474567176102612593236609856089923712854314018523698131049590648489622639312479868631120191563603264694829559742819494422231609599786326772998164896894747526976127038887497719414726859370416152419610942230855837764553072154016154958834031924487581546537414756952531330348263502825200530220395724916998569654044767525911960496043989239626812421495566149417571782064067137867230478336,0,0,4838358949688239548520252513869612797479140429139855914508296425742881872072904061830420723215483530334884446035387658445028171426957117404752164933416302727451564284577323816693546999495143077058025567897378300724501964103662093907049366976264717351638341757321857794272332163802221114964472744412215059840873408639306473401479048730649918054411410463056342281936894875289912879178970750627853119561419796332236193978461133076824253012093324386971319009508918823607055620576587393509178471119864889127895023348286623968876231733812218173546156600788073881571341715960017455126709654787735167934855687914453643622285741850133943669634797987514024936324726784,0,0,-427458560463924526918756102436713799179190825972924483853104567087091434627717633129171177272472535025133230565897716062941202164979272012583774949974305714313205315587058663410302751504960690270824065119747684689193577306534245637882410087629467531244136905671926071520760373246436893778784863246892117814550747960462504980134823255208521914528184996936285221252031237492442684944701618082602295026385114957463088899047671505598120052822276112606358972743177211593364345972891926378176643866392424871937409022441793209538658448883692966655396151296,0,0,22961733773985459582084919142229351444227812007957687858294478087286145372330146887489100007481170647377920387531696603130757739028169421622327848076096924201707487673252092918913202926819393578683160079081864494568088503533951933652248411425388602599610692552965796961916832279632637382823763940617045285773766156713823698962788773780504129848339420631836016887589994088753790802592009769803676849842282319461939919563657893592236648562688,0,0,-775480283999814520907811802382963927610869915105839651168883761749004404960129080361053718726910791782331646965993192929360308423272889944704165777329510855923401949915674899313400070166582761858784444778409801803575287236525223577843395952315500123101487253568454940383575320473038698312713261928713867150506171632263058423808000,0,0,16199679162489742954068095978607740855775482655918927661811657082343164435765347389775931864806204912710474417829191734833559037466760311671985575558796496949817892548925687129849039517715968471432017420233596257804746752,0,0,-192462046730094641138347781205415831346309133425189646232570806179314507883061998570791832167980561622655565824,0,0,1 # helix3 r=0
801589758853339111974922506071072718130527301568357438451408215553067111416285058506107666423614648313872330455634662947171803927445893846230041580659309056367313476321409825021919035718152028741245917371176941042669515719665816958542960539801230605749847764203346657955991476648329287795099833110070721142396318971389377927787561209417882856906201019570451418456712625643091478983332569350740008921455740557307606350471974197942812672,0,0,2498950991806336296296444512297154614723691430939320867433740854264428470077169317257310595682915659077145161657062636004967281687138635401685810621005085411794275626203522594616203440736237121186488913708400328098329878728120795322589986090803072319958046654429391880555344314247728319155634023040355597364823482734278587392019558170886238872457920444547551563649814998716721922048,0,0,3484320378021054150978213506942275262594901129597283175387072892420743686526551917615392499660348320831402579538646645620647371673417114728521202778301018799980366302534889375990426019170174893862083290111466876637633880955969321961220165739306369746897231535061599088114029709215183042721751244022348452057700404856942808268800,0,0,2844323310592435460122606437501225592556867035395617124121341904930462223116881053801337376768870759981974286457061728009315733011071077182131942317607247818625995049270753854552519844881408516516536866854814239848925424042150684841095240498233831205114068040064018134597632,0,0,1493575764667222094412228760942069584818238682507444247034504878866997479543779981018533341944893367816999328266676399406672298867972013824292355545909139570125739639315168005212157532786584190618718322002288496911319040,0,0,519282182580834037597205849716435294721296036199476209618445391214697503133886730224429890396939539568623097368895351436520128057816564397260237688272884143348514816,0,0,117402052935827926822039658410653065309550705539011984249143854947123404566789403434410840769286163611139440640,0,0,15899065854569940406312104193896317211481451471317237760,0,0,1 # helix3 r=0
5419783402287758886197910061462843350875274528246713300050414715973847357370274226666901092126829959172912679942833788650879119803840255313779288842843986791604331819212360579014028070576267198640922676873527775951312470651163775434476066865339753618705222253937309286042775604829260104176591823337674935584036997130030068521508971649304275191368242537767218383316551154736405470386886127967428589948796353942430859919360702253555053201616691171333151290678529435177239685776525107894958596459451253265755954247112530892770793594240149279291640592039367911196853049082636429232002055609828350214884033567929647445530185273808651273984999663075328,0,0,-81146842841604642762952471315641530429510550052588872439584396723275308377443627428142452156060961905027776026080414264482733314945067537507218164121414533443339810498802132436782893898243293174770300140868963507754129607276665165540659104428108193285974401452819083428394718140891574474186254636173268521241097625664998640483507786508033733688406429102731203130632910404078905663411989265961077145202742176289775817871380505262734268393057161768239818104893080195799516033904629573875465664860520007080762199069214414850131244330512660414600172655624379013546377216,0,0,527538536024104694306598561636406009782910149658428208640128711502520830773646950937966922512962707247178813883534985361547248437087351093435134096520561460829933212568965220889496672892800045659888919628095387436956012232922595849375539674923662517988721403341903641343123557559767615053109700456895950813325278646730989593556020277432166497311330355415472933878742175632399491690862958453474364157519061432639198296477869957159680813027306981138217872828841018997904000664012274532352,0,0,-1958825295645829716421996268263585345417372124074222543435042350893951795319067842894210429230920147076176944653342962079677237961810123872153368040428176768054548206187063643076820026240875331631602879570262936384775758576371043001807576991062294420963866517058151079732912761856328844414628338659075899168763287109196693378648040445988118478043410711290330749267462818322041730977414197704452671407128576,0,0,4581284951588448806191315275946278474921059748221331163782505046887633670062640426407984605226143926433756028830707316547479651378070160688702314760812869344708651406148109963487152000576174450635746078234464749534710947728500048973829581467890807949413674557767229487152806324908855878624829547634596190697689718180401905664,0,0,-6966690768379371363995052118255364193420570131340368788686546372204615402662349306163847759107550640346577008675419558459387039596700969680980089315741904070086311579282053633650301319243291228496196513560839227510500201249735554632400643293184,0,0,6772061986499082262147049784732701173702663035779235129861298413919506516554933840728193741168359653969917417424298112699455185302002749393335031024824365350912000,0,0,-3867969718451602751199321602622342413813241866655098497005979928786838325559296000,0,0,1 # helix3 r=0
12501247689206459848038193990287697372372799762778464459792956406543328586693336746773722150243073474286585902857375273717836194669443226327444047111060305673473549526207520867783930189707344414161192791587764171155232513891394735100509773296753572147756348204559806849540451111376795820924093850952319400075330564087708652786644489944437391806754107560183046542338280337978412899343333116641545058347879192243487559660065276156183926252879607077325364147244320629801529151599510688312862708157119619549525405865408027811202229294684893557598837117346589616056899018857099002121783755945519060679656099694358861,0,0,-5422507056687881571757018776403627907366635285450563953731454037952039031988425752683319766238609736972408964290520815995742555039110217782886043916873993956012407190670820512897437632261351327003807311805211435907195446769033663223734812437945237690193989218276909650036668580865839268233142508861221310172736067532254185798859978104907319373221996833139910604660099139437439650160470285600452511853893694586711350864588096259407413123390858125092059785109164879462065006659946406294437308717635672891723084036691688303054690485802280,0,0,1031618645565115852517813099650831844582028935763297635595071604952766914253142471252068157428062369192908411222719574812813769948554524717718011533044512575020605400855915250898696218590002166107512307558977998664449667244051013107086980780477344576667413639261384213292980640353482053447204464511755780489011244770286723109345890634522780933453895193086493065558066365292940231472791428249981369797646923870489433390529864097689208862229623977353181690848686,0,0,-112428124662998779680771396026446074286160514754598064680420182216155266298983690197376650373226094345033029186941695701204648527217492302185097299215443270235396007687739692595025294454723760348610723440125996656919828683479127065803863231637672104260491799936913763253626241439594222042435688866300333254447953989069644486361180996458604883921134886821272436208045219663883115412524,0,0,7676614727362859510381749171181193438233028610740211276705196902024170190761313142040855620213609709130114148992091979293972119551086491034887781072091769302262582755920754604349996906911381888331488296709263372909222502460514737264163282303688498201022856000099600665333005934181469195785501169696937000311,0,0,-336272280497570603944059267336679875539492702776401963869518151156737265718431155672048041046922580702254921588524136979167430432939750106792578372346708137521081945166128586956068270503972993265877026599734522274012016298731253292,0,0,9228471720311842393644315134279891073628729910866332101228713376008514297804575517359529550432088221988929695424182399363775654587725774506194582756540090,0,0,-145064696400497974099494904768066051359846811955227989621755529946447332189396,0,0,1 # helix3 r=0
932417495865439010758899750002587105750368669920580133020588938009260425658946896667707818568493980814526203191873076030224670643491424742492208203772715083840607945648544041288836167797327722209112336893658564461157887037046409723466283831268732402012830126246005059953231941896078649426269881359712445540018179690795711321359711594489818361714051579987089132031089432554167141958832770364405135570826225056353564649719147212902886070283574728266280350239509484838615253960783311892680353593506731070940491326553861,0,0,238020306238489426860413491403712265644978163532293308871519843518601281722552583307385046342067638526185956741444987936547653101024858421717795196866458268883041635720470920631036466157191890606601495038000728618475359337424578100916198130180664000467580809567944379574428071171552862057637944336394618120587241248970035038696859098808514238690452587194746277764479998815791154876134076149309193608198343744576921326725332712627935652863416286935780282,0,0,26580960320873331613428923305682385074223108550273773620408319239384451824141327435861341108651899301031704132824507908307171534118081305104082641833265657714203804257545707275416213755646602390554055899962325817589961189379200826421804923565850180370349223478032529038299633456062247064814273656938096829592162582450922678810577138285179322170979272702851368378483026688407467345985849784,0,0,1696126576513414633536871003181084321261594821868774122176765996734032643465260792578008678165413445300418233252843751752532097916989993567160337208022048248468025105235098611285101565323982219984932330157538923860135883847454822705528862496650511796563430619703242267774080347156497570548033112783466550801887549559480431886,0,0,67637975988669565777047298074663625701862139723996758380183574093507721324224305419186393588368106591057405190537760372434505345054453042138773132568027902484493931025337095890134732685191798774350212305653132647551304940601030745407248107767111061113939982561,0,0,1726096438823175941515656608656636113595229648998716148145114494567956290421435493128390389752035162221198834164259310585188957411085271161557532588736240909508025465003823711926158869707363654954,0,0,27528377377604307187934886897085691556150461685856989584759645128879601848791665786992775785783897172610582224835207515187530186304,0,0,250853187513820075134431029083412657982662927511592218355312832668,0,0,1 # helix3 r=0
223156792199305607115068410776900508340624838106230572467565976895639937953310653353432329143191081032811816705344771873307170492297585086756482967591279785582261192879587979371480708935803597173214193961943365649861563561545606376024042913017033073497644846403744536787125731588952788988430462110104141689909994203126375270457289274097967,0,0,926366212687925968279648469685534123034570985030962559752285224205988112874543710658301524330362123208159064374499268426368525510431955485938087117280592888058978093589664974829830354526101410819018649843547979968356519973271172175504034544562605204508702419347281541199508749094521730637782713814,0,0,1674634388329823415114788820981233358665635832222023354055199751127549577198925756675019198934729931571489885005623488262639475842090638472365060905481906932308443011840879062162768228630849756849393437161389723205728007386804703645638135523601144169047520,0,0,1719816851424107394503144803539359355348300608581298490620034317597306067266429528507605819290455646401955116271119173109438188481376166319829677906427110373702074989730270729460939356565931170555418617908739218462,0,0,1096828904004361898069461887649440898306710275996141788109467885376742901420120315801520301482699224233583329518312298191059374084100138028919810417782065594839290910135164,0,0,444750498842654704500969909356730778260541671109349811936032210776630745284227396462877266291107426227704345034261504935888149530,0,0,112009638199977964895090628210409515209824991596800434666556907421966092614393553472203,0,0,16032925528918223830664067018946433290616406,0,0,1 # helix3 r=0
88656647672785647840777561805001965192831005585718919366346510785574068652282057448911607661422540163456876978272849808812891788750751258563437221083777175350038291611466072101880669834838523784686400485767274773965753636171705558398619362483556957299197646095356174538035972780152762193202319026396015100419109329219496406356714274109672155388266917278778368361385545463166880338099341644935704465540084564506396661148411706779099164245045996977982604358537229665077843846448684141337181618132160065331841510366505990012668053100493135171977710528976029388027788722416361721,0,0,1337642653669504039238329054447612269795406395100361749939475725500990606829405821517867284036721581209340388237940787353198533005048383023814350987803950522534535917739410952371360340975055856762202832794820465087076004855964994864576460539657737048547924625010565867591129543043356513655233014649529365807296540435068029675859507029000773062814961270720905331921369036703115933761491174630020330667069152040529783735975236738223696351711676986082480471873257329044648553931396857807847036580229670870012,0,0,8249580140948188535730033285107894199596845898866250894223455731407757922511331215157588972722088143869658005272155533357456414367622814525040840287448301427113172198697346758584546853254448848056033232660388424536598100023742896860732518902218559699506225386508398225753238202748258310355423188806592620028863754708332935243472950346381483416723480760698510170203899193447272842645827003992859591132131859234847173571794413225269612,0,0,26593335941046411451186295348095038132339254006387652311822101025269371165478394979065409868044710304618548492572848735322452587235403704317509259446056063179967398542330958944347070498284578288881339278811004751864829440097171537894516902117782025198338028113654752797890297558700770458515425410270751651588899247286527815956533331526191738572472537022048989780,0,0,47952475966509230445400111949555791287655983026409864034789844564028638573104870161363191373120000712563410952956751785226074722822290344249016796782320934603302136559786555561677889794589309492831954649077108355488836683771785005305987627468906711627650118730384244140865845599064882940350,0,0,48830028497292860810287013197772487290206324353410962472305089703244450839377577825098548728355926836099368898894469641529869664885459276977959454259132903149457698215048140316922595007405093949536964457182176254677060,0,0,27811817966902967238131582916086825224574259070462344081979702513410076632390820412014668852330291355817141247365108018222665260738227205166493148,0,0,8267741700066588348221866532106386738235594786681831325820182879562762412,0,0,1 # helix3 r=0
917682538221186424095258542090202808305493325869056415723847310346847721543934405096164970674441532532362611423898246859686054392380853744180892369397914777596534791351851222657353181226050365297781338519879817788715470176563463236226916216166409992778456722327985332423293567838363764367827158788673373260287202042354472175833893931075073128795169268804775366024081785975198989,0,0,39634077334850316987232548729691464756784538216339633282007697084913492614906274994761805779030116248008728698326688294218622396230788905291362780746828467115608313122238696152534292866425910907806871302262073114290664462146086888824860738381555636071833623169461071172667575781524507121692299141097536468113912960354524881603792280,0,0,749700972653485149825820041419502615897525852893042659455745896681705877821619073021357049787383319520078672563517570324331795145893102680350287672814456033357932411495236359194815280915867716985884619018711671350339179541321398297338283253701617186691113198962926622358548928904005320,0,0,8304185629730797890895439172963421544362901795511518499526246737485673722694585127527947695082508346777361585916448426280418946805144124321543919667693476368243359642423394643893041317768914965224824099995702863874908665848708258889182176,0,0,59572275520182711979375731388805949734242759959346833796378841108954469215979419903026306614753203120336597524887790635556804630616422935596622002932566378150501451094503012701024508484673898,0,0,280621731215272714124649047207008222630465300720012557161722965894260772759725068425800150670367820315582834014295120336508762752598548158128280,0,0,831390196545556454620926599267177295979670213610272899306301515945233663327908533751767722132016,0,0,1392743427013953255505774904185007643634888669456,0,0,1 # helix3 r=0
197242849894832331762029752157258486821536712390392153025717555881540903573508193415591533571342334182746621305571270469885051788800692026235674113499144000268765526159736435293672835410429071091585607230746373450579122605375512694098523228178324599555892872906809302734632375424192257366708243082020436823606655706037098011988239656319729196287882794568003501549500022863733149544530563301658079094203747026490080478428861478563578796600761534741699593702619907693650423206718401784134697964713367329896180764966242822639419192888322581308734592619100607258608651273165835857889040806576804734319439791285293,0,0,145693531516062252149556555397705296919569970996444376619710633701527833199761618747897773841832972010367785404838307472800544525136705878330015468122066444195503296087249647936498484530073337562059919460466948440148813804145427865206354416378479737833791745149880856069108857479291801838687608060812660914673179529044776168257008705197607350455976248986338726686374991389328518049304920479932166684212651843768299552969781375361412986558255664671208696071802278209587651608668805061328087050911611278646803538099792790933464584258972,0,0,47015957050862730509144534441082095579442219255343724522290124817924752481962293461884663918248944371374722525170505168904993362880648628465339137983593666805814697722113273001405590363229375594124085479743948975448109379845427538079701672862635277174798912718478169546228777329155947165690905989308867571758681944050330978247947690561726742120204954153731046790227226790367856756814045822826358641863878726025225556593144295935344794886519505813826419905024,0,0,8657394655554481582508099292593179223774538150426410913038595851950062819248991514400854034008031520582168732026879816325761526507439268706617617301032005671837134766165929446142145994711288618095587836103248167434867198141351600719669970872444181393133787244321918715469302130932647688062320053970439469159157396283353915772620533578639288644503467918586696602579840693532440743240,0,0,994882887553633050703356644994045690203923984695193237043245393908833983647948495668663069457394769077503024519198686914955221913765428810777493585970606688183396821199171454705928245604952874957722319232502242099892625886654141323360565130981106915191294368127939320753366314167541302002655492430581673799,0,0,73061457561146477067894062490602640237726289519974202460540255579880476804641776417024730235220497742304430037995113499570931949852361804818108982647425639895653157551415873291554352526009318969409998555635537630948282648996956612,0,0,3348316923195399455453246356451345859975494627682518799289304332970845446291014810817484524497035956991913458508849773456291382351227708198055309869306866,0,0,87550862662623100756492387114744014501814165746244688767277638183048773938976,0,0,1 # helix3 r=0
60186035772594562595992736291056705570736408818016035502224899389498383909546763291415860877775840787677847273554862741507804443027643306623413357193574371781597968581557823559273188699161664,0,0,-207263482735464176444894891950320323458133551357190709148361699977457865287776575340143688975793810691646440296826554210696693698603157506344242007998652535878430624128,0,0,324326383476948161747008464033475693639794739811173488131083907002521710355276129330694378451783834417418382362656406376554692443993380810335328,0,0,-315245853571726331354929201388750104798213711156581869449753016516297430160690607471446065324975404278360564246256777376,0,0,1155851878799000732172104614313086378043123327058626975809121903893153551427998506268622949302264,0,0,-2243897835922483045642829605819412480338093655808466770415194868386367552,0,0,2501685238395158777317608183614146378269708258204,0,0,-2228416344159987702244264,0,0,1 # helix3 r=0
12377740111751165110217881739413175162066093906866431989554077447773606292915077778973030257251756793212094319226143354898153550903679883175685465680896327552387251437580962443569227287520109995452064735343059227541370875006954023341443536628793667686040320659918956219378641945745619705243565783172243851948006081158542476292212710953033780757540333436768751048528667722318802229059372477534736588805413253429494699989918982121178115383081877751330164058311684347234495719655190158396737272741497751389236373294655865425275901828267638395198411027557779035628,0,0,-14170151772049676008223684533662977381736681296222039621221216542697304911196514961716815226126204192297857310277940080384721232975606472178270062580285920773990228805965705825770668641068791693753828188949767227756137253412501722925849713934714740706627656202283624643905626083689189502917721993972550566545007852516946627003083871376491897924725443225380433093191940846312699576388007572452366708381399965663394885161959478004555269010249762724946812732132508098622933355226393447155836360,0,0,5296890115770233773666279899256765031981297627619615699436663781272896203738242544950137236586505016288007184535444154885759952893187912931549265086418508718590869197372770957524335077259015052293738017315649369176378820881169907349127532161344538455460723385763297435128507005875227105585569034390286359402520311133113877647253245252005407584982324253183552871042968923787344932390671440218022488111922385230401335859300,0,0,-504474598582656680923365866585648660341452653227437443096812209516813036328579481783151999041932662998558916329868760782004704382225705863363846220004554488924524830629570986666293515883405486074027281729305377618141154642609413131942942794117720378539905996062875872974551810667242413389876426121660546980993580023067001795258061375910522445636320220,0,0,-79045182355747198894663157057197257860359343762263236080667720080727725662961056535734957187267316279896796638444257592599497298432575661379982689505159481097928970730487764266113105199607239866716875697452406544136017932744096791049015703821827344861379737189274805694815794755438,0,0,7548011895282975266501183941760754767540035515742147318188405440074635252323637516460987456267304723157506815586183353771017458687462609450023078579818457938934308448766931016993471691957521041743622567553031004,0,0,1420838606354741317994736120190350675062027685551378082518079763440230546981182850973435158664862841426806759172098425010909427921405491304364,0,0,66182610914200429564188577758291117654917088758773714269570360011788164,0,0,1 # helix3 r=0
844195365628963080181312825155618529075180270484285071027696902342326783816824642738464242488865508446890322459623107273098662417671845598894258010009039234993753787624351181748696215929859338133682552247069771206785236475230859171287292535630052065697166424871404689591377060669267477632573119251911941495201210279395328,0,0,317529945353906547045301872609272120311128709290259437491595373960064928820160636930430985792930807190195726035061271237584567634081684713234871389036290244370629169773331130260048637511592464465967336479484027025695647365377242667898005061192663078955441233918409925487392574144512,0,0,46269531608491130798448425174228788869284302647004213988767898882493342359722984153308894807694232170626469520501002657777644784550067284014652285881290213539049154158862516079586435648605988018191678654071943892852004651184997868146876481536,0,0,3669327600735516011843096607742499212705190649919050961260854581649627611695710574336383942691352518360543401819765291436069011279632506925175354277239606142120368250360157118175825388490793603519479808,0,0,249660543791179029738604689354582420284321380002274855728508787413510417492786164450559244613342188932585285172340252334394266005210898398090509169981385076637696,0,0,17322277130039125281345443167735063284471943752980678966637465059260984937813630436890611644497317688710715575025107206144,0,0,773600134830488741048615645932158908622344036019219576513742927058040286309515264,0,0,25294335097470150689985709333907465306112,0,0,1 # helix3 r=0
320386097759865857622849578363232191640639043315004808023970698085860124511870963242088348226737065828441194151676358559750029328009626692719944014992438159645386136124934438293022895366149835544012053649908102870786234153103706270041497641365669068537916628474933471927091639647222096210081231343409733186237277511193205908881855969789950750779530760395003232591248463997841818673286292225550867619470987541457242416637360967484998204341006359945886647634630088677020940484078645130748154229482971436566655152777022858907012929732282657240061995703893235015031526195569836712421344056577634446932243030514885746198108612500348086992479033952420863824119762265872625070407972120642938156889459612922730007982597121928226319088376614564779646187419853523454435245686784,0,0,-2950982046262672446324477712353930488940380071751018938759354792434147571213530563500140363077017285388909005946422164026692608812952989849994756561175995088307220828133278408128991695474268669616585408405778162131924935155647103398448441053069745188967690560032665408278161155795021742645779640304795032847236179730258729573355919577764611583845263208594084954058430910861536378888160482680342253120327445572166079485218171232701085247561523174752636840719869954633948204533253576333719748785571960493075528036411330016388472756170681211067673361134479894468284140412042621021250890505919876957532720729521378863547538814201972882587423536039450639246011827584120463032320,0,0,11896326660902291135592521353279597476301371718872716944733072110666419177475873350880958320290788042979332646558869425882480308139541291261387943100272659218858328062543410767127239689852055560808572985965676414946711934715261773035683969067097998185808043632634568446904621367364687288109189605018116072782730931586734036645004420262281801907638618402459219124423859075642623609230777537133741287606997164460989260184474188888251979084094935292839291383356370952572795120313114270294586027960076953646486187459929438626246159850596654297006378742677802755289925789353433366528,0,0,-27415286650725746169644555130481538363292388552375273111211114910963291945892122290165399655272729896388292415175373818380159615407791582995320149354139781933813851447087174018158918207020040246120967199074270112605353568357284673889149982026647681359755493283093164888155069608049546632174325220140260451393913801698497438058207248132362499261925186471315610889641180816364636963472947719635157851866787987563506295331808621563013307891445411534902237751559935317375067954318671872,0,0,39502143612911014092097854960158394536493050005906025808417800161542900273836371476775899292899791409056312022476906594693346809679595310964634088803603240110480158929460807468379394715529553005546439546743521446759144520481206116032114772902640235172954622493968309693634743669144220699348935960808090428550444110569573945302145821836022360038757956410197441776556775680852362524622848,0,0,-36441208080795201917329512137138515399890200751779151219808290020716050357698413009391194671669776126640071743113495870519611115994250064339025736049029090558897636456494998119925174705544010913545724830082429757370132307521615401180011029430156632051124157867824007025846885985057404616704,0,0,21018681504248869833498506501790564543757612708506499016028216485315612371850111904401779075868784535421491673446560496826541806294955793694733396310304239260649417949956894923377914698570661888,0,0,-6930060962494915362907949100082702703880070643197986861182282973009106929069673022659510329671680,0,0,1 # helix3 r=0
356434899291476387897803067316383883068668453518261353663219445098718249371143390924797912930426063683584,0,0,-20830958787016012322483177624354010649203972028571268578292124208643268248038381175917510656,0,0,24879468236322567692474695431261243638551232447396715722618610970137740999393280,0,0,4344279869628055778394468502463900720113854727948078856181175549952,0,0,665851376958135384116089587676542246057124930984607744,0,0,89728206627464961084498591797164380258304,0,0,3319710300661771713743159296,0,0,-92358976733184,0,0,1 # helix3 r=0
153967830088525237714349693266353598384667208154624152755530433348690410367839169161948094391430342432851231616245027527702176282039114823759458020721096256114594786286123985686900129873747356907480582630748508688045914863721282873288208380694196154488479867504765234775382955440310775140600302251993359937195309340877887302768880580279226780633026776435852472313733059270672384,0,0,10131724672807585505981985042325875114867968325690337456334449420832458371295227309231213834065626623534742630471964903034682642627283324536966591415730744392836902047027460035824328590576367338223372389446429805759626125322243562219696138376764732706576940611011488078451084574006321649968956972781609485775172975494168396014026752,0,0,283112051787443041067551898575595416035367904930742339607122966420521065297248732532246674545941517199333694961191561071743883469230854345697746689046178737681973263292393719415789448472741512742259120222936734404123551716900604524782111387836759093196905094013665322526878848987955200,0,0,4383950472386686134810232834535776732407256580915432317097783005525746845898556288957720932843115386487770515480765530796165418900411659281729290910851377105380890571713646235086004978758871984697704020368195461356373720905755943938031616,0,0,40942946682479316470129691581303489718177935157613917110421345495270752005975768901105653122584003915510261225221521316562858792957499088656957882374518782252853544156131657785650759952498688,0,0,233006415390332234685389791188489102740711107924856139886514820925462599301870616204002774968827977184039141973056013859112626051712352285360128,0,0,771201548521245113256443506763631636661380329905816039505541417787600902925370614805811819446272,0,0,1331980554832352558445070242912895689378095955968,0,0,1 # helix3 r=0
13494426190182559716267009749529334915280051326002759448301339274826469612865414392608274752019023756440055670377669269649751383590089605189309347403036521946808061153616317720156843068504006149123738814509587083888633940282009316488569951087011497490489762168443229117203566429130960608446662612656301488096884671896369335859777738306775063392706215381622314453125,0,0,-32504842136847707867033436180598675537223040056540260170673943795326445159638076177965941432451243265738653593430407948104930021069453404586075032241926190933351749631912155484977043717618264057946089739080879411575231982786435365385135407023774855398822166439999954192370231267905644756410765694454312324523925781250000,0,0,34417500689136586595063945927312539470689157793503181363439600395759350233280387692150764293665830513847060057909372007901235708760141573701285336834781250894754161532283564931076797625612531240019242213614390951893510635066734129833623812011467180127510800957679748535156250,0,0,-20905788204475682938175127113851222382870828880846934780854647022241990350411659844207504222380850286003820139008984270756986077576176778787222082575069264295767078081656990666811167794026521393746520516288001090288162231445312500,0,0,7961691146735084134591429934092169050574966080058185571163872175485355622166115497077129076340757937202748231507425219005404367282316848875999178158924252102224272675812244415283203125,0,0,-1945438494960560290183589011091794983870130426051769974425149565433547787482201918272278750047989820393112836427462752908468246459960937500,0,0,297692535153868569287500449481999479493120234791393025064465405193914193660020828247070312500,0,0,-26070133184491626246755011379718780517578125000,0,0,1 # helix3 r=0
19313667206526459172610359005432256773715813506503053969881047399943398917429171760480625254898158550728642306440819255622681926743857658911262570151910886288470988180570036323632108440224977077741209739303090551515321538354592458026829264275970579808285199736632309205928735211322676293842957318525663374820988426052178974085981567966999989133328086926319820222018233309456683745189399409956756634692142395887372076544635902092506874601492624913321676824598830343714004756489051620130569740787159198423652973975844530344726523213646566413122849225557951866308198229075967794500389331702770719843268495667263030718295403008570051610818060535717096936030923153283949667030886219758278179124796,0,0,611142113494340276867349629414235426805716486898406104338736260406859538853387105502785258639931195439289238667987263286327680613131542361008211342400556212735573905144793498033249152699145706202950410541333127203464883793916186531393491906058290483658340891004194870538614808219714523747186619913290901558003206657733214371379684550812859944985571714400214787572865989623833250630745447570447071880197933433382624427935947200022140592385623271854710564370295464476513407434671769642762138981524538074444778184008147895621343809734998767928240378726363096595617818682666512733183321182941808948629442208600,0,0,8363316313344656652345158321283778499987845613666285948771140335102115975810201996244213023224562883185638994860770335470775133442798028337493666425276412005238667718782301829882273346973432272803639520947772556884198399157979846898077380136397018450068306785783569964450072571831230839166218666537039333328941658606570159541640778878697820417951744325233885118509204812402367749207665808228686701786603783796020179924052225365796170007789772000243726737236618273406342276470454839819132665794004850601294924430145866068,0,0,64905512689147078973289293430743859911030615811815934485261522310671524186249598328943554543002722933796038236639019600733324937779190809167907364916131344062308977214611674531291677979655629692626212003647635793789518102054814895573101079057718830173145148921143004247085996669398631449343060060249900216975072823424063081452402013943799364611060558929860683497585035856245013765434390218542922016850484492567411809260698312538950136,0,0,313597512274343517927804456740437530575284107396120348232955809647579246965474544780954303037349970865666715364481398577793618842584345084828129227082151223354192577908931847095207170832242009628804352565365891068381923188754774908240876194150776399609338780935559976848866315459339116192839088883109977782379264069144046003853462899859724520110714,0,0,968469393725981439062161455139338499458098148912219509316195960441786755273896271133521258845928398511963887374658093134152820857946958623790552331784527302147447734293953070237081557354143602108367497774603748226380829265945233897112181168695337038699923278744,0,0,1870095565430707012135262197558571259891450619305360400269875891026487660678070370929760596941345373176567674242310268713934141273755847243225148499558635145579658761423560006,0,0,2066153469326721432582213634824267900739219125449868102281467648866342808967756663820924,0,0,1 # helix3 r=0
94513683872499441238969489613972048474402745923138214880657315974193888160372192699358055670275120762559297102333353689370184200125097113662435884217993365045545429105676025263258186522198934579316309085317529290548771408312066267152992717347071352680538168743336461051409953175008023319704380601878142166796649400292,0,0,-179115682226528928867431235341743779039589980368065701520625205984982291326038522702827502594219602977236479159549894116519665412781926073421178373010377692335779648276120269059488450188881895892217173833257882396765298562519329951181679567875488381297451440119355385361121563808,0,0,150220261239281017171920831158978337917255877921138435399424630141113018770730950844662374737482736941997194725784047438509712411712504919631817745877426174602653697113293679786014844101964387655051619705528515647091561410361064556753934124,0,0,-72445387699494889700784602221958750587662753788449640645567308250314759801536011799071302363565945173270444695298389894420902562634006112497103075917547011047398428906248131266061555268427795958184336,0,0,21864909367020204660238298123974840701642127924605294111072771919374399805319007088156996968907059563335003988706447321427918575429671573001261034067593579343034,0,0,-4210655268705281099731673143789985577373751409741496830877716470286786029354935465234352921542415538051536417940684318612,0,0,503533728356780112514610619438526011627353793290612455274875644489330246911031214,0,0,-34103849477855263352462676230069451919032,0,0,1 # helix3 r=0
10494550821090833822782941252407669137112250638225580247269732074473276680887060659448347407993398136533916958131744132188147016334245641497999836467597019353602785290821371658901615194056059777528774364840842718469653473124407661302905094240188473734254313584439710600984977471894104171708159354057500768369717101418369540225829225633152153746202632735369834386500044624522523117441672727028433542178295926155144137287106956875695442011182523053639723310666591268987573350984969359582908471581002239380905387531137451912135119259258350538496025927767903437720592097646582487608791379277790524116347126219239059246982227795663811583442765358626436738074064902422528,0,0,-1000464454600859389524796833365653168466361907625461700968493375637282864347254466741511007296852595106927230530616640868010360988578387455130919279289423667220335283284629694049221990078917311435874829389535966368278360999952006271449653984549348608316773494347596712135677490101842064036865553205375334739833566404407437939022586505014389496158748299179083948796895501796527048477521746070314471007314514042218827683658129676711523513796981737676187320902816900902695100254478876460766424678601222097578627714612134598628938521882546779693430162272841587318149145600224434422022144,0,0,40464194640753697254354796286771338901974704587995263617236447835227685162885495868371165504418499621507995230050499097757270971183330797457161043882916865708328154214472151345941597037058959910866249858193781864523962105419752604909105390807649962672724964309712246533041385365362225869693400770245738114165784824208186124550995920325248523417256518659784514753765687229413700641313762708606361251749713809340331840968831484536130405381922998724789961916982477076054379353693059016522146809517178880,0,0,-893580293830413344955967467163517244994798998754968326783208477032830602895529846369632725465285872955164627269165418816382136105042905619551736337086464158076348212874406026160946647289926900046189038295481516548577244173310586873169048824395089364666296631305714751675931361486298952703571395040104844794630793618013065901474841851825750640429188469639988505252468197679302967901004353266938913070337991240312684544,0,0,11616847669077688047119684447050053788314299167934631333097660631003674484886927725524222590744819748591953305604225413959153944616732024123704661070458562803550366443118946937473110003294799976822322180189112529118582610080140906538003770334006051891190121928712427711131821069172082642241531409187524592988231644107378639151441117184,0,0,-90031385180475687124380552413326417601236302265992216636734135626033232742085613403545874544840783652493367703689045924459851950565065844696685506610045195643809358458489473084277750376015560144227373703604346127639269378350740307978792738406614958080,0,0,407002256198730610384417878417515367243714324464938683168129053591682700388628124446238341598446286833278322098515074300529531722341861428717636149885980299540486422528,0,0,-989469953285671527250187542538288076691759814062448340991528308152435571834488881152,0,0,1 # helix3 r=0
19465130578657027424591262009684024890160503679534693259591259907689226304719710096901281863041827401377957840571133881688490953885942355686055519397444659459448573102451843392559255383347949367397477157464247945530120446184845892566591730246168014405024924764346293790373774054421593419456318353122824774211276211321056549121423908653423151033975450797492782290453269307735714082160052577272514558316676732450760991542576283129595230160342420191351720235477988093024456729737547346893745754754816162001050404363570919676718724150740813864076343391834521819761397817,0,0,-3078908647111304828515752454680502730334954653228642440460725849604136985522245739897889296935684622844372817171039859507298520721850248078483768691879001662340595585542475588415370494503677102929851042586066561887066986020046717880528324579921961928120906451795767779622775633147276205649853172091931629710550838358355552382394267796776251124214646001104110133381816350063040842093719964402165070469612170305891724343927158689032200720034456543695100670902029989845351132761899806971022525644392,0,0,219980291077680402943232161416126264618597699226987728839755457436218070737377364203356197038430927939828269530407543034293778884295315445964014632057622485200398504657431786210313486179374272753297399164540074872296596251694375839664023013623034510937820050656568837280395172601503781269839933365700409931528044479915786515031267770104973011290511679191160894146159670732139566446978911559279510627037652785435668112190443970,0,0,-9247514639865416314047418762681096207261277396352648265891234385184235733571747151916796378141016429276279766970735231099215261836725722195625783918417266849206669164512361192480543595618189779827211869060860194371199476342566810544041822074933273746045111734118193652950073237369153575866915250761005901451512345570346596954768656676180477462314236943824,0,0,249729701568583196535356158353311754696705358497638786155521178183017555220852928576024037626485799267551937436119451035136217497632038310968918456823215413889076572320837547419155388871238651080185462402566743234894460909558350300781619903665912728275543245086908822703378362832463982,0,0,-4430329698464177977856527429517314911176479566218145168184715561281607335757971345458348331936209861068239007465808408963917673810798141605442676697456331765713315071987695395718834803509899736787885184339399934152,0,0,50369243413449761417967415192956239579324661926161180711196963900426662828986426079620419576236632526655831744232057523773293590089264653594730,0,0,-335268692527237682625745431805039796574475856389778369198535912977760576,0,0,1 # helix3 r=0
3755403259821736607732264866823353295661998575588571361414511192518324866193297437011334812498174325000432682001551418628708378440670351228669617330552864389898055615916707101428913727062113898004479084378406899517744867928732178422765816553691430204319052517117971367201817996773028070746596778992349202139951620049827204306986923859714973041124513765301850188056507755419778160132041643054434396036336235121596705002287519705434061844095641199667913675693573310371209768501907190385759960985955515665382680666324,0,0,-2194075471240753961136149868081491749989799201946062061632726623692718347168012348761278580030529161168260862197750811748368260554615753412242055825133996656383622657870729871362046900842708272521828499182038966675404498531006125759749486499947975364293855575694215208886453788990723335901283940189288149151166502649270693395758225571612535914251793404633628503668589391030705757961377521139662308884094587373340606732180067000580724301434929973439432,0,0,541462185507204004008488505857934454154725386443979937690088757569655431503908376168958060076727036836274988844950637483552749209056736021287936350966289646433912342191123816066946792523590568583353706056934979387171923787305218729826196925220221396333855831268500012760249975752203182918680724923882427293075368896704493679170593952281222017317064531469298419547844432640947595828374108,0,0,-73295949199508208472541287609260207894053321905751036100419914354787707829777790469401322097031907145801553501037260647378050382483448953895931594741574187650716403039263642086745141468959471971039083513646180612397079033745371126818153698002756770212568455742120878448739497519206987748903593973371598683230478285627617664,0,0,5932204258076452834666303035000328826713232508035235502591380020998926587289539545575556904644277072527260083715839682196970752450444515209472738377903609966351827317581061124079064143980842249641039795226615247890335949992090667807475745207240709732056886946,0,0,-293930920062650826183315057159980935143432567997853563864942427931240437887523005950974985232897970351670713495419016659599282826323817148972262325414717533082775023744279868154892618749741816436,0,0,8740777740227679689948610150589065051233743314049167669614482333713072040564011557324049609556085498014495859648241582117196474826,0,0,-143433538863854712664568499085370419213675311377801405951454064420,0,0,1 # helix3 r=0
722094878308211749318313064214381085826699748366888171105486390975257345886431075613972079897745255726979228863788404041767479979787237699039558990963362604007718850531574245836410377422488097815560445750415999695235463080747856007073935191846999062513800704529400272004420301913925797954751863997172744139075887997220239069267948645539924652896345541843283974381359228371673405465677023647814971212996040153893809849194518532472365192120122519133733859905814242317377886714374927666171996375591304882350479243938197812297210834078616790099996359307623256103086193750441939740305655566529660515821991370180604069857959940112863303806926559844929505137421342727152127999297760035384275301,0,0,35351919299523753718186588769937461175039789622147135422479821768827462873386498588767974062416409185412922050574500940778140132502071713426264446339636584084991853548505696398007598643537141610359618965416140923751118404229193456348890957040627281802646445811848890804980007490959847352434441188348125124413273967544463238939892601099285072587336141627785045292145346665023944271473673734178946287745191866021470447258054588089002329429721241715142048360122852156404477834001892615383524475022933082714518941191309882487209164423922092110331414119604219024017630036773658325562442722128031774882764212,0,0,1452637784451558325636603635403039031710819086071288906213176952047635831772762209539426128637745952101233784116218150986620036837899896579901289844885363049081677607756309898923367498951298784560158166341241950274875550625553737260214080189207270443084005643544284274887209942910206395321056133332391193456835372212209308444220313449445879931714762080054050632944311068235885809478961446428226858918223078184286881892712794344298034788518537699146342980985924944781038985421283530864960967872263377514603418913986458,0,0,33638295378235544130794618304176980244182393083132611303116045843527015576183517430050185621002072569890286073644918828560102346834814047186640699275294322811363985649923739095565805907244177286614482271462533959249377196597723060849217506346266373012522177985022316806489298684394499201869887032789241723230403244831677820689962358831557808173656951886200228974891159677513763676002102551146179962749811392771188349688496619404416,0,0,676549126821166279460007667079395916694727511814041503962349426716530022493771193235552634872388571200047501262214007217638139490398594831869296793784227383720700838856231723460093492379162489052258640057239389181569661699593407591204172042722112972385604485176051085646253088448569981242881592589328843698056234498363183660705653715424097687147,0,0,8336826506631326901323606458101757428252425421704358936515546972122817320179708626658191418416514253516226527501316458359430730532625553888884201483735995792702930939187327500202789440663121776068537116286661200472528610294739590815366971524817131457604328668,0,0,71083536525647790934412835369448706120070294985816744284224360045766478026659068242848573969261163917707664357458088911665710218914024699324796821537413795888536304994224404,0,0,348851092762206364715813779516940132270430264851874077321858101180829163539752430170092,0,0,1 # helix3 r=0
382869015025553701489506840311812141259240804918803283459418661500552518619637590803231472903698692084328904861058716921869089419456696625174788080073787014569672671777971600359763769113127665956575556565536949945657290445099051923988692199392195084484606564408340656782154499517792475484903928565012932425839123551982644837393553648122126904136177646435986244446569917967387574283533515556738532252036665552996991351660510028986457338002237839866668919125067237063686786694770630984675106643738845939074266176135966932655783788213921,0,0,580905197085432627247047915150210086642090361722024362794387040335628379722799611886380853625213068588651949923741602396768345341129409960123970673444273279954453228168671352491357205754266452341060416672707927322959318040079460354665465623024092096571971128971267189679028221189029317100055509204122936147935973486433428071202064521484672791176887411862995052010013953036057890530548741555947240712808395215293123456872609505087362648825571067609528885059020118172524,0,0,392216988730431903545071527172956895587502601619212860034780879333879816176258247965113340493451815733322795500471723178718672730757219762708040404469875303344029330847195035034844055105876060522319163450450738924865766310735537915251078186739023310068998463291526658093146563463491805853525525451476327271336539572950216293506479809789935694376483727092675874786738092672009613577066438234373682474662,0,0,153766634996276797128196551339855296517264359118920651609534502697862847816697328185012753777801972745148182277621594111426862989542177153525052233202909173226774801335276083728106040812815854769972655558299005034988919762641491395392650118216565210763641324456224711878910531995276197724096642637600449413041031762682316317580312802924,0,0,38262789096829329127079109675403847551302726307889402367532285277139903659737242689901712295491394817152106987818668254584463886659584583554935035803457934108202963249041006213075909843428475611753897262855790620651580389143992873554792887684378225610935641200613680558,0,0,6186503249144118487625130347595549051195005828270237119845819821212396760821726356978768039502501851916504055036527089020631336350734623198443363324534347753481204964032169207076527855957240370264583820,0,0,634687643894961591163107572966265989206791508462111870955520656221956486094180276201032580012872249812063317450454403396939395241010150,0,0,37784657707833830149245347505422883296546464389019011387734687843788,0,0,1 # helix3 r=0
365046992764567770042677199881555096582400681440433668659919847485451491035442617324442669636414704190082385303178885714596465940312835472840725062885948281835861092872184190083228741904921757106199064508737886622060316898428156620058035106590745636012514924639510636256226738505939949676711204428083254731556912865069282016700616633814830378050671966444167905765322866250433677234159419894065122646076325227148257147332507813460554826637978809583174772209631588614639972864885723662502318332040654420712711278308883624468845283579177086238295814447670550874532,0,0,244831558639258824864893852941121869733201596766026159516728305080214728866060420706130618807217569288070040627620182806041008852070781665987464529589109272640281598228376558822032113656373757464921855173548161628121646417121548819142110797762417814963408361793400401579787384938686026035312893518919338030753896801656260190481618978277757059789525454692850142674901036390196717206205497738994852230362359579854253638851959886484518029732501292105849217438231787576588930263131467237921177472,0,0,72144919548233728485406979233404353848754082122073338401143210061287960770795859875373770771820651344866933671796995854263763374913479231056108317632478859735650043338437889928455962895846738486431501550151946591025735634387031122328773980534245700776265232624379404957981988208319477338865713478411195665840145819403986995063188063969939576965876054937391696257300119461216184481340801247181431442794714760776080631572296,0,0,12198388274869363824704776605649929204799178840859643142542683730885060744170853002817758350783599406562684691490395285749139977668065342792077021519392464100774281931646895056066648937925311422689866822231157098081254700075460309832342078627023808498055034194802584045382396345518783227991330846665740473409203705500879888499881997982337287382700984640,0,0,1294339477849360272638657222294273211704977505722389992367487006426104791852161246412658969163212751496809009148838909628621080288283091490148130922419949859853624051181368213499538884993355400593990260506937813693174870949634973568168957726331678279266754182359377585909614546794862,0,0,88253602662370453306819409128368530774579674013452078598381439285353867427049488837777963464176065932139700755476400183226309183585201067118443487216788062561348016903600228713300143777125748808456088253892765052,0,0,3776246106679782106751178714453150315582397928466675680172112254072433401295883492994114171516351593737537039356641978448155976791834425349842,0,0,92711382841236094722407122156545304561400412390509399554262645179070876,0,0,1 # helix3 r=0
87296804959941470319316878387545200429405874019477601906606948574675035157564700954029669769968872662237466442753712452485699258337629831991992080768588472296481989185797464736720267031267393848361068271385499725126729455690997328703170956603543050536484776367215105460760102553510775456186427048920024639797891663927136768595530041590523914579618154082696622969815495438557136032025686597647078436246123403656124249487513318129338775640062586010172672,0,0,2611006649723534857148004904902632003031938463530063496415516943019642118983765667333108674593340093785166678026007247504434692719402521883528863599122722956384975027749800631969816714405366175962364411675951033068475790396086435578741525061872051605701663152122232680974530529935628198929511686578625769514384442934840314205294511139375711755020106095362455223826679363037866885208105266642035712,0,0,33236869637374981375610607353215123231239739090904943459302170372007711453715746765604248341034217532648824697567227040054341874667031920752112301766217466289127812949234262516575714486542764253649888555301659832280675733662661393361840733029620166431709771757756658668864846227979620279940126662015551706221142365448080375900136192582574848,0,0,229759391387843673104754557141300594082903647128772850139362643172011505935200109280055402639011236049759386442177804213228119268232815600426018220647668429394358690680588936455022478519796925433947226114096054539094637606812532564099395831688761707358214703019309682966463724314916864,0,0,933283118317405971557647306972796369424022588689140508656821886602726748993358537758844198283757391589570118261807686399472195057641165443031175229538351864972277244161673272948442964061755426059584266367274443656463677120844064,0,0,2285374320078580176646726595374631668096817327563607871409466431852091034015393069564627027382639577728587724281578843549271490056562862279221240601655136284108757690368576,0,0,3348760544999107421418321163768019667312591343254224739980186279584297044213886514432906133756172094152931680213584,0,0,2753737964789522943147657005560758424114277643780724691040,0,0,1 # helix3 r=0
85276859917984534551078317360991524684572942528575797943637293331187320933613686852201085010035893130752541438884083626846173863955914794745088484368308227034484465017249163580895855863456995413436781608449307250052453162373380677019180787354382095645552608674794049473095311466767522818390120090372556449401832792977775099300519660589159712994115526837540933431951582369102514596322648397643718458211532977555916371309720274965092310843864446395565735829396420739138376826974924219236029605583086612445697262100378712417872368509577741129701165291804561345347789819379070413337500932094135341591895381444008537151324360651735326597744740168632635117333066810710319267465086435690927831053978589187245823333426769201958050898183140068607773183778878874302797834058989568,0,0,-391083172211643876749812083772982425062518949441729868275366788427420710268078826629440782031518316360834930346637220643867256927907682381080903629406840031186722747192271227115396761984976125076856286213184409772788154930385825918941567026041461318122035335135744823886591310698527843826642721099759599914426933885763814022953902390482196771776920321147570433709599059370652086306542410649937464943749400015277216766237825942974590950911776319201417346197053429378108301484435421095210879218047096045580747224164878252609856928826158749937246239206811766468889529440945436713040548670981510060579851913709259231870128090502719871901087370755363183138600970999895447320920064,0,0,784902409235199614840173282765548652016875154323933844406331327452035681153188545566332060578081566325582937787365097365284613223869177393217476088622554061299197064623170719461014552878706120724614025741520742997078285129240822402998914123232738950283681015173798346638031630618926386117874986918131476644317872284721464909586019430262282136090398736136155223925227632059385072178273873198323781494408931453559485549155200733198906967677716441020948263356192172770548601883708633432016808960059239957989323508852677776755261902120839758535483150707617138260219393763679750062080,0,0,-900390819094137742775651692895775825087334390670928409640601543316633999052485067118845920157056406489467581111750880766268365511779703860317336160817908066983817196244212054683533668372351278067015866392616811056822708695500664167939131263961123652091521494954836009784071871042275325020155922338052944080047579365132658669043735157275713110308995741076123741048342098321353903109467813044327524285510027346733590361703541817453528806771133924757254580307616388455739367699830013952,0,0,645669885607602680142169107670760850829694631605190332312182338266620040463524409333808076980311188344428958322602554320913943983465657377174987291726978507244343453526655244945654406695028553460545660520025633140561456740279454117627184959507330271447155364015715032517578835626081596317901622198486250280133525513023165000309793268924003984286765802401386333265225518230468489222553600,0,0,-296368425225426624745551292406479908309723425842490199340354914394839254175099653327780969403057476676088738764475818697929858080856570063995236113568102725420388289125004562409181107106728523015594142775132962022492465305606106024942364745291371949270459839520604170611520239073450478534656,0,0,85030344588280129510622135756988680644472680622939419211430514216455066593557376718765313125965875138973855519057117075417140264676546462672533138440075632418927099702908409613144860551798587392,0,0,-13941126603458103594664447937352333269668505897560773169557190857024805002532286731441209323028480,0,0,1 # helix3 r=0
3415369382052687233002527853284866064257892364545654727494114033580415384981407710454087288559297508224671114597502128448814264855302814407541510284949319890764112049426169876094795752382790809376539371147019349504932236759821096669095902193934144788603894205720772264617703887423068978722286377656313731504865715280407420559099456688035577509986497035366171962351185076716555667007046619510429096322481379492273420308569522020783540368989557353253071449192916417192974437623381194099563971832668394550459,0,0,-850955273116896536688598946726724417733089516447920414796051534776227573495662482689574797424097415309581140635093022637338032582308988327466656089926576660812186110637368545654969080899990441603777335293368163351935629964765400233748301671051066300031844842777774559886916899053405481671918983124236897886786465336850163776326878876542302076665098184074917783483295250563517565248893069529879318245430766681125805671305153186173145473319444,0,0,-13117954323481798733930882382241822603808406484677186986769345140992487096261082492671465856092601269602586481939152740775167815667556440326958010594498811080219465301260014853583313921330833996773705492118901346833025461733779619600049698942412308692257868110830749497282609440026989180718524608842425715346609917022447510413309456156922973027028105082672495785057661342690116838,0,0,-9302672472898190880319575878978336003853581597305523661326841514618463744643436858398165959650530709165369962735814733633270973536227801928674807886117843489624381820000131127974859945946306353663444259781428565858187848280191001113182389284000628910380593229368165979511046639876970915774014430399849176716059990428,0,0,13478558673742486024393905960663755630467953354208311711118323502479401731325303141190298085105761554321263110599143443187261236292817394059846748049516488215033610450661087895859137364785808429701183558176504254591636364763599925226342935080756629918711,0,0,26817308795166751477991757587733337520810028509248574272813528214051781174655831733532192956111594271992530008698344981215126102387773446113001622878995562287682998304949374813840765528583044,0,0,19334207850924583071860669558184496149371584816943808467934101689763564215642907202347848509662032219387696993854265144689365020,0,0,6844941449136464376974397529564193159749518448423736785764837052,0,0,1 # helix3 r=0
2209954325032610473418168361960832530443524286730193281596598155476231989961904059183530374001086051945479223911024402124423370139979831259653312617782968862258937759125777140979145948955267359302460615123174218821755828573407189098507932898066396262209756963955402438849826646739403262753865528778532804569246511552670182386489948872766888935415519595129970326225041545168617061663214791588844319697996160574016079574368754279552609071509575775629736256778182527246893315500212567715059247081038576348072546791566212185955225603866009481622436744291292236981000041347184,0,0,41260963967862514417717521514695920629167986243470451485234311689489245944878409461702992893153997940299402049634350549036746765676296392536720056635491901277427344520303378654644820870404904181300113364703657740276276653979627268616382075111260644211450313823336325906119545837649503137542418318595295099131405656074229241295247339104874113739818607855965802722322651582641310261754048787366152961257847557344684527133812268686170077078730999979657820939757586734828014056920452575728203883571977856,0,0,980602403979924624394932201048712538275444221608210378410493361170031246658719000550778841892949191419183741664245252713391583705105863124616087030735582492871552387781197184354525358424855942820075322773196693988675922686783347966288797404845385541712381822425795418644254281895785563323291293504268709850067038593274069827099097300728485380121331562427091825468926834589545966211470371374672583847984373909211590935203286177600,0,0,-10614167119269950540773038784960848104684620717535647382444733126778767826169520901060613673137859776015264762508697728848526946734475891110448446647151912231549012098412625079321082942098565774101121395758089193909693992220320852157174191598976767146210484104423976460370892060840605325146383259932248159221740900365392873771311243314486922420540583086915008,0,0,268697497606613371738306115603955091027696034878046375602700152591132256480517232872128512798582305923166879240557024275696463590395960512997343166581741785877199812232542216626556154847250170069075241733678008003325983015515949615174199645263539051875944431662091146582173252298361781904,0,0,-1383556868477763451285556090776703858786325392713354786255733517948948212205303193413679117266026935263888127309040614110077418377555259537937752127015532601054356517440217922734715299885748699474219766150520221562496,0,0,2900989462285037098007678435852235422640637415049193458848354967429936285849702039990855870587209990151396085030110430988113684029898113408160048,0,0,-2765932143553363219128403065376116565655196596152082390809389472121104448,0,0,1 # helix3 r=0
541652140751382687286923041947317416189382060873879005139334754250457025181299250455882856377451532302662236074772987112069746722103914841235321875074128952758615774894368421980228684488970868243450304876613117460211574065179695610546911586567814885357210912969745340853654694280104492150630306041304618639541240108098285323495997271775211886491211745658700710531499295920478145141176713016915826187566043190654481470607787577936021372158263302341713017673216399959,0,0,220441021411053077483252652613696169737669470132782947816071140755436874033924404251896906980843805545152537321581427507390346958376665738831754341444359065644752240584512012734942327349687488181744764004504114127751799857891187657363900114873123976551800719255826448917460629039795359776429822470116228436987238849742822550606103047019565378389437903318837369193757714771483529515604561122222290819412233192,0,0,48067434987768479799758902387121551254713244739235447414241744258937885738578841981684728825992795282135692657446375618574250133142358512252911333690668159773135679976198116003625241591671067767446349961986800518868196834369857187255049045537783962514416349817490047246155790345751183325708135549154578732012368985254257055088126118221964919396382962,0,0,6681071591034200665699168774954135203466293627856511271393147946136779645056836535657795040745825463360490828261641529962366551287954498519073833391077416143409531806987375159224561690477837922813750532087844597281728653788500381948669526578379188504642512194840365878494028213734124277247216,0,0,647806300471399925116280072380018966934081610597836114778549718196710805054180447615648565675000857052062321700104289648833924081226844515335089804268296172721501730151582023577932292751919822091780314225195023322232852885747256981120,0,0,44112711671020643975467735488936169679446915899815368511294565701934969447130192066582080872810522265159214007892504953333234105587588656126778742095578234674785530713806312440,0,0,2090427191293573067808407058002620478031070558365072447549184348264047219701520260198036209235264307015657120289424610,0,0,62890723167721356350128332228669535534906157399942217530928,0,0,1 # helix3 r=0
3545400467580953607775250226733422962428545573045680161207897360942083657,0,0,-3177171714578311641809235160327526017606520316707001967352372832,0,0,9241302354078431802310481330696484102829486655192835132,0,0,9123631249841022055865140831879672312789994688,0,0,4627500143564172640298720744944039518,0,0,4341847029560324456882465952,0,0,3402145066731980076,0,0,0,0,0,1 # helix3 r=0
5133158142148124381372967590622621045491887454866791707749495244307649501993809349217505164510258116539231205377972268776746848947299778010639521154450253551245540614237988302161386058173687279103167135931262960158646092468180479925732659676148559341939719155541656696233136817846702836214509732069283020120337529045683681703101761822902828612829955555723402694326197649375829305462736393177176289708808840851935529644641194666318758667093429766939625778914444770653952230309993635168817459835413127013884263403123187851,0,0,446299973673209358852818889213234625034868758043307720674691396328649115923831355116661935544827735296063274987119269046624634164975830429946199715828300938183108915523820409791041835751052215637565927236261784309132795108020502688341138001535764914056390897406455374328519930550258681614097534435761546197275428362342028047041318736592278535374185420533726567165264972375331183660580240896418402157189925352218697533265575981250934964860256219873140567986,0,0,16976936340780887912909952121050298144849263567144585807216183539073126752785520376594934699991229273934750196330344990499837907898244545587242126851484243830027374688788031125912803996896165371724858378645562951155617990897707179446528501675989369377551041284646338327897818566026907584806737401278795761908539230759490785910934481129784696015569084331405071980920260761994001879076171439070,0,0,369034427675343466922843528110835276931742668824559144418917366386971803367112810129100828285200122826264065765853762698172455207071091302719027762248310756603212240590771684512103119993768085508838501724480309310969728609350412069375495295735982141483420430614965974476244487003451955398289945224810428360822040967217746063546,0,0,5013818594460660093380744180917442767897970040387307902868762058071860109359099215558864644702630192617881442150551929455140161741582406511308899899981855461020031233920399442354349868828797761579491415201866609122417651051082426434604230467377810597072452437110,0,0,43597893193605932870509381722936155576490843154056299190499525733294160281818302158043388577138363699805153246658087972441539278231580255515996836546189998245478284400062925816048887051994774500298,0,0,236951054356653640409729635211584588261345310868125061929388140342731144901246275777607470482183818663768861443897923877495866839409,0,0,735920783483096524507152060012578926284475634159320377291465440580,0,0,1 # helix3 r=0
611005956279868446341397088787690052390209537208783119642417466348323016525603464516097867890992834525752060378053767824758705764087703072980942504422358541632392413380739749588761804567764461386501001279833655265530081013308758220077788195083761388284002815780252122857046032617507641003406981120577336872105318990730209777680276796606984700321972836011646349167972729618594208005189976267653305489794542401805202430984131424425739981342556603506720118904223953519749199592296106005668802049375817214215712827659477721335113689755738365220129311162636896167299565532520948711295699172687878253782406976231379008320856558618221343952500942663076991,0,0,-9759441026451324010702769066741332863581938209013451717759505434424711554510089052812994797813526696934426354677234374627423367923254266928278035257868502477414913098532956419908829532822742867109549204222729390087849434056049678250865871427200919540426098345807745830222685779396441982376831450507287570560775939042983966374833527501008131805362639775601377388245316609818841003798611524138573581786487278724762932705307950100692971111337625900609206186117653081690223890416174304492281267481907250016930914685483707708305800053207574785221207358397781342401899189064,0,0,41675534260277053230010868581762460447659417594575475772240103801689541876943575972249050558330366690009956210333186537278126964797678403166231360909647742654360676250802514272056599778616526707206607594763904258180956533187763982251865486377917613814809895090622075686848629269765812057880388439626417244231256452886580332085428471577306186163445730854862081497189379524773801280524541446427748805606555872250216952835591732914067572968741347716662427508100975588934251531422466828973376,0,0,13217026477204140855273630425605549558733361207539886602779705633397831106165315334647410273889273956556787032583664609328013596976484262763155098998983630770642471747065891542283985300962421153206329670128869251597848867759724870910216188583747704745290764083842579250638969556306291818626728533008630303683651459040624468120571006176666614165256212098530721245743188554171439878392661755900894953215252264,0,0,80943188570794309623667189667014429368755958209128938381166977876719361147508417978624710641969375758567236163971292680627759825445984028924417922932941116210958346793695451088911387335021478039528981678842455970367387337151379460978373926042084589331742237406585246213316882280737882685720010055750910730519124776747527742836,0,0,114970962365993486066851779248452990379684798465188575735840372689245370040093179437395654884575748456662230405097734572474204206027330084717784964574477272927315373004977187250835155905428517124511831643400566105836646767391399794964362235372304,0,0,57831105797167778836535802565478921291218135146129833572659579192136312198275001173982303451737881926265159025480128689044381980456788356184811737935042012379154000,0,0,12522199402136702949376485021870212994895878537977538573132449635031349521702122928,0,0,1 # helix3 r=0
73968453554660040942069609896750544011721942224764747601657790155738221815803398094134968712413981966336,0,0,-64105182752137427455484714765858770523066341787344094617702186824518149922195495089562714112,0,0,24462654878964828602051358884455983217319402376252582205446059094403201653276672,0,0,-5148012429596809390570638430417625972041769866130455651856852975616,0,0,650341921582779842348112084231757050652536174838546432,0,0,-51340102109196590675036643896268028903424,0,0,2553251331026096816979443712,0,0,-74766790688768,0,0,1 # helix3 r=0
18842987636658626166875940266158337925919767900316903218395066115546071213485974413360874366212370551776817846818619192137160856523244071936854757650551618214204213202031764661615645977475229441691874866839694029565163227874778090675799802689339360013909117860620967990459633311976756590164866582395497128548301707697188765696,0,0,298952810799863524982746871133679740735419231877829803867760986449458539788282891035220452552152782100451147918283825977133250697896425702160044305795967891772534458306550691183921798574406322921493988155099374766311374178023027283815905282573918967253749351058026774949148685955497984,0,0,126977818638968457245356280961223041133286649311883312003255385463844079944292730817616099606142597688795755008479123907667743031920029361943404445110781936800730410558104758589784004634100538052536744028861249061220559258301468522250084743643136,0,0,11658371913641369216016966473948313543009326385663241123979717999546980991436480041266157662054446192471346357657517741779898492169942114480213167839369768924754161266894929981004385363204193863828330512384,0,0,420879871528808809033756451173589143106178845075312980616653925338968875940969824975650310065426352270692058495762973547215028012174067197257513984797047702356492288,0,0,7856250067387496832055334588282016318716786187393160185891962080272648709815185013360397266314596465157237257147596618596352,0,0,81143804578246522361421238321492137801267697165156869840822261795682893940610039808,0,0,442669684745795852564638459170932725383168,0,0,1 # helix3 r=0
25014306611672952486093189401510464723086379946632043109551175013067030599333963775958322654693927536523484944468399028921577874633564771910591479776798967570599694194697678991617859254321812464017841789222280047638531718341789691119851473562092367395339758139489651409002567210166284237989706004523390909958841189558490486597041497532651239528921903954386960105958537910379999989862130249471512667345029823063826341449130837360334174444796863405251162410424008179712,0,0,-6496395661307387245928114600921377200846631505818299374423718452597260940030346302840503090401862032355222267479459428108075512101762812351107211945055912226617882011112658286256648638443060658030556171161010627457801773724325134151057756472030074335257874446976875185808917015006641549595519066475276475580055202294054135310823150181791641495737509662756036476094967327027814446538573534358851635583681298432,0,0,816439293125202267777008966237435823547466528785987599756559234810049640678983283252975664558157450239699823454176943141634977915467380435640803941081459284189564982795130264689401326694792507699420249441386763500650952091625595437521985079261851102866225215639951054147732401745547384205521747196516458425489891041778301213695623983641320879214821376,0,0,-66898737818542241286196052158094525781685535428137851660184252283358071623502263919778883832418156585685797833469348621083702991018160146423962343895815111900912797899085138624153479086053804115593363741952730429226843228310434757204828773901094131200806032548957252838964327231010142693621760,0,0,3902348331889544390322800762619838458762613003384640514154378578148480444980681528284115397854899683172266648852317042050542770810499117513055296831969563092181255305847314217710161307317764429421708180563571168179380888280304281714688,0,0,-164251457683446612495214807523759316541748896279250179350121579118951854853765092675572938930805606100328646569286267565390611354219969643251080960363565810418492860506595917824,0,0,4919358899925544555081146516023713953953403201820894715388128021221148901331863467211418744087439610497685605679366144,0,0,-98098991959866916430270335643412977820881073629561855410176,0,0,1 # helix3 r=0
9581759102332540366793633798432612245782234815915749129389442773900272724547055957666394161986383122243136956649299922158513068500410738633320185483419173931325821288308950433792,0,0,4459943996422076642803349314282219758273071878348167831990063622468881290241182718559348512091425416748408264592893621803599038467500467495764519662242496512,0,0,890276131359322002081415924416207899174383985920341456405220978616060200563134549825694112879805073323429049945304784034712424015724544,0,0,99449603308465425577679179549216063690741124683357624074678361242769139431889926438460331416194925485994708828160,0,0,6869835598799887127771039715359805439103278609704165396500048498666289878786095921668030464,0,0,304069496138271022117732445306407685114749795138697955788462764326912,0,0,8502507556083527113697079087045197954803564544,0,0,138129219623937122500608,0,0,1 # helix3 r=0
1916029397796193602308361844945242386851736192553846938768184130373261827691044277387917836041087579347890230804796024944233917135207545023291809521432336178306764391549731724082379302815484133505054350139555521288040360547515972997955965525260699485499520909061280408027934011300651246891177374115090719563100877751699919368956809768658063678620428054373831287404565579570209008106646803966355992197211367863598727651050165383827540730513798111409064008063247264370976007540474455226535458987309652267710178113773832526303888386479869055680191961768445550669847630852750759750306016269598226896575751013860275658224349877045429394318777702026676618510601784805607121266406634187219958360453838359933028310287210835840921667150371447,0,0,-447795008146792670539524693271788569165888466920947703516262187207803901141929156762209817886412451024637368390405868515501460463538497142798220986616555065366957617979456167470663381454066237478408835775742576933607681462087587977622711825043966153131328248933811156567654200606309968014168009116657347815195103222347300746630975649075601301039073601617099553236203006879836211009984400933852411904590002295043660444968500716687308148365726734400696091757764888465219516123829379269222276650168286398738298686031250928666428397080217693267764852050029864809736290684096838147198104395925311262315279676228121999866743831941781557879795644412,0,0,45759336819214441725205824671396008296583633490753079688235094107746340973168816452427063678970027842367953482910048054164607264553246120863321007085476046063253767108572802522327513137619664705771288921827809673715815455225063279651060404384879720371845052684866415515618962779893963298995660306449193547204158751198797870637153543155011085242269706270085537844950071736086696489972417998744344515565254531405930193448914098597929564340166652527675924781413721814019433642170862838646555907715416392624410318161917260343265121301901706091169206932742,0,0,-2670562576131100038967994349789087656758335553831260952802160291196303679115242772034919591963789192914119849478036559315248225341820826968537054974289476861700762835707639271686801258480758756823329055645778432217030972015665398120038433149175463240096473247593078054316452751425332952877771196590085531564216298920394690002616404159436452334493139240925609887180574816272447300586658642675966367305930986135201545013477456756671397066931056869420751149159004,0,0,97357623937229239503117654813983730018152128198471191006666779593478699544375489218972798815443414843052962369679327215620843351754801747075056388065745866897129504975045701162732199857895908820991302575979334446722502245098475950375196553328303206255618435795718469144151142063634027824904457205382474107739685747396340167995447219338604875978275145649860975306231704,0,0,-2270245659876875537101344581143637325037327336787612559851581083481083473572272695811017608232524712270727572758572442574856992891522967360444401784813613504336159745378357868515572503023512406385528643691598659240894798407509347105923476535689591197394427689264215203122383180,0,0,33066728339734490827739488495338401144663509668421140837313652337548073900682149539153693721914156574698667299688801505265948085041639270435542861253657371688163730406744980113551195694,0,0,-275027070947661737085762481034976733742559318176793008413610932205778774599649175534384272668,0,0,1 # helix3 r=0
2011154489807632234170816241291520396695067713733041301760854437627086362854245411082737157599494446713748596121178042616997999118717053381525833893493563131067847463658651214917125133241743723666739548277104470201943625872858391175066879995596846053259745351962842993647087302772152915926417563026028862120019566513466730781933273584675131862112050615509920912423054622696061899445959014896742063419729397407245442868939703426849219182716550746489107245391583089310157779495369372366761293860467853712957963868490523212147917912390123346370447504486574916407124427308264847704730904074046730492373368832,0,0,-1287624117183681490448885926439661557587192303376544168397597373099213030637302659039932670912641637201806440628818842134121106001395542955213344675243479534949950890575770093130887861476980454542756757974141475310601733713521348353287218177776327234462995476897784888214959684757319840409508309273819756844808915352830449509886545324647875080960775254015804726119583989170391861491340114824224270836048257967860752924366764971615925716261601413366305694527612142904328018284523301909230627848277345152249739789410658581460549632,0,0,364713715505065164238055023609234720981012605356064079906074112489890458508724908035732492868728049528939362815469263591527162717141173255060710310984689309256373519555667308250162151171060166880981830197423369820297294081750968625577459733591717825993375181757001483396223202955155213491301152541646855229773874411172764839042449908968599688002278167662837923511395101481270157211139288493673868481006468424214312767268535480120813711408169622263824384,0,0,33948591409482630020990575214849549754201634045543620348687481406605103164568998008197011832671890094018053575861913024113414792605985074244427775961871889872134234815532842275240971058908276793045170752803916553238321150020522790602221720790438267753514973790342818547825556643978461162682169775200220282596099572194556245491130828576158492317305058289640168255720179640565760,0,0,-100807833218803148114127373823969438485195955311096119467642297375925001951415813429842519795259388464060767462923741981632981434115309936586748263582846461833648681881456438541095255518336879819557232375465386782317767656460067715690878196769556083564297690235985361111315584164128369089241093624561664,0,0,27873323736273959362373681149760857956759316607029743413510407255366575793276775924546671666787893708027470258116832079832645367197156902571493769356962271933044395811994791659475657628005280766091744274946659303692593900027904,0,0,-506538000523352996513471803540768302945846245236027510252466470513152033204247240658544954992422654804960072397247351976653929708671393824679097532416,0,0,-2020252705625129156832346509974212398709394521203264578207787854166765862912,0,0,1 # helix3 r=0
8590886888782273990475589537130910113720982040943651221016668334637396605900766619750585787423898475943548869850609704575436957044906636077224492041363081145511649563124238533915317573581553402859451989234709540300976426760122189136348635667049129883758262275764404544504070671248009502332640048614051131738122146512601110767163070771909621684649372692608124453323390198405327821102380308191159301623930019077109583133968852776131657014808191603442020289445201481234104122776206085410395593456496608474390925670050107000085986893645649845700622198026814170816930687860914936543269082172693440991616060213400206112611863720208774365990063020411956652594628124475392,0,0,697306608218880493922478334335954555818248086686708279450412488776917811414355027998516355605697074799338978855183222444278251789746104038851380071382314504343660794561487941103726398610812366713428209817095769130567873353318265760394452998444593398606150365850454066765514900657347177567970942624362632333435650556835908024052409900157751344336921537687893016156637377815860499706629428008916768155431782782357388757732024710186419412715091013693524489829014298179889219348042174211282900332881436662975822653044762657708609737362319469300897027924884007230401208231207230444142592,0,0,24819473823834397911920564691587645880468212488807953276421865088526920487070225019697270613879590278213371623871924082373478239666016067120377495715019883340877545489945211566464462975248968145319708541428943660376216632793088112863786048015419594972242072832093111231814782612879222449962023662991316949874490693746119399234132058768390942456677014931254133949807275776400659002490847388127407006892219215414908781500721275153954015673040042638518589689899193584097480464853359287793553740547489792,0,0,505683027225397686842810495261338612548712358317190773223487733775606530271491420823792068859019247120864254723335972000118105822858156712888800354075375684699756228302385128569193211006400881953065787279811184620693747518242756899734108437379857117582369827690754459232244984503534665458580001567101671153085888014938636360745309323619850745127369688148953356997858076691004845306232936194960865973456918729956786176,0,0,6447175204357061732697680324426329931816640152810497198837418104166751465075246666098099135769336972339517439501046422296492343104464157941764882338081594973572778162316771644912692091589286914596435753648326864929513846914598071365241920382065358592884632395960333539574529697283029736819381525152141900943044004343211188652863389696,0,0,52645002853313836364915700061085470234468800841820208609569368517821567179469308552673675936905656850340558158548997956330878421929631109831080575281993927530190814167228365699747948097991065595532486013175303031626928270363616908324452291489623441408,0,0,268753725044018629140968026036834496773051170643751434120001997734014581602061879547602273160271491311561311903347994516683027813914454019954984070647987559074302525440,0,0,783931522053910752096271461219183681734671901316216492823118172066301020463259713536,0,0,1 # helix3 r=0
33313789132411133846864239756247947649846281952467615507287464133422522546713105371267140914997563074128762039838886003102891138431548117676719050556719118949152810501880607340168434296530046397768992384805563663146768633876282441064759770780514349228156265134640605944301882306622476032696181855639220256768,0,0,-717390767273067249147479476029776491693491647997639268016705756563608714809217177294664276327628155248149215670648118662129868167566350062591588325132722227898748627863659309085595699799462157533834281017826613200779827340338009467219124914834181105494113389728768196608,0,0,3419703268843641512349108737600497205714165350298889458966222078646135035012611282758933613623460252768807016756124690707163491942745921173788548112400343213784713007463234431866352813214761673672216810345446488577589425857078755328,0,0,32280855707318239741316767624385243064807021402575485701142588613490030325065461705728766545269895402483834972372415221902370957434189383349227652461028534396295737085428185435284117731214884864,0,0,207501343453138686036521004706655624985643606850375970967703412622018339419185359375948396687960746642609156440522111159321482191228491746740787013832671232,0,0,1007176251229715885159979781942091454887380444006417476363136665338989242180376291082082262694029444764166126382874624,0,0,2368750116677449552705397785779344654152664477081421800406935221667074601385984,0,0,2504592260577718002342781766344497954816,0,0,1 # helix3 r=0
105756886356879370000000000000000000000000000000000000000000000000000000000000000000000000000000000000000000000000000000000000000000000000000000000000000000000000000000000000000000000000000000000000000000000000000000000000000000000000000000000000000000000000000000000000000000000000000000000000000000000000000000000000000000000000000000000,0,0,-355898563002280640000000000000000000000000000000000000000000000000000000000000000000000000000000000000000000000000000000000000000000000000000000000000000000000000000000000000000000000000000000000000000000000000000000000000000000000000000000000000000000000000000000000000000000000000000000000000000,0,0,438443353529400960000000000000000000000000000000000000000000000000000000000000000000000000000000000000000000000000000000000000000000000000000000000000000000000000000000000000000000000000000000000000000000000000000000000000000000000000000000000000000000000,0,0,-209703469321313280000000000000000000000000000000000000000000000000000000000000000000000000000000000000000000000000000000000000000000000000000000000000000000000000000000000000000000000000000000000000000000000000000,0,0,1614120766275840000000000000000000000000000000000000000000000000000000000000000000000000000000000000000000000000000000000000000000000000000000000000000000000000000000000,0,0,15843040076800000000000000000000000000000000000000000000000000000000000000000000000000000000000000000000000000000000000000000000,0,0,10130009600000000000000000000000000000000000000000000000000000000000000000000000000000,0,0,-6944000000000000000000000000000000000000000,0,0,1 # helix3 r=0
413458421623122092534333417990988995812834282268906291312520595679637337490732872752882935358532796009960230045913605919266944544252610308150147485365868953186668208058356992660359479157031885770226891209848164063127808155214825153542888082898747297882684153457696303231554209388701473255635240651963760530256005526692905244327573192704,0,0,-61269090262678798793658791352177721029328253752384664602392146052761845651820168874803603813322266254694834107826345002993583107700259585350876182299787628521862101273987637609013703982659368363166396190934488779139846581986062000968600740963126645092193633114579019518815185966965022349328384,0,0,-232101200455726330793188778954513841509502813657693033777480124731860252520546628074664200024373533784052671713356087663683092808906985991516418874071654952847301623570116826549888479010987218066418579726479786255900924332479014073298634643449189498880,0,0,-1731428020543551529196742202923428501586979477493385288543403821712220134164713221388365629922034190664508467396232153686285016195501783191559786323114267792102883329170437512925745260342665059597949548103729152,0,0,1310572790207619968806648048087920617909969251113087467857533563169817570085795066390830759954261240540436047000406022483391050451069884695299753819571015075254159540224,0,0,2571734965665462111046172859013327380976531334893477106219799375552719733386533410251819679591306972949652167654622480987848704,0,0,-2043149335359248895660951907616064810730462521830428101301828205587344182217088696320,0,0,-671611926606967807618991897901160829288448,0,0,1 # helix3 r=0
466880431974353828785472387701938828975292236123108909867718133069385839208107383075214534698873066986849906691526837138976297262029182211826413793028667134347047029264685293708259773016232547233598183429673938263397523391354708064801203415563706413480192457364584650298723814456776584919837930131915611,0,0,8437411041778210409241851957077914369355826218158839984871840897699401857496347012627189651464114404178900464556846137398393891713957762858777489618921884395111869007185792138407831285579918435174179889458690511964092858601919589475468889812753148545353355038411568,0,0,-459432740871565039561995817358982499252219798861644582495347293680017634027366701712836082800999699790355765186474273374328571684151299675883947354658586307278400033737287994629692923882914740282712320134409102336424460164424230,0,0,-12318535616236552938671546748711815167848537478910189442594263664744787017525189442325925932257121545833329804122375606014394314973380563700064016654086712024402847483993399245854948130208492,0,0,107172053069360391245206006728099629065122665851744994692625794810456372396713470143763181934960017412528224529762005543957021596993350466376948020237043,0,0,6713269011612725942084140801079838643408080967773195961532353299336751147421805898302893530103032496278504871601204,0,0,87536324164266635143312571057684580293903286744594997138650547431442060731894,0,0,484610124101775847737630919353926203068,0,0,1 # helix3 r=0
1351031173790319973235247041123501748543050805206921995325238470212667278323773056698826139031807782069883332198333861144470625972116246997597215634808771087285701339055511722896339821412408418683916798618403909641228711963361728801668488261618888812873343681023287987165253051068147248141738803766143050816183634586325927782546555560297539247344104140673538863570190971099,0,0,48198877429086023195048150435803616918047347249675992809227692954207290252939201869664748183368479965260057611102470918601050690394521737576698983077916398193714453414930273113673509797260640221287397259682467287142209470768362139881666149424158201215799254953781740208283656285985611041503192416038536131427789427961168002302,0,0,1756060603589654921549019171521018818289388771472283669536475958906291656331785784389150796344719834405195925322224899360157177152726479752303161794716869495254330110788886618211846622324798575294599838183266816270721924990544493995412559502715875218189101612941397996423514544779,0,0,70997934886292194642192097740037835991181453105327411060911976540270161848000782614077929779803430436157190375783812527243214183000631553029867835955244003881764531704741724659634621362187640671222391454144131834157539916969866045260,0,0,3565156903370270945249708026882641064265680727839166355999993837668993457008133497317061109530633255131907424678475058567870547298175576476685642747814154453276906212224718834662699839989,0,0,64435338626118691760998362684467195546693728525861162218921215175756261714066330024693225664343997887470493687684853214098970020504545131640,0,0,1418901271272100184853493839803244248190263106213294566276632301712240258342771157365048358199,0,0,42451974428153124009576700961225533680395585568,0,0,1 # helix3 r=0
85926382870971771385862093761279911445208948690749020141894102150827853054525737106601228436191510561809985710901450597968144720638038294424340504229100888843919382479858696565383594212612071202481251794977665207909809576410140761668689368028769535041389932590407323,0,0,322306693265816689537359034095586504208009130561472745207996173810468239390854332238520429670045738560271508713552000894867367046583930994072752166736512191916700554552743951404801887889665052576840156302488187731505044191372653361362,0,0,578400497302312381516130772327598060871050901910507157037765773275310505006590483362376667480637957341766632655681858043269009225725846527602748446328700624135445012604150344232379912087455713514079354,0,0,631870479751110080281449440854141219067603964067122180595981539297503077244754334818960350715060647436192803390725592892482166303510826565480722842086107259297843836770,0,0,452903462162665339784038144967577150070167535893783756857721269840301871415117383792304430627764074747725233888430612316319835845281874,0,0,216095164242852413530998290726390520517179167377358526726737833819053335028456864321402161515582777482,0,0,66685648500271660520980406522564289666744272945245521771967460034659,0,0,12141617862369155503713026858792798,0,0,1 # helix3 r=0
98026633466227816026906350642407927544967539320114573128180615059029293919640818989216459213167269790220604011260827752367092022513645074347730023016970043669936635424417157044136887080626070455761660918117854397239559033901616551356375398628454984482664276642569765130924842380851333894772743754978840717,0,0,5316264749500629697288179006784564935882019781296519428436128239720989120417315430345835498712625985438684158009017740948372522747656888816595404697848510260782672889592278759949253108256402105767381548808100127889981683938379867704863813567847923512247391136532525506,0,0,117307349481628059841625056377053904774891109384759198323041879841990038898596965266884656391618556691075473053396823018369901382773645505585523852758132617667603376686212225816395872399584194065491262866749722183151681668635653238,0,0,1330734150097149691743652622847714980252375398154984020950860490473772021109997486433036385119970045938319238244709127013127153040002926846463553610335195232599218950854127634342592309894327222,0,0,8040418515011197992153132686397254206585723141924110284708689470454325553462746071714023460466620701315511076454497770188312677837298732231906409774920754,0,0,25252482792590332729593717045500035599465393611305591568099259537226792508660940272151045359709534330283478611555334,0,0,64074950263453355075925625717659453441083319761828506606049029240657039696966,0,0,343311869781549799758375263308915035218,0,0,1 # helix3 r=0
406859672579890432910225716770196219678355986686687330023469593624024449024,0,0,3480216427725642635313351149715318859436846000567120886296943263744,0,0,9175326173456575934395659917030342153506822616699243593728,0,0,7655935029636357046981778225873273098449100734464,0,0,3530720325428814508779709259899031519232,0,0,1000565036752408607187217154048,0,0,181296906599426686976,0,0,19327352832,0,0,1 # helix3 r=0
3032774143945450145299078886458045185360035537577384372640108605165027507118623395944599377737991571333971791702618749359659254444628351384923002195595223421078966555589191783407113897426934074611995258063426741532694907,0,0,-7270284000138944138942984795809345870328617549972041471266719743266257913684262600378047240672884250740558017593557705224695920742854842954361022777423845353196395349360182125102371334319128708,0,0,8334907169171826675867070264428505910556167946576460285924522303697166782738664820893318817745487820596593502203505562843911845406601910673324485549080769811712215718,0,0,-5817931198409402002251104451594678529133405256301376806949314343369611729851759062700736598957423973614841894013276481916470957333923575928,0,0,2669927013922874650125560572108579631344168438344161914651177652262812422589012171352097949896220982214064891355,0,0,-816903039833363283717395174075019808078991727073671344183895617982215307421533669584,0,0,161777231060544514713817348014865022507867280240906053416,0,0,-18887035306436332634192831944,0,0,1 # helix3 r=0
11746658146994487760942103518855882212422294239287055160533615738000397886913421135132462931582727944113583789375835387511095458032371591773389560474892910278889597875331512190267675653616587525758172813808631650305126030073104755811057333123090894877483523684218582179375696457164054888713658000068017295181659428843462495601053703229405277206748324737531479529062504928261851746833021492508456384671703095501694843614960613814960560282908413337717752975348494213561856641813303166935676788982386787386025134055772790572582557196079551323336551812137430156046491605120565365415190204265788827383466661320617318377318715034804609788637374843513380606833245899133382998696435321673502627182291810719269409317,0,0,-5390695890041213033905472297990114110131531585902059996934101601779511967181355728623306043493024808639193362163314508881136082038770389076453240665040687288344295248934419215784412259352226682194182581491807182271330787010064818116536602888576288868548796399326013830502056738722333717397060051019694746435266866102058033408526182334266927535303877434248435037524790199070257195359186148466861591602251422700809384457976904875021639069298191297836654695115134339763506743193056821817112571620673359494255508530865213000607796893714535066311919894376991782779044956930081884987685037229272006549151735036935594651626400,0,0,1071989019148529930352879319102606837623872380306104455409325052933157563776896044484762786408014238633413320152918628431690609856953655521736626461677034927162567548985659576509316590792164603134083448981009996540916750498978687323009455059822072201876395396110662628509397693966341605200665488226795714679851962176391855781125909351078226480833283130912017532307923320698526284064630771499370744676535377344943891947522217010873434557231882570370657694004879628953670197880634941936435202358042766940446593523821783614256321550202,0,0,-120503681825494386217641449103713174644149113382166280429082322490460086649382885749782609027360373181094639453914765287263850256235062088747008972144753420219955532794193753623182830583988192085291354082577175675544965240969081305677698136090942385386348155430416067135552632176435475365350812347934321365809776480475918723433336379302894483949803417972772993041803123513855910174892467087107758945656318339568944916883729214864119769172249144,0,0,8366297587984976941634650929242709706337941374844562116665576413055261492943601241291561300754282506360654286513090766824524124928635102684941262750767214517780307182612871391215209562524170331443114191495269929845091168452862373425469295513437475824404613579781110981306408035120487138808282422115894602928207261289520345706989375180428145217444511081134,0,0,-367075293536095903411414017841063976236427037958811513452942905963561967540413406716217187483517112412771879384055546551603827246729694563665095070257580042133049556492663630733102895784582774683664737760666218926099949086049700815860631141833709119887832885164073320,0,0,9935521420229375339360351835349938576367300061704289206799478396712400608258406184089259491172132023465812002442885160403715675399681636010236700390619655739669596243324710891534,0,0,-151669964950851414407779342846847018727832914034005703741417680516285682585211094991394016,0,0,1 # helix3 r=0
11592249054607015907860198139217463542427288960323751626707066471451786797012543576620736902904255372460321435354270894977585563384298978636522961566805030315201627113241987887818138148515129677590995245468937621317369414672867246700208413399182525083596854793915190363131565720157076492249017764827250172435159547357490975965944395047710104445200543653955343002889565522407269515014321560977378665459165673641,0,0,10625074647832166748012802170571008546557459520222473679752656779557521990480125914081970706785203103876392796448780981055943497250549895063325810774519573483457068994212961879529728991457343821545050122685824356005258057160922705809429742141625036217015359255733039511372185673598163774475070088402182481463687321416978519468883536111313660036307189264660012,0,0,3194500860869010358827053467902784987598957945820331192993443899995811909594900235259927617280205016554396315852609022561360043558274944170573995595170651058535079709130347259112805892221668996104920104811828683863540366498034854099328315952631281664030749657113086929936236790684640533025137408920041785936,0,0,8541679670003419129065822896360674335923953359977679309752322986967895620199941118025543329103032172569215333514418345155168817420133318642204635097827744215545906184846849149082333909854854558743808154099745186332126547700238506953821365795772741654649596,0,0,11400807792859865607531621480138740707917768345703624217258590600290837037170128176475108780567941150177139979595935593100441776053639406367387086256483049083119314597320149250893582636343861176342717229846,0,0,11857931227868789232227872691413840983512771430464582663157686142983278955240567947837748261457553300370365741292316229896463767347700282965794571968260468,0,0,11175258873859515186155804536836320576214707701822138629715094065394289362122327081932471978179168297088,0,0,5535721411882934498576319871575538085391879791873700,0,0,1 # helix3 r=0
715441955269884890286580447070811946197084652247411217087920297682328783806312078037578164881090864780778986952154351287283627073728218154326163667364471542574802690385324802274207510301357087164323527624512631386943634142495806275166317722575998096766034544160463968905635404744021291588447040972144292291849108378924089213623148967874178634801272587635621630390149948907979563741324096710436026122823141633128469800162214455522447133893061773456052078496895081762099192781960223115289088500975583526360438143818802047857098460524830714133492594402369695778991763604450300407049990416956930477722791750301312836153513877824237191943902769693372759386911500159651449619501591541802549426090012426971094355987696800513648188160046550999705959692519180796031007530442674383956855501718653931679689739533881967731095364921080222285676999137313876553,0,0,-1071516819259068223554488576232834267020101633672756502533026729226948297322056517853883975456557797118169859735461323197379876373468808635375776988739798882653060705864669785739311271600616633205670310430862000532877025939590792974790033683220863071197416474323415279307124646630315463256462480772811221268699810996178600797556549308430228549306664763063957483214573146208076166062079280034546002899855702905204467235982978636911390248786776793583474847552688050358635269412489699344219452095713900010224717122947702939180440522985367500972582950562628900082900292781882039483578922049540057999031196629022665464535602945911557950773805546421181731382777350553636898238106429499389376448488698133103564338251731556428547268602063030575710964,0,0,700204982990584060225813271662146973459866911004542994481231790249849068183554889561038031082732864456783036407002033786070078045880175989603841055612248043154518721694581954567918425299235774075242990860221915883170274919164797625607828319296172381410584609676013311080790498957849048786998178474604272604490955021716479348326182678384975756055484932522745218281347100418415723443541042588837937449964487614819572445012601998367935186219105111010764133753192683532077770330274399958655362346200087220524540603285136735511087313297566163662908102283136738921854923838314668973096031965512066109007337068042318198685461309095107715250730,0,0,-260752064872291450625205409438991812329002907606105431612861965130381363767217890269137317149177912915091545083085114039965453131181210071371952158358427923451865418693362777378716506225739099414272236231114634448092176213142112420634121135649162606989530816372275828171163119766384582716583779587709751382452109029748141492524463192635001997169184828943749372143448679419415123249855082281374638023113605701873373576110718722515921337363369327730802313957250457830573799885051678718422422878752828673903261673833120978956186437456,0,0,60522711105535470929379744968584965287314050861459972892008695303144806280570619540768016227611572162918693334337650790792407092280297724106531455342164706399560371158879250589455332417520310547616771332058881865538601312238572397572643950559569923457011661375797377180138106611284864256712312360086066396464545511965592125154170194704288819008815550958495648162439498229694394079453800663339121854365715830545599208048675643,0,0,-8965893993989176493158235030506294703724172253212273499505733594116535082018936612735065346098514612535714435342862570628716429773842640746655824515740294060230346906268638000624683886023144486090468332295448448148539811956396451952979112844920962229494846665506242707479547806088283394121368702329562547207330144535008,0,0,827852741663566643378719796294493286648291529625651967471908301893609215123941343493225518584722519974201507601501530944054059390668823217883452346211569629334200347953394381654675629138314133485847256145026881994,0,0,-43559348564459015975831677151510503083310935630519583652663934764048370034175622522368513634591551349938964,0,0,1 # helix3 r=0
797957750055023374684583424026311849527299329810048326682253564231121602213206598753826284395518221573158193252036785757767525526367858768550944959528564481477159419904,0,0,-319435497816222561027379803159249744886676141199219984611782981288683748356239417665847133442606138027054735037970744757718800888075026731020320768,0,0,3000147365729182772358892685445994523214665355176605052034487805555503836789847888021351238303170864438227887449383792480878592,0,0,-3120072842915107111496047630249287046654913573070777366254282538472196831995813521959249256171705257164800,0,0,4550984081271999820669397785850141968232168457094128122942128646267978760374376726528,0,0,-5359961005823390809937896182314185187313866380784797335938924544,0,0,5081046240830630893616166664798096532176896,0,0,-3594149992919507927040,0,0,1 # helix3 r=0
7969655791058394394236685630521686457251691969856031781632530183996941273152436371120549912072745436310170622540211565096878012113393783957135257616838730851893766857350046674520000480329049282178140121290222729640620496837907127344601814502049900769204956404999096139967571197838897732101687979976676765608502619923581678256020330593004031100274328209027950609970583902518890681073406207474747821806924332263769287573458482976049450123606716824552683321023943899922227681347381050521287018211103797984981102079457467383364520343100637907103326277070574686619575464577810398822395798310076329100040003586548609165819904,0,0,-274226454920363345860226772867495695927294109917188156393790489544941351969836291650164292710638626310955959811213963089517315201283753811598229760532629073581422024411620806736671644921880462510250085543904237148038335265629196624586824418352851294495941915432101648089872912409379735033420279665714397941146021782579340330955279187032162984209112040276125487139907261648454919489149261069708761491044893190242235027470836222908692746268068628339757289356662237967149019943925219122235604192749467861227222340760790485801903401746099903397888,0,0,4138300518935974569548401114577986624008718930520205422549604363831633060602976358778062588114553965873583302111445795815565953961366157542806315495567259756768101905786131083217012928300414279213641835315880326644217317922345570404569812522545513551213513079701385149332570128184507742729331215949730527379160676273897218224501843476068265182630605892668387231967266031894510751615636661516376129778147912980126385389674468367125520428396328962658860479711220334592,0,0,-35773390959626493190426190837579775290178273198027859513315914712606804727576158529800736233112651961255621032388471993212169520180307484362525007626633738996920572146063639306430067901464932714006817512960913243346653433189129342738981237888372600057080213056835511485111373436672637746212998786611619328276428371974460479880888485161411618193955685294860574162280089392313830266210615296,0,0,193750554257696294420411288077122805441095250724511444217324614985555535020360338560029567121175016879479705390511280366588089654312684902630719441752482795707185580392588153735700185084777230978893450632460934147312992180304381074307328191869815617224460700468528329254949479912097219619494082812432576768114688,0,0,-673246943463460922478214892617951605425705310117356839147564615774481341742467239041787813627208349238508069334525762701398667658296624354406305304715790224592622182225166564130129722229125786621525906892105440976801994352332598411264,0,0,1465753385694824051518645268147685166729282897838992276299788310594967798872847644905898150576819247000711058901161867061123346066808147375390983888830464000,0,0,-1828072796754330183204695165742218136711869675238285553836292315918095400042496,0,0,1 # helix3 r=0
67624603098138544000021712793882408287283239199867607761793129450914874102731950704835244247897398608658432,0,0,-24781747184528958880508774702660792183853987566882600377577405540162583021833989668198238126080,0,0,3717464514694535215277837787858828247993501965139602744295313922387067789903921152,0,0,-285201967334717293667433810127299131379056673305420000533681400709120,0,0,13308600520721857696095429306785402833251162512649355264,0,0,-399044878158598024372706109952641684471808,0,0,8189263502069498029459636224,0,0,-57174604644352,0,0,1 # helix3 r=0
8186658319766348344880693295909124132280644578839570448542611708339643577417685390290969695740941976473320757658354228870179054341484599800204067934933834457147783053037176503489117881137273428263930938932891663326576600790538385533738775234134576527286425849041836448044496300173842569233946297733237038345681240115091913525790385369536782077341492084342290728459365485380763749380879382421925540113521764826724526833253977001833900965014599235320039102183411884987473854359696869476531405692801648414414639655819706241581624623918057868378444149587353147215704000594757531489174006686958922240123804780098717324531630658547468664310639423400140775690879159451660964961918054065006468418033630347443019373557012360347722575261148999589150621029445947948210831759194465501944207779329187874207509154412220760413494616247807793535888105114557514096776238155509530624,0,0,8820407225813190797967303460418792691796620635901423962958578324535291790266317132108311534049594842714599466558110195758543229648844047752596773700984772290062394155765633241164049692017189647867834891733972579476999883944265179832603121430929004126432046419947524457194098922635853809284223923076734524509221665721633524054295639461930891960170549974342712360001782777011963877060174963491653677970267459187125237902781407559418689494986821579083446525754042788832216625724026699570421455703438462930609042223328880080688972211165605473552958592188847718263109335029170633961152623272958895996887841290332791357157780659973242931272266591347376786474003053458031937379557364300482194880485532995218028163272261991669628357444227746997854294224508498739200,0,0,-41172905512936823337798335011358809014032026266822594537110979763163027036767902815277946744866171393181056431908296658156654864117923217261076063609949932260285014685569494633427676657337561469518299051379927873631937454399438257940914705600582892205307651413640360610185464010192246034754476513678477432107294374047860518293958250189322799528326055804297520569693267782305208898606149815507086687439469841433633357831007488969685421422259244334657488749665128459321125969093773531336105324888543065414988220735414009229358357415431008239412870220448232116688016659335928283771957163806147277471173633920206896747419973860020419839475515465182216192,0,0,-29418457408037864535664340476096571906464204345751954393586773707659317467563330609699642959718651986460366383844981662205131028830224078687286310196325507851837258337584814924185116577672796420012493830343531728642022324578554121064038409751144387545942144212129476482411145233161792927118526397195663092996543658423986528060626347727510409387582416761959417396221671086613644228538353118148285953343465116042252973858029853846764922592096511892519183028048755376088053448237094091231501817065715873612590788544446381275737021497686347481088,0,0,148855865295121694185517217187045990586066274866350633672566704886543369937958005956850411864033271759825690083057664496669628267412089153289271934801273929112130105400705177270528290992142682412365058550766822234469787212364045534907438027429931255270941695569852233704128662806112433503970334799262100755662525622164455257273326341138719550880250912894641269385973452489898715246279384433877328569890405365042014800040568698930462720,0,0,-143452310763464234089894001973793752073885217898785569488075020286068142075413654627413404833368922743579738618269123320469370144006891689135927279890714566032639552761503429637134019915586368275514005793105850667606294404206786797521481005809478194211117589061342120679340344370038024035525424308979135144646069963480738299904,0,0,61627927594259465882167553739471676775121697489235143637102018685445261943918892131429050952603668347772760425179657366350080446436841187521455281334299953520998918422283556956995415640397770058758339102693813173354496,0,0,-12599746234713291939696752923180577936649759261136878485008036628314097659636753922810308296903459278732394496,0,0,1 # helix3 r=0
1618045314853298606625807130724093796036632599262342775094384784094955505899465046106350514323775178630182461647769656061794995616444791157406490414982990113605608793489823080811908030493344750447230308824866877728886914914125247754765575625272225262438812129896491514623000688784030100654706467087640045651704927277476847590147382843493936381560513636030922615603110984674072428732252309218687170936126423999070111662247210350454748978570997055881499029229797849113698419350597967522695735251200376597888831972086596852778889493225274034911357334434394349717986632087861908065523170251176368010619473829496503020395731061137008667820519948777643350649769576928056272,0,0,-77306704901808570538128762038022056683239386484558000427091816828093730196397841920508719100531847745485783436013533098768711071121541361888523457852915006727029085589470719166107051056520389253266552640896013379684352043948169745244209956462586148693110199140208964357520102415008172676134856792819716973963668527787741896441231735490532126274260379571609861611422386970746810944078151939605278542023168433712592254218276503846952437093410104852692882611537882073778003026303411700077464164132622932005914404858279002228299890797291818200567619640769002345868804316862486233232028256,0,0,1567734095349164211497843256344699983607323529353164220681871143446103142320690716310076056801113759161749906994637555348149866285223641570671910757930643568898919358874731468735462488245496298525001557804579121646345560557581812041541195515695319239970048643242627427836486179501538637878696606142291313728346929698747621983692992266896096770515328889861735345948251873543788169727907474457825457106340819674976876414138761604291791367415447264589667127264220229780713375363298915538303922544259366880,0,0,-17488466650880885137446633530062018707413508087473318654583439640224709751114811087237990993729328920996512143715308437118151883258592257997676524574955434516801742884916908261026268410324126376622880385132468387217594837771820671163736125420608770393162196365255490530642382119743214305307841551062598677969879990316818499866524382946297161695646522400146864319994482009236036675691426306603318972626513351430884984592,0,0,117335952410451207429089497003217455782680466259122542909882490310257070305547287910502774977972678202821705338487733582974844585457843620035854300602831884582165254794408762678664140039731985293906109688573105343483105308391098889411839482132058990647245502239632984782377773918486542100472311906843272586435569187215026675233909511176,0,0,-485952779211017616586252147933863151760933986634263627764242186872491984362798779709175797321050189679108745913230695906124599215436955469339695831499322220827890066628981151888772432154310349942029119456013282770592628654556695108613883105712692859176,0,0,1216981716045324899858768493232977029820020329566130255615614095281079944287403995743501083240126792421748577115341406876000936516903966187633801125951967800764088769192,0,0,-1690346450178976691896220018896926115243457522067514223233280388918542444243989485468,0,0,1 # helix3 r=0
15001,0,0,-8524,0,0,1234,0,0,224,0,0,382,0,0,-100,0,0,-14,0,0,8,0,0,1 # helix3 r=0
2575879903579901686034667093672057694014082908519528185003474382019205713475263503,0,0,-303239050987485054474484226109372060357475184447848956642105107266565196,0,0,80002898552190477487594766009767616368845294937985131256972520,0,0,-2003787800606060055069760872528735508265794045539888,0,0,-98884106878197422698459667628070426095069,0,0,-9665184086749294401259130769828,0,0,1531865847841173028926,0,0,83682825624,0,0,1 # helix3 r=0
65538315165083665078219110946677981723742914684357216861736371950059854931154772011933351268751016696182954316865612868635046352180642018380172657732083743773813315177265275874744601644140340715791164913594305426731802835626047137216047719970255147796705237030915190441860328124627074085063730955928784678471795386250819125104522502362526204600486740810053432610567227182847029756493922369108224097850625753248576346908713353364861450282049992966774316585188453050914164796605401032261341912172298828498999068123774733523902234581518520628111968322477199,0,0,-4704212487850112114396256035703225370198411300274842352456531432294719371105099907294170219871016115227380925238181584264458539525149312927731200519476572369641685055429020711020784440584412978501353635923651300696344052463824650587366445356117374490718472548679643183531360070897317324142973692272823084750581487149878240785814628797842443355519834371632933377009112420494072014618763931590047846516069681497146013109754953984846311168510172940373294314391359282422545359076144401588,0,0,947732711577006201794670210233143731825740341591657975213633618454742840334347665043322013414509781125251198064657734797102009742456429589481965054921317271317612871438201142785296457013603542754960856965900303792072813333880354817294363257367294878338495318712448163787736398875409950576267311423133633998735352271455885510536426227298120132182592602092275150470806952327533377072968655042172078324636230662954523,0,0,6263167482556868396950342910653261288247732615863104715632800905298399729968813455344077852163527789570304469337203884316342594758769495850502516701258329934314050838421401001618621078574382880102270466763893327279318945961983278689746934649613323753039557560595499511536794239581049000184738056051152818459226090552158584305747346795901496040586,0,0,17318949620174669284890795158572750342039739782861286440020928352738344659020434724831171006109740092692240297596432850574790750447026573142531341250154455099700526782401244295290405688962596346648039849514285936186228578721721791985072002630031786290950751657143723835245878798,0,0,-687636809091459747928545690004164035762084933003082168340763342829281107441616922379804757920137890069742657938039024174964395503374186460076514691464079860516465658351065899039129205364270732042421644488066,0,0,415614697507220680909488066434695149412062138175910611678524062630975319655516642039720024240533998955661501023971808991666698611443665416,0,0,823419031875529983439288046937631211722931679844128553314578803387704,0,0,1 # helix3 r=0
140257,0,0,-287160,0,0,247598,0,0,-122096,0,0,42309,0,0,-11384,0,0,3840,0,0,-92,0,0,1 # helix3 r=0
73280071589363710825120473367087243861678036970047619280636647102336850949781475496666404830221687712038773053215621605566778926604678295305791780181945809765223950111916044993378724588851524207052362467141575439116768314677208896588320793030734076245975267494338751721323356503778140670307108347690256736795293893239084814437268053801877392334428053501777644353813848944557835234326429242783961552238732812131401100718557524478178626107105160067427173790281914538988804500488165181738597351832000900549061098484495328534439040309633400349630726814171642476356189520173691469510824449000382794350048802841012013516465349978267178806729039103946164313436573125969938253747440951641020192260096,0,0,1899787054994297940234104688555933924210933646021387739835231374726085021016017265097742051497935396156572476135689486913942865218141852396376079107829821067419756272720187348143443580785206732098119863513730834884504154715057211442698419878283905750228956155444636482801104412996834187805599007209275546878699550909735423951847470975790265807903880009632482246114397734103578531582066824599102308471331857285277946603480046484007845837146674998071756824182919088743419017670687594060969171039923463724964421221344318337055350758884308362823993753623961319253317653744157250859170997527449182594879346180096,0,0,21639276679672761975601529438907843529159215371988807054574361413384842034418516688101557977497805772366790960855601249508225269542082721305728006067742781343032645867770573167190665019457103884970008928265386700229998576730924760449844004383862860963928031118249426873731234583329178017248179880746457019630323185122261594608809704523315327475100964928817711125508588871894068222143809942285254327964664174400281462254330162655711696581705158144814068494481467691960412311368158689731602807006618751741449761057635565568,0,0,141433300759201404619093113576183199281167364077866020546331204513548593552036670972582867175820578545151122951976439043216661512021873827243409049052768060189087584353199163537999242637426036864584997477489405885063894093955397176821885658671026616315866919500857448487046640791861598642522421941712507998691776665240743505026067679718333830309888463252935182158508592483695042917309082850806770121031607707981770898039799730136940544,0,0,580125495381553871199239001200670057085843923077856727712901270046286843632617710043130801564495644628922787021342389924390466977515338872437503974728222362819591373610838198446246324556624826023719631193023046415116895217824504692331343619967817338407960084459078782173727131814121533057262997840236272076041848571740314080904255700823678889492480,0,0,1529072390376903142111356772671544986056207256682983326728866904038332257308773216999947415003523020840924691267239989628439927571370747448343988368875716984948172238907520580715231304387435297621411713886197367904902257853700987730843933517344937080329326297088,0,0,2528985907021626461087828392422723547308186549875566219431048593737291797297854214797022135616863366508498842424081976484874260275663918991034547298575587035101123515527462912,0,0,2399593144126385233672390802030063892436687717026621639676224520515040703794566657998848,0,0,1 # helix3 r=0
22812658029247129329058901570810383133411645043224939768662708615124431562682308615080464398377022379588313260134136285409136964531068956888906371307225630401132480913417670501135067366787993699873899997534313511022800508238023158023530445175196420340880391442393553627923031931880179765415808203674694975243704367399185215441631737957109440705688743964673213897628108128450051657482354172442375878658801263552744105601969902955380324349197170192525582743757069878568646839771362636235785268605639565472312124728559191199014317253442807746704244847523348765801945233840835402490627926623787908754405676322964,0,0,21901555928958995225409390258069325075442388623048593773525175690294703553338720073292280525103440882811545162065686031391998899712027484377337299040229968640480435463444468751662208560309799720114519166085905181550281426330961617596101609549117545797762645516231587699470124541759028037663581062224216367501076826112510897819332212925834808184639351892893688646198304369125926747938005929092032495593351670953323716239814506273194142364692224543156467735124041831927891979476334481431851522245233796854143872921676739101892420238144,0,0,9200905648274699980473490799727201319724688539222142339938540467323526136658670918737608330370949113681842594420328294043232777459168048833486907612450130312880345332781136459790235888741835762319274114059951558884668372772918916920212888198503764593688294489404054833308150558470561812365861849728126726583516736142013606453716422418084703149111759697515437046570336215009430954056950621565734074508580340302966080386437193540297634546212961998072966700488,0,0,2209867429731938264925724155341580446949729828420491325865494047005476976203991410751801990212287686098354741270304522983974038929393912569804511185660320009214582182625335520765787499159098485552538271442991971239239183758421285362519787600561259322147832627191039246278035208593898350496396110780450373028172779880877614297223411372973997006523465445207636905727025792510298107896,0,0,331982640090133151221818154697602623585868916565424990641608493484784800109075880821351266065629641047037967548547540150615417534992156837178407324929093055893804017659591427517827502592382709536377539112949710912636774749114570918463545697245862320827696702089867740273510028181236114549812057059578383394,0,0,31949550686704588134112552730965135918500217869307751577391998415922804263473907561526285262254721660925788832933131513859983915203457194007763279220599064290240914485000044188465424779263942325897330671108879273843759958665815652,0,0,1923853286570975765145064095886263477504443020736555071399019773528206889370793503276573741646474503661004463002734253692733973053373418551268956153124850,0,0,66274475123429773723244020441340744545154916308219815026504532928536650654524,0,0,1 # helix3 r=0
192369984295317655570059377763435505539350164425818526579841005841204457878987692105226022449457600781393641062636909032124158798346168074819452274580520742838578795597447180341287132168165528980604611554363716279114110302387016957130438287440464578637112758419163183201304566538367500255502944210950532439614300436800606145888898605262748974566982229911958639763596768731826432075970012829166403386296156507082261784275143194085190785040145957133918626519009622661796768773562488908609486833160136775428466168409116657835442639722097634749106514919628291,0,0,-897772850526410663318826201976753157773901843757169507198240649141710504112176234869384160379784145026413679659206915062375653142098846531829262341057779267871653625688160091069095205292237061050580490523137716846205105994037956754399418340225728556467625121586056945392095900125273770355945789008321768487241379817067644115396808117463579516203738386786286485901599106460010711877588620893356749998810710658622345716814295925689112358276433783864131915737137427747951322917064234509808,0,0,1769425745039353730244851978394042905424876300979904624367568686888259591650964965363981692563557323629618547759725707347682353092997611752424985900541875804720741963103414624210990983210354194169999807501960928304336501225416858031742005000216640000289081265437804264321018779721085087511767749809225056877265063285619199690899461033742657603336512514865975081488027023228457512485600396819250473753681383455639123240,0,0,-1917300196439486659311914051731736337144573812572320787383030038546224520038442253837056467849719532733418563670527650994328392231335090978222852595522864369368427505049647133249455273930123522139900895967995196877024191086333900536463833312685359606354219398074293818937420333123164646284171199225833443494203785932419595996322321450283707788892184,0,0,1249876695841616943371696084437265883271104726316759142151506595706818308205480522378474412476153456780934934997364141593670572777795172723396261679713190268211958529606136712429322168124944238136417247151382227690921687031240515611681442574360145275205387443635242485158435291692,0,0,-503278883713533132984393815693198416703700473796374925077564958505107883227599336021054358686119249301278947709896392355352562231378525301095460777518198602607159925817723475132046366742350250250356129677893856,0,0,122897068919758224398201544043219238132399591488148586798490617382783519828223312335673074606700987414299670179479988077426128735015482221564,0,0,-16799763207202561308934653033627397540420446653537690742067532655649368,0,0,1 # helix3 r=0
8140634403906555823689499474379628238771347462938036713273696430397114961241951105174836144591776646662997665783776696365719198863255482089633469100212420276862990453517722352365514957036271874393318792678177015357004563565791196478114122743795417766744118687631029597532542124335712860907531849925754013479791140866881514834573467851227865097486453223160244261721621229065441870012467100243161325140226287856311229161278966113813153847110007423918232579803070458035747378971902864786252880665422550051633788520952382517456973830506016737055905313198028276996791586759095870312884639487370768819551960881047420624160266493898252200203472026259173027390104452717904039632618373936094178569284678561521768840970114699152293296367023722585017303524613392470042662644954716354051140215124151139333396284245847773157718653196010657712454754160822398184587264,0,0,1519993842586218337377413547025333204495690271641452538793187880778103954534198440435932011203888902112584216128435649593183523158068564387886839991300904493937757597877336252838368784881419671246746814330456032346821801346767484519072383108177472881547898853527541415220981225151602239574267718105059809641398654790231594344759288276809268979067115698506751194571321136963912427414002116756766592308713177488477202595500293655681700225760213477327847141403299995226794749730119285772016872961551945151824926688625031535352274219925933484726235512781452915197030167955168238726746603781262361556126534171662004156939894959069265856787224453616422999008121119797204417719407704158517626809451869059262194956680770883384208901911548930359977121415168,0,0,124221100593065580761612977174245372683468041996357973781065974803588435113067618745250256114900287719807190799405202318798434424631299855711066858126090694757639880283924656775222496179034874919834376505501894705389148279612648965029413287467974883067167204435046899491312414717604840375536019460582723023505793134358330317848945888236709031197588093959356212492759134994296374844345989346231468467259789544882851267925367340579239326311416097619180055396739775512061616179447349109620597901810858035087950868473520676474978557790091444916725947342757689837404375920515754085820072845590960935376594493168723311657632578557420795836778938368,0,0,5846399410051054779570917216962484916335898410663718373780863706094790588795707538315796518542919662135679049276288899895286055721218767968277565194339565141053547064769203459678363781364041651748106272691335625209388008293192233479885836351794580564911394892022398703097505118405229290945225132086924168012926902913838348097028129044690420447863966161001186274802869111784391981066056360940900863055615743343803958139302035691405219451059466772124365665001058180655979621166244097491173995053584663622685002040008743362575237839323136,0,0,174406421748444723507003238372070003785338362735589896139296703188788916613714064352474586648041227785794763116897645372731405813346055868640917486237568075604275494299514645643821438728720356188464931324016251497036959635744301036245172878370767709202006018839803118337617575530558368631273659702690348237015178371191939533519315862725416280097782626409325697386645628934964612108287954607888072189696927509187504737990003916800,0,0,3391439182001919879549037941407598872130532767345275344617596686473817673415949439637086706526320189297169046382816159434092836948837910769716468974160324583972649289492816760006518275567085668088542470085860708206181509262894143409758552744105946099784782584584925437700092694347730988200046563670068313995826874330120192,0,0,42119683267977098716225819600449970355015024034528746241939430410093243362552202025097265382223178443695149115367990755797927648511562080576626033216835198294689439415864503124416090207751036103595352599980410929152,0,0,306288924640514099968916210828555041180967825853834513543347634544538454382392777633418242325769528505532416,0,0,1 # helix3 r=0
976355714951475864070736222127419943920613262076327076170855834146847963789532594797900935635906304610848155357764671665057570710036056620061237411,0,0,-1269278581679614896366311713757585160905902795654943715869116441884425976512337997112688325323179862399547856525714915854259288492,0,0,-1022512580917720852011283808209339557443739535603503072098606267900377180158491668577848919400262684822669738612,0,0,956735639062418628034370644601224620595582966900547784929231183859642324095523192494397693448,0,0,714651535830213809821732680224732797869097548444867732049202771971879321987,0,0,186418254905482460499347859305767505490570161924194862816,0,0,35542353170498340296260001425648701740,0,0,-6728604986565975268,0,0,1 # helix3 r=0
233173230593256011700221955838352690819541816449039167351667801870292867992520929399609836970604921496221083869587693213843177935663921081387008156,0,0,439138964688025836129170715585622641052977033043087264036548134209620609672942793197809905263292160368372527541232636270443289968,0,0,236139642094122820369194995772801811376392615200145543254437678506982632386976093775859211686270685334739238480,0,0,-53778643914649190461991514180096560226883713767837895205367557153517300019632052727893397304,0,0,-89100423530416115561774737157356854212603524777916330045731200913128534698,0,0,-12714865075491821864157613362676308335692764074321391872,0,0,14037879733464432626839086871958239684,0,0,6630900170691348328,0,0,1 # helix3 r=0
31778449,0,0,78927572,0,0,74928276,0,0,31244324,0,0,3933342,0,0,-450172,0,0,14969,0,0,-204,0,0,1 # helix3 r=0
5375105322109768419805746349897353144906359343751591437764988854330223195435603947652830677237875586667953913922254985936574179624456848559327640102844981739373322050977089211250610083066214324831119852353152130124967226363387141208126661541242290316371392390659047049321291184253388679180255251494370907532915290356238818530204663865705882484129204689794659661975451217628055566030977287284902645340125725104755261790937592474727057528084643301112698325772390089162591071246727123988930445971871173777005838780712872676931552169306878432238025891083859070620866225918084907785039736782515135297818720254030280471713911377347238491138720479554605544425474521210098860554119016257706122104078279268346768293686527170509414262047425330571437151524196979012594530462668900702024205753703234576572115512221047300529302456331594456982024863054441578875962026815154812825508743452864554942674538766628819821763714779023693915161274112205666698395648,0,0,-4101648578025463501466927067294679480599891504673917661599783964945817119583106595281993792515582936199399357718077979208489273708745305235799836035331414614805050239421687475817178465589029576890538028940942014738192385261878176987290064109124738775233051200223833854275530219026005704828751559269723693250955144827077008199469320126391324499700915879629618023129926623779766030537062158465838997182871397157863761363718514137178130792532753400168962535873911285357286763971677499486617194709930063040974573032228751406886634909280011136093475922669730990013498201035079605823110868675880367086007673453558831084907824363375621197383570276138263158713029869121436705552432153906383115474801807390676653257536137854551681442374142910706240218403621503498080913297971743093384034858721516003374799442662241861102858139347189760,0,0,718266957815322679563975776090167260886177048746739706125202614136899918044206021563442296540372151431906914208523723917433861286344107355258791086238885868827695148514998181876680918946409750069274162154601373261176342029063453365830749025217912961644525819186298687394746339013159453041082641097713694386841747682452085736680931236354013398474833951400059351275157125930653471696758224833595659248071157047210962376871840791414987650247127017044727278737673949781716019789166051614955746387402703181786680144799082581843425416619489130850090665623759898516603210264122055099715749775911498577215241504403426216104904278219160031197885840022621867981114982111670863831891367442874479098737150363176068448256,0,0,113344807334902207977183315058542440194877288330503380563787232210057928550466000032140909054069984462075319777309289975626832874013785925488338357565918874501898207295967066104371622276288694865946614116322851815389587489886070442675004753363710105611771875603227896649454774321385547507107168470520705154228425773219627771507872267976123247984904621021870737977445945332167381608236516215123338982924497769734821332135858198720586366114129060910604053546695987998705217889802302279245175717908975306458292457384675306482756199934140495308213576051722821918048815471497494049601151261736960,0,0,-29211489272609272394022087877705939268919074619880495351030100175892426164769946244734550322910985454753882276189368391279177462978666134254336101909003693517694728846185878449563085923908954582245283350889024584457655404577116220455532513288489614738034960566153621893430117236717739287474335556318274433184877369391332014705487497033898306477413853409630045386375885808886395994388316242890608922563582080374721061652277210674948053123789523107407929695405169369080135680,0,0,-2242665094112515869124090191907487789116358949751073881115324964279709123834451131761444980956075088346674473269250786792499285806175759680885072635796729221078198659122405400666704815416861738334348614261025863863556721882535131534807823975500164238128565775596957945968885716513610685580506969067406262811431366349775359869600440480346014744316154478592,0,0,337687939562715019081145147453691852466181172609307647918325734387046341482894733180560780831610437332233901668614283226003225710399479280339653993913870542699967541882509650727565127488868731371982504204845765921756498831992306251333632,0,0,37398994402884592759345910896174886437405665597608188513870784451930415284833615503387858174841517783964729868883591168,0,0,1 # helix3 r=0
46037746741172682250369138239350520569104117245862363703673816794836699890467433994937299127916134548891057097875185770887261583557695926556911623618253020085328361626610900992162881236889853864081994667102067599995127399259607745264174954919319260966839657757087156682491840578837807902478357414838285293704344847111030878642016264601008399584403696765061624354321664900997899048021515368947,0,0,41581955726891340381582072752107272546124141429342137936169168658645500808633386690784409820356893412082955111780257230761736669150648923756351391662837388621577207172782285815735497227046089642734429040151968765373842812403833549267838602888099127219679161469910047116528497766964773382320418559394149766359949407019701337109995878349867029228,0,0,16311661250693782792268266898424267477998447536845627779062536564392628205025757106255339170443335335633664221136650306193666706518852251491067689497413120038950040512952048755605068084375938856701007187246559607598271320795693811078686491351588003043694681108854267468761858192762837962966169988,0,0,3630307301926652346287407573615928807314086199812728686857562017939247435737971005484570288621763002612936329873067747080836397627254753826628368226890283780399144041404203696668364879997503226361528128931939667862692908628091655490536565396568276,0,0,501461960477012273498525704427596827308383164241466750014842808679752070953663001435382528473919591308164956128516846510709833197530081950592760782999738119524515232143758399345278778584560201951108,0,0,44031662941224699678455231854991066867944511184171414475008384664946189223474545176168825618888366749266102901885714438004222480126519293577249754916,0,0,2400524686913892967371077512201262664352884603121496381286784275082422971320756166553787925374031376,0,0,74305498441465152135912140098441815998592979412076,0,0,1 # helix3 r=0
71895385459743967376926746460290865932287900366097480132758477731831484911666134749604651078227016985022899147526519288095933504532676575177263871234105482658891469274703386632999781237451468114117824194469299587263015601660276928948282005523832769655133346129712540885916829536568465668103658862493456829691190955816437411121265032378201456644656885955580358826450301649498713351881420827691303237464037971846732904197029143533949691596042368433587797198772185861919972990111418998917364512950275291054573611212053825458585784132187664422216614100418831302151481574574325959266317729215536526996589893283487747732447206638677725887229980353756448402579619417824040332569520795673421509273469579421723270035021635366520412563902934779893174103829249336052404940248172281976456635630688707099823147026867398777786622177429786081574353064421338956756896299232389702352896,0,0,142005193194217789303236674811475721570323918741438756757693324273684823143351297877013314198120149925393108558546612641961064073363322240475485762810561687125020471030686110067799272112867062204129950267098697207032222170741766684539502042062013981923176487870837170124092809460409912298099521757832607894374124485685410471332701413113335154115985130456992091065827238355845783076086901572220489596849974872927284904908400339020043213975318673019130323217687603072912412703104122202789341909146065611375047356621627861299254426175434111264530174908275762175476909629863559032865805397114437283735383065726740471716978788144586494316580980091416034100982005347954175841269601701462492695855694552585277622440482454570910828505571324585853917393732891703121018880,0,0,122742727525457819050609450903458394639685253978587918435037472230163574445288994134476925680322150409316789159948098958153937440534770089584545578295923747319064772861401957262734490521281457700395314612147582877436104403993593682339528532748311103028767051502252680621882403719402459755301871228011078741757911258289563127793091974318311041330751452816957588369262336677373681627074369185495315857208612318262115261801020671918743988087829620933421871770959471417810915506281657769478101917192738882608425764382357105193394683135760472733577013633819064376161495738090132273301913858939138735502367443213270744905407900071679519454932593346696628404224,0,0,60640295275236013413104210892817259356949237183029149594080917593861286331220868028606065206142708958047372007029905071040422387644899826202452210351198467789145412637707212157524105654412230224916873690677722024279111322521308898763154617774563685589953446876190769163979257308149179874685310356810225983588763846126298972575908330976687318960987338851457760174028448550722877822280031987938236008991226403779037346773521466229961516335296567379523338968200646503575090768836405797936413791837709915316498598766384253537875914848005972648001536,0,0,18729266314816817670476931791176846705437758837758071537725956735748066642133267847161980245184947783766986485098980375757153867424814439032203531595940757188249892622367473112271572150065554030815887421671844371344643112793767925696814588368517703329839310778880457248661948397993115514090529561406481929085017861917968971916148792530999436830533007306687936022086476545058176766400885625280021973101910715454321200790904300401126801408,0,0,3703190476195169641080645103765180101065684036891573538302888194693604706049987845877556741901925197984342817782769025013651624346820439787490656622863949656562236790358925443480904459662258221842016582813078737923247261141334279043962345162074706086169971569942739326229424723369909345215886569903943179765772324538505081389056,0,0,457750950276052586099703044488598172552002896990768623323460134633998647717234877414184573437990340381705919124460700776832832866276669332830906379503256376784353686649788752308404517870760819148041337850947072881065984,0,0,32341819871370441777968241542248344228608990750697696248105341367797459225408764589077939411918012256104742912,0,0,1 # helix3 r=0
174793008671567720875686824235917707870754320271724277843846092864725799099933821673742589049756485896710311678919819641664448624511388964928229136993248992658664241719078415350073603335938264164134533438052675320370408946057374689893153422742208110055959900645571582476815712801563055362610627255988237417768697656764191846435582492409418899441822307408778394454437806247675350282691703734421099892653377208891657356457469552323378470800653076882278771175553745107280412869527025056486002673563551142839746430840894792704996219207641737963026227488564210646853908042215390265239332862648797481235819375447225041267796116385224284575993204499331,0,0,-1092089115683065262804955083958536157106197187258700530565520615346744593439755691292973039742010369512196945698038114797173060169748066089172638397100216722204512582311117002602812078660210311473591149828352070029756210351557403115071158220138306537771265332876884147304666227167168530519551455850974031550485248313483154813548057052958545158266987702307593408700937030959695380875205938716894540609921817157542360091861400831884936436964301552313631143917774222867603094334369663719357719110050625845246433358494240916133400177994999863333552766987531144257203648,0,0,7804577612320703501426264171844021483760298813169992582918109956902365919966777216681466364810293738683106795973488977731761727293613861269831721514489549654151048894125739865050935763856304004247598102044217612877950990158374443636024746342859419204510035235133840976635831615350320865534324182770723995902143007609433555817889377337792448704420977445751603352048261450182877774205479142155014355596553448836500083888903858102286471749386879119621416900528674837281287877077809160544,0,0,-27393758350673586473060875666311572110600778885960024370307144858851786611479377239513497037614892930481080180410828454874260353430401877933784435126788344583921874607276387474950354927376121466058148940044810605379959037316810802034613501243217809105093298446285197764053987087525680240288491519910590029702446719045959657084844071287354074121599991911595682333817864927452249421992372792308800264093452,0,0,105610541752839053828534779620036522885928894191100939793690638547848674773618216759569039396672735068976956059650714122447888864685269773761770429779416490104596436616365450516954672711157823994980835883982025213174425877338730418716049206253316463437294672792357167089077945727895275212017928650946919741470586505088217095,0,0,-227908909157091145984509648104830914590331216144161202562266000902626261323360876552349970699524624757644600546912854507845944937118714470420325734978801927360271331865774419610342567659149939232663557944126414948881863115056287680401622557516,0,0,558284367220458574991764836292698761466882608257904484024888766215198307414356077987371742753715247479372031404648059908599308591464732418455243881347020688227878,0,0,-628075535699207420881846768056597619542120335935225987306247744162930476008798084,0,0,1 # helix3 r=0
114253,0,0,-204816,0,0,202936,0,0,-138696,0,0,63626,0,0,-17472,0,0,2336,0,0,-72,0,0,1 # helix3 r=0
1579050504312746361095570624329182545849274215263994241634447852194839253880744022490404737831291909651791027752945798188057901472604910775748722077263306763874005631056770537137893827042831364287920781673477132256422826086453283063788158986744349502458818988678973708823202659078210817859216297199577494646213614071375403496698049507569970462796558619073201178200464756856984543923420683166816643917195252939840264512669016632683741992062327815265675460824812978166979039727017450527433772096420585803461748,0,0,4980496822208227159791496446595585077808361504335287387592897526324313863609383158454116767557257282616307786679401141733875145452604367491626285542347793058786920315229479904344802555871143779737258270814293194461113382826465530632986553590964512616209114722125071089033475623753460015071801429306280562718440824692575768950137911266537084043498882717361709358061378011958707801190998468101897664896849893480420476847354059443939265559669007880,0,0,6898625939950019706409243122143589058674613546846091422446381598895564780981278871740593330779205488777970723457518079905147547161322749137279688733190208596342566118209736535154232088381698159763242554690037114760003546000380846585535859070627056761042434028977954327968222887992950270736968625870000864027001488775008832155929360150314828083854776675051433606441080005371104443484,0,0,5478183029027539598121618692855719726979603643859619637919329888690182981816758075276954129188745584616307865815480731330695694879619239926534859627658498698713499680164143257065165242842831265949827190128319323926586167729981926087206879043696184374712668719733703037569840919316976040185314252604861645774349658311560,0,0,2726613123261638137443090127993246051216678565073293643950700413425738228512189576601349406021705469025581885093162252794063512715505448759950831214372877633798117881685859684888317152762660575469673082431859287506855596823446031104925527128497967406183320,0,0,870668957829763345125138783710669839861838352725934117877300962658904770012303190912113064595629420827736174770789204746276889427183532805579588304323155511131608766640201528657197769949103852,0,0,174129039560785522681236491271983984019438946773073756572928819822598837020090777566614345122834336938001121997819278559387653490,0,0,19935262174759452215927052276480195045715266036426929151478921008,0,0,1 # helix3 r=0
1218933529501643884452431973000064611844379975670717447862905560620836349971339841917364311074861781245379935514278894926648673480455006390908409601785260749963094011385337297322480022324110488229611211913152688179436179160204668783288793285938293663332589079172318780051796021979825110023103922442653128498246011200847122631595796614177113960269485435259216543190251445414526099229419020817086341385689866865394943332746048090694307229749089737366613394884317423361030163473573455002353535938642515485697852584347713634461327059192580352244034303022741081978267743120970106050989692047059895188721433760856221022150477998121014370895189375055792025931016654262352291607985173407122511834726154337703637509533726572004767627933383684952548700061696,0,0,3999836573227661037581541766566149167753482596645600592914126498625140132274231602426505618191419887475947801618932942295401168026748888462784110297737115110778605937024215457510636141813710651030831959400955879901077262940688109903129715980782985487985435513931134877594470769351834953625868206172928685170317595623233013673605374251011990408699244682083508232822336851544113137429605246570969861469923071280193004083993628817068311637966133300762049419996224259782728114025902349643153899910133963098473909536792454843889187534642704910233122725477993620481293104499338935468738871127714700000393378806287812628528315280218304814478340761074166575136768,0,0,5745715118566187355854294670116853667413756737808465937701765578842166423117519683625062830361332424460190410930717290913124207832461056243533569841829338260397674870497193093360384337661073898524555268440463680063236967110730085171198675701937218680630777660333621122137409247879759980409474829001350664068847604442145959936551696069825031254392881769912948692199090494223551205243147472956980383744602660680895494315399441113800642240131324333913732249293620075642533157962367700717098583098154855663486654719281423432987149299400172548101686209064895124602880,0,0,4719767842620587959382593198986654128297793872105658652529858779389083330312757833328263935585873090152547472350555601330367278458879248136260898200540943203313859327556009107288357638748747448445684104716614325615555403300589355538023564240903909189636787600047727012561833711497973301492342548423490194213433534712704006309412947539024429736453850695378984215362133082929303357062049328541596101529609006050501324654597027574295269819706352469478504410893470931091456,0,0,2425168752959241894793574655554484557101338656131946689525589525870859793445453876033338280910498658973716200309530000897328603097667344378617492073286887185654445289810575180312441100430534494774855935966865251550402584115648768317617651842332212526696345911564652499077877294492387525520564142974015070544027404590738380666017262996514800232788288078794445526736406184984576,0,0,798290018020832415724040986425205003086812028407160710993970376789327855149760253756179816476987968303071618884655352514403595755075556575628069600248993922683534225475587991339506492384659688897635685596581341002347497139687539879349507787188141347319444350010996162412735771967488,0,0,164410733329329088361341770288530196587385051559153098718505404497602557294384776178857023023565400338061253815484401946300442797067104665744513962588809882819071613630437096730685557702656,0,0,19372526658911801466727731632025404222394113098251438182040002711529692793433185363181676003328,0,0,1 # helix3 r=0
649446924797209096390413247490102850570579298975803009926799541022124827199617109385230715257021386256515080438960652391695824042666073274656774429607373384406174194464247542939736240105866940538332749250127832966957506648967650850298126445995856781213873282351578347426860014932351867390989541571471410006290107197951590418323514367776592616390641248054321620126479259971309973935632029325778188,0,0,179685094391010677459258657455939870020415296113269745555613594220533685283734149039578043360468050572226594918335556436589361143389956987177871892747793531093496969903071157702075894228781878754069994599044605515517367367178582260600278089048341320196063293583722935862913839470401653972308910165501169322857187664506280657918033563520042198725840,0,0,21570044991543911098008144194463122180731091693446616799972846213562421531995075427683813972281697098674287566434341564251793241984060500370626215146936721623705976519822198225665767495255485128592654026077336854874936727237698344478696565084372943904981821671254701925205479463464164678477845685080,0,0,1465823803585633374287169844860449786966695289370972033487809266000761611799044045122948986113672466451693457745277461173562698821215571403661875225996202751924002903482932666918203768021140653105765083753235348501923181649908512069192577797301848952,0,0,61608898259614243604600111839423297521080324429840314259360710207390680015677821485371785168420107683360702079146244384275096692921400956669231028251431745896689457448389806367572594936586342583078162,0,0,1638438234089907299441799834751030926389038179644938601432514731063616594679563093552753938832661756622433326414734046665196378262503075922285211255828,0,0,26908968771113554553472785809741205183704444768521395029029225303388859480273689560583014611128807226,0,0,249492119286088221590481118838784745371224741064340,0,0,1 # helix3 r=0
416569307407419587014468961697871803902350770084168160828305893481900808780396173850798337204529921639790386116982069362290698683428315930642310117820994864391639084581604479310762500406239551402326888766213926956438231991608384948194823554101355386314923456657868112138664843941871859070044759976857293914839053269696612542416546059539401383415696579685057801601892698753514020327177552001089927200079922168438543965727105369702067838958199041092364680992163271538586947690480741889149651087076582964909583226455788337848867818578308567397231054488263063082651695364556168692038641201058473901094631665330405390859697037968723323954339522710658341246052206159613698945499581066256083883925690839056632385694326450377055507072680313,0,0,129905551710837732030237971235896698758998773329224024775162495403123298321534008547123231500538102229695172517481200145835935757720040876426270148611104069755606603872264778707764457877164168120843501272295386678325278609729789095495124978168612377548131247994378182608380406758522098097433220564522116565834345483316983401655257545674771282001806375789433088740998357366163005953959250223423834737815436636761905922691842837030407820938667304052788410556922837211753277321084096747193488613355330864244351952586087085181497480759488714583168593470682767187487292379649032863550802122893899363172236339673525083188893598963652574283377072872,0,0,17278154922643953993715637238886194559080319155484980183182196754971591892596354002662420682526791653392188293546008268626437260001550689225315551761352438487718157415306993777531913400539365582940374616137661840916147764572212785366496004175779197591757790531504141421008621909553296361361160497780581186517915826521463934313186408226389515945299656396630983773342549967791467057272448442855771024765735315096680939697353938574109330249284064887245559929981272010970525408534979311147815737358573088663831762388118818702363755967461743150006977484068,0,0,1276918957276053666362657585904963090974562414109474709811218354392517938852694755947086494989804723973150314232841895678620459018966784436217313062518719399980611208358672032661391902315835449561274152333040654423288998002344370639377412068718022538787069614752787918117920795968516810773986650343823573595594163635895911684898005445026916180210678022527233675736611554905901270201269130975546369254909536677544210848644151361186930294128331035918601525383560,0,0,57233176884352125064577352047715559626506113145516877341447531777930576972169510589583596889913534334190531033274780148418150359215430078886113812558213535296029944573924882007450236976150950331806498740345314080718543957606511827813993092586880233525133917641779743371062904889367690368637517633812537657609671737008623707818116362175949783213822720848394766810624911,0,0,1591513446611857497761497194335783248994651291453245336062700988162500850272542449239191642706888666639806940586402752689923343496905223595051515937144631392137382875508420646555770753498286068243323789248297644406250402100164342687328273742953879913670659939362470228398687096,0,0,26825404859675088610332590933742693884404704449767067659023891858809669061163500295549746170122453224459692305705303226745193938899309698656646173887357767056050216864964109515356863638,0,0,250969530194793502544889035684374109731438048848748033758442190678464704570489982547165478204,0,0,1 # helix3 r=0
10640854757138596255651573307756115470406876157035400010160580581597039398596199015808811561588588708588681083622273468435546731001231262342559507059588172550324220790509980262677232726561662154225322253929688575452411806834214156998725397160084235092886231086264518956684937086172023672900942393382312068745000366763047548400009690511145709678172055706846812070298073523245758599921562073397575009810699216,0,0,-132192161144891157752069530835247584865982787189686547985849447431761899418871083531291754619183934798582007706515277430348291148730714987451275391036615485579188823798315406928214760376794919975842109411710206034714779241461057671257585304507669163451997555533253476739312818577169000829031935074618210534631128479213785987797846803440643557081379128872672,0,0,239086587507041144579665151002948464925051959812209765437886448769927651431485434667662247105422571167220663543318471682135217023954122990504639146782911206927222213243584842759966742852056922734548716725752861951893407567698716770410230235075758213409988356672814621796989717963343638706861399897456947680,0,0,3362175003542023533512890498352903969870868429803099991942053742535693646185241529294726802867064044874921308209896084459231785371395313661034609473518787164834836858713574740296864854113151385297133539360344647655350756060775668764096538440005260166329440,0,0,4457019129781521618195183822487056067639898570779272923518198280295559309138140817146810448538126000361377584672297126894552276500781457696851372952142601505389241071446957369728882388884864640692417164908,0,0,-1727921494721600316816326755562295524577077501652148799568679352557322528109434948293866648946226237530225283227984331381554779163847187689958447375309504,0,0,-1418933544780163457853093380678691759960099922020630040917110437672348643230731441040019070046668549480,0,0,1608035219969737104277264296325746152277847172955684,0,0,1 # helix3 r=0
30475623441769375377570795320212880972908661295167808548039711234457185243881247416436703317755589811516797602807271519982588984944200930197889852712457909420797339463531681414190058874640849097513179063331199477023799831339921223117789295075308600147010515374297609086797038996609477545950244042438061008591986243327,0,0,-53365035330598944140130830236565661228349985660445323193365485247485570042802957388225428097423614207990923306851193162096468663327140353105858404269437253869084533247712741305390891290386690162636837304016853787351053352560840190794565507045529257297409082091453105838757668432,0,0,44038663809556740630059540961556513957423681866815246595404670508691940698118535133725792384860191435929622411753667485395326319681760475173017309668956129395809865269343998917123582599475375235426391756931102368884236101759507104691400138,0,0,-22284941900282112420117717493943567472433566959060383556225219853886351935676682088601850605604260774647170697622639092003682641238907764774068564221188128715458090970506449894536998722210577996490982,0,0,7518112045017067120876181757312089403458525614371050020390019843139600210368806317522612795287496824446496975208446634529432006543807293522453840378647859747112,0,0,-1724615880554324875589413147467402676613889140433754009863764439277406637293213324841803590777909081464454650938376386782,0,0,261941176563919089366812712372670811930658781206561960805853782003720414895608319,0,0,-23954733015133240333887410790533490211780,0,0,1 # helix3 r=0
67117735106770708040188039589975187041398143222343269699258018223127787699426610021236141401284597910000144908868858809569620712576611742000785013438955902793820022832005662234392139433641611327646159700321144721819823879129054865936632994665047073217573072299349684830838358925627691541454009904980434102054286003867165587235825434057280201406782260472981539390502238529817469538410823480435912767493397817392966181527414993942972445128848891852660677526018943233709560129954086700705801531325959206034800887299976489628743223135165457641423783452108732990742497830671140683186698226690194056458794697651071481165530768286835122135273596010985982583527200151,0,0,23799506931421962836381848810397377977049185366449692704482745933325014652403271346832303825946193742114284497192008796872736623596700271007479483583840794083613216894783698065625245050962960682839512076707032311559160384085118476835502652528703845534574107790194468318765166198063124194556712179731248882407063848378096252830346602178869980794674340396149440066931397334331178767758017921872970575774524616634546711444148710650473257516857219429511238749509477611631906393605775604709677331742244367740735777489187569933268206099015894967237965885164526130202718982914436787748,0,0,3692138766818948473996151127572512678574665112751347634169105975984395515476280516825793976786569101947191841863302709541675267553342180002950644231210719198425930962711217901567823999267164197843597019845004408746980689997648427218637504783057356928010024479807627517048433942608898467705293117056711530384800352652302701919634107732726321676176642261020183366133287135816195258048446798448163308007323796611397777195764146064469091347878038175361281061180889628597863206223589660446445115147740,0,0,327304030764248948844840218091426764110427235359287088364459106517559647471971390580578311582966693527835976924835471415165908358349014352712842312809567354430002015343409361794845646914248360710489621793901725513942937195394094790509577143458994764561408164846392077611804795954145887187031227000659460242285534365477342508450845467123194325864493108943920787350558573712929865680330244992439455205713351119326572,0,0,18134518981431707210332340191110575189460713687735664731108101212875257621924117410049669286810264796854254436816339515356024674987765340659964818869912077338137576188636215805679185747663772921505834619402970192222828144700355190388359093259685053976429621497547569295282836861420811112057033729228856945241446164466960975205042285,0,0,643045986290046558868234079454258571712304516781614940875856978243252291657750750679535387966367067162060227568832051777575147713881203212621654229184215885590712657813700951269871032264447454274597060465900269429140410067250208048894935689467735236,0,0,14251460423161964351741948853078697486719749933613771419691765822456831470221825254191811870071175959442191593525368847216137303582788581900603871434953061164308464488,0,0,180484533761639691141276691736602967739541309123387628980938394565148957607163587272,0,0,1 # helix3 r=0
1080984894675513139767133293016616053330160004733676007768122643647927518757989893952088263856294873226651101271215517275485657422767765189922903081268231011757211039632621824313006868946667395906222648972652484528825987280956787921861802464618763083740618609715948314955194238163707901122516642148186017480533183570007566776282824952683016251010347712715689081306997489542733022668327805685548341712447158939553946908259223538563386643370923421880836787790475135915605536161083687779543385457558669859618605755056551371734288387050466219574176872620592463872,0,0,1475992306938860635207245098413495805854905812153110238613831104796102585430732934475395549367312877122116482074145146107804278755106725981440523187555687259915245443478258173453013672194721413985441142836901316401109243979676964944956991628228822911039783179422806666689756277447676343394579949049585274150261313411982576808199859339321234264185567279842496144636272937923368232442008077544246432983134691736196547612958130258557836259014541105051766707363205524858415428302799817991520256,0,0,890868461812239592773940580093756952709282397021275557488791129487105004998892448816717835326702549039515056420125715289182344704155217973266551064455303513233545360409843902504879062422976426408172831899305670744009577746202776264373012392845576939683136932293954313762862904810298952876386427525135780964917788934261280310563376974938737087891516816371627967617841603778795328292067727399545545346250082976716155781120,0,0,310212800839079039662242461978334326042011509070978755595963713539093871863283980446860522977122826822802520387361026987047205403235084300168105273042002410489579600034886563393163970937776657969125649383121990219060170015386001704662630178293826525858083807077031314157858501737884837754401290108700744909579236852718966798505416800900626689694892032,0,0,68113028769403455605533529142007251124499311820337499575880092408316227577153518109860933101852892006155927567015554678590546235302177255434725672482646961952270311439885489471729165994541243961498480428263521558771756288198890164887954696689880186216962491668726845239826187288576,0,0,9650194123484485425801843864943023012659248536899456683221018645216983749355698820020981438936787753772429086435661601800385047292400952820765470888231485163535913951469703261699025375007924525085021577806872576,0,0,861030778659888389488978643889348721018157051984769735809232693943661529342280882414239377239057482202417331332005875852449282252536148918272,0,0,44212741664253244789528831193192484649205670202545318657877937548689408,0,0,1 # helix3 r=0
65868603791459322740853155104587797186937535910285293885137545796550320441790625472557441829200968518726451462036590665467982874355391145356702414232115709698986639269506171397820863627479496830176520486826415059429168484813512091219419221525333034430125656304427922941510776771260523961916792259449320638373104186614974286562629571686493128734813150808517379162880261700776329974162994220816961645771102550017692280168116354058046208266732092811651164362864537744745331887787913415191911648111074310039943003843424249511800282031965309789047052947269919157941752444870645358034782285325458278582089458893242180842065559602450083784591715439932356539342551554985894842093453926605151291841358758163120239208573756290093156423,0,0,-128541482431550954261021083260960877377126937333325060935714749956122446613331922528835880427160013218627813868399701695689968468330055616912450104665681648949947284366759906138776731143443874057281905125721039909468846667274518119824457180111301735553535650997735247807913418841631088771494661445908750388698682176303023536084987773728194682323783915497480184112739768068135912326151276306537312057490409906490069380365897514611222993446981534259534996153560544813648067310028309253450432017687719669589493188920124864574946872683881016038915938911806669014758901655024059365191606260931187818151756749950235134324006820913479740499588,0,0,110506631316488955440133623464189629226170471822645682356226252890842182278329759807825166768767920698153249660187451211106132689151270013115010374593929268574279976751051833042534320815169765769105856083686838554526890256913865193106023940545217232652138696712171716588904490074436190790014297992642315054349908126846158716052855527331169640360526854366048238805121384339057820977348263458246912818395464535029947373221582669763703414532995012617995419570403989355336472703828911962894560875606876195991771223572301579890753482038126300681702710,0,0,-54657296748819775693489344719009158722303271979580245750002831083706556572225199932760613945352168501232748585320287435261166510703210095504040948262748677681141181760783345141849105879122498948378854719050928201737028037866835275684372002581287113326237120431163719632765875052479412607771294882061274665871562392283903668533816859181183216118149363465258225465614217826638492245343529277494735258253344150543922925939720885688140596409510216340244709636,0,0,17010592422728973122607471357080116457376523098822985858542155099545222326189340963814160516888212607589308340287218597144642162211254302562198710962904624782919941222240163855017240188272648598003471108083852180575373869143943304279172224198607313901194751826853312750592489016713192432183537330771979950311727527230951718449787475882142109788280332263456083542457,0,0,-3411183688054196478441394035772045061523035678539717639425512704443242692379092789260799138827548820480796641193923944290852574546444775352830119185189730713756225257545980306531327693617393213414540838689116469253528731793142734510566573199078767387234590380461001811655732,0,0,430458730417785586598633104441458306909480016557647698553236543022604228260833148496897901970035778971414506056091832878752064245727704079895407866318984915077845225367222014731609688,0,0,-31255857455495242695002655780628062240173139330674958144738025664850679023715176048655494672,0,0,1 # helix3 r=0
3937554554722338989562764655448510381394215096931860947633777037064168851065778793925179184229971773830420505881478043701571615304364136353067550823289799614376981813237204679354751954995634168823547018636726305821448449688030301453301249076873562952403509649123116575755599018646706979493200645278896208026479267811361531685620834599275069687972959784326962438093707412539136432646966368898245084179787898424398617124459457830568067033107345164617810217488797388049942062213279198067865122229512973915533145991642473243265262596073933000432036529541269980150129835574121161521592982298325284544383882810033270109625566536568460590359055974793216,0,0,-62811600814962095712875427639031280517931406567260509680916567622002969271440976405868973320060511565070799065988216509080127761149845690449597560793478999375778371290547777258802352976878445889448079362239383150469148684238084656736266995609537263555756752455944277879434891109330295770496074598789219208054722514809535858886759708401843144934776311012032032861135456751368663219992000524556190888605138909690021701660884775586786373564614407212547296246206656724419215985146535657365664287005314701561423282519197004311505853909258740196579833623815048558465253376,0,0,438599057385525994112275777524830820842132739968524737732035345003858324108799008938061433003664384903657351127431755082267817077601011816261973690628498301704713897144882273950881834629631701551905957060215264514940852441277518543019899752840292791329395374076526425029327655994001797497379594281831255083282634475009633452243128276937244276847837755752204816851175949142969055218734190187451399786876458058443897400141447317291446197593600060230516188722758545406893764345328608215040,0,0,-1751055677329926898025229084229833154247835923827293037737965309191970168522985930869623491344604688966545214946122007805343924012100425581214200684836356525599794850418604828236917105873793412604866814502478076439550952541137397848797161381288600766056622484307873905180623232270225879390462769746447620117194596357979451333380766850329232953862109315521469179328918262430855189697734047580430219410931712,0,0,4371808039321363238425645652011450313475996663527768221179061453675266855372015026040540744709909559085194147245615517018778945467754085674005208524278418223415120611868461875337418206362429467759987573147520624540117679158464743764541785628948317032482167732325780353081271054976722157597702389777743765184742030555029176320,0,0,-6989688962435280231133281233469336190506038998039135493254708391544289264189689069524075834349040791340163205652153529052525679512232869815431084251538442522963531748353265717726855736875280051822237208247985605233567983156765906259607874961408,0,0,6988719368608611751685364247922014989483497327084309991820578653213226068489897699638902551502250876777046335348404463260108241806206876614175034245269686858022912,0,0,-3995490731517189813829135243155390783420309126010427777282707701736281968136421376,0,0,1 # helix3 r=0
366037872194285589689478443961624830592334017376526371782009735418885413467224896248605321202817920513384433114787410514982800754137552220372286098059087963697049569645150556726058910586403051106991777777083769136408077222382293117880662770516989351413548491408438190065275639494295114160890897488242761975505433426560091319664833342432542384431636387629657471018715441230767850588030210077642138683544127817199411699218715905391867055034791974525888785713161577251793968446795834275279367635804797587561010696376520320311168894396238991987426974541761754129626334085357565600917570165540416639957731596728875370320766743986736349162159961343144730752664422905188692325233019032583343660299344379941936043219392229939886081844812844565939481494922781,0,0,32227610631836164019693385722946433955235859790555829270317143595992135419114224319160522902728760394993386846167370423969405386563913133381767988671010994465247214858799808785378111536227896071014640896402296504676359288550158253955094602862927625214646548796980499046400440621748564730594659534400688449060993647793168064114223072479643272230739310854955157139761137138376724231915053846946231808162663365974352009710877691764141430525917872960643453733060440335707099994139674851780072194125919243874965798855331239454335782495579613341127317425679811604337589026845231481347686893289200360285020036607679658342736883950398780015031122444657995194173504,0,0,-153329105521771191542846899301681095188672070879222998812831332374692214336665422888888358947420691506156557011930290466570345895137993719810273385239628100258481794116855759570567703071179054795061107616739860740323286638567807848244531383962242963417901850738260542532754118976395278060042207274039815283669379406807192568715355960235918004647570468984194545553876362131136903489217252882924379649777892948481719735838684650830133040278448945910605956063116668402110705133744010445050376618007546159537639590127265892798186923872962927329480712172904354291300392,0,0,3919780817710934856858882828900942121286412350957906255871027848102045724639696609518029419294175670888185071139400809806239445184845436964041129856305326990138502015420347592194793077783506135234341971384572745021158171367623541221252287277133450912399185668688007430815722396988616824819162200694036970744528286401485945555516622451194271780790202346051083829181280819827688658161010391696786128498703001096150913582642463127992883416856715480418936076018778071583520,0,0,26746932479576402780869093320078722098929550133709556877798317662739599054356655932267968156402282122924179468275114427754891555371907563693492798290499676812993412542823222695535071115849800582560464828357823755820309278025102595169384245337397018955117361877309382802342712934835558102815866523515705545690913692160172345991234761895931597188003471081696418103609168259481818,0,0,-7671951755546801092408714684980742715073995024516608712757501348314859046267983566395785613157122068207620534795153378021122438251320071077954655602755556419105291674224986332060749049267459940720798943565643713771808886999131759412588981601040736348960739793291573773648644884399424,0,0,892710791603850076531569878134179082673081314897882198925210242719596742341982249194783407527591904056571470993148648582898530331762755261966170888984373815778260667586362327258702404012144,0,0,-48184684385939277719596145989451423851159001202079652429422783151441614984722941336601805678752,0,0,1 # helix3 r=0
511404685669016910028895741365124903984154958162845356704842932220043345018196336350139783840051781647927961362468958617552334017067758327664179199360203711080293944988239399947544292446239058023758228551082373591658326958187337388401101703911578205120178074363077114014984697113959588137636050297367732988093796078422457590404151514630157471153477391410604203021128442355846438852959050871190062281057075166517732542295985530442524321336831441072226332913330893734958698180116230490504626997477793651784738496682142412323754858554015182334445191672712664497370667860306534844142367749944370413,0,0,-24434699703172027753162485907063249288443062774748739632023644943424444162092806339717786765230122301811444061642552650873976269229838006167602355924753478550304854251724347960927306158904104236427468472625317103140992962849550956927224035130662075847001447030106381441467423672566720035973729137890909006699422636549229900059610923908974272638159470803763481262109930085907419016533675981213638106940126517243907948903350605581895252168339015713239402847655490456613650385258976275037403744542562881322955377887152300820,0,0,514308243868941219417519482187332884299836708612435250507496845429393199862301313032308841311902552244541486879661357242247214326989992415638852603051530138722617433122121519267775102439918899491750919989561066064001621243841755022083049073760319780421451170717321690596866694503991540666117874181402886051889575660413293794627646067459521813329644571433900715587512951105810708385703041037486518879112234969530935484431593117045508777184030653720,0,0,-6227797860032687124911470266274791988582671069280292482099093049007978540575137849419178760812885969251476941438563334631396378315907560431906836239934567395248226637491798364875881342996970372423946501426982681932456971365570528926681462940178336907575606439563987808098143581893016516284810850333534483887129203125398325072751336612078524765647367423556090975420842058116,0,0,47448272764294491902374382084390577794969322456693180250239529817497899706436581026329080911792621027268091055984702923162451949072275133486855920341909542971348261346592403794923940463761057625354222469077514290721196017906738294856786023763225233162636503235885597662984781870260044895496409204403,0,0,-232898083789309703132294685259768870780055605189049731237860468590316743517676224495722040976143456746873744715930227829356522367827124265686804196530094235717952719879928968455082927801573633900420176360477641661685608838244,0,0,719245916100354942602399444136659513818347616364530339714848282430072863145438889037033255724908908407104255934113991845319821135389578966952120684718,0,0,-1277807469561630611403438398824731244093494586561098767848672262797684358508,0,0,1 # helix3 r=0
62671329463809767908118474953183432792471585729028938730786723726458777520213733634681002391898650335253177124250330326242391052639209171906679628969873714749911778370278082063006424649164873937179953408074546336347257829280667068594043727744490737536308134730466513293814798269564703465785439951635969621996743355377806130099702444921214455495435339344979211052831869863988619410415187066746481859377331474674829944210228232129812156267771301748008183366220777560274049532803048568912935412267211679223431099504135789674951008811767410279065753079737869202646173411641624399994950587651825748004210871562362062549198863484352300395824465195963004280348482648944506771327888671418048531237857948869412673754697860308549057560147752364135773369771975456782534544423863547780695292569654753368548104692497211942867304448,0,0,308557734972324198966391844287414453093962133949332128747949382452605797687521888633126308485153118982786277202642784101168130241758703022435306577674300057654107644957740078951872366957303061946110635147382226545216611356065109677222268192288285570673717084924262127941953166973876756289173329387882856048237154706483545744720732194489024313011932078053199900973665674727636001045246592411427654225546980051925524336182466660158432443994539478027702610379578887892295319413982280911111143122185220052502061659845749843818017686002895118876232972080767657837597229357165561365246777814137808742396268683320101993729992431415694034968705657829154593623311181891490580125376510310308214837489086098109140055894278537216,0,0,659325779610183485834222105410576980686569476827276045303597375720956537024405663876814956395733648958043336353786455150966600611887792712050680850241992684824642364297225943532577970344153956495564615690313437394303291832622859247895220987306236893337348255893935163701542076215273601408233952958877916807429473182601296202017401009936185246333144340126678901781087991368321010872665253050069673411783566873343129771569628257212738620666610196799777683068501185611157165278255582358940576127587293349486253947099312072196424939483361686305698622930471459435222663993875378094912407634417480939067569919101908287488,0,0,798026570107181400354343382032476502809929788053963198043241038651130179081863720922101630222390625113887448688746128514016705158546844729811924456613893436653534092329882746969827525278662890843075315679934732234069883130142887316448506679216630965604071121151792927557104781249535872209368044889975549664502565095893198460041851997763194433454142511752351541209307322624647993443089082430273522655877261666582609197610318394049333416873316995549520106386619657170036591793606616862103370569587185927535745564672,0,0,598063592022692783973428984628725531011140254066702952284777507387024157295619619510433779510546363424691890704767092715249036818017769170554310848927381697338977643148761366708811392540925539161304361692774256314127793276564367415227080933339058925442539235074288128863941167561347950761423155815424141574404199161635012881936900097243917417158246074040294864871029862734376799069904712174364295426939149090816,0,0,284061008277160185062089295683808138642121577851613031104444536188664127742575860761576058886079231061131479083458015351240034129682059758590798015586633398603429757717820627005155064206551338188642786737906123018742626812036652852073189043825854709873599152250300559988421293105205264394455715016254649532416,0,0,83487527260916636928696068348055870375452493717507727846936980969040516469164968389684534698618436489798449189500791841150652892045841098129937777219020062216606021418844065732062960993412430339389842784256,0,0,13882130465687378856694080487110262382146810089160660972546486479229503976326952034796489695351122427904,0,0,1 # helix3 r=0
17762749194359866651586515300540470400994656771507016922402331707440081010117199820049835163673982161600426277780705262494615899204381794073634217536811509534401516633615207860605711986751363177196864811535258926299092729381136196667748808453956401972729,0,0,226738694443224658561228833918506042183769678197538160615795091444226628003481265809044464643381040504904943334637908399672715452482745831382709841000828538553121474794530723213358629325076499377732188893296549647716001724,0,0,-6789290022384964463678910463213111022678042925191016020178256198902118869806706271076348351517399703762074997505575098637558080116827995145700991569687375064053911131162594392756803227105800,0,0,-2141289534308497218122683161284824165501979399404709852151391297602269964209818180938408545318417459790171966534238190351650375776910887302376020107113160650220,0,0,104852864665798254656874546036105418977381533005314749400179602202764541925420427641430533719930578436122928877108022351163469346,0,0,-2355181957103407218570188546950664478705795692748174500588695060706620758979075593371099448403444,0,0,31228654283996674250597974848954890241938354675060718582606240568,0,0,-242384259769508884302763576002412,0,0,1 # helix3 r=0
625453991861232677084260071491097903360868452078875002207573822008921655987413707328453246466439827833629014354921280621787206212978111525489324076019519127044216337319201544921141770391709880682900261457978487297227235150455261718882902360322689219870761013689185656889600817493954145140638854365331381872346550869448695757781100353995564123493417314151671631239658163318334513494099251732997660264923793992942933400591911135563122825354833935281859697341962906296546609745090892283,0,0,2405392162110057981392035444263154983918935415161052469190045419918378818428577398010808780853075730978733728673583013756149410669664534359789734582503578971076340135752427429375281079780827249769971991804075940535894095035417592716590834719977945664975106392148432404236257313369266952349161450375046332988543946698074945875511344262709112350959713551011119026737283000245409292952460707404025551097775033334236872001521252,0,0,4034057647098906823838039867452139526091241952756539161108351333787268099364477505740968691248956288573826030357431228680928433431834872817898103631111852447540352589307809863771677064623991890734586152789680876945809826166936540210231422944939755504093495820726562300293015105099160459358362956484576933133778646243694274054222402444288369651871499591034618122537,0,0,3799574251300232026702557181571512329634237811163305520337685145182599783568137777219908090036848834672030650838833990568155402340704817045696870863981207974905388786764232841695832619225765640704922345538707128601220360699293517517263478071715772229142413438038536671224514082821759282234239633618402880,0,0,2182306202590588814778684927246482457279493406059948303562034605026546321250252286012735133710828833853677751912199054754877506761509789248412846164566442690474858553920511200532592085055515324792812707913798920644030764649987738954460075765126,0,0,777546668927412265633509361208298397411339182029553428178169303961126254262777657744448890158244577582219593870009087939446112546598669670287753842137391589248125000024254677145417998,0,0,167290530677821146994990037083655557899100338580365659687756653579085127830213651470482819156037059784071393674427354094312,0,0,19872722035905934422483912409873950552917787921178007350680670,0,0,1 # helix3 r=0
494533,0,0,-1764802,0,0,1004817,0,0,994460,0,0,222762,0,0,24146,0,0,6332,0,0,144,0,0,1 # helix3 r=0
1696361751661932806127106305389588797783272097766321824714688139064234953245836015588166074321929563042894196452245524464074425498694080550449318377824021756572153617391776476973252446426305714417603272582819149087941,0,0,-22657452235206891480704731393633212885906984652427278698471892775438273862478233883059280461454845844054759039364271530476068185748374245827340990961670811696519375006679917307820441577996740,0,0,54181124240008115998068392809502834678321913438612565998803369501101668692997378266542828007614422112505822920920702927169323718615614433179619117691563322928268890,0,0,136266295215821115064083715867147130241127841304745293245403285139378323176942582315236768204874186274255755676373888145738385313094903424,0,0,125930384833686106663184746013584320537954042905697315911188691656300209614193245415354772307780751709935002479,0,0,75621789356978830296143031845548956023289211376692030951866217629993320887072788016,0,0,29414722441078021456502842215705026438066889004488102570,0,0,6940296152056380070646918332,0,0,1 # helix3 r=0
905488224402203153844217949772995917310048145314804260196725252901292305241715278928903290078102945614486753682113368476268527351620820075760849,0,0,-3388157608301862444501056061210919865401776152025215675607252689834902078926163446373196830589216247945716480230649737105135312,0,0,5665660258330257045178208103530599110844459345731419622282603529637842684233813525464111423257068607821088588,0,0,-6760585567146626427586284234433723749787275465271238735180761519672698149258978149703180776,0,0,8653100253218426261617372868774923929518697171878080365867014732585805256,0,0,-10804919968002599298998006049829168447350283862696662738,0,0,9387400322620296834405336010275844903,0,0,-4627951445261496058,0,0,1 # helix3 r=0
142795873257205770039461165169917245603505110412267180049031790757634017259877763463078707996805301566647954503409154339819612106141632750771328708114117629593651510317400121372354584531605896237975094573063758818351188794207935105510492800139795071140893715395537414672642152570407588534896752775833297820392050982255002377962234579295721779942948424150894911841939614213164941961428362179971358414455001228408129304930147392775599846793632633470813972648605396166446815897480339995290715825953044231941204563471846450528779678331244,0,0,242522836357199693608171154976710615201704804948816691225422196136384642359856649714978064145487147367036603064317908719860413071781481395151366306286296051320063394717628606896632736144087358339830261206673579829517070003585502558210138507199508671358763606529931135401688711532102299515245624693833536236986739598867517605082388337595272209726038814607160687797197977916927775919169010142399687137644597371351560463457214953851659578591097673372781469748102685133432,0,0,183853559153629949609051022398266062601124270182301895403378925647827992497711056256483268615954881975728736391172445448957459573924793500392075138047211466163625207594203762963010185389781953044435147644265239770332428103048495889327913655921190877941564814023369362347434073591183465549813816833862091393282429100891842610096911361097611442532175601939392747217597598811298467893172945173784913771196,0,0,81147169427118625739216134464289753338308151515015798095266386721352016597606527387873616794295863278423245863231963673181234428609931330451570728035411126436479729873884234383086636071245190115182459460633184047850917978161243051298525387891429794858126781461204782803853516677627524592131715278592655013607719862121499053480939177640,0,0,22793711326210026521053244397932521783030889777491162949886498801782804697537277958598093360206403473780244159185204067203161332967690887150582840610881687861958816716279923127320726559069706890782028274309841418511334051625890997421014025873880023206839344031162021994,0,0,4172001997814104750463393475750753282434963901538797448458609768807019623739453504846883418850343098256395170752240047750375427757349238006512291196391442408451258425575460440163589448315759186406851836,0,0,486078963567331813378367107114405953319425787645237302968943763724067780007670204246047351314581667968090415335130022685882362205288506,0,0,32987338869166744850339131344563885630650942620911351347542257969600,0,0,1 # helix3 r=0
25852000257724428941401638917362333283259020120942839649558291327157053204179922496,0,0,-283915362392448193824858030694021547212949738773884864934438106877894912,0,0,-109890773860367297379186772934171367389659197575194670858633952,0,0,9449962220142159765884551275382431656265843523410336,0,0,3394873193988697166723799172020211579299768,0,0,197373232929406643562554880983856,0,0,6711031333399424698152,0,0,125524238436,0,0,1 # helix3 r=0
523949453112052819453935905014241304898762001858478965000914187924886618073476114016573934660401801942914986751333881921331892704256438909935822657573130903942435356015459700468954483899811030967821818537298915714341706166405383673902837878633369522461253923070052613359956102446211573360416809419874882505586550696177289661950469311718861285652235131312357470359751741257606993243950551487157581951584677847112693774146784103765405368567615058379888286440740380940508011263743078142113883976821277537751246951128317786200480530347256108823294777356145871402263409937131296295775260413347933518917579671984959922283627906056749299363232082471227762888598694395154856443220510642245655900200885095282327719095005521549941088142256816660778227937865908922892397570425,0,0,10869303204156616798711233367581241866450184430564805916380643343266012329066516611473742179840298984043008665872846634032465601105012693157981555899563322826852646514423017332452674019493484940997570046345117666563563365778267859825061644324758921705807394045638940576151527836315576645689739390310911208688607493919640441595538339349102393087228662893282727667836917818804684502820280064368267856360710681463067191916339201686919181292526819119644257233833566502745247094287396311111670139838523532779826283468078960383197880515260393075457092821097231196337001708024375512884244509382623625707000621152522332259585264961733453387797817633288188841562297218341406434540,0,0,98184222159652836203164223827788825338688793180809140913188902677719888603204617314858851204341401740828712046195143567159700522152727361212514173005800673470818573738663266958075822201481998014099927522635746996564680278275447239621880715743431522008330556980522793703152381459175012185227983902011111436920924299125371884298194741829495803177677230566821658008094558193238851002763505031113907917086361290266108988377860473673856881199110790837026493399087403122661234906905340647824086290113936416005787571201905787600372738918575841372514872888504382802132426463089940894,0,0,504698371727258632804066319742687307738671362088203271361663755885002064313388978460828476462873112051377046778429776180085315747580933453569102963347608426369234439219650813221353499719873362825232710434329112083446417601610117252634496947281181301328689849566067227567371982629713327940656586962796761230186637308417001437431491701502925391871123022650067448487706402389888520602623656333702714277859314070634207614063102133853021665569328482653524213791832062356750933553140700,0,0,1616315571534797445639695663728572116385177566782277288189179639796154665287402767453210756259800645458769810262607361796952856451652916587630237097216522590975895313588579480991216269774110918626534328416864935536917134596266674917475207456351982473831835694495927106993827130528562010635021569904986770147076876443354444715253864300311461655065293774278308776076917405418704927747886,0,0,3307358862024649861334610892190780446154235147964054418862229060245706644230980580924500445734130863694346280520586678794336261385300407843874682989232173418282775974666316735172249373160451887015444737984494020306745106533914585092755704406948687236123481113532844986830712108038176051260,0,0,4231261446219335412244618488571082176581860140416697444851321537674555222265615148424076353764643832446657275963500630912258271078932247285636217980246535302764362021885667087517174651621576878,0,0,3101745184298676004071304260904883535497707639622694189590441423767780975399308209082289216658316,0,0,1 # helix3 r=0
568777308440201608556727843139722028435855282452320863590923238238223247476021867177395391879524645083220365854994790904408293119013810016968576877912028003878291421597238244944727240724174289883953207161517919656633537344261981959248920776990732095743090407211977165008486557715155585918994713877466237469718262085670388588355171334604254172538985359737560035036819549377294313953044634772340624825254161696159951046866000743036494521005577203668073458542257299494003557645974672508990840265807317171310139125649617915559434556273348401188057906109696976431368914516144015650024396725018726149980256048344722823013106572645591833703106436964758258625519086326257044251356396152822443629591557582581549919413088757936784981864530470576861811242138278933433888631734756928,0,0,-1828211341850768834345694523143143376322972558172415227604173560631151057856241826718973742402578137194691899722191130357151896522206338830118660612758080978861449042684183290959107102211315487416342927480883620387957976724695237447221768944737223523570049033077116164901549580320074564939875492857547934967160851609035424812211893076977317757610241278686457443130992876225249713203357782589765278815467666936211836848889417070724135096481318069130225330373841105606065795942166178915086640434916940506237561952719077451035348828672578093267063051667060551246605677913185013853229012644316815577656116549515009038348206822719336551765694050764838755970178871240789514264015616,0,0,2670865912724349080326659093563151692802127676326074654107776770881142016653264363436479568456491535013241718753235431393255061357247017383545339263656021968225184618042366263702518188921425268571853648283183823522830715773688478036294428120606358667522643536598109739698835784089411529317036856629612271424272615106502225339118799422191782538306164168614017250500603871455012279449462016976181315800721556013673912571224526664120185664937755215665685782596157671868262242107007437931344803572067912893848180507443669878607850279757204851610783835897520393522091555362486269745952,0,0,-2307570967952458691731161595568435802111130982134897869193951984828566730744364064039904911558855360099923527578362182327637714539018060695535375376629238029179225641723530690425353353599968190396026026799876739808223045875833264763955801505110952995009216869935941576615235656011533274543251032758751770305824079492509483549102829388631637139627148160489204136265847828231872071118339523537291776121939839215210859556500247255943335450109159495689146898362412395436462890393471022720,0,0,1287066491848806016343861222496753657789848426297729519469193187603556670326147541476881803189039573884211784473418254569910313919693447363831266150470935206462728456040712405294655290681238394902698891577170493520873043661906409295816382073682941064814935170137089724091802272990887816829231027848989150734173285908260583062486694500062616136959150851024808615800702230052434234913369944,0,0,-474081626881121836694703847391050509636917055476800291492552703004255360961154466803106176347305141243023262044999983220231630283504764719040668337179624130872075296136367502990796955710416760484093051198825941707475322982434412537155585544969540322674867593106207156222688854596867340941592,0,0,112598066166378810831071941417302171318577124924414313984782852624347096935697843584492605450082280307939796472105885480581746021108206166916355445789049362462537142755832157019037201799055152044,0,0,-15774998878912094560224910877998500565110808254467647441726544392470005994674423798529909195420060,0,0,1 # helix3 r=0
33831725336815707765274725979884707758649537856728893258273820221018889966361219633399804264740859938840832882848940039811955543206843639191031924527365398052884780314139134262892245470382698094520120905280812351577373283158416676394635865015543902954573525519719444886186288759858648783065344520710265649643987967498798390365079119748480050918917376648318550393851655416490466470279611896788891762618691719469303381354310928178291122261623507145043831893968333049107599719838546877089163385764517959967175500343913743333083770203973911875909671347514553813668805457735473007334733208129292750592124031698431884275271533224653427768451098868654154622245631188275670501054996129721749725129976155068282930326289366930075803727501523297243753714265863007052604457210169464644,0,0,-73901300829402567056224313161350293081163680130913003666071711692053599544236754942789178698769467032396783272437725127954137972696112929287811223827168392402555031401353863466948997502758831131285441105646155489227827640070793479160159095494677983808743416720121067221056792275609365140469541698047763782111365765335696864699690488346245641221709080371567720247462721728398247989968538207682489119908052087438371609252812805120426738643454511072422960537683243012537729033811455318815089379086017713610171255384461505127978166473259527489406193764663992523879765764332772080826094438967133107396368468171382686860630723452495912588846762287258082103940470473541340660368930512,0,0,70513509829997185235681547159621403291803667386303746212414107433048817110939720934644735780693827462242450807244106050598031774033827718950866163618484958515317665024656820173046152469573109598985026200163834250523382976226499100642807652176655949080943477334562236206206554270417282013086692327349318148725082848175850606053068029505672383868072157772029883212037627196474879450860496871968373422982544159214522454029326197471917062063628980485534793802201901328490329246085115041319296194202518408850651249435829742011831443229411685838879092573931287051828330586016555060514640,0,0,-38385443950651577438081454206977845468171600894057797835384342859824425639402811313084822642592709033949986971736836438939895940096996523037489445931549835230174035782201555536466486212567127614635526311868319033711985821597759104154041200885869145899829815973664936429874102155206715242914179666880034547873084625433686688649200162196662550186448211560350783378032597691914375143427464531273906751810986221562983999069418286480721233425065508265638859515251608929936426556046138964168,0,0,13039232092979769949839062172466006487439170656390824091022484845919406973924569341680133456178879392966259601277070539663940881470738750183188013701427938372026202835542091966257133425026616750604846234178647497372172361533548525626544617424240401930550552363419327760287309613480116184790284224156837186770795410579208715450193775605582012793106839445408950839758748425577253372021995020,0,0,-2830278702768985746441168745291748747129562778974737296557556304727571280582898690993367844160515041945031874026546467494180886147124172696630392851927758091929081236278217446338562364103668754916872693913989120871997569400165936544355319734437341498962240065072489845830804258641470980010280,0,0,383354137933970010329697532471720632221184218847605630221582526076265426809944400188729074745000530063615420375773500247861394534973268657575240497419067468138413344550246175184961293449795707624,0,0,-29624440887894726090510015126528320694618674664890123565573671886643755434488658171051322930318828,0,0,1 # helix3 r=0
732736099818595654882191979776982506280109456797826368812235270343729155471901315620758607361568253611681985346014716788637051070016949191804660312380078575621022671008910880929617638802373197403737592800523352055279809284217234527866601671970842961753727981203814005573264334501382574375982541024299047098616798953541422626108237852641203733410616316856350938215274197130050390248887846738722018567899720419401870113321563397750679068321440215351181816894389188765103755603648566438543480778648711541212660844945991484919188224500300364409308630408304888239963227223097383666126902549334063469701645534513256603885735215988013426048180228943203689213541247455054484802777439847044928442041091102162894770757738742030049307838478350869842148392981303636709048284123379429079095953402841114398133243208486834480701634060259923890737775425987666170236284652908280177586903697603920687198021451,0,0,2424823236574258118534177214998477658970293087240818290868691822635371721786692750488080001578459096630275455241336172814862191548958490456781530854654350040276431676242889871512548012914144358831862218389841005741285966365349052763809932583107210425070975784419452666420495650141559632062439294272675026798005561525167118779808896666453768595436090252384509338679582063409563168919080377553193805389796384852311726223456829208969592934518044458135725550464765987245018813919754374004502766478242419054925541236186994890838918990553084804543084381499398660375025527638423440397313966249473712085282216021737794871617878358083122300560047389505849259576105485510586758632964001087358967315529234883803025142833771645656391416330304751652756737789941928203422698862821253675214443628,0,0,3573315224225608506243463056645731756561122781061882416640230856807796118755568197483509246884604688511371393915268977080379471428005084698953875376159812423209932489976945543994660211822620970165455519652887172989188783040846050345058020924305782722484480637499063981751876057505584290876929855455824423963443547150022544356612120708361691579703165366337325633681744193019390474902426870492925571732293361352764601939004311607461695126536235991785103738097722767630881010624037602867574210227885671358288861496377712242581323981819791604059800110769152488947384960626592247990880192133578992104602000427840763968189921169299196178687583277527338415404689290791882774808,0,0,3059630415648125152186645050242552233714475904990707070844340169772971325551279815326538652331164946309092699434551991510417440485925367811723075594699792520487515877699438643250740316791506064671187624292676381707981266506844364248722421596253054665395343447109385275075828248934425374888272350012471357334952783416901586137166025183735224455164566229201067348394264468190011422553937433227737273767520353461256384013836542803868504428698018794712672226014540228258076285906165836060668739650840906434046039006756450127013226625828648456688659770448458918384,0,0,1663976248978929830640331420568590983162964850975342472622843193064959595092553476401342425383193596714803903401282682134308623591738084189498307519419301702135837993479290278968895636766964834021551020748622297659602791816988260070928442176656001911551499878181523487197177037819013657492963121289869266671863088409240329339768712944386864293771123359826663381300030887848490849857084093079290133735487858146360119587576151362149220350491616827384,0,0,588431965432301998233629274430631091116028875172413268480063953049818238004880751998312314284746589132238466945883459284188328779043506359312906420122091363029640726246070400942161116816823471130218662461184763572375939790379117248481259992648189099301467762449341585249462855805958247295177675095628229313793902839655052402712829053316,0,0,132137743764903977561392942984950089091454170152802443974243275257959122439798637197924362512671267191983983244010904422540741821102537515956707118016871300690520196535522013702820814038933742183758121963034823733556351865440,0,0,17232780078219279192819006542053105071553668062235997620703267866221848358903593451479247390045194295737386869280,0,0,1 # helix3 r=0
531872017642274817348934505351433974844007375871319170600406283239815215064287032634841211524681031928338286313909115802072666402395981254851633,0,0,931001926409517744192817053254556093898305597256200184442651635327073275015819590223375353629326431025068226486793182459481008,0,0,2205991556606334522141936911301897132155958209335637673643680743399134636776802089888378130145265450926969213,0,0,616956591293516720983738431459320845139516466089839511807318490205834176386195229926456050,0,0,158508184760719450909615269590857770753936654779243250900111409021526196,0,0,-1541070878740171024692488901763525240530735712267715370,0,0,303997454718888799323000702207746184,0,0,2429593088082389908,0,0,1 # helix3 r=0
15494439412524782541694538433068592850103177059933982880938588109936587882911046210013766349904890059602850556284425647870939729797694125774351613405988695788533515202812750856192,0,0,7950234646578006244949604775257761467140925644753882163984937392742494547816900082301839005691473230571780558415063630895826847332093148783288402519307321344,0,0,1701249786680417270370869157445790456974602205515452712292265106463701831366276965762823056142896607325225489855035192468312466038718464,0,0,197422685761487826065934617523273782660831372590704081660748714450953457492288579477308064304964760856268304809984,0,0,13518389262283587990413662910218930705795258800872583362439302828066377905508987713796177920,0,0,557032934165691008909086466304238268421844872174631057925453239025664,0,0,13539681027579097604362058909673414557656154112,0,0,179146173912663453597696,0,0,1 # helix3 r=0
31703649653192588432852173230917468714162406452536224034897081684606898664035935663295007549463019557997947160835992742952342515984861479938204162683074598841102825536222991932411395574809077245618955180149389536034340394165174299264200921796282870190517862729075192490449309176020385033219578666901238349314825755657067904440636687683815743413564672054450891684132784631729874461478888273369635715696745807981614330060860507677948380704576856155477113124587952934607938707446321896766970092496653949481821781128959959391531049207743925829398228182648219010871643153,0,0,3644770077667365183573390069081389276590398791232707620447370079579219776403909345938299099318967808798418613730020651959395036777052646899253522093395842390852101775937984618567810806467818446214350641055824600513300263198478580676730757067336801547008442105997226128888160203528419514112275814351166132631420755926094357261453055885195733362988016703327096029539999123637730921478404802129669049558906803613946807554812029121874843583149459429766888293993720200615488494247593685899454386958888,0,0,211120519083085895377392835446751132054702041151055332805382215447250855849908587287632637650121628469662566865833560967797085236140118965623824913723307059559710517122896444851951236444648107742712349293558322110512534431249308089039731135491422645545719292739959049700101828467478444287750837955584755616161921611940294715379696269355367704798374392216265494652753767991755941659385889791568607694236084284420661567145512370,0,0,7655960763452645620422682562142346275559733276319132228092883550207654361485315645502136066316226901737175130604237031182362709419561060696526710562216626455866625346349983000515637685859574412998398741443192069607072010830322301608944260353221108729960405457813472657909976082942313056470908342251598047247357338630333251893392690494938593258831041158400,0,0,189095814168142726267193860298862910299107175384698964855405908581340168609001362557470042779789490311524810585656203713910534067751382338785954180642491776714281563466312371694447065724428708338516861347715404103304124560572905839035945158551306310074362647979399503709745823263695158,0,0,3233086702499711133872070783979528276685100271980562684298241297847996845642524929918853765720737567174415759709434931988555883052111070034154746550293031857520599364161471792269449233194293674510759590671183112632,0,0,37619471288100477034196709359199437285232831584122833496569111201681403656815048919409387972017590292353749395186299770049976111067164189911274,0,0,273630193650121576164605927406514327124404726468091728727679158760260208,0,0,1 # helix3 r=0
80625146942433237698280186110458035351359536851258701855020007601193611446076806597743826624430945380661155436473368288665241,0,0,-163291128143098939679766831818902583028048897497690645188697976657003859906696708819107048605620919350727003932,0,0,144067789913394890652652958051230902290424788592538731711654955115418890664245025386795398440419,0,0,-71916592585614926260519241500559283288017838926327747514847531590344716436108938,0,0,22140985709609848313262594135651652671285062844290844148810024555,0,0,-4297636657166961652627867526066625547523111107070,0,0,513332325614161352645923014949301,0,0,-34505277054265724,0,0,1 # helix3 r=0
453440685255757493608130480378752803716306592965672035938223255023885706061080433149786942972393377467205905008826912344318401805155442252469869847749862302601058101749606781969561505540669868355981420004614672905312135568587697353579159087267832518892036499195184613102922680053568581949872317762175065160571707478493929788778102493490398767418938850705643950205340316889838321047527775112479233976134924264079223077511752001963912746704154592855220342347397361786047090462399668879253607657461640823309547075001402395935830582040541803479160353261582070752460376339956219007189442907577228291002548062868477486645166693623625643245537934147282265832733923709724525946038678816827845482649582861262117325033717227915094696683301788252840778123538039912378274462230114523875710736474030605633174872329294890891564231576248575639897548105003838248353532432,0,0,53251797668173658659680748797941016092758532491766563326132298308972683522745950479397235378231628299170232681035441799814289294006652894982275610060284892543730184985358954576234628042329645443844342650041272504806108710734504946491921889020218317760588188849167055361494006957074835087883931257804740240838333633423308717137819815623361104242275736980729532521418447605762440264981903940150631059633729837995032861709171514602219782062900618594129324755169390069815651218380414507790229537311525835007325920818379763713307595015366235992857963704876550744078486136513168543902813382625244998668774749740539778022986490106271290162811615874007240356194792253314786682960261138773403538951698965668647512766153004590228343942566805958784380560002144,0,0,2738297752416580800256905855044440482266621713572309973384468493796096672553591358787235919549900690163528026473480575816770527446834392941135019732304316028850165690339058332619443247784413489735372057419143350849006080118003409598004131979325870125556214260464239283809277711422343938741583890811289962517326428296666882871486685645591847156646538977759544580548371408892647226283187563511660051478604258007162062690742001277541988085099086612927299255967102926284650215177486976425018704735259054142749484682174812529127669773217549773877469960691353142847069302111660655222600150373901220208440694955232036437771978678146532846400804199472,0,0,80526445336668215040637235658299259898990256981518145891274321860370435072624416375207857306643450488518392005071028009462378573131937898772558559983998809385786893534496233811255047788107784020165959066916128757534970727952427369821547862608728168145757219909902094905587829403340876125063242869910156803656424511925761406518017797362981997629160600634641539112864387801728424664458742174056114914974737500047032831533902966277785401975569641941202272004468547218631720098759599056271623681021921704042489022318695686573784864298668400,0,0,1481226714338937365214090061684903680472192633856302562519602814742960768780428132092946054149557424596939773121787859240972092300896961467496652678992715097155123450441161666859741190276482905314929699379119766197186022431304311161533711691214514306865026417014006604731132229003346985283719061872880444216537855231297915230168759500030412766625302642380384957959547910273810062587095063726832986670369318791533934354667682596868,0,0,17451223659440347397071134506386061877804017409540501967754116331637544665010076552429077244265885913469639765975692525853088669776525122020394631103767773751660725385755427684260349020530526306000885473512241716824240860884621525157877372870158722713354297725703615357795104306695210515421111085582868619087041271784567384,0,0,128602209511277840602051532038524860107740540433295321087301705309716936393068144260394960991857330002894633566725895786291340788298268209118263912483717074043649748735424884090309459516065704573328212386786512511672,0,0,541961541404375186010698223690345254667021030319304502269080349182481754286595271706888489272380376458020688,0,0,1 # helix3 r=0
523995806150595162458818261670638511835432120621343727744475460819101191896302873184149323098904421821554910809175374542328622309118884575856329203770080148631192662734419553192451510947613616080711909425165641953730786141037103564918514351739020880451859984436510426982480936354886300326381091163384226834162452716151260681999217769926879233386774269345448280670304829536469392874952238621909903661009974220936738707662489005200068140825533835442489744027311920904210751359642017632722854614257812500,0,0,11830316752292999743818944860611179254802637999281435752275973724122735113543147503884806418347024901104432004734954550859701154281784506946034493676979163267711078691215859612182868344043387892091251353202189684350676689187790941686454783566557996629124806958873497339470784587918125591071801984172439442854690723517189899510392447855151145129006432995248736413868325183131478102403421723924355039858635763039274024777114391326904296875000,0,0,114624814861301999586918770785616192916448044530091122276076437160301979888053114303963011355807833667427600320894596528929006971654331599581891668384553342029503682654772774411157484382190555187759591337407295087600601184576288858356403195659387532481542074501731474097966409122982302987017360276351894662735197264046299237422831928789185296224673038523178547620773315429687500,0,0,617784440464546249857594028012634387862616020310264252500199601804203210370742835579201585867723057179195479161352554362018266318572033388028163854821338388856988199007602446200642519303068711345814272081453513396152915212201937682031100134250920466038390960044795520173660507978752320923376828432083129882812500000,0,0,2014131498937911007351489352789181210967968833904402886673723805956897555509183111644491031383213292107438757575727271771152812445046398896341095608987250880716858343304806751759938051403949242909332820779532173191550548096984130097553133964538574218750,0,0,4059514636175413371841577348919206190316001791498441266344345225934400349224752337607724084962742918923619293895648737464207362146202728764647594487252613149053104280028492212295532226562500,0,0,4961154022265111494164276610310860841233050455313870308179966182278075636408586898207576099117943613237002864480018615722656250,0,0,3388440585625504249907039445355891577492002397775650024414062500,0,0,1 # helix3 r=0
1062906337531405214736285888503743513478766241869099484540555616002230954353218726204093002874856397809907390579167532244018603051374928920894248008351125530618445944518139908558840665194969971560629127262206573369510029273392654840773429660097175043284102176148929066294261170282629806852488158081494672625397842703458730593172602819509931487226334872360611339699918510750268282809798024418958362381239,0,0,-236608062421736887829254961314988249696654256424097251518045168987885494246490757851837095287200617046331037490648595483464353522110807329196390617249297575672801686176106691832655496110332665003352516215628113931307738720948605484196270097375759112385736250636884495157903090865461078271466327787008138054588677006917018045276061667684859574511246702,0,0,96381479772042989239217473508925813910954387313887927598463929800690967647511200190946157262886028140723302555823327531201349416593419474831193542106833951151593959478337718075266380074419249360555726765981795724615153389282187083435835101761242827354770044237705078365858084337792535762328388295987983,0,0,-2185390998481376422402580639317140006338650223376179126814629428655225063525852282759707813119918284866431751485552371616986450009801838645788240866940348612564848024411114106332532071579784330492509020084750388439944718750163452534810969602846224792,0,0,4302622942825676592110181010093711372283657185302145590440478754793725243027129952274273939984349716862692310470449469411514807501855975275575340487814723571101667108830897011877017382523751220137292467,0,0,65448012527460113777636513418493532726187297150203274039034537172074075652163950922892426945656151923056957609447507298388563931828978171479512140662,0,0,97673642597192259267776728636680699647447695519579384967852300081501178567571467773094285454791645755,0,0,5022540888739989221729506221340673431128733320858,0,0,1 # helix3 r=0
557672907800056426375672542059865551972504444773506910947868252156791745218564568592998031760098435477938196998063065160981212849791068461201335541092233085038462783881646933530198946424038538335597853314060181659032900837988492559195030892256039638095855526973924890682706507836733129130983471978551518891524643085150046513633073568646344673156104373100272029155236660453840293751955890108336766646500459144273499607591415435381577380184651861065407749125682368944607261016512353382561909279803205370600246473041157870170847554368204128844735119833033314801200535694721008537560322393421789026607860118635587808862165532672,0,0,-4332108293636475262781934944652390114153040149904862166845541510005169388539907476338682084808594219152879567647434912688889046049802898983538001923603951977810988401001236113743713722729678799711234935874203470425493503660361438419393669157281670215957847434196534934448651113386186190287257143504169305874897187478278752088260780938200463163132445179928675632159124861033013796498001273577512453286942611231630564949323335434438424419444605798289016823417155745534321295549210555682689704274876632720456127352454075117384222628331918981188288512,0,0,15137212380862676636747158350434155885968457368764427419765404350316238994643151562372155830820677095617770383930517922660424402352838210674377208540578541660981763619595313090634909141437110396431311628843894198050346877347150269615613278244957842824351058734571487116341006517830606165125709453963373449461995815109426592802744795173060292129672807706947462253498863620437015515715536189201121962328758727354168684807662405746941823287097372199455110750957636511858688,0,0,-31062386975929479526429057416981876441572386580328138879027492161072730532884807188993113608276448764849434078238362468280159021330667071834487304610415556919838171715998566789920075224166406558681738354420004932413387049332300972118577582101918098241043033297904117939626154560935648705499753146258532723905645891689329229951736119627027398037989182811536781782076254637001523462115478732800,0,0,40974983068951971720322500586785816912682663280912764981077459151413356210593047873950922586178321940792636809417721734057827621844775608762162445607914538402480462425806702563941156759256950338331590455228246072699962275699017330374227452575050370543345520480200855151816184548832432359126396714171920119920328704,0,0,-35627506963401756101559389905489155491241725544788854647466048881198151968613950501710521379057260820113886400968013882737623771335815129966648532471472548897544371757021635263964797198040280375401812008325002971907081602733984454803456,0,0,19979752411850999341228347719343854584061343409625321541098873156885859334207669105932126211013283699072290644741341517687635483382161957085624709654675193856,0,0,-6626079138302922353860053418730053502628736605168779622882798649016648665661440,0,0,1 # helix3 r=0
38917694458983928544850377194445575453118428789809726716755245050208590686937659961485984031088780908559890255499881043764592457182834902128727662028160024502540512598314374227965857216837975558369586863926661569938842843687925071028352594810027877869728667776295912017546982080248138690764313185015808380952550819078929997217689329300179685627284512308309848408348259090917762009890906282138232065336371244452073132664896667526004871,0,0,-44071939908461706366821317066000132141056137898355929249521622967665764120860797437967320253441328308771467416719076931743035275700452511371824790958317204308169735210251135593704802834256036035487228307675289191975595703597076324014564039185736613008848803291496902284554725512283835632808864412296378568826325223614480787129124910547180075841028769491193750696153662976970190096,0,0,37187787925039744677884217850032314750836797850374254022285908165377603776600316483157927979505236845389773416284767875913442934776017760889415044748245725886120915652837494458862947225289768947967029245339160132529664374183700664403996349452364837400639709519797001866676379465432423998883377722670313430627679997111700429598,0,0,60348310239843301306393509338761940474755415562474459034531199937462264250241496802508306295124221483481030067151788014696993462798487394646042080141515934924409686737823713864700846969060918488252060064925736892635577625926880986265026946716465039304492870812882492914988,0,0,67824409701947283930970189583740944181517212482001308193212416987772524617638232484875982668721242067413282678821317197108755158434018562423545128175589487790973289255594486972783508486229854713397395519253247584958727,0,0,-136322931032613363666586862165768110245817594467904889406535291695573907624433427974433772483909163713311305125039218754630953294186930688449516990806932032050016156,0,0,67025024652747472673291578895953739481234611942074708323760794658599653899828974413746359612499176385120054232,0,0,-13558546467580228896171526749826486159089912816117932832,0,0,1 # helix3 r=0
2752800070005505719649465649525529229188374118305118016335895657779773264733410887056390406038239240053031949546394847934709059361851414838765752091860988072310531691087250268789761976334376282483313762425749821486082190742990898061847330551699531195603146320723931318030913163211913819516943398757147333489055983579837786642451589302809384285430273118878516582661283033898858251448108506248038334325027346340843411343072601939969287898049235418930843498623885378716824161194801225576243294105798459979424883166766180201425713560257284023928759234289143237563233380877227,0,0,109349681900706122057017984324230353971640313962208207194916673930096825569718185504295457706206860333155090077068405039524155715971513101061721420638656782088323043537080168979117136928690733578112595690486736715126660654551296548276797042659940051123848739792706085453364942211854443144784448794008627753415582802207339965847572974318169784861510675094956561068450024257616485964900547436215250873200436072555243677205849153247044933855860863770913089570428124231431716270049604688068932490129838460,0,0,1898900991494404456480684318664267157735628342590679579729002352453208413515248077480176181544340522646481658224436958103012177869928834911793411986333264437503633496973856551430999676549490133370755768840411283150705344676568639130041889579353796057397812521569875016756902061503748432505408418445040000356040447316707420066998365466596270872248120044978940984168115392511298893247904829101703639327268243202897274250931203631758,0,0,18830069549735350521147323765082207606919082870697143216918966589560772898670274864203604675417057554381122799927258651611445566352668492543435263182803129078088334761708679302965445824420201558987373031039673332919216030200403866172540869678671403510161390969040956550113057345414922698152537658229050196945517970708790198236389839348518015187695127350487160,0,0,116632895008310283159730746615219251376289069407482268369241931101231606530508013646662398560460694425056035811178315211669742125028313439917814087762081736833195174358661600338283664475585582613159784788695103154894561845917225739049794253291027568923610205376400918964968625605852425101,0,0,462108370734165720201384446695535369523277254109010708508581670031345301065507577595380593494537457471441724384064053218592684521014291096463562123008938980673848989088462687005355614321087991798194562354424330158264,0,0,1143804836962729009066899228201339827408444755124226493580231704249974294505031923185601183838765882451392562313952929061080591518315417699616016,0,0,1617172638555240746083338403618948165863847171887681470426706332036905388,0,0,1 # helix3 r=0
6729530900459090330465407923099839567269381217990624196287451740648034637283739665306766573095941461840959022126304918020925410195498522864005031435939514829160188179517909128800956011205224317466372122323054779336412688720462592490057503596498650920850276251586384428179011128171173936578065971982653904736865302783977631177813128184007501647865539516190557748345258440676105603628365856164503747382690412026967943353585614084445475428302010283385750540033771413227258844645299313036435563341460212088224908029102672134625179412047836227440341202837048550822379000515348391910464793039048373106949355919843589053746228743054925370835634043997907778823823563563745897995148189276598542490289334457700594431897992293909770033692672,0,0,-332553066490637539845937476119635820953973460524322866505858119642572522126531786259152999866543946454568636022933910527751650753135531906749376192904942404193325041813105776665910263790272040708718160773251478388591226729005727689911966192547089508938562325992207849523948153584838557945133429917123017030315079877775632811069546067903143133728354288435351462651315653640954718688736143683586011386715978735408649366736411782676809481617539780510752097288953213989077817017800307876119048122100992921917330497670687746525786479741453662956304282871312773179694192052991827380183265533921509502911543589056135058940734880892914203818459136,0,0,-26061910626138378499583666579248597289760443963753759828946588024303269004491624571559393020064778012624290494737282533247610478754337567133910927927652719864848940905012196619900987369879006061680701166389432841200817776405721179244664217220598137616082589063186281729675785021152284102176218403453750044434637934266077964636206476487243454096650873970705299507111499357762237155750531750568289132439251787485154374658918996977463985917628123309200494535591883643168600216075684720714253778851726610983488276962911409325744632203793389070581760000,0,0,-10872174043615547148604182523135175366650233730510202402700011078195750236730319713146989968479816188156429109427468272137125204790400326425808246472694646735087037158007679627461101811543634417589525649856977222293105885106354791667145427476507506415576109927442108160913468796299476258393699800836605627839005847037076170681208338942638543076500060749303423624064121954223683194692058764936476420458359334451428910640575186032600950776505332263346176524288,0,0,2404924050456919216633634734842631431772562396091775569808025785219320933290887339869782133062856042349175408000276820644410911316507501316358646314801383536245012499502889302022493845122010098323536275523003354632306372832657130095430122309058783592179858478041509785796863397812499379683037261204386633824866674267596406894876701848783952502963066138965591784947712,0,0,-185198201482196084513390863876545180056433084870377300953917781594226473909501932805112090157123040214402898035630322604061824045295981079199821086159570616806489139044719331805611255301210377077694043093863974518317584604312240572387674127984510648857499141153768509913694208,0,0,7026141113507399645617749056166454244837347702800319053168417564665179471199414544160683133268525809644455786299329729827208431140574243460279166880698494954949142676942216244217511936,0,0,-132808506170894963893201545204487779251046882800726451151834238192626025448694321673442164736,0,0,1 # helix3 r=0
961246228605741282194985249219501262340816891579770129657215781253081099582801956596649552161842067350042001461408855618589314528264976867433451235758884623760870769295288727802944469191193534076480994571147004502215152377081549170106146458045153314811998537663051219775885893191572774539917807441494140672992522299400245333636768119744423484116970040184931185465358963424769366320887799170583634049871272029971716199193600574133804492275958860075319147490124831027295885560793211832769562406378548543,0,0,18445483119716403890846796053855887789957147635185660937341527337003982837613290215730271864769332050216008964033298290717275054082318455129534665274835378331059485692920812646093229037852474149011661725770849911561126141189502555455665538402031593615573682523839674866480530361585293444460364171156143622296796262125613076440925796479007617774256949613281709871537543972254812438427739120184468183711924925171644619267755760643754363358044,0,0,154565934682676770776904701149608675028715302639327130400295699068131947982329224062612174679284096376169712088556896414100042436745437507959344309527889307180928566321322688081559458902562559237641056601969284004020595767396708472897591447837076946759522956078133948705263696575336801907022625979875459559894671949240897712816735394759619980572987235675828066950526389047338680,0,0,738736181128356163595316264216178655747930468699037742809783353889637255521493026986955072930667256876935308374786409188871076863837513876506312539949304289826140938722487866145897425842188033562647179425226331725520576848707428804334153608076420564435043790848624281641135165804820322854431174394700262028557396820,0,0,2202603746202189229756157412815645882709072505150390346500591304964298843930796938617048167086847588626919251757633642535261079410844705026641033854236338341436274151997645438473985985627095132583626283611684165604606259467915780601980524811267977185940,0,0,4195253921889061245510266453350323762380182821732612019837888972419682182053351034448434907089272176077509346698266127604338317768141984312165560097202260774005516590720317917499236704450980,0,0,4984946972345429426083788147383271923204125542654944447688713761306998370676252532128465302884786591704685785915203672549698384,0,0,3378567793199463198048822444446334503821150925068728003328198940,0,0,1 # helix3 r=0
6224632734043890823159864467330764063025783603869003796549281960735274976746880234795625612856573482224504853865289266844362645617743632946596747583257829280603589583232701489893545020663429655799568320701456197871680755190515973964595332051093565153579247875587434715590437045064006859782112165222731894679040585381650867878914626272041261438275363056800056781140277806599312963515038327622597998349024532374142707445790103729450300419008748094271361829148892717216746700800,0,0,-55555629670695913720433275503939213144821484072938230859050544030986292116675439618269852664701627034200777998582210240306577369437387542097676638113685915180786561721061633483500151992606625131759121686593566002964237698703530267498277020078816680852028747297415292700286138043603663711217501121646443606934810381469421980180671708071979757346613231980617693704992122785261149087246945026841717034888781271547248640,0,0,53397747593690303832166433643949484628685813721014144166686150422295745035264374086688475509563953452724054536616459883804081542851018941877903698464428499387744756008093736251720595431386067631788481226972761556160993437862646945034984906472549614195856794692812342101791653219967039425549412957449070707610002673755216797225618599064485002774188910444544,0,0,322917228781258710948912551901897873001213388016888981864772293852808264232873857853374753257364287489144947398517745437185024899172324685694607199943285576472022031988299588374963931186732717216269704643698682554693361413565077193762770747297187621195683154980886975007106103791441320003445456896,0,0,-4485218858937095670846045812203115092516743589819844046325596376946449776173122698559952885731793263267045371191778385133770091828951373614704805084559757297551282395484586116597161543637034776232135904596349268851003964403431542611771392,0,0,20154779900490073985180005950363005603929639187312526683259118593612567897263064801531284756327812272550002530943405174417070620521954685239591961520915458685850343428515260530688,0,0,26543100305774567617358710563085663944205412281423235146568296076446056136082436361537004978499516470363837484991774720,0,0,0,0,0,1 # helix3 r=0
122083273544283730000000000000000000000000000000000000000000000000000000000000000000000000000000000000000000000000000000000000000000000000000000000000000000000000000000000000000000000000000000000000000000000000000000000000000000000000000000000000000000000000000000000000000000000000000000000000000000000000000000000000000000000000000000000,0,0,101349061679979680000000000000000000000000000000000000000000000000000000000000000000000000000000000000000000000000000000000000000000000000000000000000000000000000000000000000000000000000000000000000000000000000000000000000000000000000000000000000000000000000000000000000000000000000000000000000000,0,0,-143905718372009120000000000000000000000000000000000000000000000000000000000000000000000000000000000000000000000000000000000000000000000000000000000000000000000000000000000000000000000000000000000000000000000000000000000000000000000000000000000000000000000,0,0,-179438255255993600000000000000000000000000000000000000000000000000000000000000000000000000000000000000000000000000000000000000000000000000000000000000000000000000000000000000000000000000000000000000000000000000000,0,0,12301282534452480000000000000000000000000000000000000000000000000000000000000000000000000000000000000000000000000000000000000000000000000000000000000000000000000000000000,0,0,96772013004800000000000000000000000000000000000000000000000000000000000000000000000000000000000000000000000000000000000000000000,0,0,53031227200000000000000000000000000000000000000000000000000000000000000000000000000000,0,0,11920000000000000000000000000000000000000000,0,0,1 # helix3 r=0
46929413833,0,0,-92789423852,0,0,74082294758,0,0,-29871127020,0,0,6192134447,0,0,-594765156,0,0,20969834,0,0,-5072,0,0,1 # helix3 r=0
34453305434264650922247272642303422754327406630842523541894846320278779463877758439651085502361114320655282808724937093998426242150298525050018415922503360928752406358469355399843494285280251242463942087366751310722868374842800158868119666468960337622055595529281513772170958512400690042360066636243791466210028736393942215329317004765038928831360316546711668755689537645244449906261909425358547917801123528911914069569320523382010955900112447172133878702623,0,0,-173531633104819276158310643005666860697761195403737459920667255377033541806286401171311782983442447790599458615317512994247861120003337320046096931179492822223904120057344580723182970042817919088588875007477470341658222183336718377756104732230930837669839600023564708841154262284463022276250206014401203724417054021434616918327919894757182911478171937453713814645139946653176724872893882921948689204080,0,0,384917785825709762605514742916079265629162908448531556693879020249317201594509213995465704429032342322604028801241055583900245042709850000277054163630355286720827417715724088239549592053952640694229143160791183144936918108042994284578519597953532563382399623234126361753243149677547979393936218923001967444879074097336902923454002884025995580984,0,0,-490875062089036462942465562141201400823975075552860856679433896418960024690849001632323629619634632226592043418130225172817604890447275685750869966943728224414244405003064965733445657158821072654633126486621782051534299507333717632598173765429637480861386491670765806827347029270297837202,0,0,393485395481138357781567562328478603986750017426310067277353617694326475701538990905117108002586251612317243094846481047641622030035146935132217558025780617471501337102233970408512993767200006765069252515598684185635960805867807390,0,0,-202949643077302007432007799099123299713905303119961141339186673112772772972857944296110576432449241835214244365878981084137756903962575315935098355354504559460895334099871110,0,0,65753198709906944116094310481476120037902304246307935511566938458365040137077581965448526213089072659162113332005953,0,0,-12231536157363981344708440226282344232263809371127162215818,0,0,1 # helix3 r=0
21769310210272139193419511067597986544715139593495965422953687803354777017881130915758306239065974820661269383337638437721071942952842811264566973085368605553454455125340306768011002942741773166961032565470438213413785991840416228985453544931679735018515788719378448228697784926897967809621211772138711859021327045023878923322400768405040237376626166942448089802040150807836149075956769309400205594045444300957207507753464259293824408003504772536591578262625359283656246319622191181380209246059985674467159738130804697286974557284113151134004292913945851838207113270372859249779888631198950903487787042477475939768562019933608854549977839233826798755857601716522589633,0,0,250217699088168738498435474398525680382954154531440238477852472213149436824394690989963718098540674317633487122959721097488680148870060230803367961133833968227665489398181523365393226339505665840439417233555068155346532349911592908045624923368502880947558531486871262064097094154891265272392405903073432619960241322073345392804955296827277494164534363211713798732070150800450196156300978596241112480438513343699792812417296269812223545949022357183675104827936709828883868298958034256107366380669541859976918583321283380121744593258685452835701446733974992378007320537197958670094602872,0,0,16893094334930477567501140703527957565967088165666711995987702274966969467587801922313720947660566732400768029264877822570648667525722051055290434902953340083289484861352203633756058822719837931087036309537700614536812423006895955770336572087833633841851125492722776183901241286265027833797594883221040517699965939765336482312391603793575630251611800959394530195826513704053929324787595601952272286184323362594780421314112512116851909329115232356351809308962502202401353869732861624025913371429225362,0,0,-10174889889027192758329950429569478673701235306168344914819995441085570147649867560271174689915220755929082569058360898026725688709036042195235955499259032530638539860083305231066752606330562874236223058491199288852573246116108345439155821455479356794338643007351035696957479260220027131103488753066786232196844188695428234128029963842744417077526815292009452066937602236648366338036037921304834494833249207925709348740,0,0,-36458237099265709594950950833141628722535724525719942359819462144352512512722487841059572956433029358820823996494079070712401190327030245415227452279074312891960849426682184040297376614959768289022498060550033683863705757036748659783365738269247133694834722287925993925042642325541127288381154951499791024161329451870954273780946294489,0,0,69935953748344115617860503103519976625976650723954802434454303335313994022282261061781544267530298941934366394487209655538580803782179832186445155656232456893664641075000402685849115236563877335627562818099337853678046082547226495402717575889771349436,0,0,663009309772160883044221354636164922310562076290193708918561185434669304438693917389518271423281153957096709996557815470600677465742649012359208476298555109688857810710,0,0,1402029867998572734436850965776116224601942243273820514075159688340304894733720113356,0,0,1 # helix3 r=0
278360248067063837306625539393702767059236162778002001937431147547075305110359884362788187817684294947437938502257218957369825772794844452167084022269377726151354424454554710234480247698623544160305973157270704257627911076238988742524774711333965217351942071247311456720409906822220416731564064226128380446340624905947016217384407587214441695068089081409648452106231969116551,0,0,35758846005889837599524086113694074458769121838583881430448299178101888493124244503780862969547690291793118118065905557443111259769321438980456592065716911617948936819757485825118483825010973562485418953224431488490651494105801028579845649957171405587899141163597259266268826569309548869678485185743832723275847845975142293867564,0,0,2001897944752885201627790085114562524490132927370904943713610437004578633977194704365127260356374170654663000481866719257960579266870967169410741554581091467262620874927682927895127041594266692647339021210640844161411172815083436979552667388955610937498329024241333692278586628845398,0,0,63626363758729634129760373211219126322217096199409026518406162140296544752297863312355898508864773372691271923953776278688424269669785376530812170610785243190305020986699192797215792366598380501367731180046085231467549949322457209778276,0,0,1253411426521893506148125779811982992533818803803912025040442070451745058919610152932800455352583796123182671311337247671239527833337202825526520323527706135241829060041059000831810914645285,0,0,15653216280369497011603935462412466175895638869055600817412410610168915877425254655374145038470061528267073769794883089093122322484586709737956,0,0,120945975040605892387644117481001057307414545849147630549139288707318687637665605356484636335774,0,0,528495630407822598563430749598055306487556829992,0,0,1 # helix3 r=0
4097315599693052901094565905151052562062048138579014454563406387999146816458908387316234010045203809582459199672046287766057371166321631149860215629205407579915735353969809320536898412851249394913461670888318215109415698234042787916975902350257545711377294544087128984761060770376390484104518664792109101316763620756707564000342614540123804438750569832850110024915584292426850629814377159946155987161276606486580709076132928281150681417997854042735550351528109909549894594791479518525420517,0,0,-2164122024294531684659599872966388476973349596603523174518532817326987860649219386025987304855706026907551398643493606040962872056535542737392307311203823794080729597723770082172788183621201233048267682985623148579554885756262659943956036929103901276818805608239184280551261481670867887655912762077019070209755530098414519551129921731147147005227347213503732754909266705058278134538318719478281445940750490868597820146359579042260,0,0,495818176551516486390354453381617892349200321348682144157557323982900915319530216952389909984943987127071956224033959460599180420949799929664604296889518578146081188944020476828969602354483889719802479880089614742536258814836359025923471761174626483286826556616318787920659576498428013318257570515248076103099430695351151036822854668320408932984143597958771012129802926,0,0,-64115893659571927142098672797709892917300068056391751416608276897065129073523919838060779905868330497263594578883273645789810180184251165744316674528457749798701736705734531287921900905089145354399948333850510136677382526863196243806286598730011902423929620225536300957210460276567431838637974124562155546300,0,0,5100742006458921654809496863936545087593123270079888436433738862801567148990381581473282588189780068669047675806441282349899639121782514414974831748286926034211851282991256001124693586027375418372432652817047682811643144386035165958495271759492262,0,0,-255098652845643400061756813688987033344914201093803277807628414371715491237254552542923504181063387699616484576349295274841669908299776988907282476892040185979942174947411592178722528788,0,0,7830038336977065787209896175055051087773517861962588765039053868126523087469496935971392043738813258412624145235845268754794,0,0,-134931150728047539214619142952549533240716043777127105443896716,0,0,1 # helix3 r=0
1483894441441928061891956057630173893183226905365057743400695963589521696135070108963229540934156574249134387962480535908598828766622594129305670408274780010336142458520403609475388456467014174583786788454404135368367244251994005402131352619051203693658607,0,0,151203106368834737104423401805292030211640294254946609710869675504411606575854287279334451159220056276726635469206792450566060429002295581600211618655060509160283989199390114655525921951048391760465605281297925406533587532402,0,0,6788452540713835115157050987783763007683135040284293594731661918077451544007188193826321508693062555901014703626000001603072113353006426970305737961379262221573845928621802269524072505399174889,0,0,174520087727539083875227904278873178078811189289361461555681038678656455322736332164361879960233910339337413985168027746247376573156379687899171205277071289195174,0,0,2799989182120000188267055915506794943496740030599284480709505684894200351874141341854933139792116376151708854482142190141155948161,0,0,28593290902581871993261828144991353940487751765540681975653623604264958976394863950269470336555536,0,0,180886983180209436575400826217282558429876217978069581105832186621,0,0,646783982724476442917519403739948,0,0,1 # helix3 r=0
4141819307748402201761891693467427483433134728429628955003961454636370171000175983359633997417692474688968343130281939030595492189803414665788717400258861034447029184747933708623363225095965900673624970506113174042336841500427641149920937830148317058512761366652962397187310980973462553972704831369047481102111591366631924690048383274165228506642815538035464156146957620697460808077771854857995132486437521204369437914474752760890413553591127512178183588175559080217769979145080119000294382062311841294208235529259602174318035771816844649776794041211873537847932345569690109935095546555406449070898611707992671844053221273123794228508150495832076721938564033035165515314467197782231772274800973745671572425932316482490305871872,0,0,6632969270072134886927458257294086060917218799367698626759966528993557380245022557403597189179028120636839456213101784299215997364631573563142629398246280218821250427807611719304033328198716996099598106714272821840293601586953514222020224905508404646522061993657436615783487234733076236799682996839914192295622158715782537369650713186867750369234155128416035693095057110304201444344891147294715589921350757511222184384814989165570586984944082476275854429090381386745779032782167536746322790134354945182446304186389613725642656872754867925972875083900435256324400641074079418473715113367997795641718733859151175313536453080227070592679936,0,0,3965749563972054161785458321918638763607575079432690161279687638271265038080046490424980483499508400594690068875854970564442897041056959996988596401459566079446709819496222374718882557570668739512226954232631319547950307595455210553653854322001000607471120926791639883153646470314884525642174454165792555344778760375948110637793099646460937017280330357971596617460092556991937354884512761421469334297013597031795140494288195702979789422815049739306300511631700739708931284295561607202445425434892156965273014967754723464645428710890619105812938752,0,0,1144451328369095653331647865906872964033182044005951319775722742479679364452794660643258070998441769619874492347132580665118995291894975726147880548381617535198835998713169957436042735970834525753588039812455964995971846491611633273713909344715174643381844433921134124373367427245077606909176325814967623204447762046244381055511103462333304438307362952259236833309688003113224143564774983039721754824444837108008300008108545485973678637978210243820847628288,0,0,190387418967225143261259551246787206206678864753713215613757092592843374833761887526383371155200313110954025581054988968861505718171276937077676400938480844829332312567140181271463675692473029747403697788048125924154763488105291525550538222097911566624945921829627514782978448538049560389511756019044349488786084324588752710765428100210071704024922763948077778731008,0,0,19976890637715477989053226344080300341231973897322347304820719848797468801964052846238332148422746869854573789014158604024507790629230984252548163943548828337940529307813168324298035906630332212839979395758216877559047201569672997491307616512118616530418074180698675991281664,0,0,1346358034064906699041153233067455952043974849130165531452794842677282319713969793276714304627049295005017861831667566708342781815914879863280472807284091352307522618001494589082435584,0,0,54241148158083615660380333491241065807243554800433049161116555290161881304884318872434376704,0,0,1 # helix3 r=0
4804644901543459326005758776743038291197571774154198103879426510883898211578591760690465353216062972156996323352777605582363609104490976432295060073478558269521629408506875925337238465866209874508618449925560430337724232195380230625815377684356017221638558992343210064671276438724310398729950102981690489852357727165397493175603716152128486665109642658543046571292448424839073899017654927454485647513382923825704412698777942264138223725170445222036339889693677524954794454753423560908427025396726200158648095405491659096673692807070426507111984387460664823912595456,0,0,-1003768959860773688398033076832107736432180862838958841152055356285999134497354904307107859547259983329061495274426185888408474388035383103538039792537432535305357365783508592264578302125724850904593547874769887880608010183725130202214009145299267898652277601719811440622589282158549748120655843852478709363615762493100869621716074028980241509295123337758969943522121175099804343462817802065440219392347616066582227313749705071876890887251904154001867038382063431542356100090048784850647081025536,0,0,91621482496661119466050428473558185142759001311092444574645239717419889287611138256051359037541184714394450985907493881966862986943468269891649547965339709438333197150308365380324675288120057594144179088815303392045873018512126710295577984796600204732527654607556767723178673195038421083156755950071586154999640417069639656315879404061125916002690814931923161056714463814810010672002616558708287548994091022396369578001170432,0,0,-4772308193997356462976101901939448313272357545639635515027027986312467736528731397309703141630547173998341890807852278220310555193401360055459667221199173294259577424447584420188979843928334346722907940267619833591299091918314024384250770052867887789474135131607109691927219529666857247537240265522163484844905588425568335187727370729528159374637831028736,0,0,155145720974895714625604674394328698304459336596159145958111593899886402908546644823482322761682550474058373054627766266073016402229826170187829339052098751553488079999833761491109152114236471364955999787049273054341232340279395762926029273139095430915592165422038136288064784109142016,0,0,-3223498797490032486385774489548675609895779810871468037765592866511506486450857751295022437383664607797127761922334563477147267157905293207153880972395775188543207427330551584711908505513093777959871001288362688512,0,0,41801291960099782869764339631837625232117279428006951108796388715783474792970208471492226535314759547028145246360451050252644433537965678919680,0,0,-309320036247787711578143494236568250729603643179934015728682905536299008,0,0,1 # helix3 r=0
73447787743210906534671227042859173623997585517360113077720397161497379971622940371029246622849193085080024733971493667108481969739235589851077485587819631869109013447242613277743065213003875800357486910145714134700483547048791983098858355014322463005253752140589790813042998963562667775094301547508376270972668391929922707792006998930669614845810240431491000815116306204414421741579161969888461903143751756294255671617,0,0,-21805487215999167078777420725725754803270202667526684816244626719997725089994105485768667208500661804081766373173912295803637581190959747045534059090057837441793427111564133268991540131824386686360195662942767480462978503527204656766079155170462354307958029429355563527626861122745160761035152039758487344629588350397127175389275334675145703855786664004211282910641876,0,0,3022772320978971309879746736067278618023585700991331886312627687685717125626889463285104342083372471398814501381557064773904319828113240555998399119333770869305110656006017714505058697327005485625720272077455295477225540170984003620088458013246902162820844151523090227920996645097599689718601031639117739645282900426,0,0,-249798711985035989112068434012662955426282193768737632466147175908498565901259959321932935859510008010254665318860087785303199915853980094834929066135234682755115675554696344056029470062732558679051275511609119669981979188234838414271542879713749551359671879190124,0,0,13395204379259903596620456970568957609837376206007232934556598792668780946474827210806694688522362492511325897303881052094538841609301771709795989362103331682488927915814293490700789982423051116806504322528955815,0,0,-475961806798921324831991224766569309801005521827151510367495339579286835888195331860869712012549000983903777393494381773454648804613287311064392598369425507524,0,0,11013989495124845006232275917892996037883731759405562461647698499779311853012729939859287281884585522085278,0,0,-152753656003412147360898406224651327051493472070012432,0,0,1 # helix3 r=0
16673184379842801230353458804103173701722785011291715244264081155844083817864577546966767757462846283918042249436336598689790505612643283643587163636718649156441855070405195081444581524846987135943426765650342813307770609205110572809260571592422764956852747248025947447318661390741316719537729628447072244731246580735625441079871051979406760140345927894775120962942399035290672758076478005086367397924087481703772806957793805789792286213664100660129955111452988656784752222254168643738481398242164006602830328232259144268332228090567780698665132375005120582860716563808241084494463294505667816530245326209934959459245327736111077561780373240100896221298456002634601270083908613594334200455753537017108945640781424529629657407756555748206869521258013895272770364060254779397593774501252587469849534683292314684581516358727821154760230428639976494619916248002688100622544357111951951722702194218091799845680821019386977168373032419328,0,0,-3099591935120055021318067968535698320811064673375209178931226620812068362272173384321641965563576137440296369466805564710826941025744092816096787176264328279140415256101891702631189539982188985127857858452169708649314048815323097745397605429343551634869478854855582407621095429661023296364503321512063601166170286746728130638685712721245174871624956507385714203254166570157950263276278584888768262917442640883542770884693831885824525609985058872300222108706481842335261654594036905511990535032953039408605434676307228831093881819545039096538623865619980438336340331351669768389580156728659112635433733945421909876416368723394874836619626686116423816576064910860757706960127038708637059594976114531154863912529901954999777767037363827250625433427473192119866246954685406139750801028742516150759611325943019292590080,0,0,-446941025027530548566640158130941557825391345348022982355552785689720042220456796157270864915414999777821221770920236710524387182817556031604025162429036187779363769088724818743474902683366307850392678835001564027000789206200751613449930823599353116708517256893097525756112518397228040633350484707901535969423315218976819358836814210705327583039561470287851438999049973590116939324829950477866107180605212206356522443938417476494248609820966429756878662201544850415170953726778489760259395589072496660155592062576113081356428326639861541516898748621497714084764588218038934606402191150967887779700705416485872729801787792299189181798700739143145142655654914610365063229240136421875419891823236087808,0,0,12517919942112967848827608375555386124192165962728177898136641125146480836586028461640541404923582550562267547637538714798655400182115850507225420632599680565795438997375089702968229521170808491787743324360540683496329143580050533573597469409972998681177341288035417868356502635065828965500582735758118345865466619336192102015068252816418438113210616578012908139273287773792686391464347378753371176384705050352124736676364209774030833128779807962628960908312535612305049364177951467618190588947639708912591071847589811470481118562109184614047690988293090518587095429220815851225088,0,0,11178225986220956637825969206330203112294348173501888905167266598942839683136015504691680144388005547809474692548574247651165415419424740232743539676150348311387082360883803186680964183875036841743139231002397045390153850992104761150275473388055327028518335819136280148294894716998603290261805957182873531230282393068774194343286456023117572933718218700935025685154627775846746382994588961184147215670228720647316139607924810438470594387629232956348112892538491240448,0,0,-619607130870380319981263137156561667459815033947058794857285557400338152027094956458974929634604750411432332718879291198701442405111855560877985165046875420133033254857772213662550737088319474603935841541736424687318621625016661550518067881190682671754842776426147199935795257452446675662365711688885760773286164264133112844180550426177915133624320,0,0,-177181155457155758242943467337816549363934068220657639119817550877371213877258810503150530401827986600222241681932557180908626330296035310961652164020628988102378593219806582534193565180851884723237520330670774784143700367162533216256,0,0,9063380419941179642825334895557684446038497067585552004358136554764050332708469098744376698343441774023319293526016,0,0,1 # helix3 r=0
12566082325129277705016571498512558423631634959924852555729003011890220390248425088864352188478087717719127058906157950559241192606298005062757067511838785819429687283778352938811851039236568397827919706500054504516608918420242605547862104537011648723342585145979205604577176215353386152966377322675777841358668344285458338031778356098089031666539949981696,0,0,337786192783023942287665845661273637199424040479029246283632310394732795174848676909649874968148722076223090329720830678256032536780216943755798868797366757831371262208857538366517785603027410942545593636820443810933512649461658153272225154608749793452714275640562738408145522098897869795691463460034065542938624,0,0,4173547721321554083458063399630982032322498779991436430669738028006650548091334457978347959385601267899885848666101969869586516854545847698956113760035930682767137470698687327458141448440507399047844551499476372548783682866199844826922754821220699956766276819663978496,0,0,30959206190185118080106141442214931853171461957173514908694728742839684491062831190468888651540634595829580003045396807224138104160902016412543244960615531520515279449734711625875290627402671241694245932033007782981785354240,0,0,151535634549225520990174565909440638173217537430048237019272161347513038639960943544823341839592408200661038839689627314589754461025097438139527715732658824256027536504049591386112,0,0,504483683514043059801653305359386644327238598032757306765095041913392228782322604863187092919209787178461558766401180101417277090430976,0,0,1123548604460009822110887729595788132879150748586407267671546040848722244621787064835244032,0,0,1539537945536259770431717109852132019521191936,0,0,1 # helix3 r=0
163577561296407218361155110786041172220642511345940974429857820281914688734488980703701836293986199401222275562686389044166157101688630745867606941961254376244576050897799345479475198359667767536646980099439666965527650837729558244057973094956370709039545593633998094054706655329589549617032094771180395776604184915375842385035613951913076214403269088039453097057731709173725573494768971066599667069555351527298938437632,0,0,-52579641835411441308404889765595457160664098728339191279382478533547498116212966441075292591126823122810472030997334735867484664362303591556316887338942575775961380391816084271600723325878763052300739761135833221604132774248697701131579726967603837775382808752563972877357499972088541980523435359360286211192630981147627102400120347927844033019960411945784378312884224,0,0,7367759010604922257183385084866045036965682683964806189461086504631322812002515498498004136523475399570156896443382560549147235704849787121127021764661957445314623643931199770411754165309675221424797441302456401480961075992931918635912940761616019546787625183530639588631161945451079211169823845465867674716041379840,0,0,-587756511469720734785372827572075374836432234452097163681461076419914854948107161852145470116646125744880658797092590287855747142352373557769952633551345603492045275513490325806008717524750472567507569100192477186052381675756939926459322712154132405871477824421888,0,0,29192815803762689557828882911747725125096716880247815465715439867284252727836513223457191314257948076048257230979351400275596490955508918314335913737138040249484361714586377135032630567923875470128756693969928192,0,0,-924367446918534509209650581692160787241408863847864136212920541172231494593109994915788195681839925910914933852241763519288953385659304115910560088488648114176,0,0,18222079969968830774224248134944628522771162168844596514205092410181507143026284980675991922942167062937600,0,0,-204471568518063736965563277233513955107081163060019200,0,0,1 # helix3 r=0
1122268288237694200360794657131232224442261102199740254240625264880454674893038581498738367373470953012740715249950338735798113184526875632555039777669071722394984540669189581958925110380889370917796925148197781781206928,0,0,-3544728768902257630529015902602314707322541619959149392723848245612202895338557528012687611165959222255077818115774747240177868570409312225305596856535263107704332753685915826529851127929745776,0,0,4980741932981332584911323219565719651839791505366006683969451930099051615679741298992610093871977036295543831522542005102440651898237938746260099700785949703920686056,0,0,-4060804715722240575800488996060708672737333899025750849394060100716410004662994618817744756692865615049616397917596519618214583801927307240,0,0,2099048826143453146307868022922725415411991342849237768179797701674372266857384706896053067321708224463800966460,0,0,-703894836007022120072473857463826458855631186122379568806694070070319064407803840972,0,0,149465184941877619368339407499157273067243061703407886718,0,0,-18367648083150351361427021036,0,0,1 # helix3 r=0
4748699769919995465546351459616016813241697620228857305669841279978420994803436529197131969010413990740170527665209901452755242424777141414636918366280992057319227774778423059137332918588297015783079246443644866982813720407489923138541934478552197071806062303240342687245668069026339036569048778544349068393365104655262525956575091510902807269702870053951530976225764979284129913338930594998217318432947241599862759716134001289929047127239936173643545776452653930271593718064570159216836571693923977029778441370306715484315097343370924929657284455516743466191791213798977840612868501707079865487540556743986280773609370568198455296,0,0,5514977147236027092187887770179728878052535130045690141174861747019899011320364443429289160113138680057431159614787769058757709209954694315614105302120038266658282722683427301035962506525852042225143733044942459233757663204094845260529581691161441390161147294188881352549301239999829607553107823258715881448632912089898258273614828883211076769492153577403864211045941419783393635727920561609078052589368412812584186259608687136344648054720349589940481332222259394052532529179985345389158714030604139171698338118678190424542479594042406371071863585505280,0,0,2806707159778258030330379829975372786185544559446918809968752501850160738992011427943731511697910754830580955460373178568444632343612427343818715476967916984389696649971466444746094234203798066740931718943597088508834333101774397347383775497404194357721292514976265215599756654327523437534849619248441072990315987621868305132529468605314719833753095872294136843158540068759734222945334780047737025919688627910214865534451332773261138934579734004628795359468003999154373132288,0,0,817832205718710201375314133010250605061656490810754058908435072818142218894505836287373593461528550245248126424216405165895760904693463421735957912040768703394529632633240648074041241765570573712058244472460176879467436502059076013434670707474352585007670329148270171364183369288326095366423246204726153880901107581825108994550188416571735952006545315544609432933253444456379080348947120618733568,0,0,149284565312569560322351930284527840945658567600242591228336965157237743975943755320053337556100801699867444415748259231757597122063188647997968275757972836998957291229936950675529502832345737036504175166052068067039482858713972861309902495746802942919021650391739850970059059199323522599828240511076279316351329239040,0,0,17486675218894410532647986691433953620135814643377631037028749448388847994548763920542502785176291400734745849359410265461221399934530799587071484741954887831238681554946137001197665678510229085363478604845709317296065531245034324891795456,0,0,1284122649853309681738352529054407723356140229237103927005915467162721459490399918926588048422455191841728774473929767238039615552879361278133817116366917861376,0,0,54071611186201127424684665033829735668277248917544240526092841422021969458495488,0,0,1 # helix3 r=0
159134007275017798853840252818749910661513578223291332308733347091350667169586932977059709012705989063675799976672806343031710713225351400759992612643318336710694998812842752810038434472191661512437109007739732046920042054341921491790528098056537470543514186964828107801533999440661015279665519193157982782430149784871515712867822270566729712060488431022419012035412638409,0,0,-51445642719616317317831310933194530295622353991170836951374085675367364066148491152442200403503943331719997453574797109701304985860739047355001142915926155950017039065048150998251123000069395946975306959866345821173829889797391722401575421825542592960230660309422580573567318338679079571467020816194202466630340609949954516452,0,0,7321581169204337258553634747608814839920206538254258016765331414837963380852014500218615537482053813777412630239528238848171666327968379716177601200890772064835263699075977416841360797664161551903176368664396650685574220453815394903980505437788562784669248660595485169958947028158,0,0,-595631833582472020062822653184445346364982220131105538040235904795348792454251865998861851625983488183699671321031352494927624765710035248757647928492619753473635252660365085939168667703942348687277885274197767977944584567086963724004,0,0,30121698020898304931415440752540181132902027073051780715460129665584554905085245828946944366014950670116878442555852238701973310021247265919927269345779591826193703246796405296417482986923,0,0,-964671326221156454726532925517440211825732396558885069561174490050510320359801418278079509428459416526760329870194576978296634998583381490708,0,0,19026215120315755874361856945502795599277439013849283803603744275638731738225966245901123356150,0,0,-210625114914396842008092858112067747707876706544,0,0,1 # helix3 r=0
35968937624133166669254054997939029227876772425205163701872904582867357831425875361090336786047681905774717416979151776059919670874421365297294262849470691156793328417476810959119193036334289358813144172852520210716152955857863072582436640784356039817969334888796955222775785092157929666061986178248370747612075154564889256047602003680918387342879015369081810142302845912229934307541049830737912853373005458576398940556822794195594254168463964080986675058386392686541309775850767600739602105792474632047071965662182530367691052862676573711393676329719040788817003692742260264678860398520184881695519835991444140888208996179400381808465069988160239634321252506672103492608092473796679191627204571114696574931524219594477188318168369894322270105706563280350310711156410197092869685820725854892073455399253801503909564036324507842222213270961162558004364,0,0,13952395575414286580496661955810636659166717465267081377334546504888911702552962107053092211782823223401488539596204431840704624433444022952010426942836678604802298115293589001014385789368620127175352213941641199388686337888313737766435590444965230453486716314448337860376234722245199545944106965821002349900628280037645440742914009406724539791019289059728260151510564254361789355568438269612758027642020022809930340238818331124806180595037162917496872346309703268637664028573728151192203868539765713721409626998204653065021990166963059565741617063147962027445135855996372319243217384086533160032462776870945975974626603947039184505846617730286383070893898457272916179108521577559635978125810708391584742521944981337607396415504762106821804818584,0,0,2360124298533528370230851482672358381143311880707296701331287496095005576053861061232392816227298594812615613722857129085880403914361472840076171382914514223123246861383577134724221791904254230009662416412264702343577246611394893230682580731778481747599352903657621588323206771685894582675045936686486213674438885399733321044151940742519183468709298287033741567673862805984878835505708883200198117826983785464000940724274514160425726077935499929044310598509912949733589997584891481372934277744121322083955659643391946775764565591515609510582016652645506160095140723445280607734499061208048321570688786396339112189482427159855554274338204476,0,0,227370257053987673372097308836869172843520742677573239633765226078063026279199194413151046995496172968337390029458592968318293873913654746660822760960001593281174958674504654681336324365877200475776910929607628365500374017596135062679498715078033058704808157312517034381827331635399419450489283037308638154204272218899339837764714980311556229989012440938958639571697828189899590451271066052704615996902393928594576629446998230078252758346821323075481780617567683897594146691735227342969625371811782265137973018660040071733334147722712,0,0,13643814665568962459994353491186561284858665245933654986824793125660436338003423530040880215277610291561351635039704618426128156629373149721513810517736118914930389459899560969467677941518687906352857853281774305135278441756144015166223369325538603165421898057716560210463943242612556947893072288052653377932467894780825728073177636720627519906025551752179210975028927104954225294757397751889423948359438659753838410328958390570,0,0,522183100883085138816203090298047552591525264094893561242026806136901891603789378639464943791069248310949013927790562948061268145003920202100542698813873326852574799470454832614742106291706961822134751052925748799287902702854342566029959948091397852153943229586673915876944371691815905798910091667534703226047526358840360,0,0,12447582728121044444592903929068390647169212304977828090370390995690972220179321557551548024860375547566610957013907989377887318766628971944981981787082450788559113860437836883988941068505383928039696759196429193600,0,0,168967494842600559100239296402566598384891193344193443733185961492801397380548282420260879291539748131885096,0,0,1 # helix3 r=0
856314433117430766637380721714834126786746449671786968952798654266587173171919144316278470731434567673235498695069040935867038793695673558070788052457565637874732404451065895179698307072,0,0,46494194168403938702990137455783238865961230999066543471470028598923615754138324570391454841557564609102580786083013628119099481868060013131461156140771727531573248,0,0,895890992219104851371230453476923868698851793064935410220352517900808422987647115425809141903109027661432542338103794032830063311323773534208,0,0,5572770055450104844869378830770153188585637721896429305031644665195335445387877026340361698922876618646805949106356224,0,0,-4107127797724725613734800283090817252265120765857639184834206763182350864228498209230251098112,0,0,-79710700396270639682080485059092299678408349310373767294594507801100288,0,0,256106330732190175247579200395807640777494888448,0,0,1004019065103417618726912,0,0,1 # helix3 r=0
890094641768304938411752859867570476354434686623751673674305793533545095018291924273160185883771869449810685301331774464899156978159020728570501354489928776485947908411232146300291013069144898440740713001862910014809352495947015705446889423477145704602687089089249118235094638342497689,0,0,11830762028676668628400190139572995220142151274425822248719219498938329087761175063501183552862975507587251136951450661285879544351962024278687237960111640581436100421598807538914965717236354825310052592989926337982958496139985414366865814809901255640,0,0,19218794624937878712893916427192117428372941883787640917319278688316357272328247113787398221118448706986433761109351644909897553386023688328255831794186445320829689408368312487491582544123604205364204906267526677278,0,0,-114770085761782671844260244366655089310538451233713377825493177277873242355769716870311715817556835562288446397195759092407980907288839069851346866541498042543559719323253451533026,0,0,104277542171346547328870389803953494899133312059670831249721067089189895540514223213987071036978699635779987031386345910775739980822996756697131,0,0,-1075612224583495541373750992269591572321462418507664496344514231058997108186694698195677334178314284597395662,0,0,2590075795527316848736325716113752124744618844392826340123705329686767942,0,0,-1777248350973748669162680608863385422,0,0,1 # helix3 r=0
992670969974837023899674659171925617130508207679100257835567694733646904924386765401468656189741738098221345564331950660329296593567840945089131852053478328967467643444952681207189048229267806218685567618827597866303129288384736491510175433029549078863034302357034817340092636996054314088951791949478513792224094983729996039534272812308936487706400287187696642722030548239466356004947924555257364549678997368117051757736979975415559760328697502176643827398254089176133217373117253526375637951617658022804316359916300229049354281162475567412443910319565432146052497449105012093270616180813576871010418994456608297634111954308312626678789552415917409070911297632942138158413921181356292852966317468727515885475135016166778398167608780912654122919833212679971573045347291380934926099797173375358443776,0,0,-1445644750564044703311828837706645043880246256024410261742324805438176707906119787494601353841768746004134172826509833869952059669252763359649521052036347021049913523949638720761645850015750858381058245076039263605289644875112991006444462489095023907983767757109103870743034732336213661389815492553628863162512447599636705908278001439338352577711895560722159858150192493484396000295787140377122061695179644260539970256879037740624283203438691432436654331991264340825933794100074787906888840100815410443468433189141862219776113234140931869551619179129784434013364530776236061070001126562753614072658022300397894284768015993071000596087131266677449096966492681914181962530084594413394018533744400226304,0,0,915280373828439712783824163250380883136933220944658280716705690708532132295912582810078005737662423905347530621830918460738275687957777668905022791284915329914817860990419008636866071445547848391668859803124155506541212348246084404559233202899053491390802275605589443666446137625065686844184019876455963999709283089979653411235062071349004116348996710199496410693358221640172385827742530226810039295210819508972274848512330167533812723874650698187095835748102565146864535035185359013375638862559127194869430848063026615307867837615913439204440605073315020271555172022655327874047129129313872787713408,0,0,-328998559046589006290056340989063494964462464056175063121737210232854199832330125343621532356741425607789134373822274117045306434023821997829508537717587514317047419454801236208590436151154682125544171541271686746586891034361207220274895767655127607782435371685340068315236034709505774747394393258941286577465669417120296689009379532856274807034907456840722388605119423301907009365882244052435586340738216907102487453257050435040125870027182288812022007644754640551738122484070430085256281064008278912,0,0,73428122438210045737699357186934755552498472364757696841636769354373825530606249824071693028442885626238390124129175918451907368586636658245665730898832433956755004771564066691525761430399464559838514700486905983579008102981575647582846469322054874551383664101114835767985910894180646374237958022836501750689069709071717117304402840856657516416734305398188239331713027692948039433270350497768255139504,0,0,-10419912188561458602671836939594999400433791705126526201133474556958510385471102601128366489768276939396857328708669377912502087112785828056566447548217290614975503828471270416717298520703784184756276808748527385288636103451767659607151005629155699013461758958028957756646697771084263351183384653945760,0,0,918219943698763797938273339103612465484458541083703048220852486695822739385155525479603751390560831320170209139329685452603544747957045598211394687972208658977081887835107879403338719534947374331148680,0,0,-45949398408565621876084936926306758103791488242712934816519708921141102650164514588151960976326826072,0,0,1 # helix3 r=0
881730228075835891308423586873741234522628337818973623774769025139322785297238611163974493368078099808256,0,0,-193319674953425917208630995767975252021664352609001553728851197271900294613523353437225353216,0,0,102562793570235006301666771639115293579315445748042017080618727630035418385219584,0,0,-23342484874940925317900176038921637798644082108680450824329247064064,0,0,2956275820937281172243194754334184938537352046225391616,0,0,-198501591978536196795962931154025537601536,0,0,7538861411116827533467713536,0,0,-140737488355328,0,0,1 # helix3 r=0
18296706601786076137908940537688689436274514570142267890110972823693850757570702261276957268478858322417866482114851068098195603717406230733519948851237168523199240015640085769636752002694798725181233986468174364921369460510913869083007908643542528619657911195249735748124077347821678124049911826513492253437401380801983188080539936349211614017330131140540706187132245359418164046966565788914478797245150614167285325655150496040615936,0,0,103331727386269878546143068245078215782057379774460273798543946144902542704918079190438929104916178546385876545616244928810785921450566579746088367304084513928642367031548028561073791848449560670107646627311085139835079232389235477947873023879241952225979212414340576588520987502030288324316742089561653289425624893533786509922969461945907790270470507507105451847066121067546279936,0,0,197319639200050593963935604231948460200233855813786941518928217042386686657638967859714707498874535261190660530940527832692860039327468214253194633103711628925242599381319503261671750490922963323614949320343179155534699496297069470730521759299192313682905151871117105397753615226111382827012490458663592277812466704561775575040,0,0,83824403363369917411701121011951848831614618061743157920864399038624509266985354593366177147836911249896905542077214339322229690971516393770567158229747947807368651705324820510620091874395684464622308420888669893267171898231727614199524139070162812360799323335611352350720,0,0,-96015921945647202237922603195961318753835849311256886416357427153416684653251095805044067625489943537592186045198590372154546764545773331140068606317068338531473083042874725587465085611506292633066496884065812095172608,0,0,-41175781843786657710006558247761820492431834947442252517218456186300666986705763010651482785959352098957778519193179155442991868769900574548479512156119543664607232,0,0,44503869140787746564385559489875462845483785475130904534272923543139261497451545394698081298724284307131596800,0,0,-11579620620893414141558304649446092093275463334762643456,0,0,1 # helix3 r=0
9249294987857652947585176805435114632312184447453333172112839664531221902099034216602050741259811222836548018961679960281643993904340390099737284609601738253889517352934357021047760237452179853952817413679365438691703226627183144203445756008909987246278467810513764726369204924331436116221320184682032437551228620965710443918811956143587011909237578277178273530026239862769253412868708818442339399514972925497841583893732977568076096784843,0,0,-9856723552348841690794801437378855441686741735332376025315382615570533131641714828206158434852118259992677757899003373073487904170034604164052516720734673723416526871457040025379699760062113034292344349328698561320069152959947050225451815775094479688699654891250160770605701387843926749917601990846249996068792395417088426177537262916399866966884324491839272885730380801652148050103248,0,0,4611490413431762782935211733106372919681831272993004626776480672334257309850870604969750145877445307012510609526827705154667681403521167057968179183338623523536129286004958334062493077110294611632954915898615455179156273100429180684829302455011750351430049417899060315956081605539869135310583936172925744850594415421295247253677066,0,0,-1236880680964676854076326996611053931703209943679301882031463676540044282893146930295157412607138705402570104135713532676037336595191510572982321039741040026948070285921559487813995465651786846257916837116880173533842505666702806786453995191292640013523458276037583944086555760,0,0,207982980981701347179461731329692808147255362746590846144402694275594216031688946276913535445951907806430883872579500220697421971125008336011132116951707294957440544028271251537593596420321756198738147229938725515996971532,0,0,-22447386883442915651749155710021017169409671940224331149071860778342017643841795971136743947417688153808143047444132615234159394153066447616754065280519460379735270184,0,0,1518351114076111922155327916531589598456731617834300504227165375930029632134285416974985495232205810192641614990,0,0,-58838915098797209730993498974477570666274576840634496184,0,0,1 # helix3 r=0
891171236361270479541687934207473425258835363141187543021828800871964798338905389003233794799372068276001622716630741241053794479034081814781548372934005435573120878628268530521920475477815752499151741631830256398385962378305534928286521919390596734137303534261880543864927219883528728019043322024286846257291660506955734674935513626741652590537889167228281596914519813321856994149166256573299246795969136210343059240343531229593313425332794089649191159116843322839129862942572965834539195057265755798912288894320542297587630698525018292224,0,0,-103194827171951627083205244459763133747556369234654225725008067167235735921960297171973589789954661114239029641184799038057727807430076860387920913337952948052661188257751843237778509876753983929296460608703896015278604637983000891955982445100003790284578316036115026889465441431906062119254304690176910562924144381635466066437293723908788336460858883375560966760430993765577717147636638289848363858010384411561414546931782669255352368801726777291757861393741159232822050816,0,0,7694362569633106419330574052757010522757727712582428009114269049855956252018816733457700940264947115282051809892491985877127431318830531477831212052017153633821674359218191032749208721782268195428093852076462784831874812204730202759286967270598799470337683227376500803017857317248117363730601990334918129832646157608869612664489137850490251853972008726917284740935508199224272913135471675644342013490364416,0,0,-370237547673502555837512717868312869295837552426495486428118898097010637532450679184172197023849391506276273986154082422104690643035701981463971007237615494988904000923518134411076725843485514907774599400630853305464832070412222557213613585042922307284682354190413255098179075965267519177584235890078889256661962615109545499689706586112000,0,0,13835070811345763836266398533496134938153524745965238610873013911003163562819716531361681270835001466932376985294828865546178060405963543333313934346477741547248169245479915396235209340264805155750748637129735233886894096022197015637868110306830895288645579112182685106176,0,0,-370575286798716764891887192055321513908567042236818879779783433196080517648611018697149644657455577621575629474453785175280187339111073787599147282029611725385723174894530618267691801119202611807593168896,0,0,7765096534663789433132463034997296205766550873646042469704540709611467082360962766494959493111011525746900594607345022573375688179449856,0,0,-104527616830948432541189818859937802640614862056676426457218740649984,0,0,1 # helix3 r=0
925891980674012175493506228275174006156672248252002304730048653369153679860944922470234809710083111961632906736939115234915682370036417093201719440003099822707165479303462813081164960355061327598831142927991028372116622217845837326340930911140154819490091857103754518853882262836939053429477518285957113325509141345285285670567514228331013964440468324584706598140269482326055923351555356446861840197189690696663091,0,0,122288890521630375850190242009169912484341253072953373936341139672194285961703589871524446955702765345356311128827966745398197828134826193562793513851476368639215839381218678679425865340062381881144580518897590653981627292341495849680638123228308992254035441102237915933201584043084292401723312622921841947582875569169147126699388844429848500639202617205093170836,0,0,128432617364391773437353545680488648662918669073718463784201364183378930097013565459026585416891740065637752745505057842774198039815777264179776367581448349842169366703056512440900388485132578327218619480939366564217169171110841572519852613727079717291449037661810405699621119771781099117541600925671963306862038,0,0,11980978695837773789015682935158448163768081897880531928972858410977442637637363298595776848709419692486112651848395263818393158619297268641583675536470854996097914264663447356550515001341208322599531318166976561999898007924672169861517576012085669759376776092,0,0,6353471100336379149066644310713150520268997302607044909295121567100199147983330570522515301221319560361517410517792537218116145733964051244653626225434205558040552660283668651635036617574459199338666218571100,0,0,381992367100082223719679140857033725432460972754040587625454994146934065829370669359863433886203281273032891530718554339574625578157177345064258851763588220,0,0,133272306720358501836936249101176218545436565356129830330277295044794906040321201228612670300574387463066,0,0,3989248805735124525773008044830363652532244206320132,0,0,1 # helix3 r=0
971323674572753556328782338373639967920714357538501879760310738513107051784615585435831232410035219857408,0,0,74625962570279637035286422091233237866483972821933711077458182168697271614089948798956601344,0,0,1711297393061751926261198627319561157689867803157849498078262902323979810242560,0,0,-4595952078367721799388748437518004242270472072022364738874735853568,0,0,58170688169044597950343063711773496748345427075530752,0,0,34474857298677578079633139915431016923136,0,0,1283879220430736183537958912,0,0,-79164837199872,0,0,1 # helix3 r=0
7888472646223311821481474208109166337093283956457474710367896050643522795723162184492950148309901726522029475563263432810561126976978167034566024050050555781455016809590784165434346521693135630106586801483176221383369707057000587478617167486687403028967158775057455200638269397682610319812230277524525,0,0,-1822027644389924420876557619729507801883744508486852223339008197114539346434218699488968937904352948881855661348958319297589559426349504762261800767640919214090203160596334188871641866719634684807877295322934230406569787591351715183710640461391809315992939787504200,0,0,60179359635532313513261305978654835547191781837394977685405997085016948793338412052291105884140085062616277589977159524483999974793267923665804745519341108221533237347909046585141785719112759689520577643501284147373244000323522,0,0,4917535077454997431812406119385611708550115798895698089624072314480477794684420877093019148078435950912370620604198045919367598848514358140987085175810455949132694158112709347825782192197760,0,0,114494806931652855241604271649543226013959696243488257933036712464164792436687878103834112950542340240370727133190195264014489151753506881777351450053254,0,0,1967869575838692346738264783160824499153044113216847684619388812553906112470174020277928324233235655703589035420184,0,0,26092261777876937808498075880000849799868042090614603259049418510326024309422,0,0,217695543780234284008736499280603269328,0,0,1 # helix3 r=0
8379738642749578485863252319268493355478095953493649003391333425658699442983681375689814674084886157822196369041202736379327914250735888323761775541028891187826534805290257344918386323451111777209408620081148068589647089329103059876559891593974220570685842467456401753953153195932020999734705383409421881365451975013953974263869735494711182904785018123387616114807111817087099477152788332081614649364742174586937975343719516674048659787520376740500983772695166914377040890798829168125201428247581354242212514271067756632440626628310710573595843832604432243079460188782202711040551975572200273305468152848419479588098214605139738899254404011963712730595304015563641088604793096049440736488795818427135937502456170043601357251229925611434719053120824942465721419393276393106458937324748015341791024358883614881,0,0,-693602507484917966508053723841015771200409592322399810317145211252746922178130726736358012985154112219616813201849938658841393177613044345842275285080126807138446316079310837094079777766735323093804466685973911628899531116529418274409583730005981395066472196036138905468344628133003763240911302936446475108625308521597799811514366276515239386328752727721347666155413868599389526982230465090106859559985556050392806635091652044071840778731743813637708460625330239773736916605643111458467000831972252302993591447079770999712429305283390060198836443664397014582178245357996270721841694206590716283717278587190387555351025227813918179597318315825654842678309547365055719761873115290675405983489121985178351250156,0,0,25065558211910520937684556638229313321605594204464426988458645632120948828949347134198334468310243713237367944704840650753923328554257669615170258334313173702769001387468805843502994769284817715311589803045655879599238717061260074548818649638480965366811073385070626811179024630455043492512001590196347535183139640212890492105774898329507809644788963151113851038412436939716465505007848215228969015722716758058339517074617661975937177621219123613363841369531712051069541258476392383001342034844869776041766429233989840174162546870503826740759947657599843054749140989098812523264697162384066575967848810477608,0,0,-516194426962683367490429550192110035807281144400894767899082394044388816215097818420350097889843781677296509773791099512731617495506082315295953725475951194751857025606736156396205320613736916726525117107109224643315796321953985104242142887469177279548502799370510728309721634812713455279668271857552901767790568699211040411558131657241219437443564214958502681793509598795894214028662023181099965446190114140387351194976887047538101842078369067504119743135470582858560273907972713502291611093047694248226756,0,0,6621097025070201312129796644941645540210195612439352972491194556966846836098854963091916234308530421296413748168604931769268471884409407320235070845109705492587995862582352964659561557926095665090306754997292442959079036692196728453872083795424308473791918373561670825920296117622940787102250037698616985365062658203094878436901274114596567919630973737476614225771145177022839037970998191627125903549598302,0,0,-54126723748150825769833454501169183542010153244022254634211267956235907186740502635260900725566899864791464936911733705343860548660146629876332463907030846245380257560505436291269982196082691442566719790994001290719409783409127188513167685439804160984789920705735493194817825923403971555688028267886664980,0,0,275216418896398912707896771040350850612951131640874324280903892479295939015671129794257083713517485698040591093407883548349749134882227427375594977001937242600901856728939552013587084938902614021469373224,0,0,-795388315239011118868205415946979843824192449301313838257289556111627708733125924459580838380820653180,0,0,1 # helix3 r=0
214720657355376704233818231036778390193070202824070003572426172102630666548205107734270229101157703651536199568542692049815829656770144562539117978867557188198607995996532342378124654406271852531654110458741710956664160684144595568815468236165091912522543726137915530066487677860627027101428071387471088987694342224686538536063796852475546930166593795755803897945853059848448770436142269875797773702360256262643328180882266057973912790588634651229624199979861132093292043355961308451712403821096046944606599144521758635939236796604629039542554347476064541941379054046953927106607128596952403173514626189195200765502661057327882734016239032976314516114825387139794637044692835577718107150746333240663993304812173290526668643259637399732267717854436680172819608990501699032382308924567876089006500817248763008925781527500388492761402557422656474564385077388762151558326741127367178512488514180192302332739846144,0,0,-4250172085748408370397215560032414711297122961445779654325344592366761648414999914484527489922384120908509364216632407303536760168016030909349031319605406341935431931355163382757653466964354617476318895265987585015569908268220974442978305291211398839805753497970407674099533472907674971365536467249311694775793141155683856331356914466836538768371645491151779793763943211238141229949124931269935353215569021577318730704563009566637763737213306436966979116400950423269121307420865370840025529694479728138951975644812470692699701070632894865009309620520816486426099234240445442335527848179035998600316196106933420303215289651801352290485957122189703324456785928132247577092397565809553969761318770389267507006122158710469258023240221466928198906788157483854221324403027213068635724448181954057076736,0,0,38786520629625235511097119776535967657761355102993557902013584262814121231242272272746848393322224896610704951614644516491017179988724624472827366698408730533386862010105481192569232336022385736619463620103459297813523675198952744007000925942841624572958431281854294036152261540292571599371544712447144606310647880056794127366694194296844986260886082699573196702618069206585941517717863141790436900536904844010377090118330147826948212535999418441184225749662036649929133606580399575096528196157064958778205809501613456362568587769885001773097476535464065560622954689380226068059333322492558893507715615700435746256492353617937876241002423609916913981305820387081768543945602000486400,0,0,-211362233537992611538316315627032280130038994078723270239996349485043659628161155116071776305634453419360784216209685861534562718633583248427323066340075671669766298722632389843296132198528084533490541326923003895253089755100609624692697758999265735719015381913394878564381577374047481706861788092546991138989728907285812132037233544941017214569332725909654647562690367549071693257472180886527573664423141254138725210220503876212528480438258057398465968056838634588068532254579353587783383131348237689899179680135105049693477848684364479004253243058372116858553451413504,0,0,749043798142466709017876079985211405290484384216637075218223294376473574434596779498481965272175792968507106344979569503471720163991962889437465771491592229669572521228049375185432692540705911991499201131694476804486610956982502665203764970946201082168836951416983117887905049727895774682059859285938577983047490131373372642048808230976909147596444934184600516129044439504432760905342667295062222142910478913375500162412849242192597038197150952158329307136,0,0,-1763229038391232938264833760705956552598058307606074548114490288828649216360862995939349628268858662196879231157520701437338647025695028420000629074458138538367019941722005003999850825545666671941989170365731022735348763662877961414884772030806212652901749734638683152626528183459091089272504903052797568054669563492271698356744443460889608192,0,0,2689550418857352477611300767846324181493816666725898833940580354979003831237122711487779781242255659796928544830118683508905112934292414995368116564025311640643796326615091609489619905022221523931648366886046859078526709962637312,0,0,-2431200820041713678519107449638397610776939339198041298710593951381632056178614372333743944831202481065250766454784,0,0,1 # helix3 r=0
1646701399552609358281825309508678187855982274328537732374856013206857149977757570519476536619312492726385503008348420946699082153467345904009073806982849710245892821888713347595693908444297588049328884301552285982506822411556589409383533750819562661900383837993972742712157017425206416,0,0,-1743269768477686606558957662094511467778386633473142988855773564289327248574776750877638771264326874053535968938793479721238238208506109915972008601091282569235220457108828224118178835327625785370653405584658783223805421541115629716518914906736530752,0,0,-44141140659196358376364572150170445982421556526958979398438294678902490043559772423929752187384912697242727653426409435766609948486146725165382248177073330632726796974153207980237244669858849975069421120912868282168,0,0,-48584488617716301030067323945482632121695649385261748617471193744749371787059155382428115899961832050561851915387818872017402462544212486764976160685411863176931211153570192683936,0,0,293017182691513395415053586656917401165912222172754409360053464708744343858123181818615040918379457320836706039426279112889411890361387990178532,0,0,1401825587266602204072971291935784460019521567573619563649145058815394325459739413093655744314640564592760084,0,0,3028879502096698772022278878664957434625342086990190289286774441077104318,0,0,2717716516228025088770772599428759284,0,0,1 # helix3 r=0
1588801108359513958429531660907007645960530117926341649429826506894358607033483264633523266648151328199333805964661734771956909656291340881566225691795451101434902843745371140872583642828134121262190824845156696751631624248357571995778413848312571543583105533399817276358622361135539521734734884210096985439160041560175547419650843389,0,0,31476295749662973016268042137661416169220482593789366068377762233182939711535569602960133109343230668179224361643484552667130107841120552043555876326549808455215369896358051293491121209426387643950111338604318918475086168769650817423419637659578160203285972334270290763187175650240476858644166,0,0,265627757949070478992261600135576688788939986925838212496772353683981558436493616399819252807125461162516926591492691634443268035212866912345845478031825932409628948526084313633731283863311574461283694073119130977256249732061763480517702089390124129319,0,0,1244351553036845411208720728015397263733251297758366041577454737792994811910307297825497851405232754216246672844413507931074841937772060014500340250886789190665361043528371995130699950076576485024733715631723372,0,0,3533522845575156706901865099068492428478384570349144657319493305194477203668813748485606567200320932678152082984114108343376009789665294680366861766927738305933422270076,0,0,6225471734461824839006919587804546036382838007039841656879913376486184378369946731288782443985995812124485007081493064822564356,0,0,6652518013325458012846107716544839573719737640589085597688475463991354419520709516670,0,0,3949902433817915021076766644309978884235940,0,0,1 # helix3 r=0
394397029,0,0,1216738614,0,0,354912026,0,0,-1083053300,0,0,515933337,0,0,-110671352,0,0,10083432,0,0,5938,0,0,1 # helix3 r=0
20927096989939662612801288289945218196823496488648477253616260605617418494991760048819039096700324890489023129814626756821756129455983500467226570192845861928214408400487439186139568731666285012981512460188058430149531821633268491176056951521675233765089652496562688223843626607066929218143988661251906133138525865115581696287970298629124124540492897191313846568082371866396151160740700834916987311215214922278136772723236618033115688813940906540020709874151366204413977971628032254392374750220560043783331459739978279032748713429569515048424134929403371297686222081599181631266303380830544975372854092,0,0,113659238600754875525636416163174792808643960196318933984875925742720909950122068197087012448588754205232731776592862210131856152697711780602454483935968596599190548495012801733158111560716398451713333725192510709267407416329446529183084978966057492668353880899592448058693272249505412301454245163497735421127663786071153684310546603040329349045841187710674797143254933031154817939128856203365855738458933245567431796334582011078585594793777135344993928045898926600482717854566331392032596047407424611016844419720705454862840752,0,0,270633440713900155797994304621498766293048490575795784276292804907950294790577175936408370788576229562753827062723793597875602469573837277075550981488152204604006004498186239810402493030712297492642556768790261634291357163946679896845938328521986190876473908261812412472929257838042987886413943543755011664262255078657380375210497893422801077657886045230517932569982769293406212636245977117041821793075377796525322060969382008875652237681664315604783352,0,0,368986736569383598552238352662345603085266716202698592026168919317464980419117167424638199438554588646693590802113443126629009389723586080534488204078556421291284713481945532886468873797455671633192714262873618750118538332173132636428359686722322711918247243734930385233445873381205487038885240137718796807303062196240673381023039782452101187833615175174800961093517493226352784,0,0,315066423643120745077829265765894876101747228083512091005556665428495797268111209076336740450069202611383789398965344370840079901767202620569666042920322020650959088539830221115916726287577992101379883955918612110751267896966901167105617686363400578024466763941680102369562403959143531611870635292974588,0,0,172524366733496803758639247154690271292890721911378362253279274253755734856897910041753979651240725940361623883664418002820767027841041836103372930685527796644140986720182106170298260616425591751599816643315952122803110464804736,0,0,59163532072084841221365313931104880611469499408899984699375984594785534207542021594171971163586563437022968635053814150708416053506598134860436955599720,0,0,11617074928608676553861094729223780998646710468321428928591268091308840214424,0,0,1 # helix3 r=0
874465935792773961042717601959682445622872257513719194085665387770030616687676630259925382413858481750415807330823692477368124743359136495293722464376463977241550806058736006955644391888545920750082824834243322914920050300801100079878850171583875165352558731270054414727440141300358600064628485947008721144229193496962345607486524642698278110888459563319980216088402739055868028162997502683895060830162040606476796926809919224715221236828366457,0,0,-200858633261552659510945456986532138580646800878070303259643280180852805441635876243980892999503056116431658685108925319751013813976404636715371704591274443671631824284912479144357309733921489907351290934446370634499034937122477189281892106635391649864491753569399169215099724508749989646512294395008412304585218164521446077561981773572004096847595674416493139785888296206797309415401089792,0,0,20909546488414499988952288255587442873222564969316500114183663802221178742002500077041923235396569606780612539877905506743847528800334329993085866297450099640811544015355880103207476508162254216774601070035507246371829389766379116306872762011279370144526036349480473333287101957079992638034524221724963209710293248889027274246171760238,0,0,-1284790981636936463234217892613708341189897865146751653594977965518727535145776979792244444667105956384379179982232587328506979027901082958860815120047399770609220781313743094123123906501277484767361114251866063966314631985572687498270699677737395665972938170570345592643199607712,0,0,50894797047197442057140502036418557148496947322500581998162057092316646894876128912129493965925259355297617449755272393122460140414207124583929155273192752461114972124288168059964832386891500788729918451838265033675032907091,0,0,-1330168965613653017710944299281855873652961789813502428483732197289034509581284621562104386177993069234432149685081869349912073195155470901657228289879443296025215992832,0,0,22402223955715695110268650517895230526880616076195008344270783703432557790959105400331605600606424358294824262254,0,0,-222486251017199091360023937101083101211120885272929055584,0,0,1 # helix3 r=0
29960198410081475425133048219936392641605670973765875063139993457435521856860376626897834255236529418505655338833539943916216543283537889348243752949758107590823385187250460017605405992017248252705067005592623844372347166816413068667995356782960622383739879422354397452063027949,0,0,2330437747178786665435467494157292862976867355531033290011893414828498189876126265587071226558573903650981835021666679481252235886213453708005197516589354504445545721242014014783791870757368987206248053162826788795637658755396258402514233845716,0,0,-54182618305993214403721734085170139776024399013237991260463663230013683073311170323930232607854301576463195953643272524454041908570397175736505887047541407076472984514971795763796215817557356554972794439814,0,0,-3096560867186133538683785268014710486960762579251632146918946946755070594397505965529402842001945177274035863588911027522209354099578033583857306515621557976966492099139831848,0,0,-23956629483975845233601326453210453650347778729725767306689060594445575093823786956815559419853612718431283740247196227538325747935980049829,0,0,1421780899940306217045598147714599314163793757201517940567205718567899795018395588772286183806355961163208,0,0,6731307575891051638058027842314630178481527742631229308808170814637098,0,0,-234922432210024666516209586599702980,0,0,1 # helix3 r=0
11442737554076938018171471365049343719766187966459282229320008138242874699033683244221809323548610317607571813886859392000259557123016741700756547612662799266750858058667514300946432358681648765476462522646406914032170728918930711769634237236645108199392340473707102235928785436210989060913819903861075016612888483068413771,0,0,6952869485858285181890842796467651785918556547759427082380027041465156037991028159609931948535588459135496561184989775245638457079626906241244491288748539598269339535574560930737936615268342968835600545194120273278485816022330779841738610670557456767497200610208084653725208923402340,0,0,1580912683289769157069408171274004203204031942680272449826546996851751764508515298482034002520923824390744939158091013167479508015122617440866194714587557052568678756784680233491906174475449139988190199971025182055333374452896375954555609193984,0,0,138648837497934971961454818831597395419000336150908497949301013567608225464874909460731483301614457000825619382143827989619612599786663935128187111929928401788215204645679375748476214733675391852360670880,0,0,6944627859293171885856001018304707081052195474858308311057081959209925557224835077625785281838450205291429227109057192584684741767544477126660003342330413263394232,0,0,242225637125351237781117951891291196854461005798598746879273778988592904304475478207152671302631668000112592920799126338204,0,0,5908113673000196282184060797553969997500472076771112526175826326291355775547062248,0,0,92232709554551856149235923168783177703024,0,0,1 # helix3 r=0
509217533533125371782543215116933162704829888469823261185014215074637427166836301333283335271417566298093397757801450385585761153757253466468052552817690380095412927823966262815214923253787738089309454175068996984248254282251811666989062562849810939988817254977895990680805805385816163892251625461276741206083477924280310721357676839600264710902897448692196176641006275218320338631972847511582813863517062997828537461468687828051867392841547746639872,0,0,25213146050678954487641912505877176064722513111584043110537109339347310451689057685839646159854478980156782135737110482770283666131979857619488107947976434942628426441315212208340883841886611367266813678815597429682954987107142563667680380333243245517407480621319187482036353274263043984397247157646511087007118428918745872883877804957671729404717308016141051976386882777038521407483303428096000,0,0,547031303078565094798031627315296034196690546348350690430938973944840778863594311140664648742566244084339943258750811659244000373581299625010999668478100212330917695444039129525012161633802583230802580116836351367410629605513916788441984203693139984363339044967780204756042624517991469121181657865933723513146556180591608176960718193557504,0,0,6785625114981749448058805135222502988703801490938825419127151304208592850726743034083237698553173890915919989422340901948501677783287828174639207487719188809251854891456951469604662521415399082010871749775606141953464026698758257766758022512654298583490751906066826554688109772013568,0,0,52519754584009630395274090970752902268560149336199545364982814125709744716406014147385554587673448483675271827050721279730307896629067739493730855385427617799039432538868479670280170557986725346922896790737954361069598213668864,0,0,258890323127626143100867291353975065095754667134397230129014311698795224259161250357944102009091050496522939618704275823517153393387137665877359243620976186386300163588096,0,0,790311526888077345716101135623429934945685243447628100161044594177543928610396388558699497109333224548779817959424,0,0,1358111616845083803222907762284214953929980531717196218368,0,0,1 # helix3 r=0
4032075209233446096085513630315860657794078875200328848985838191355599781363442096614829234937563830928311539084771744881725000655160579881255559326218074526094344955833652984023839793828577988322735302438758727960909012141857021090477219187170235378755406481294505707386904416756448988532139970580985403856344150009709112721493715499140544697571529428558240839054692915183867439366102969939343428095281972933400358836390235576676476586125725358911950241946706624479562998738398301576168259771385936825086193292441343755613711208838871435156440477443381020689874422614363584568858574067093472059736651376517360798828644567205888352309726474832127028125464431893937354441813303860732091878550978170420515312803779773162154394819253603027024205521916885077373141150349938993383720902990977341335896189857285174863102738432,0,0,-11388954185006009017643966596822336244797921220837150590068137321550500980493836709166101522549129158509048877399948977062198317328529806218651429380674851866387405590170583288640347364964875486626914424556297375168598723746771024153663581196949198062967784491439810119319809763974752863407969546693075674618085467486740194263696179966092134164833248116378407807488563800585991245058399427605829808486249873651166766500208908406368369883927996871039201924958414766116596658303707829014769588234785759239534515781604209665640927635893039660636555748585097936982815994054474141928910281685745204488711399925111080489759048712066384881847540963306429423369502940635402130450418625641955040063202116129300353998355190251520,0,0,14088168391243436739732905130672584762004542044351220839772119599879016089140338095101156646622148395141377440941550165992265694149751493122545505523168595831476053098087879830319952432598189177360420845325417676999781735808081478663196806854213379700048795824290351402011658688974258601667161916821965546969441967917002424614500025254369593303418565759355418943147582615077528692495161407356178945133327538073026726008891579940449700580092988095522842252806414235292033418830764147466513248946233461595230401634963310266605525757906620639206401142912002037358707612858818523890852208656030447319198766323083652366336,0,0,-9968052469747232210004363270821558698471727011466806310188795325145137502002474970691931862290795052755637625571473249540959737556630095301476495960084922520685407658847116386055304122477934673418498842447591969434472322593585168162242463980996312868440170460323233764316548569417736249527645520372593826772595415239871058673663507062277022672988252114177690431248342449784729036236152192730179563085178111301640414843627648617717177336131327031444802864742465623659970203756492025779622034226814211897869710917632,0,0,4412213856272319935236191900411484161996427251777033256332966217224450200750028087858986455881682072243838205334691905590207633035652308233714521844319839788937673260533089350978405097770451943833486589064044420337859466764361701190253290742974991564874643299548843236791973036067085166200774593552713347812255494960538638916885504596086967672168911234877303790634168139108381409235520931195831511426153689645056,0,0,-1251070854590945165419240692472895526999721464680707810585484634942221678965502149125227266689232436874257908164649315206854869968468606310410938421393300642997164694639577710314973599794985713986778968697993421432297846504941662627070796832213048961362686680957442785521475857656337416876236941570127626764288,0,0,221909746173245342463047447084840275172157011357498504575083295093369510001087578577234683440075779235667569814482470724740172154858833704155569244652428852613114633005732392082540134482479653320843423907840,0,0,-22511943810120757581157379447098714018617512707036847820066386885440410599536648890852479587414481829888,0,0,1 # helix3 r=0
559594126267538769993625212134756628180226852856462458270304540802252745574237286267898970728985244388421614657132492384014102457112454878249462202081536458169195721771624274187870359060000322467497529482529602148662970503818265559701853529463941188979427464668955652189975879386612061726839456010743699147661443364751729540776905885511713710989121356375729149179909426009040156998330321,0,0,1341673494263489622215148069833927994920916915405102426363478209376958871204188917958923875755179490746483438378817709201831041815400497109379184827076302665618784292246454584004087090477669548297858241021836060413954092210249146793829794093738914849660506152419705836534543076857354775361375085374093743316813952563603655621926930563204680,0,0,1119968811568738351836600813395886774663758665874647147952837863877920824225540336163277019537998419023835176446450192431741560435362972526426318087463803591194942858408439428614041412137981043432580639443424696168036963698326489945273850265023121150081419387780836199244274476813376137097472,0,0,312925825063127595225083438284650587202406518853258207256781195849531457829027548435775128145330899657834291538235504986686405257051329635565418077009870816744801502527327814985881968684837072574398484371430635816916427021101760563393515121504,0,0,9743572654563247661346622747960126810457481985715366094496484217959229736340673215405387216656934068696570409635786170573014859854806084147831655637728138181118914659606170514003424250441373934,0,0,67074938679977448121105428367561696842791805714425846905978211084677055166179891673181940848512906143766523174750947843165011241178078089976278840,0,0,58573754895364060850200843612588331689411285712919238859666467455538555538612036927685907938168784,0,0,13774410015092954051280881825655249973212800815392,0,0,1 # helix3 r=0
130056066441487805015547627507905630157898804878170068480370695704732864356768505955760697143611511445668958609379084339173482873633951594717575273129659626865199467533590613469879722927661362905709426875391397631001433467961296504322075335378440469962800475107618915013591226884249795877789328709320823183263071901734020845661790232418543736293842484780548736963650390553554418911950163745382772444590391084854367352426010021136247136326531137975578069461318470736371689478752085798001620185939228301338244695372809611115178675580927741519116044944730673934514385357826440610993095314445149501296743387399170506716310616443729632716675900240106152751505078079427730524193670717421000071881892814506711740519732830472483879717024912913148218228412275228672,0,0,-37657590534843643091046632622888477197175506176795217827593884741066933907246051402890070647989170834975709899575951943012012540356377121062271908173696471021769448349317119370031069184602712453901694962899783227432601259247061434664440957916871538816657422560546985781561475883001217702023194422685182291967327243822643247167050866811967646927886101882616359015947074040764311780061389747981984086147371890888378006779543186883030504975724889227895828244888416371716080823611932553939774009247626016269927359418266541964454327232630572850107155643117572567274907499338204598842509973766543292601244629689273082761322452944403640724157128992340210328668351758336,0,0,4943938560705631826094450034389623950787940856112557671912816416987172105665862865893910810703510869468724964552154996967302943500457973296640164806886284660769917888161650335776176194471695399552395737717763070913052886161117202889227225167769936183598820647337226203863417376964023170323044998046696048113178128425799956401517159253370102640594548694783704566502167716956383802101387857002328915838236679930614569762199235803572907944813600224285156615834904404732174531773832120690560032122917837074231173862350806195725699189344368630731332093395782327786505502720,0,0,-384992887516696846197739319481132062154898614155186872196964598206608900336821352546913684439660808472838011257696792265248345849822465232248155611275899996919565339204783760378712431620764813894271243898567834097253008516754296324695431168802660693360675067517296976989988943953710752529638823959049510706612034428063110582872144865765335522640230557932107516223799133257691413677308025517979535636441740295878825134202272873202479144694513738640595146743334875458342748160,0,0,19420720943331284434642798090141970224386869083078689253465331956567637953921483662898006254467904556929655204449811360279955292750076873364281588181845412890931049424382772790115994443819959041441804011986988934827841988917742315942742109645084037916029735980790550836203648812641178933866774088043554478114004448264446523156201526556955268446013048761959517784626759745627226112,0,0,-647903865702949129544434389012231151948919505342995765254652152346335202710928953031201691369241976238544681524607714763319037868156114282719426273751192213038443312655577877128145570213796053978603467415259265029233791721728695177963507230607890800661159894965319218484300448786284544,0,0,13921561674086745664906972254533404569173680348184437356526067179549517715176188905267271384898145335249865629959508164019083181191764879051900638331525598578709586311442442715808310692413440,0,0,-175882751454187202146113624722917738983353473771727771294454749163761194932063810580316818505728,0,0,1 # helix3 r=0
58509730379769616430432040253581627460604242900642762378296588384162233184647843311863610622203637959464234147189062378725919720230316809683065965076684929013845066138419785716556624475658932252989486673144976457553190267455966627870859266488328541598689164855950278263832576,0,0,-56286824134092962246977687130202013791530332577319371305861018654938525638329800513183780224384216345865178678983985812083186767204920911141204920649711102013969064999114759926742893321168684369214529145416339836743859051149147032384186613760,0,0,14564134324302492263808549067526394204875649314860681995260313462756205568682537820414388073258725306533293535590486772564148165575211806867751033682996335009524049200979207395555326419002675979750129191092224,0,0,325615005287613084060606243061479994457403005273347077405077502742471820154372323992871222160164380229961767476570359732535397622728888478178832812657902873680128196250435584,0,0,-18460434069507107899079471503400746124019983223915268887932260496621897016156594260540621272639005722261272479180719502441961219496364474368,0,0,-104675901144635488030136300173813575008070710989214658961594691141502587206123998420792698264230698156032,0,0,8594395296541278462367132466451526307411942290416686667413775183773696,0,0,-126969014540364332909784702302289920,0,0,1 # helix3 r=0
79867882245448443099650726912351652838603234304109985917576507456037670032749153949763095518014481656144409862396020693416020400164669917561418789163070749055402186912834138965420300313193944802335425944434288649615527257438375963262889126022319703426747726881672754755557750248355830507956687364383717060439015684405217565517703554745752309949594679726600483973155669795667968,0,0,-1138190927309614387804739311661594105715778967091401829465376323039025810401100353633325268873472884806701361855338866372543652840003323023936962770805299964348696302166561028299879835651837594333016959322362588883124484598431677252734061971979409959808513057367239239672779094044356725777190794319124881655937669391954048431685632,0,0,6498892092432713395989714796388142123499841498481872851187512650318733147913471846713587280474976047654291466279338221790052448583932514527644998800071656399935472109225286019494132219899167093434448933804392284896493883108459338320833770768299792055024490859190819704305749384495104,0,0,81114347292896444382187786145007504363761408326259625640683447076115746272298316654032976986500226803296387445160425192643141953562030540712984951729439097991914024989118336813447234793489745503655433990139976219324549317174342373605376,0,0,-1727289865033006690519106116895775664037038785390600647395858440550456060656150318908696298409043304098420057472994045609500460232453990760674851434529765526325699129122094567204451791142912,0,0,-7329708266777566268497951101644006675406265354191346704995953301979462395544001893974741365354866587782783823225469462176684566339257553125376,0,0,86899901714735569453546583421694283779665888184533386300215102429058716570769842799166367989760,0,0,595412453809692544868463938536469321792400392192,0,0,1 # helix3 r=0
307639530717461089411290734208067722381163415196227435125562844851446155920097120913208259057862661220310873101343429607387847684854121631160565783850084355487163492807062137245381022194311982574002774254158942653372269559744910276212058556684228081648575983072165276068500074194618049674432895696454968519257349942040351639881340338102290650395762036372418996231132274036723009517848435735580451623159099410843826037458509343608326725008,0,0,344495142776981708714472437991250487447883487223203031947383684111520120544674896043113481022664303828794675672917394791913958979169729113251140310459529529459795123460540960938856533710656065443985014682751283428051934373098832241209463265717776802185508093101659861018153040963578300864421764681033494442320017880456174160596667598390569211422530873094963400446613079779274545614400,0,0,199908638130112417759157658471779626608825215885613397044801675375858469156796593285678453954586491243479945347641797487953330189567248658823960255951505722010593456668968588818156486040983381514018158779011638098753738302214074966974206636024657606350094283061344276739559515541147326145304645863687442156015527820603478270241696,0,0,75364053078486624684333115792071551832429535211139207284099372131434053039951955737992073108268475216081943826168867652373713193006981667802297399618805940032932377094527798283005071152513219462438086533632849174263618012828976806905268457203177852165056604150816299077075296,0,0,19955750040491028967681921784835095642285812002013183966931902598424454012822635066833852163618162289287762338772749840870772438457392043652148348392121314482837997163865162233198454337155678594957220916042603776893372536,0,0,3697652704970297091770316825688449324348384661420860337743706643404645735727535928069956937662335619097370656593146900836735062335695870065282054780125972555720802096,0,0,450549895564877587352959722472682890883988514359810455811601335683436740947781659345561245696899742125982203016,0,0,32005053741523364993828712049576113029862686066757409032,0,0,1 # helix3 r=0
160961861036788825869328530515298414596620559051687097511190893930743135752703036478499180620671934422980461379901066914711564112389356849320430725471710776532746530680783979533130022889124136746596779559587527869733244703635276915372373197212625510694706503692335766238186456522089744429125494936153610415964855414648432177910424121293899820511967219515504637385233494420040048441487383531766677857029609,0,0,-3796378221003127776959549027953718388507626730675880475404533922590584154663581846889361081747710872448149461676955209947298778063824135791608933999168326366802584384749364523700041856080075230013120302420559951828296660930460031166066777002146611799302105371106664599956999371094097888223236712227011236938199523250761269011417716053157744457942356443116,0,0,39257971524934867661605166146676727784409261649806003022430612442832275569150982579257334119092118538324645270644121290746749241042059743577522179392730115857531163447181539394019098565884738953043754556869706888884138652136709488109556923338756951112936773211236632105284611593752284504782457943607992880,0,0,-232596384565437649419006889670046572954781981542490662211330371842582123753120791829460662803695058341289807050943320483104037759310707693527635671366557441801343802630178216373960076885038314720612215881714425841056637049715260865204147898594036800002668,0,0,863992591085003149195101542985162119835337422594027434427348752508800642095143913551762343055768766842741780861757344748259320647714339354104566220394905206508850449646037603258310592030561611028305705270,0,0,-2061212559363575731048649621418088237776388541728547492816711156084709226626081287591844011561191011340780027341641186217076047439959625730026549256062036,0,0,3085254156349621319883671786810487538016965674833714608000050703209243538572008588017533390421104320000,0,0,-2649823991444105180510161241020516354841332262134228,0,0,1 # helix3 r=0
978707473199914004787527326137553261481586209286841564884183565707387575543087936870749800502419424797665350993943521624533187054876633777264990835917038756651626122714219371322543173896036045932130385606346817401627046502744111591755661475203971927384714473414561431472199261025839320865335122047149918508146263633306195241191923840512150309401152629076406255493945779628611669290268363703833863503003278621241319443791367413201775848834575925234588049418635637959174637929950053843993326218689922857993959458401470503302233600707377516963146967625810914560760268868268714146297812112408841252927449847635865249761427715422386002904661696181178615180633110526551933321216,0,0,-8122824863548534153685572032148117682699201448034179428712270779292623782396017335882215860679978790273994746444942085668805642362691201898413407617270026473731281639245543199603244660398922975724756676433483548099602602335413808658475104658869083618127088342849168914638702210384149548699867208779115140677202305726065399828698098438258616178824538971402234179484483225214028939906102837421285813341247484309870607873404050444994800054633813473274730629091521230034833985273270487952054687929152447763771317261368358261721454839660731416140992894291255121603116178631765245079678250647552,0,0,29147189655337201762024645523788064595760507195056559113497163468499751700192728217516333267639095885707958295898423677562577964132705303795528963956780575855121151487162654433866983439715806272626951142435315916159577244980465903230426612015125886668635038833272946653323386052246004304186276725817636086697873779165901806582383996303887821675839978127329677685714175916937359280575526215329971844410808055882662966949969151416585612968317221933998703815860802464287411587128045713380100309013705556754432,0,0,-59137161621105888122822507809732806101874184435113861022762008990023819889776824831750211635992777367920387972972845958659568291989764880565575548137637036470864009858740393037867603371729122423959837548763775925963686225316128378715269668159117443775041402673888439924751458167010344210769362453753154408135238843769588199095460357126356587415917500195991587402528905396588953851230103247317550660171324815474581414346752,0,0,74290038473532861176811484653604848827374523096561925312004220227450302700770318525386212717422514895964297601325773732273144873979745670214379392056606121465173764668042549710856583440636946754630143279822878117590998519230666151686301924068422093188060397734431738849488619143647288799859078018203249344513434895127560706249196308529152,0,0,-59225838125428400258621652808934421885919031494644927368774784722580147245452643450255404019337909348646884813923042143647375591119720920506785066523041043579223879227808396549552577708755645702749368618111698838199897299420836991135847245718763662737408,0,0,29280824499206933623596648022812041714410822511008774896990157945056784025649300975621842293918557107436513739921276016882107586039973872120225191436474643454390406479872,0,0,-8210865272022766051060815519125824707964434138221831710709509575136638294008728125440,0,0,1 # helix3 r=0
98761435283592628733607268713343883419723258438738197403397666153774430810009042222454787327562862713429223245691073599512067603181951396987228301119743240487556064712080628116789045394045205915912987044809891730119077,0,0,526529056204475984456234906013602177310075897585937864617420414327797958491852735007280883219652692198227493535957028443672000046515171370213753313965023277530190138357264372100106190004477088,0,0,1137978485870525155885664954903282426119827143950062807103681978165674928732245337679210722127364544138040170502030013291050139066146977249869017346416931827389103856,0,0,1306895399905799564790798188662276589734746430315481746718503596828439710059398612976739363106132337862499398729446779847208448675560657120,0,0,885744732928283429771254081502145927534570900348460110002999894979539547653646478681797380393747643384223719394,0,0,370979633457000229457263380960573771848357847399109393291302292344953637059455157936,0,0,96409918620189987616069704535962604094778710168314281432,0,0,14592823380150473033378469104,0,0,1 # helix3 r=0
390764095780624872194049297187856775376766506346079683121956967774237353942688077188946440472981863000688840566802684940126171748621683409355108259873304152150977702957390821342671738499683636451584564365977020948304047549661682389996417982322152767867248726140287075883982970119184700543957061875235605971546565285862478254055545561389838691179691914734567130146035883658043586489239373854278943509762801728000133001689310414113403704421851543191799903592477941367378525943733309576274885628897287357509345928782378888506834533214099107107882988729921116805633820819953836866189354451957,0,0,110422654227161064840645768460638133311801505994973389401157366138127855531776079819945460885882627930273364218296519608355955209736732425749961659066053741627471320065026236378178782705323899704810285976480902160325869873888622083457216036620319874374837799656655122349193689756535001074393517014335855656136356776966250545664458424371613285596948414092740885987859172848258719500246743250412797238960100040963626156868844096987832688084262156821688941523779869249684579086235557918114322079218864813947478236552946,0,0,14040216653283356399976040784583762567000952343241345586123129912372790267000983344932375261685433776902695704305864105563722005116249055642773600220383042375245190060876773618584856002867405576845772832850350384300397136984734121695471278118549306944548588172522184827233574559508572521738239998132370055628466731843791736342977054291029375476044393197495366351737033649078727486804851280369237815367670167557723127346671893785353066422553684,0,0,1031931011719184313270003922389885611991948729356977412277851756589549956942465128760015726922377593341916037238775338499919601572046489815814553134933518365777228337547663802500505134079852913022444606871030713248639560736934419491601856027216852639065047143314420719994173734976245904036850650235364061303456697243273315169353604528717408058381539322187343066828040770,0,0,47226740860066348278065056369906566076291136992804909076233823183629018153258948808129575833834465581048431409215712016419393893348871232021266178496978379855254174995784518532487114732571774130946256740911435291806500777896155405985991469884362984433600325202414394936965959683411983349190725730,0,0,1363066445446672992969067502646373035353211483336680064374129707557827072175097574601408281893259642641830832484536708887637725073242239990673080599579216140339043544839510022659371286565430106297632499767914741951693771574,0,0,24078874297331139515891347001428700276555869775003693907181875226566267252375790557387557798822191070366343443814721206345165049404754278901916493540,0,0,237412955663637211767544645751021960711790624485776317265570932500304524790,0,0,1 # helix3 r=0
4970034258974801859564863858882714196487349321696763473737212028654392313025246219276627686817549266281801691397136398390988468797328067790747047,0,0,-39396650327879551352277106181657880282208800139711232499664812705987328102209759413257557361849676754043022820738852479741106486,0,0,122527513698494026740869671555967682307727925565873572561394104256527973652337711457312648843004805780357795347,0,0,-198422439007246698397414968798182835723709203281272096107542298889403891715702384343701283218,0,0,191922749348120146289292333010698682849340948768090779209853816836171888792,0,0,-116899915489834633590097245558292413557718992646981878208,0,0,44656551346350101018439669897682584758,0,0,-9926809292862097104,0,0,1 # helix3 r=0
2432264182098007740392731625014168643760395347353822133313019333916944248637559239863123674895906219663665748833184386204389823525071014523666040341033062524569964098811027724254583487612713338592387496078556865834244895020240817191917719440167373946405446643974944186050170314663767981272953053609880521098847415717577213162390947352345318777735819664230132192629739743077301615632820113977543402054610929818791867710781339510277230217655474686360849977855054895589145770922396470381618506401251894723034000988143122251525892311819042661554040226561137031779811049448206732201665875456759502154738868523478655747515808324327573140467328490075016042977191437980084148018393368805345336309855191564410113286913205388056228858571231143153201889268438157060760846467072,0,0,41312993764097774500437263264072904889722969285078622991370856983716281131182864441931525951722937769405302001827512519575869083935500295089438349348035971529463929191895925166458923753909047985978174312061442564811431946288668456906015404305573329055174040434445260715721386385883418321572725451312416710169433652464384738929576829093359616880017449554939783805411861003681325605174735053976753692023743534635290829397993056444065903871475503716897377280366070915438349886649687992096791779499280194530292843359499167012793935274335398632344461845627714296932361284383186062781459250127308943281418304107556656286965271965433315875947255661808347756516354890168822398976,0,0,306995497503028243389480452506954364163476227212023317646062910279157990450050543689869837372519563938547864539577765959741326283115979803444523141154966699427478947750219163983644992847078933675191459768559636639917887359999484138087586947612867988705103883246867084935279286625623529841808191956158383835660755575044141193681154767858748611736352448465059413824050700728267885175814211565531608738709971835392317344940717649066683366103342304493491457709657043365572678127818670180291374772809561791844587019107307835613837460672396739032930586856029628037690935328215400448,0,0,1303458684259929585732089792747730318465770495761386779469950398289805713123561627697440737518454279672176746750674979686474195188411919735165119559497235542162933209928750657157438077199695624080165577024035465481593241144469982546883250848985792274200910652685709324281953336530026421814619954389409691620231019754332908240531964368764779963078142395287689904505144762005086740538702120336356200935418690818335044174625946509543356352119442128564804422715302379251394307602513920,0,0,3458360994664160743004995675619038644584951380083715837448269142876048617088293181893432654400610781753622957554094554935204263449477006936829487943068549261360165739511884644423608172364480523994144297540674964694404840547755258998430459629928882910162257685845800407647721348199019597585991061546052324855715704908259545335740788155225322303650025948073863488268062306988762423361536,0,0,5871160329320274439168835132405825350600850829838579291118400231264566677565058793326657516175559312704310107367897319603696324507171170234245871728192457708485840811110947993390672707144544695922671606054379373867939675326618974579498104638809658096459192195382193235877802187469596131328,0,0,6227787928017373101395327399536178612614828751401577603297990435984416167131661761863526294012794567853699181428830967000502623447853502363644464839412842550461171009704736936873958681218121728,0,0,3773637682377445651349962415016780470456144265517745217197843079058134902112947017892744317108224,0,0,1 # helix3 r=0
25091131445020404499297137439568952129888693280875009822134695576387793985196826468768877077773408240227324851878924099007435417026183443518623445621807533210999341527661953655512887234677713667463943392592267608907294615578088429108116502257140083005198234566072387965550592,0,0,10362769793343947548757909202252980422382963366155717259073138946920896834854224454460953755865937675587992855392384538342023871976754097007088882382174241527867428195866614228491713390363539314317025822220607559040006798548332190585948471296,0,0,1857004499506838568848845838168247332305704638868038512031332190687500640783503207236615569267157149408677685044121885618080502699360017529833849775330601423197145985372917754007790684083139952281811337347072,0,0,188603275013979087884954415599495062405970497991258202816475922934195310721813231050737670202595800852053339539450557717114683093309753746147963226035271150116035820079022080,0,0,11873809498832892016873985491272275834760027584253883115677567815726607416412428541127422092110358521113229668227457100890656487786854481920,0,0,474419838692750710954141321516636602324819568808500520404125585795547188562804927653038570274423849353216,0,0,11744481089896413877526134759760078193174607910465753817994222630862848,0,0,164627224145409327937507241914007552,0,0,1 # helix3 r=0
1206263130236155993227521732226495076849192129416810918142833191563257340509708756397066384690358778527441689307233247323508298164319031513343888732319239205823883806651007172804184057405511884568373880329182206676579169478580766451810549521456474798671288045339160007264241697278404825913280690818560429330436993983730784903591238816086375048425220508307713965071035035519925603401239130526132689,0,0,-10208632752646468034815336125301988525364592318854979493923666171395366527932633727321346874441638729864658531297280624199091831886176994030044771729228489844365420733117780649820658756021779279320810391135943198754503632303744510751577201022338723052036895573616144713092505007177818113889241474345800359909698650408029670336541547347545513409060,0,0,1245575261305766634160390969432074962785447763212369452488025025377241257997604027371734237109112620218695688329270633930607247358901221647015902331713505642033396221847718791638764224888005898864687598917566709952445084202200647375132368263721224177044833049549743062724286324757109797352719914436,0,0,170674211707042172589925047747208453061608751573601055441319231755956636239175426943044650938963635812033770161758449705687165830735740797626042915650181916777471755375032480872145450425137098835584492632889356963202193197387418871606198536314845536,0,0,3311934385609775069267801710871532320968515053543185708166955581325400719102350607431530903424659358618597400466497227576168170713343956139390376326808538336232776220333818185880253011008364879846130,0,0,50296363074033527705205125482449481055372379546142374497336478516959008920338969191984366313636825389139631729101483688556041789418865247730550377292,0,0,3964209394222599669450916016933362926024838146609769408308900345027534835109281138845851480715796164,0,0,112895797031545224955096560493456475478844404024368,0,0,1 # helix3 r=0
651366829,0,0,1587410462,0,0,1621000046,0,0,862133714,0,0,248103597,0,0,36471606,0,0,2152302,0,0,-2332,0,0,1 # helix3 r=0
299846482935057233295162264323437526995508471538332393208092944798162529868151654485648736089352704826661851647739814849168867219350766559484664020687985246957109826791464262636410356285137096883676031223200594965436801623721539583064312778811158761776242139992344141501324432002031108259750813975982189029374598761210666061631948969724812595239230093867364906734809880845220110956993296531455041194466064112537320340178063149422235311282815546289384220360202953781268684454682897444368752210665280514362411677186897553240820570840236981783177269636279078753372296210622976954699590226150392103751834565893953499264719368373417206590215880457704881830982202206463681461168139000702726409616111353,0,0,-2807740815150396356467447976468020476455850606174946473151531550760759943901477630761778610796258385688253567976498896779689687441300486711789553774515228616163943459228848683543797566887547060751882390315837358684807341901946017797383882280846440475616272892651701983510364059660351155389290565378599871766176115954311837208804759534195029992487694140082300928449953689557531189503490737062394487157710116486510309640023960760329735879814209400424145029996742186591286031928934442519920826237680717542180238323717792562292090491892924805817618661264166845745990971733101442370212285510192517466049700750047388,0,0,11500882819618967719668267607647679137393724566300870869616468636347873030425511997498007930151007993302966254980913958425204787918311634048109591955688075243660573896979482728295767896826058408297470014065217495322169200478023977975872256198328050549421143222036788206066914648514473669647962050879755305004115362897586621942221858269141266214179595991264716456227268447359649688385475036707095888450019398713244745682951931156769839685996518340614291690549570612556317229376451663634758390760877766440411149589896789711448,0,0,-26898552130293084713381458732710575680223547685695242320202381873740123153230383989009752614031390275267893435459205719486581808040575374580870918847885680077183906599899087526537672380194461770898912198577777893741514188067850554851634640105445955080309685788013591827156056603980142732025745368516874786760071880885666574122426071264865852579981671353003674483608182082513533348707236236131289205159819261241308459226320603894792557556,0,0,39256646311339531292739175391878680111932500169819466278279215321146630119529807639532388982395732097236477856237514501642624041540601672730741319837028896602733607710242944957923935202246954172950227962395257702797668127161306630221078176319615370561426382527238484377041827988970624504494314571950117948192902186997064808272080697264648140721180918,0,0,-36569943618721731908862954465521579739319582192753163362026558221975616356065592445256128895713244239444189144659815725597317986522197176210930744142750936627727031347660269115495885683515526757483293211587853818180140216873554894095784791763355782601798122192644,0,0,21206770874786608844879123448437246665060914253808320125715935519619882495395844174601314000283800325338894188204790629086489376881932921204865303276528208628778838265096180488,0,0,-6987740365855570528245529506127302864299552624512476076317229927365756318690318110998956,0,0,1 # helix3 r=0
7074047829122332294485808122953082633993189425713022067490427540584719606552412260940100675149179912194233521929526146936745689104950426577141931750952066598962659561225194993616981533347621464480328927891964277986480162636713678650961570659722914047487700552014054931788486016439404467946667911584458675526349,0,0,97905592817529464625527233348750204583058401311694295470396910139156408954558635479932432603649582612714702767259512518213547758877222156928732036165729715685555789800786408624973743521062414334663153232597681201805062459679281922007577953115661479648320881651026794714854,0,0,605458910980814395810762145631037262271112840041765431868258916497595694658855372823660817847691632574806971273034380452272716286342756039793199790436440383874270453734471838262518121052344315934005445783511448837564585278651763344621,0,0,2182880677504494379594175143949450597899219215384489996495624492918876230302512008113760780261565310779346326981255509527935888280830522565596244910503267605845236695620544291988917046984240838460,0,0,5015853127209116008470526029185507921013872748309038913022652114522896448555844149997445211026329091892515945393646390736341223418944461511647375568915735075,0,0,7521215879101197320680512484579008087233091761317979701232092695895656124321489895340296523565134705414375797624534758,0,0,7189596814102837951465087882336940602223582965933098730470675683683725051591365,0,0,4009041020586981286242504471596298243328,0,0,1 # helix3 r=0
9406064082706857210063785125545087395631428627180285700259252800946753680371932732624674853140417103376986810052143556293960710560987087645799509292818228173970697461468701397113908484247626058716511666961696819617262431069387557529499218015016241859854557156995921487941968651114771591797588029993284211948926192752414858758296501242503901548648070884406037367488955085681916176153060130086224036657783805351059178652645877819654550225736018632844307665070140339343801323385078684538107575421363408179112122373287518648792697113263457968188041522057796985447899867508417881403777946709084010711456647363502753586633459346133897281833547494452681496361596389195603188812,0,0,-124674799021998700112649114617845116055581880171442190356205390336533981465830676704798346754954802582224230177155331345294726789820330707200079152320668920330538855674632301747948153915319874887024420378948613373507787275426656413043332741435227149602668617190848440952756720895120497722380059098006285131575696947179421548675178427159223323357780148383045672112179856248806463093091656016975122675612641740304687663324976656179087297296831479415930512702125306442857321840663912476415138590279824034901372677130668152200864149724261917232749275169893119745115413766727149267558096820368,0,0,741517965704184336704313133752926306447065274012655411820309938217310764699550328329146566226391897722333811868371082960344542267436231852002223698949650439502403565415521507259579858677792021357876465543748564110603018550263132155381114903457742164641052181718769351787926545844400568726861174262919134240057469181067427198341911329408588870911329292863028767884987498421058396589693607428682045350044742063224986641592544965057219190306448284731754160419189785329524581350688642823529626302219393185816,0,0,-2578750519584346483638114011461495966528304372596444620234570752870539539908793519869398512837544520982264067756099799387098309763511230833814182213441431772367790804975910440895925062799912176538940787459555795644855911479556027282021051153809113101596828616980359928989601670779235100755906736050368781524495152891691137220103777789201192696463965931284149476326497651579665956095708683051252208920543092368459233589584,0,0,5726965546185182119618578454595119692028209744418180551762837731480013202043799293072384481903415798779248326333216476159971204054786441430923252369329668355773016276006536501015718019216808966046870296079128865910984779069608067438141110846423962148801306790219385888596928005825168372005912139121241325494252447979893992432070938835174,0,0,-8309125777984134355106757764847313236719980478048424755204420663568739667343091792126940623737425000018607827285150418790328270587841460129540404082937140754725255189427586131099741569926535773810205120019386612129196167660002208957678776033413143553536,0,0,7687838007744957812747412364671037918531852612647635397314074115525668386281953804102060071132096729865614869032971180864496454952180766373692021125629084409791493756144,0,0,-4147633091928831929574684528838982216103476056194947490692618833761129929360200611768,0,0,1 # helix3 r=0
35051094748043771603468021211122943444964668329257229160835401072441528527982591345970788157270988661082509454384083606924708380873614526192754096377294895334182064997829387420210607756225,0,0,-2143249797292252761124478117657836229785400454045316328751719858522375209241515235866119054024458352950836461926657419446143932838072799323238288090250776929438826870,0,0,45315404740081649552121127088055587662502118893568506049126650219173468807612896637609112121833678728742408163649175158061003472041319734983746,0,0,-390731558940764827955284514649275965807607542588095918089107588454628270004776350141794059625219068503589822008612767394,0,0,2280084940967445668640625888638439581414429126290833549047383685942134126755619419001371876212238,0,0,-5008867237859608207862881768990776309300131863674437184265154125962758382,0,0,4158678762167610326300755306988488773172571615722,0,0,1085825775522994268532926,0,0,1 # helix3 r=0
198471560360684568049132537053276169149793074847686180863842346060046492360747657324360189484808575090615267974228494485705368678722134778781103996,0,0,-592368166384510873229625932415602590692570825964021304525868488375847330734986335617880448561183341394188212258854996044035962672,0,0,990605188277321267320710682067872855334666916177498665619360849192506162282087067875014748428866620103817138716,0,0,-899483971110840226898926052440200888008530229087007747813033720489793103065286232892023601168,0,0,534637421946020409922240075749151655407415997409032957570216225065244997410,0,0,-125411425886101598738162754618319396298112794407986847492,0,0,-6448576048546725322856339835089553208,0,0,7386484080121796664,0,0,1 # helix3 r=0
5308492706357314012602760951180120599578509193671251974387333257781858600943433524315258410826980928664005333124409554856051854713041558243220041835087164966477527968137302740537413305284007,0,0,-14459935603733498927859105674002089040236636403635630001856645197532616494978668662055036074378061059740367893756903167319394028618181644036183048176631152495842253788,0,0,96601690532123227731929786583085303455525719571291315050740755664263359149500679921510839884865601125767760676110834982237067470952131402960552,0,0,-186805607627687202356882122927941013133855923439776724601735759721695220154852567129305081787603878430449284716093075172,0,0,589522196071546957198532004497487664618995936075009208821286853200704492809597979221517232443379,0,0,-740935321112046796119377323000849023518932591136736997907683636610562604,0,0,1383152303340484440984099550116898685183318094090,0,0,-891996287942926042299228,0,0,1 # helix3 r=0
2034042751701570308022102838105334752342104732682683600984711461697563362512305111885377151624596308472925239081049000205061948871411137821378199489893167514899096903398000836997078678930024701359620503949131387278103925075630924090393603496288219934297010930775881029895494939068639718134931806822041058486079376,0,0,14630026464778496591570485905261875995268966579343243349638863168868524084792209156743498664932610219122090437231635092074799673883044882412544154447751977351902417237659054381028617826661123607303097380812740264701275348307859737935829945014226330002144205561272944744571392,0,0,43552099735438096476388417725870872076766873283953322952566441942053497748734822737786919557122761773942027754083272469068679078952283055149655245794761807441029617449912811066011351742094223000933852539467401390123277544421189005674544,0,0,73907801036805977843411083236069683992169353733383138143875956117334303531128816425537798271150326594228446637740620252111272932218675147041856730542709445135621436198107329040043299851869313254320,0,0,79093887951586517542379363203792773009636262043514984294034543589320967427627390079259330487783351307690751955870214584109858654821448149273768428608759853388,0,0,49222622134699915941458667965506577526551643710459217183938714110874425326789147136063228150132342643495252515594501608,0,0,18009010281744632376014588286808287436772785214091750364819272710943850602336472,0,0,5006024242131099463434086132864764352220,0,0,1 # helix3 r=0
172743364023981873373592360013977646253462574060217590970581183357079293489239846098707254472945514102327416627715241991494459472955723447465622297707180436691563540093012066068500474735231535219546263318415237062630770063375206948830312393305073311295252381380095048949386748592236532437742476142289325754734850894704685101187952379566590272604973691858417104692550970530318938653379262685462426010450048746229575705613967602347525333228777466535200415277262454566595343221284502579157848848001195321107854026566782561416460966827,0,0,-69112758941846037443320454028199982873470739376066808906539106948324616794218541222322943664271648944312415942109791443430284170025431384006790220413949797163666069057057471945009935718649075159093838866841893216143158320900418563762526268903788504506801239543001393158322668719791867600094943064288757138733002182042005611927661090292923109200000778046535566604633313062861035619726134585748199452207224271640589239435980310943614353773082077837151698603469663100,0,0,144677650516297006423851559499804364201884975260696292270782724333666337100021749569007717606473465875718958873016142875875075852324574035472425659551323964269014387955737291726688254171765097984451313445495753880221478253188852279096569486588378056128194985263461657130126174256530517187570986979434627569761712216310286511627782621531003111415906136001331471033802368598830944603420293251947089308,0,0,-38530342282261950032230992930930847788614937284871693107331127237246174763238717608854121691471881062509870175923390984436539316118923171647610772605627649655819840768219558675160809884362775481875756472242935021658485687158223590749844573979360976792180930185010188758302322758665592573690232732606111057621166231590740700170950068,0,0,52205820527997106759492859949077088528683505056219311245771852415941885863380196469540292253389920749531459761059346939677677332691914262099919146502181586799749209150469266247095207398324633220658765947279843920597851410000915294414116807752007889040433732840365439,0,0,-8521232119872109944349950319641207618400327350023359280304780172399648041606814388111381771126378227224454192329392753533378650039063255322344400988384495605631000085185627943647328059156132821927080,0,0,10138296435098412404425500532921638150450093079769371823432916239547779266131250592732884442359163103338356416880770148831039381578336,0,0,-731123221598789567349146513576276868902546525564509258093282029804,0,0,1 # helix3 r=0
3883726322314987781055676692979087271344153609763923484611870857121755206531352232617588258300372485231738023905826654513220157385430065176608663587665901480390018439982278570868449013231105532159341253929181493130534761066989111779422997366555164851530656929088168962804708379776759627247827538501653803091235196981353439030448441096860337164271681037510336625858048741547255477,0,0,153099417733607097758423003702455510713542689642293004917444670849427288633165018710696784039875336000648589989466531683502023879553555983549996995581511262059329814480389575431731341541827361073608261290095587766807263358586602098955038481038191882609419662454270907475765235648746984740512829668351424075998285314677035322190307948,0,0,2611935638376949452498561207779304547867509997652860340058332145092705898452752738050866196269203838892539751232867608177641486770990722306446852327971459811133801074785043582807169015208199581498506152952467909299639551705679665756526506907341378446332680758226962511644561658663470650,0,0,25184280078233544778261055475789408650666985844593715962148315760748161390162468055494253423056161123423570941395426154586933275948014292892031455070936875520238488086278600055084954192752634687613699644098835454807651407837880046272020068,0,0,150108477980939775041423368325789871829846462914111884985135706513589395662298895624165303818929168455798983346826516484466995267088982350885012272305720865585835964867423802796972340272998598,0,0,566488131627259452348199347795915467464932325683243178970526837678247101480895624421919964313328551027006824345015869300613498258259358335820972,0,0,1322401828261951465174464837685495845119367050599515060641299723484887179583672550859671110023422,0,0,1746708302136794072517097364273520997048319918436,0,0,1 # helix3 r=0
1736988469393909362042823127056288874064537759275746697676004424255356185955763177935369528063854207326629743117120074045581654352036540964158526210657476473052617063019416003409186078866326628228038088789713079442357171607271350941263206590958996324654915242085576024530730317954956024461094587581125071,0,0,-461482152771253059830736357189367610782045287018393471150945888132549480861898345544701266164865987889303281874399373440395939223453402066922204639437763161502704819019455318144854954381527342012585268550492012024999033381448830755337547897405933236104368537136100992,0,0,37731829818238259694663843456787262927890626841222952047555560894348553074167833595618556648506397711533503884527598227844879357386080942582260402953468104476712537450499132074998488814854171868769971038657730811328197313269067178,0,0,-971799391760103444338009674489527765288043976782157656335073981573063359005544602994721911344030472636746920457650796535217631017842761619522040610856161311256764169646892497111464518953179958,0,0,11489207640149790572529018506687388879335669248263991466630819674172595796907602738379252953534330867596473716692012664571832737461623820411149433237078977,0,0,-69527043287172845004181748523597770666851373679240841980677313212794842057092128514704431425921962596704877046623450,0,0,227298317721701255517660519950890191349761850126045788238551495539251763446404,0,0,-514645175769318318922929486714717406782,0,0,1 # helix3 r=0
343735031636960189897476463953509762380428901051738532265278668944672501214444809371752079864705439963482148631915872008479992017687066675687070568865890085252609527699622498003693674865244949505528633575794678809646317143136117079555552109946174081258998172567645675752663907187275737334147359549477680750792626949220980228282209887669653575749297682648479634229975737372402160294712850389108994873881103820964740161281028531798079102653764854153018290656197464820797826097126412995989942780834788526011940024410015784368,0,0,-15451207616065094166448773115423342009829286055186215071393115214182837647593904488872251311094727878892461324102980853626819779669790719968413471813842261141295039989427452354221317104726476405135886836408479377140110790791716283896869073346576906875803384559539761760178295230486435836448514920968045200806180930755501218374095440773949705919501607853647604790448248363645610263263735622833486617880388933826271592957425886951087347290190504157096356250304,0,0,317223357666265633603228430841591274700283608546188729539317958550979884557207903112051301601636791450761505428324234951539249055070807772864536903867692322534826831655167949502672882853536323870618755647647825636713955115241582018221087859307334778871898676879655761396445204722607802137838036026638013902176522583205961515611253943923496432829369506593426294554411248472151843808410114321320,0,0,-3867890195462388138709285460291994112334593447652104580001020270557966802049428669640049494012889608770735776176729880556316945219034791144355572769607102458291240244939723285437146062192100654603083148655434075636305810763175519045927849797802196701214452897888536263734804196050699550255012134528743652407083725974511969967976,0,0,30569116566490761786990683234936021140558263877779998346441718072390669964265246632176066521038789263400482805522677304126880806074153337299600372635646692194883077620744668737561340645146373544821030853550424598434544268505967060157947974420311907480515169683604,0,0,-160188162847483061885601303180145441583286090520183280282868991172621631917026510505292536153163286444244997242615549449200199923565877547903805090204833597740944998079551645568961075647916270736204,0,0,543524268643080418951609261739019764394695494406811055835352903915407077199908578495602142823692832559319806646896896763884219100454,0,0,-1092787892282854883911167115435228871774791238080742091288851484132,0,0,1 # helix3 r=0
8765652311978924790111295189950442887960751174703001974151540187589597095910305480616447498871479568449579166835534096545148825799829254099766230439340284097670294012280546156993872094006219723042074680962412579201405572446899292442881799573034005233986340087226405201389546805477985819557585909854033582279309166691278182705239801922967656632902104998463603836732969734426564844202693025744592109137939544633415337,0,0,-8986407430543743758657628809204417616837078167303871719580534573357720584335257778766436561473307894029877217325623664595047853497347343593514457154378938666506740748997510412855041117171246656103128648668128401695805944949323557886330802020764244875217267412630178285423779061242746879901417783577893098137688128435395473395525906185129811110463980779206132343976,0,0,4092336868168185287087431131035585891567241946253404086753570242330795048240421230912464761269113851698516601007978725826219962538629162313263304491692613112541266385275856917483924062501553240143253239001952600266307014198144896925992104439115001404780457246741512940063647615475361028778883698839870784264834324,0,0,-1082684887051583064276307912994764853646245930176685219762414099031026227581065443065701133080113401790126312236881187705960184654689442490556811439468530228379491778852612124057573461444912148339969285360683857445930473245131282879022992743822076068006734968648,0,0,182126562327978295739835958115900117971533503924879676827539880567618861804472090781468237417690069903002597213135685669805700762666074944366406613259846487828434588034232222470520597864584954026386906988031902,0,0,-19944541500599281962589357946704191342006675942034759588004531215218454301038870454544453478951292163973194075398030245418869273169039136321145181002193858488,0,0,1387292225626331277119181697184545081635785767301699484030377427494658577356642552852703228649038737858980,0,0,-55954209954248111797665881255950729974044124277174360,0,0,1 # helix3 r=0
156239295343872711899772807250289332524920756862713628338567457717004458081728478978453435640419290899198050957748937292498098002679153154912110969350783086017998487835462569644650903208040137,0,0,-874569811664490799252055893835341162099993324136425410597718954767423296342850260100455667404143239900645664858758175007855997769899599824930410262406139939497885705142,0,0,553579979835284735331565601081256505652970426919425109453758659056097464809622283169759607260143964279680110554740089030322548365444189750613468,0,0,2723204965613965740215690762319642968410456366135320782848600189018944138793215372984716867418822986289011335500434923806,0,0,1441935298213100224188887321240185996006325312788015340587461373987740046034676512476157874383642,0,0,-15997106870099163290034188404327524882659968650248837050489058044600754670,0,0,16958727047750750859309192923988168960916635598556,0,0,-4666021093705379417253426,0,0,1 # helix3 r=0
343819300459564351561592777500193282778942878529115481662855692478140021089340539197639602663983965790538235463828949146793161656041064313912068954171902044044003520327184756613394202624,0,0,3448595924576657000570910108258325653982991549079671539255063258436973688849936536822154899447798559974907778231850969285737020395728945151673826598266083391569920,0,0,-1413477975227839033480103130298348577147559412697261232446860469619143949911822499550494558945667459381925004027649263319967317233418371072,0,0,79993782209244427677136386261013908339157540462230241054155002349509700267506089318671467131209520469490206119034880,0,0,1947713234768965445291011077727393949987393159041855485767786358034270944008663311509595619328,0,0,1502800729468814425631936589452976834254559529479470829666079655067648,0,0,-41300581059931329261375431095922697416799682560,0,0,92010239818739402932224,0,0,1 # helix3 r=0
671377123523752701818821858176692267823598170085879451901821476814361246019199245487194963771275170496456923544152766380713110519446515949632658888470491923044412776096398291615499242582778713520430609169738956319757953301796705092049606792605723032632648048106969894444946389968799433214256325605555350709091739632026045764801581084599387223772661320501136546955322616081019369409117152819971340917507181531151496631827022533769637604855273322265511634493547988265053030932365376861170616138021032066645981450365948394650144315725993390781509962800302268163614825831167850496142881071369864347648,0,0,14747979432422473138649322781609329458787108736125084071451300448613582813654035264045838717477301510263600881897422844488922190119253082912546402087256734989960874627471398558579348362089670662943379390286237362168647288953526879578296215661307414894005395796574563950067837617644693000109785612204050265815259888136850377214841115820327957636512380292197777569621856620507530433494062118900100416678510739080326582473834639919119899583666611997415309246632018765071427123135765574634896942625734908214423841381017351880704,0,0,138257150838305027519459375552020097249854478451240785811531148566171563451467544919357368417329371046990640081214194757567920033504683203046569951425214486390959287859321402413827362905278475927802978477484338647650489636773288340543997730311983481936924316148789760683722166435442760466048189932832518381267045759700379166357227011325585185563468185086600337489198063772774880267780112972803976918274170820701556867309276680676673032044691060686848,0,0,720685868368462302002363013114288691880467767862786236168351633404342554125917065183155225051991449315157479872308085651479464224182679337734157190602723697944601750924537043636656861487264558771711626773116430354818202388195536099442019451869883048468221989070394502351128456378525764600713399174610543735467125476817957341067531877966057431162501146043742973290656791789568,0,0,2280329804142704251138840725994181729909857018893691666864487075350348454089084654490693464316183334491571926537395551038368346769279686692339531683507584037754203671436022928356630931375779169868380662653020037774365658916482987916560598649317933203355968485276572538614918923562023625386495636930560,0,0,4480907934000571221903959137818973439073744053239406765542683405915095244516129229056840693155728553453480442860104311862060738358031019863007188462397186286810976766996665018315792792571742060539538004563482178324789014298624,0,0,5342916135667661526372707781137992723838660466306827495154751371554794765006949664264450403245384959129464572103338136800165177535757538502002803212288,0,0,3540008577189259905843979166168749127288854578714132673015877079207224803328,0,0,1 # helix3 r=0
455257928835094038919331281596735853603781952482116097313513572040184526759703333722002911237760660836518684459537565590310499526342673420029698610937236374953384174808541529886399329336676352313165090667047525384402168411012558448865408283280827463943104213253916509368151545115318580815252697700597,0,0,-11393552853018464641442904292774964189347036396543302982234464659025815797185728079050558279423590208640146491794145500173090066201891439490436837253212335610165596078801434894548985878745642487687992104874321467455837461195916818267280646189724661758799911560424,0,0,-1649999876840811816847473407465791840604068338416434397066306978312233250544160021420858486807764645876640767354275483049610561605661854777799598782363562796042894761134738182133693618987734030017022675325731511497543437037116,0,0,27780590402213898616754731647443586301611058200404371086798503570930794658341170430029060716942536486753204035858464771812748694057652246012762707960981535466915404787887968503210895329016,0,0,1994264026399770445510670404467327076564731383539591491505102323224220479958253920600113922987987213980686062507176027023767448638886574226494552516474,0,0,-32323088213558622179355495121623673255461859563563504866732633516646659508476276514388177883516883351412935158440,0,0,-233337025184277997867033260597028252431471138059384789818239169183375145380,0,0,64101426198890350469164879117813201560,0,0,1 # helix3 r=0
127722801750214227878331776731774325023194208830207573306627214356068582415425261660616428831854897814263719538583626488364465767455685700542681566004885369063678002564504327598379049118644237687051675794129270691758832598063551479586393690308005421180970159898064730680747739061199772824692992763144388872194164478491596772762442505906393732666187827666739778356844548960575899106178693965344628728861054193404155249462765301682134097396817341560400,0,0,-7376963401516406021791967329461083417604162657368596990498761105485410921295105047714999459714568152902406389669307371263989044086624967571216198014588931089687855249098016203566342282297404707499154808839956428698425151514579923539193348526425686833080213488076145100068022773971146231083928088863227375025221776159440064133608954675424144529862397081076537643384250254348450464277980923863440,0,0,186698097603407412226982226313764883572929472794014723635970651436990838064637290556679256438389862208377881060636241645494680535926467470322465037061553928661452076168883311493236123708732932180369227887627497895162804753365262683435579250035944102996779579345725878820960314278553274219197723747777090293489206620853067184960160833240296,0,0,-2704841292322145665371747404288095700837655907204511757852132350142677185099531293691310867137606104819056693455346067746074168116898146401337513703057198323409748100729897638476054623714924889050799423912982835409159100481583055757233646012884123893367677396090174768394020612962600,0,0,24542200512912661672100104285113663176437445602563487002737103347665805154895719903346624979598234816399583268506572682810335443137216923050662616008027062011859580118597289221900985707838604267899940376300394937600775518093408,0,0,-142849872828243949300358587084184941988577785927673053946212142115469085175371558392084956360827872322642707224485394681198351461361975744386650514417594490726326156641888,0,0,521055404701924334498110837772624124787616227768036451527042216001455878565131654807542882717556454988106584815416,0,0,-1089378494795733058498088670589162283407694319639230080682,0,0,1 # helix3 r=0
492211155688536605098959688013804318139288178824881053437623587429052504210994516948431871984558494251096674110795102251732604112628008990392034897911711549579197838574250909290971108490732460527711311563186732164640856347586029680183800527000304705069986688740804603413115418769404305982633224939716842730891581418760754749522618564087583238156871889936131872522725552752,0,0,-137837072134367697673768365399526173950998677159432659434011318946970597775192632251755262153330036775361124259687244176277723166455612972473564114172180113496277202693322930414252803615759871012039454350008138816878187416339929916561100528040584652875484409496165465507711265843970255109019455139711024231036787155275168282048,0,0,16867015428973255321288189736511231456498260067555793470669115042725955054442513190158838590673909511429337937196290542823202940708109587284291915994827807516010624399654947947457013845626719223707336277806139917622700893891147377813246195613851507286277095003914143055207770066768,0,0,-1176885053408917713052735488540181708773614724064723903860633299954385485241681644964595344070689769444160201824151262648185322451674411091777704467086814531625119197077367271301844669700697924338965786920621721105317332190941455510496,0,0,51151099370062653294830892479299354719405403013674668220939154573256044647405261742651398452817384134596686778264399808536914484312708275286176675286586146459216963206740501129990301420228,0,0,-1416043392389742150051920834329418757031424572529999124605918039487082878363645626950134655719277785443637461040744113297875850837744130150416,0,0,24342205403806725928893173247194681252666219296300458520085437499861507740923126194925649532968,0,0,-237108710316299080746657555490488529116480146936,0,0,1 # helix3 r=0
310191775115953859384664671922846493836431465076969901850236014356320293234231933171372868421043973357715090457617782343671841935486856830990318747532716727851831230048013534575622776887115973750556002907498855379894591002917938631833795853271649738181265870122915306207055711283046071855680664239419251937347022657902704240630630723519703168003752466255988020621394454388204673904162915182115826938863947997411845426655722546215249303393433881550843449480245926748262081198693062282219490798449175825935590049730267942437997856433751457299685277613652199154646793953754361814146565098348633687339302912,0,0,-1355632779519536405847582603231959244337035750831672842952644091378067330528219447652617910277310917671579788697573051393564112454762923893657009071692423105459294151536096200049588089985656993255777618743603550333480700509917857450778226663818564702361300384676001841446698432228673683322296994459149092473042236645680466572876928362427718035231033093993579874260980357648276002581549187132227634803920952983238713292309905147313840232771690434303196421280008555846847649393526670551043283202757127099753064841922659492036608000,0,0,2521008319941898686854943801518341377549029545865164502184534878372099870269325368914524866699331226735575447946966623980733406677512838256531313918885228013921678077315454097833924405787066461277907593387123279877143572469725993762940236071052999982447357614878424901046523550233040045376361072937091686526865541260103137582315054945894817369335094515661191561899394027741928364644812751665247118863357613520258870271177660721260217536710279528928247808,0,0,-2595585464750224917951394649526451362323169267523062930080177238269118689673266004801650418193935159566530566626497092582700252521000996009207607405104818322561190905448633486024122801921235162873841556348767157095086310162170933559713677514540633014984620413867364605709222826873622128676565977381347751591749152965077277556664884579396587047653744829830010094439008495455961088,0,0,1613748913735270298967482494352460073333268259785568923975054301367793505876324192910950535486240373771004034465636017144034958710076136207733574567709035825188330747854182144215740981159026639899841644006320951590012336814108602895042259955381125668789005704610101611911012825956331417451485414243172352,0,0,-619625410194981928401580361496583880277332110448337811209728334053630853250414524587862105551056338308653433333093518428352974183600101547146655190042190825287886240438430517023690552273232895883369791502495190612696057765691392,0,0,143572793355767138165762208652589883868281784029619978782707498316842648589251510103080384623048470169097198375327171719716642856745811615048416456867840,0,0,-18391295099632415336163338058692781692398042557655754457097523503359361810432,0,0,1 # helix3 r=0
646400048840701099800019945209141831969087431973363480135761625982484663895008873080952018386139081093958217114811255570176905759578717238645874071282201042237489695388946419067554047564190873887800310234636416473180864065303665413979118548005474370309503806539485580287297014494659768623576039850879051853606493830833170108390470385254551505715802708288798776887734827455844930183685818114453681769300932743420222666954640872360601211944494775584238599826373580916949972591789610885755445138040470354918109396526293800650537855805675392847461442953499257591811136401689593754153240956429913962252712737406150150089726711300893638171100357270771544392865831047693567489398517826282612817328215121539081386081171648034054888581438214341941366915658904762808020429168125796224795512217096686462210321025232408957025897548370889077378162406855409881810809626034176,0,0,13157962193076942922039441392095765371723466186334534608672704274411946096121677433059283424147598249781595106290657421227476444762076661818054511095429675718547294876231281438453240356706658026161257711551730670307994924511040383094506227907025966443749579622346268181130998903561364426251550904511156358275117589613370954135790232596330901347971193443612847707679669277753477244032678601739340752424577729006466972147423869703466281336977420671760968083033201146745320856553891490636046334962459974502473537617670941538199618677584463539461275078350046245400203867910265398319213341407557450371186454449031616304993964082513789046210820071908596706948604440367735632856890523117022146476024164018328595516136099698658663843780614528958466283840269713408,0,0,116602310059337425521724697069235995035593907612418193322140441793982785405012810529557532515965089706648193984543612422099681770780195434086077734674343254640476868703803960176152023988751543775744639774110176062403908540309145116964898474526376192018169959761734053208510394718770561457062148510003399989498228211552997543255166717844590920286683972993333807528883994284945081125690618117462478080625757295761478277952792432870708043630159161441744793672198242233835694350070558574327814354727374279159212031972119295777000628164101343517154261405542517428954390489865381701539973617325662436607900954539566191006699509383772922134099590098452480,0,0,587633432855165260586270233224047060972253752992904357398949993215212399645625172150753229280009695356573094547786703775959386408685346894487895466225197644278159430139816057194935962120200286952710261228615044873449820283789847834363357109558828377445700527810582536518654774866758555251564417839478534490239056879925543117980742902797869816460120617036188904782399095192344078156535032861910301040053710421639910415970859128413929544244854336398129626360774850084983859004518903649900320343134244211662337632806471510821032430477756071936,0,0,1842440545412472035998624477011809831328445203342254591601306706918577618414091078606296119602903015185202250146961841374987364924300349160531076552680402896190999782811465153699130449197607251217712658421540104999854207479731618640572693057323042672623855213723067901130570404068126551115192654084241496110521679177391484386147215366777301531439258652594268777920635730147677340064368535874779934028169514214462856997646985917890560,0,0,3681067665819235214758672282795089266795936237900844906741589536462153941156830077200194894077541310655395258279008628013759940520631727818387125226483019134705280322567402439515540914473050734181543136489913589371220513951767396800723410385035135293796738127415094153855587504282515926402635348455494033027405644343640326144,0,0,4577826623922409659523365803490471692647122441145517603239444847602886510748825584745317102362715157792563386179862519715411843623447675874741032973911056685203417279643252369123703909350109393000292515203818304045056,0,0,3240674685095901198479122476771395172417067442085778449071513815513777503952888285651815619515345866527342592,0,0,1 # helix3 r=0
31273051479366198471705353410944809133661267026804201,0,0,65807428112324926942508382389435065340855127072,0,0,50764137155511892620531608637281553308676,0,0,19093957393926405281763876407297712,0,0,6467941803331284334780490046,0,0,2638463562340848548352,0,0,445485522209364,0,0,-42515280,0,0,1 # helix3 r=0
1379213376575320745193005195283666196752420528659574387086900335799465667482210713227588318213113583581246456861348574712425426711325012518086986780490489763858474763911460386493591497056123645185587652091755626496,0,0,-15301028035798124183090548075146453584933235289995442076580621392425025590605875791352478132660782254801012910148689901145387288716555715763250617990639999852876378345486866428814652604416,0,0,72770296522368244519716316070210550741704723402390172687724113125407996467109939792716103443544131317550731171865715588841271181872617917775204764578845770645504,0,0,-106190181738567472269057073000379449252532968403614417477259719421447121065834005613993338910954360057934967512827939378638960946315264,0,0,-300663534016093539869412248096968274422333348631092643630015857021809603575836109498206309332595794174279680,0,0,916070352003096872246699968129204633576506284430543358904929439099216804045651968,0,0,204712766724597959755857314374699756725980258130460672,0,0,-1710528449760952562078449664,0,0,1 # helix3 r=0
9584932285823215555461997211397452774066575241053067575831226547436140628495946979771443472183360330692614887833804980733743114654991892156763708295019408971497792102446624129736479399177989629670704964372521952210936123624980070454710610885565566850391903200954467462627814016593444828920384743798839108108593028949758991161563721305483221242404661374577913805707134205854617658998366478178675008291826523470362966789636550091041025056882067438788744349356452006474668792929835141921367840915322830610492052172134269474484925049989009251919320554830640836319216970086450307834022647888059004935350397673737653097836781409621574993514596226658346861261565482319610981616975872,0,0,-24518502486096951579105248673188450613786980951676217508007221353430167385204810551492082878256205906141783081059439709651205970427336982579187040309094337131156672379938286389125438829969819725352998530748857135281943711291617140965204039282825078301264724359461176366052117943035305879892402536993042432894864542476038799177683179459557668870804841483869241014852437405163680614524959838856706478238821547964017763229397163975425129737834491624272896662107316430028684112205678001679768934182569091333601802102079928793125215776542624733709637810505955334943874737880425790400044064412008448,0,0,27374861094734953510365184064581831801255116551641243952769761307792431696404895454239714432807494360846261704214314951344342197082249730137580880458681463612244823009380000290604390519795990128475675765738105121328561510847780416822210847203676208198509268050890680722614911458569261046287703185736583771283596458871565684056505477177963100749687333702381064849777862203500019744883268308910472912950591897116793527008203160510470236482830568310541891555640568646629243859980627053247976660132908272216702976,0,0,-17430665553775696599142985276442545616788353935638403626169259993631378373926875359967076861774461119724580386694123302962065206763851357043545868965010694941531911987664776348081926124178963713445659442251099914712472328619498334902970378233106420115432903240228753717970154029491769328334148295208469527346593296796890487393993876318894119644687184726500007244826455749152214487914497229293945911922057847026839074145042432,0,0,6925440810126989932447874114511487568990323459059362024320813074825461986396047660037352075388798062704126104391713644636543288855209759281133505186550386240339767378770580714567528182535627137686053434619608262801253548795013354511099689063186465003872166238159116151051670026822997544823004627526788333432284983683966326130151563877941248,0,0,-1758687181396909389540328597631465608930787774846058089385573887997966546494797738544510580368339363083705042447603268848523369539815172442997549781579243836436419089267925663409123753643699640587283658291460309191695113327318601720400475267390067796082688,0,0,278851869184064824352458035203220642860042125709261358865245721527324869370727387712587181264778376160541442205347360882651792571445351689858401701182423546382427908734976,0,0,-25248686602296884189104223847533908481601553801687171996897210640258844009790458298368,0,0,1 # helix3 r=0
80001393605400169269166901710221192586934021067743983053231040955167634693240877083797003631844260839948782185934875302426326530629295751449225160199139692680253868248497532577436237620790203001934660001801392971445651955303969189006956742993388127142391775984129954572599543983833938176316331084217780952077242533376748996766760128995477887949825808387257691217649302984867789759508496547731137475651631058180063571538258010609630127261401576758635369191419536655201257717705953906902546710064565837977877634371329700051296373389777623873205171901033222106660609507017600753645906610356404621076190639568784270517514038650209341730184514597225100836010881727,0,0,-27397902785087073858256221657783661948458972892627588615767074852858029129905270480338631814777910944672279358367121417409499571329338761523851828849424008586804414342641428778908584882600760252740594728532196166187938025076814677905600380629511943186278898198635234829299134019827698367354136562754013871293649328261883325922759491276606661426629997481227874852285782009394214152139439675517878067570868734210892046889403553090007767383940303124503653175716741838911962412939369687291485732860730937402960059133448432474119102846701678649601714566758646287210941632529859764804,0,0,4118793791999342285937114728398550902915794269215895991893018376188247566812687948809990819480656542122011864999555406810802257272198586011831702699328722484521432963916185364200806979502275768771737453425481962169074726181618670102076343738956057689477805306805574085437816887808991809090080924891550221252908545175011168086734914794452374730686651136755635143463394926077456468989733953798166572810336148175358126969211196494836933902162742808767222587751914955648420760115575962204130113987646,0,0,-355066111882622979750756951969889327237116586988483816499041477959901457566009662562789054434134227132660472769317955424153832512140993787646660919944833993078961745742485323533508267027116342336490750420778407018249203309666914415631259128884122722350017175862395431279881964907939934560139219623471568057983048317318245234808967238540977578936730332710823165576774894692919856888243492355658693111486521218062308,0,0,19200894665377694312205692992966891421215556904811023855100850052527362383100373595177656859439514861662040280762564704065708293387546267150832188371821355829312136308493098153983057679161005007965114949098906129836024093548382969429004401385785508282095862945511007630109654543569352294526612387389053594503311654741053103639819269,0,0,-667076711314103777614651651670503348182961946941265755275604040573624108906607680391283851179150675541004658627666695909723385596636137460136687724891179712941277628581736444303432022330713817773417844571665639873382841826311730661962387870157528684,0,0,14542662339468592804297030599709521748341457235580644024726777847675575993494850252103983678127786354244349710495206659701796781885908581929115508011647391939819185636,0,0,-181921846576583753427112071542917064941583874157501232916064315859159304263853801144,0,0,1 # helix3 r=0
293662898407691127400456786527704660403854609159405959708556773099693058643810462063555475331646896914420228618836962172123903073234337172098166881312750637116404647344102997331270070904482228053507154441239412893848028746321747235301474129319402680118510602629971366669292798900235109938480116687060320404915784285386895256094067074422834855021766578998683181038082371231664021059242806799761408,0,0,70221284518901898085383361901698632725053914313404928636992640415051005789708103362886522875789295535133652355974448328796218242630764211198358787297633931825112196727949215344442484075324044317830770408084642884866367021530829250328070910764933354591025677356813883199668234145202106410808713487648003055902323478593698343214643412134809353322496,0,0,8043693112991734612541754445122674201342010959613898297607151345578454950288448805350944028223587608652283723982355843433075374712394640530993889998516978563569283477241883289899142946530839578555144318606548190659863894408061808718981401362126819670023196865605212205741860004717763057749908783104,0,0,561379326238681847627574788377096974817039805832636810932328470810758304723303580310882396336966360560416909619638807941028559353205518333404220497983119957365043811616542793811883236113705077070012227457060475670623523386056688315835847721292398592,0,0,25810797458306991274441672349742994565717989559152664383996799525898669048610480465826259763008834992983300205475979724949862502551043364073326599232908203973096181623967882362467393827629770557358080,0,0,793960752179344944025827620123716693916722108335765606717614855033978005960231627723831055758770079356169368291376565134536244820242154830667471388672,0,0,15861356353521379718650377763746482044014419158626167683610169813708621792296702473170548624789078016,0,0,187339586347182896800462267243029501364967602913280,0,0,1 # helix3 r=0
57960560807685933413056213558412575533809408817105310129166658323960945326705575199250441950870419750224683900486263317696070769638134523139036778816065411679457238886642383541679838558068237295925352242718005269356011744547486259189090360672186834251738257490948635067204148419493358660699220346581168437700208,0,0,642038135290498427044309798732064358380367269101446175691536210576310605977872483634888580558229020817376334175335699269467023514929252165735527057174619549111174001702931059706586751789328684924206587904725771665685478505163769128123301159386454501688854250113605633169760,0,0,3138155344481199191679663056490418043141606303561783325908121457734229695282531833311574970677804353088973322337215112951257467429965842373897715262915462395411552222941134636544123810177586267822912009665541134577449552698863426136832,0,0,8839802476315881131366230841051600658880811240980404717473377351779735005845896596149560264117752719917270082432871052931471240206380669567789107210151255259732889637571747263978844645352892275488,0,0,15697144905500771637248892120840040694306944399539843004673664388943590928147531971770692428612232782716525914441975634576382140280943168460285903643825824240,0,0,17996428323194163888334933511108599106302924129930777081249562647573246231076404386637037518743185555453586190344650904,0,0,13012260835734747618562949305724371494049038391162099211047991479890990565869584,0,0,5426900668370375270618214222097326168096,0,0,1 # helix3 r=0
12278980183229700039697573585058062463713310249030458342421447230801845147176580952945351106608900971228680708735638346532017815242672986874511945372637668346177856116097557137582477235525360746508119881472123562797884495578023456333383889442462635359762093426465324183893573607512570634287592557125743604522445415306149452720619023698258877214670841103930943949501018457889598229763054929920922647767098133936426604712696319416352724848506110213914476836428234952510195098017970810304321801404808832653194817484852669426824336754715040094831639663556068564553189456358257152272467865349859931620744246790088090847441,0,0,-1022994822096899817292552356290816648893835401801397373378600171004897867279533569738607977347125636057707846111851426777692930894549276349672146649157374947112799847561394514585129991170463410165525019581038378586663925923328017920324653977354432263870410818934576905015714890547580887479759599623780173663588336700181349580574774500840990405333554508789166186767124326637138828006711589298767867128339286159478251226426772486031306193549561359250132544430920326775331723402548216986409659883755745813395494518755164428421362125656025621100,0,0,36243007601428586474085120793880416114529035253386989796776695775247621812548373737806112627184418200548009743611434436527193519948208301235248955256858068226750095621132154932683244156645118211895127239671410841467414984284753423063651901169341609167384382104654603092617218030016735640187553428324153230879879588105684739575324296309708531132087627695735113857447687507006119240791426412973737787565113541258779672404005744056923474268908746255134553216517557532,0,0,-716340987225717997290351009429704625103279302432849632461917131475541032778927919602652703893685562894976990956120736377295584626899253287699906366595553953232384075566298996686279553604969918477819938970001032313296844375705599073385249687924195865824148808981833736474285306732328413420054854653090722160735952305603432882953779927771013094166154497770103499580018503985547465950200804,0,0,8688283060839310848311461610690180687285837262609123457080764661479314799531966775204400137624601283557140134614028933354048890969938501004522339054829934485289358016751657460450702182741563338919242759458855963556281998965345164459846731045827611134256242401156698252844133739659903474665162291155250238619222,0,0,-66554402274614662659362630410192433838833185551432735136472850526208494248292381907432601585421475064867051862676792315332556432374534570968128151945470772353950265586154559859518835409777512457966925169526725707231426126631153199764,0,0,315752136497664458161131246813768973561097934049789183082396339825470970552451344650636253257705863334574111826278762135989964873254306576320208193735498556,0,0,-850993370265470785083955990862466073791176952772115977175900936343581679915996,0,0,1 # helix3 r=0
455392658048563357213420146697486740706260747418963042579796380815072551848360675683899099439207505049085924062164824382574570211147971121882317076187238758400822502382930300878990614724023730596178333725692788069714568294658914576671203032691276813286194563634220870805676278337716061630468790725232339717958045898056355199988129178481,0,0,4882286498879554762538134566940198260680912753752742739073943047317231807651310263629350521232486947307189594701010512134005642617902579200232399008470701741409118480224164053673643381922182244308835652012892238747194191755876110718284343613730892395701594503108987959859873117431038941796897040,0,0,22087123311664451838428114873061946977104143752853773886945290186065023425040998551259686423151509682896583026183845048968021796928530324616586086435762933184816790795780311422903180000501933422503559869196581520009117868449627899820761378272398622863890,0,0,54835037397868901224416815408985663870733051796792395133944921637523432002728917439931426830671670192775393645979553403251955235871996600329263496788142530843547997363716107106583186585446380278509396160516854684,0,0,80484196706699436010315809714420451896016863720685087173505343345711239481337099780467077579896328529249222833265836529236219521053851691310694922983018527112165624110366,0,0,69799308095977495736663148567754709885608747618185939255711959579352832600875291855427112168193577141027654974798436428351129816,0,0,34818030723680143108138519780090636051857733035636067616258554224732859310026601638794,0,0,9209988396653497424447398954457800208077476,0,0,1 # helix3 r=0
1783474846197117176410096313073758560335691302749660049373653618292310462242332283145591306452061879037432654489897040274977287342181589820755772793706472125064735324769154566117045802150941,0,0,25829398902102812883972874875313471669883881862483069156971684202889902665554764801260414793754898174747948963263492872204739904670050820037474898655707591791711926060,0,0,257439445574963990629703027832458741410825048702144459199836946351337477204217090930428093224438442594842664072861886975701412907738981730538104,0,0,1406293430528240605040467675227157867740262957502073316830413121451938335035403371942105401758386371559303315243992051836,0,0,4298001270770487309251724950721848766942539611501320171524806784457852034773320951904337190376858,0,0,7652607375144076133666305039557219672787221013611095002994871098513780516,0,0,7891473606328014871093042350880651824042708103184,0,0,4357940559674126716163124,0,0,1 # helix3 r=0
3922700314282191798306727509383533035411229637257087536237261972781024863650701550052946311847660874958956486472384808144412491293857908415852078378063302703954717256042722031838234353655914111635558440623224833490173959170330155064218492205581035963606325776297150625,0,0,15507694157052018953846925194529415420257939482272946507522800799498315498001009190692442640543221410305430320371799643738967624232112620265249594533408751340991072674734783805607447007538023111679135115876740112371847555231387570158000,0,0,21673085800619484673406192186143117689623869422698482248019783799726855409516258103139551723028336197596744755772194602587281065085106445258839423798746550624350268872226007996803675014363836136432406850,0,0,18740386408947534182883798086542224691850149214438797051084633710869273784037200449118781313262160859233544687666235241885846584850186597121822916592069617970417317659560,0,0,10541396846701761327884414366203189004308787247820643569214168178592063449066174210974866114805267289925949577923208704657889614376168603,0,0,-5312511621523972416043140261567014964266943782708686455604936568522558842413233307704110478184736983112,0,0,760626813498097322223880388638618954180457099953081503214441494286726,0,0,-45579907303396078978787677008412000,0,0,1 # helix3 r=0
2968790546028907225343557323637289251901834084672557897410261480739493065673210298926596290262274769681861474990633764758159249128802693881567079865560391733880090256232633129534777899962179783202894826394536187336094983721226883700845718274980044581684542018647051481314714444987836075902506978487731,0,0,-1280105906962290279996007061001167113012214356617463407074119931893540027117254570748944069042642637811331610486192111517327684722778106481524694889033973786485571636470818748025313381937721485219514780527532554657077015824063266368926694478387291258641963889099178,0,0,147299577990569957322239095027298226094424062990987960995954409015296606837591844901315812231553620319273406873369945470122693888308867838415421642655648748539552524454870329290924088957290458556149852023994466996121607271574285,0,0,-1143506635052007008237474471291691521342803302319763848994304435005699154087046683905880859389141671333508108425305463858695099634565872436130577151010816401313253261484290404927151507225106,0,0,-98579481544908871057951153211782465123922280495893750940652639638373218184800897193965179945402568875663522895821927924995586679138414269108130356485515,0,0,6408259442600965300633878380646714407209442333684752747658927949894693528688303959370704936255443300870487893856,0,0,22738197900328713985107002899105804480112649126280780955433018839125435579863,0,0,244818454065862869343614803405200431534,0,0,1 # helix3 r=0
7319510851061328532246142919032415312049016695158076882974664220221783357110062630830476184311886163046734225148971067253876041696808429481863294534905079739463248752836288342460465882102486629635029413992377163826234103186516713811091549068047853051371419646599346932284228126567238455290643477966111629986828823084075217193717198812790238092577587247046496062537559937045621421172986249133427538646350131999294805299364951533585679597884221167014595439746230508063734950851677786249426544,0,0,111768290050621419776273357922928230637619666393127318930855370126433232314172309509151423511014581771867897317223917876841279189991031174752373078278626095393468566651957828760040785402015667569856571096352217408861801082803273196513115988622778655817474359697513903893045051829751414790305035294774373486548860354538138682196429149069966234395810936527501934378720682373145424750120569210653334440163139804237654311803345232576,0,0,96821445942738458989904185483982785447590227328119773993986864206634962320429305656894940338534326622941728940594323938828577440290901007829901621739673663386741850190388766082117601779260764956187563363356293704766065424369937554642910726161128542045399570371956142972565390113109693186080530968483958399057852679522560877347362566637370474256243985385545734055867520,0,0,1057254191265148695375187332848323962543610236450617031254931388091633208890786295832640919032601925314025310000554869584005522263275695569728338909884611746160277556413909794785085045542260159153474059319565556044857339492834611269691971906493710588211407592027617661767098129388134750615544664865456877664,0,0,491482585174073338537610401588770594177778293585474350956821519907057866756177345984493258538506430490648804866971597963336573642391108682394621542834002374264118782255534120193400929302164934856214742439395853708091445509069804843588640837519728,0,0,3453059087537334445759735916228211600923857186109786125112302650982761911081460970386914146175487896978798562148273344017313182322709751248024774919227048856382139642099497643215126800,0,0,1133611245259539789786290995340446330299486904257052248390760532879422081313216617790012515284206860346041756804755308247600,0,0,3886228355985176847252957378868917910702775854661044459553384,0,0,1 # helix3 r=0
672891890266933157558616572238702976659634270158840049113310692195338003837625983208717939138468053087345008422212360649922338684925744217223452433081138676272703217727285673469573541178711084945405566999370538004421449265915592075920955635263710292926911951529598635651898323004786944500207573549399095473399400760964744930998176207596840578439407425580595445703068610999238768423489601601,0,0,1007664283508726936163631750213878705971392504721195424260188512434790738028688189593636731056635677124277180018329255795920828014678819788013666478145136499213311464003677480146587547073817834598521899128902081356493945582592921042166383338551484458770333904083398062164623525140173469403272107139750003560537989817525407253422530301566335044,0,0,660130536520040615826224848421209277856077126583030066525839161762110806929951303185570196292024537629865157543381576072418341696978565399278651660708782387679442123539637193436913251751252296224976270298511771975816685465151663921001846328339649048715524678079349480489106662728242964142611452,0,0,247050514544114847192564643509539568810807597790736030735878724779545677839830915141983138528577438733700413668113773680698723854133896739962343373946657305231707731342830198736778926601172318675313211920017776346935580022102591102777068418382872,0,0,57757187141866223556857290391130542708263098569180787956926798930131875657665738047938843760521226312490717204111895250080804239875908530597273782744798551888867275247403061688195805005163830684674,0,0,8635546254597567071065121256726995591439635543800523830505830195626018287446101612143267590427527185896803570806267070381237576504912464852635266036,0,0,806188042876331882561649952378363159720174932811369725306980771321148508035438626815181447234709916,0,0,42956685964661207798751298719561008907683667957496,0,0,1 # helix3 r=0
61767011795152809078640570522366270042610292042181166145432735745407922780689696659374007500962327436299157595379343295211875285851990330515820524190027712187713084762776302912272162980655420164289824535492186022845401204808269512208131951360862779858204013568052527191536732492196844507425888881723284989415464550953112186825490095004604670380523432442704052267210185151762499988764190513915238069422138350959665805723362343370746147044896973937919184553026759720163568366704008590699596818009586091567378926537,0,0,-52059213849913357554812675190269438396887756269702705966325124774423034926539149984651787346737199154928587736907002442430081268737798734045241778471553638988018341222049804791749915831763528210028997970243408954548560386146373281229028436958797607778419249429460145225252110858648659188572043299944057549916690157231816809418806931747075571679644305992791693481135024178728412636864068721846166729807331959548717396769145309490098112470343146257434,0,0,19252988101514225257498829316090949355337185946158124760258603945271883243388296987438225445078044370259944016492894616371642448597542736330708762971166173474260751655139864173445417313921827310926734324669859494976635423442328928096370730993177302431020025181401011707379519327242370102410913071913350715609989672431546046444395299583138972299012187151366496869729995972946077185753664,0,0,-4079104964030768257146355962103271102490884944359317924092904465175076508375752992350077029312679519770006255307560038359037111006288669859793106072400150868407727067686342499810350875532118585892206091182584611715948595203222467782385504025244236449182103763434575210436741642407567617006607062591894454463445844587063926,0,0,541398529447782588470798120065492180813288627963960405898345668808971556408030122385737001816672575869028069067224890269261199854863158148720066946137152317369401560618717003458909942620201444130873051287489247107330572005071878160397737740935222517299567058,0,0,-46084151748397542687980508246388354328421006712939498963778010794119625065420635100842755752879814097067963444018165370984208039879043231539915985938215002290354346277451633133719821334757178124,0,0,2455994675624938606426086516241728520326378130658071632921367789583730878353627646473572837196506664253909511755328482284696342539,0,0,-74893317107247946000205874291407947223926645855412024167454090724,0,0,1 # helix3 r=0
240629728119087027356530327455737226888987825458023103447225362972738464071554829671021976962792285388650881958365443426716388406633025870559914935400381803241016314421291326194243835907038228351010181481677662821768415714088076015561133508328589318194255976605096962240532873308976093333705843208154168184982370880330848987979483114340674603709649408853424764945622883102306349898416882033452690164319707405967168335694618772486792404089286189249288525397124857896157767114499761817685062618098073937063874776406795243442472906142225836729827149398256067810622318214464472401652855410641421687617740081258087115616426825394878432747769201426279649883658886003292683602241870970498043660591368385653619903433412688,0,0,-14115476435611484948325701879953586223221188620462727606689049583936555345350039225103692751947294771738061412479071264871930694809410182320546464211121910063487405236891668261215299830440164578325722688995708693962424956156025881174404793534455237233975303726323948145279705364680713511948801074759269781772920813578970304365684581916300721629118709163519669048982762899255691141092801753664542475256909230809807194335691493172892009848133725941473965671603887802799468058745759383562152825988367407700050768259872265983659763679429399328949199804547084950393362669882095052316110250734551300489892272848652599247587451479744,0,0,354496884363623482345161514786029171140472275665896730310539005685137351345184693246168602104686614646062985758469029677946034689130438428772884624881491847120213612680229822620465985671099331585535612596332238262138067125647149114294655907141584838379253173057544048891049469122427260509629897581665068541113216666283652029380904900595367128458490472733222827760399377469760964407729399196772870617495819389669533506654034511989116788968272781743432771954596146052473012976347030392393548811064673830554996563301551062777473137587347296,0,0,-4966133193931967454500408613822530694979677007759241708788163018340492186714086353702968061000903530294764279883200673807790660346046351214344247999074922120995478716224399938555660786352368740434943790481795562377531534149160635758748900656393768510188144562475311453688168671838048317948980938465932745173131665122636233569660187203026523692795775117741042955064356048929922723668446490946968239918423003203021614301356011770072584178115683540016,0,0,42354275618436383494191764011425211044376418738715150614735246802471515716520726721147425873430102194314600510576747125990278385720163381644270208678986842507862889404825533296674254491511410541179364863924837060042426260805686259410456798017992438541440490168288184479174527207534596500206790742075988841287866779731416767743186503894096177513486629292766600,0,0,-224892713211997696190724976563341775322718175986688094740283206171576112259159860443794373116826359926282857376247217148005896686266266573383934610453087089405213818341262234717847824844300632309752171147442338083143476313542720473123719655172146466785233912073159681040,0,0,726018967759439237873622010693489430496705524355561429017962885244805585846889057781453550544322550169908598852235832700034068638233227591996426402011195414418972994381019686165128,0,0,-1304264770410948531469080361935506767326914948150684378884339790878887820006502205521831844,0,0,1 # helix3 r=0
141680694196174692524810750607483776769082508233665849633479062734812862028805101840268351594502455109052848751205201888542418152670749395222813506071508173468563553574343384923399388300339640142485092884163611722043685562172432722998454880652536192133596320188611921392986410510718608684967711601911614225216998115610082621342431792927897625407501759464472358530465845395726549827367846806571681414408850033264911771901424028222926185325049343817639322137452895517467251545577193191644723,0,0,110747301703941341494128705826928370893745633359942517682388181249386742728039160983102963036067516522618464933958947518026538907164702281878020724660203117796481720252976382086312528344853054066915739134735974541718951329400311245446965755843629921504322169621137490744744275552656398004907273194395213971431300534589544966641564978255326727447580346937223163289029732378450898317650421094850453092900530384897483316845562156674,0,0,37619232711192418737637584861860734216763034540407638803554260083524283492527375160689155563540573649420060367701625673274272720836145285285305653951257777800550892966128112588722015832522008824466891963954251481449764905447038157455565982478214742622620668346572425302116886849820825655692436117941362979686704089294262609502004613397912280410401722654066672437045103,0,0,7256858201298892469851082106579781671243222504496540924709703033681835155683235627324463822882893963188081586833652150817182077824871934432778247073591315373126250930417953097315210568652473460012646608271162999516680861368650826198475116527767416873344112959338835785336071458963175838009061789389953716954,0,0,869939586952558316382375890718861129920757091281792912872393465595131836201097442134231402531558968998877826120213176341064910279254183210314564947501062146993640792796391951401066691192880906932558293141968404976693795060656443692268603436204700,0,0,66391829788959519432369119241170882002991340399438658113109248832956140850533421782085482980028330256671831573418217753471666290633029963106776132238224827086980328912521296182179879638,0,0,3151125644517282177053841537298152283598550618916899484821424756045283878073121020642912598394453847772191957224917617131922,0,0,85060717013315276290254049253196898212097484700779184077487052,0,0,1 # helix3 r=0
89410429624531681389919067658723708941606932006464555792021034254771367343174786040920900223334235273708869440412344997336077586545375606427420099697465475877300416381028543722818507782121679245252170145360075480924190007489656762965779878149070254693674251527494302394413759260323309282572255338726804832649654617781316202803886915749391431106450013698143781829871665617315787411789704661051727065335010256140119612417605555832294017760937881375525785515398225521064907172908442904235988182105292829430230456641478570182020338603615996892332522862145276439885326593092416082982471818324206962220936284316577852738682550120961616052833097168199990639,0,0,410312150764676107465697337833477102753214513854498793699731297612867556155504407973152178803335989584020130197643756679881948155337108675988977894540211502992204371809623173374470136072177235205652421432028314081265716171327451713440902926603403384417932725250754612929062534444942724257389445776752704212694858737907585481873274176636012567829807307992350575306668715779877240971419659037554536269924140522176384812332462580694642289893825900714812299442252107239425242004428360047617110732253817072024795674942769573243054926373587183494717955702797171457385437249116,0,0,822406292681176660545515743336477890036018552314363196570231223666907234553862904746649250704043917503316286255283924625736592523247812440556622773929847504260374422481775592309083352830361992371663429885182155212116881163228712593545296625047668073140784973867765149599244620688198914373087713337114829672180559125316188360926260324054265046054680961997087630622565679277657838532668564958678226185146600396338011557666509049358151340591678871614890562766255380269900133287682043596504944,0,0,940340428049945114785902139831364965437657233316391797591917323537222550856253963708256389639590326968038751830232892235602802472414991772660185666801476938693612050721213770500518929113112977863559299719253661738229401602887272331060091463083446832814713834147340712360732839168582379931047777700193060206046644636667095461470205477327211001158485602225196291386864093158730220887433233240591657247829645432,0,0,670854194273226888497701993794604310272382106973607973378337375694889666672969391512093823077922130142350654799409147899604877705235852907804540134680535918423375677021131893634103958158815776266105158966001904281640923901557175852376379499010233980767611645460291240060335989635609138735621211144807449924736061884658501839580,0,0,305786290775926762112345316691106225585605727921895645256515331516669651307958997209828155085513205700357709358876916082020130026384745662991753005423157003258856533155339234835253397143186217813418909906692145495506751890307194456937121728580332,0,0,86968152619760452717757481742070476056715061782913873385537811138807544451422030104158804381484910513890395736973808950070050249364205308617692607832222845895816936,0,0,14110589377064053024202022118326912314738424391834141902844407659100069492286729848,0,0,1 # helix3 r=0
951900664502245405639816224992473085274348184363108698538842764540061044605231203408671375589611173304909172869763583009782674895504694080046625020785044736659354933223465538685921621275565657939513067981624549559713676827628526387590043083339360070179701608280788630902497156836258583660696895477041933598881621968073420698892423993125098635696847755598164891628444966929157290641882699915294564030079402632593382265911333097182068888431402656569446364274100483271519933451731600812194157073380305250730562416052720427253962717857782873320325120000,0,0,-17702617447321161662595075968370843629345628305401393413143549721107966311986376383127328681016411969431197570602055223881755816213779727286272975979139896800756211987293344192206829064603280439269547666237586629790607563479248134862777144756440712506406522545932666289871542891219724747798477050568647308167358186826444776769482598704962924955275698071645385502847664538613540993136339364393090723700895462245885034476261373890444206382908520302127411238033076951178216210012569600,0,0,154737319357432088806307726392471471761917084496025920772771579721950281643825460915788356666343703725576177058447841266228654103393482756865110102220824344139903191241887280621385615239005107235059900706837464647716509140435807437162824195951687611754114271087803320449011411237178268094139124070245718875925547069029151264433406392121672700744300506115855554416080288279755902980020601243262280803782571985993728,0,0,-764585097385336375050219525469321344386664313616316578265416500013430165490545867914876493837021003558834167974313852463935951485868458002850897178124247889398358703364907611135560970855978520295486023409822053469383234872941642147963882091142445948021562519034988168385610022259888351447607291838608880823289757462275743854904799851309604798464,0,0,2347274532477682375987201688330842647253762636078476474345651655306290921483566567190564201828243158468672413917250431461570540256091838269473654819557751860060293094965463055283187106403003989125516480979445109415077034710629309492881012789071154322215185813685389682779619328,0,0,-4546455735590602006007499256307414799301052978860509029364708340954653079634137506718232602043451104226734223617875470623257455637471793362310947628950696445765194853740612876221279366642332852971418295468032,0,0,5380873845268126482720032096199600756992223966908014654940957261169294851734819708481539704978296507263374778174635174220953007030381051904,0,0,-3548624341392863289008485040207261862535286759530141334463786216587264,0,0,1 # helix3 r=0
1278204338392757202421315823091974116085156472780904155266593536970810015971717516384897815368629272115031316017744357844844195271027950221069216477669191848055783073600786148579804775586750474787021130348611587664900219424983054315259553151543943622210726729156048893646302315642266879055044297,0,0,-2941743975240346354438163152946641535675540991942128462670520915098696157636571759747869746183888305452065509729414086659392461739784427977822739297626772691755828216647125936235713165866265697241952202297022078965316513038958019128097440424060985339758179260,0,0,2500926241187698318434825619126596206329295587652472170849712869261081658621904069828995713724373285137905171141659156470505493933082657864885263678331042974251231604686705780513911160529255483573155441894258741100711961846,0,0,-959371639847795769539525491541302886787370223708439523973211495194992733731705058703583832747615541640753639021354300135418362765439701984446900185433892657454677444641030754457643763764,0,0,197719090757340628978718853394989279294696614103483881815898751434975613962769029723392526643733425873956966607197202243552631629284921180711685757551,0,0,-23634452525014115243847559417012816403118758521233782172852701100847568745676059508116210273157658154293421403356,0,0,1650268111670443220900933444403933104572010300362120267707887134546010630094,0,0,-62625152741549049790282888042347913608,0,0,1 # helix3 r=0
1970921599355118807340393389389715596296742361463610550872004105937402673195165096195653995619798477610995844426955188712884942391892496058451099498444392788562684185297137398842391048733643634201130813053593456929267049025824466282849507698296744682898810316316615653626886538637704934271060887293258940615688053100737397888479088997529392407560960192143750515106673938168026020581841670149328652992074623971891883805220575076849927819496173774613456336958310755049164065565111910127926794739916442462635628022475175286735143935666390342238145743808445254006168572512763407192978463645225120685221272408974189031030684580140426814424158775307824833403148175133771716981347113023287357490673816193822570707718937681783941683565300035246745290810830256,0,0,-2575013510277727746427775144316741779580812352404131672069172653831386632885087231403420068206772978052039138080493507574701515189292216323583170754940459518215907037580956062840315136958609817037217415106980445609460242984347757436873254284340211032938175308687289601173072443990967135097240390927145142209612683119771072651261106054733857638189068755911430469201976726723094141155353710930123190473710711678378184008519289192534451249066787676691853550829365133184113093996355660662250202153527794483060699001073799414071579231439406361404499871316358718744021008759659612708333739365199981985783998618788335214883421828537017964856151409117814023402349632,0,0,1472006508164618669351894167599988170907000877100704187667242978460964720283558877507748145297537941888073471707078228571154284830488736021220582594319941291653714470284265187020878799207382589701114835006571750131891981388762703059386666626169054356602170028658066080843857721956653883851043024945976840792304209180684904247880360141449838830733843724781296937113834715290700549072819947970954374727732645094070223578250007006896911696954383432121056297894435585588305248702285806372801538951207196740896844629111600649492701453667071765172141036102982471327606864,0,0,-480887820026209505550356907233344120730014841050729419540963899290187617252879063875016049942612835866931938390650599193488567484048721612859680715984590571870854171299838961173096902315211162515034799211928926904153454796728297711307735485482430526400680734377410735715467803336683670000921916286639887789723535196660749849414729372429059951450272707484539485607797695006101771727768481154294046405677681507363269939258062022975403853313939972524485132754153779670224352,0,0,98197312063716692683926064581737379694949265749347218227413333491798700263667665475727050795926672822685693766530520859666274476226480665898128130386023374969653551385195896376739606213086922694733222987215494471462123257752631204119669865554469763300824077899059758786281541475756233031949949882220758763524516152251168278726384048006226663623255230553411631479254597298871932,0,0,-12834443302261783142155388768522478789246322955371226554658456785800088513714607232566837712186896855475171671760566147875320365736399340753504911570589187586284192180321650698859865452670687427248120986620549526290034461406280812398457317213227473645993402824522449725991084317590480,0,0,1048518285771823386990365875862816573592444437226097625931384706285570050811316217894059295972975892377382076600050577721871801868132397343713527663234104509594505179069962027409146508356052,0,0,-48952889814495760192074539083331473094940611842865104844544185080822157899044911889342529347360,0,0,1 # helix3 r=0
220456671771343059729728294217936257596766041499001095245226292220583995029567361309154678126524753019914107846247376482464567507595868703300898553611442539723828129547432314026539309732942839941116134618489882007067287014173433599633625458910287784480609752826793200062865844433108773078403474625792646527582506057905725520078952600665805286382161300357228743886800722034986634254189746396170428045500015623600585891486796296320565279357081957900474895523188437620897641552,0,0,-14146573777156391420022036555489492096596921685241611092948719782813454652709554781760051897565444179349450672438223071304599330812181796283883086243370779243034891286092958449654785324705768756380552442701503134614256400836959906426632450833491168480067720555572542273711140050765348146216886338486426480992229269669059963924601453896759878190796085533562586114933868900496194681906812989303356090721577540012556640,0,0,376073799197875882268487406647957344715382195831329029383520671006240239352054761726609055870179246632513778686423933580138575851054500090003759152536690898777392360408456683232860343143057638666547690322460982801816253190780334003972402547709643328946480904577228111004448214062419798328509387572362451938065295934080873132603484083379304652996855784118560,0,0,-5417401819176063793922665934595173175391208802785270510443914242820053154123156691572255074325782648628003458267385258130593927520558411653196564950857240571555121388313027495234436268357478111588689388452980868965532515147816937725871041721161690036749067466337259353092912610429379280625991502288,0,0,46475689449140794213414109486235481165532808669087437502091622208735792276494690122621271964952468548890556355004267207397233603853118547950049205969510617833448433837909483975933826184566143456746783950131058962809645480752904852632121308,0,0,-244359181716190087216006196330027447312222780158514153464375091612681838477809669761969081625601359092176162471904372236476779491760057555730681514783343957714320331496048392247240,0,0,772617335769322973029961065604043875485029480046603521858233367263485389429326842098446455496561151299082501759604142332,0,0,-1349078838021056548252535948937188852301098859340646791263872,0,0,1 # helix3 r=0
68915908602179980178644507875041221820119289092300294348986477356597774949483369143363137757345739938720124406699308265051821110856305380315880670639972433906302464435827872831081909044410198687313146426984274711207379886208183127275602492170124518886649134554480889687374698279039044831926869102691018661513230034571608503634004206703683035207806554011937363675238801793244557480409027705892207254709222385407033520639516648672168034686125173434353231979282353744095691714862157779432286513585060164031806589205653339411031281775718823811088077243918888393777918643634456083597108749123786020991331015010754545663145124990784330294572707677415294348455701456028102626417249506361353995071537877142555296861181358057701480838925648609738439544124790553181438775200255003134491858113417308054928486452513047352976693201675610103544116341986137901,0,0,23112907155721921084369183941830156014730125460966891813787875576127454076775822984344130268270137687072635953837646325470839076857793625911171741989365170159725450623490976789539230469967168818361990347475755855024243248262896647063366572475882802511646715892431011722018532119273953938722027906075126812513349386540785702803991756243177088508318266351147747527637192575078432193285207101546502692960361479844439717699403385687674611600419736652983170950750860293178883464518683831754829655782580687202017035960675994030944748186976480721332417081166797425666800946489169725530140636876355916669799538167754366486962889695916747210627207743894918626852468548385835555155169181446882100094867066959380123288024500273776473906524321261629904,0,0,22441851919994095701398911218051884157203944642233142051857180813689520140482302073485717544086255915870164354826208781341551446978702614530376764193225062578775287951052131083730060606443798014875762455369535534375226645619483845135750026229836229589004535123957747994533833031502560580794010810514034779354569925077753010647756488293791279703617302319511984541015782001594013049298763697377927560654739119418702930931893047594528423484576868478744774242536491501594182198269558586098270451896208352555075476247297002874805457099494372776676030855998573833546335646351851161532539557350070111872383874164162436376575190030832136455352,0,0,3027082305562594413960324918538751736715686215468384519406104168173985265343497793545637644619808369115137096654308692085167474781320085847481921640226466212588490302746508138028711015629155606245657958370122409981208286384214564840686973358421745293395425405152779134918777315060118541501430785797834402794778728888819346155899134827549627067519796941624260810598846908673930451503865442716207825396371731042578750724424313436705834072486862205892891445019827261127168766598223979057527316415392739357835651951292779702269599942,0,0,1827668091430980993783049152643328180965325050179442387370676324733866298030576634280019548829674259143945115750457180354062956802375289715675219566956599021340862519607049940964503171679091261540080480298331490016597190322977186195969936780203924358212508894793655287993605374763177165684664284824218403556685310089316192332726931560149481966106058111337720308263326780925543724287720908594359224064331061150984471088402395,0,0,-24910433423769984578319797763622851466172510294279452123914331099149219667914786946407367310714056694794159158188835057682543724949514946554540717228935301301419027970308593318279858637414324920728451069917127777393068857476741405993681569055687229198047137411428376975294013617009464749853488173885986151072673611242,0,0,58017258214485784734267840456327344681433653948219283735539942115426259277817193491343890630743893001134238902867906389170750428603303798762274423401648951346589800818550742739991778760663616947911386565172089802,0,0,-2698138486929718894159053282254419423169565400767377889765365345465811000872070797283006936365884712487754,0,0,1 # helix3 r=0
495985728665775240040301066342272660360663215460082529831329447781445188955957247983251556873630896171740824959355208846395606530907540374168194381593386292636633567165013449461234822555411897605608247416560820444205004006603271953204350311808045727852868243345389435149475246472966256311207022472005499672177066190877617863871533818096814087578012409604137220054829710310637950675245494860783710571485762908028080431509338897504452627720133484931162390041543130475669862785140199,0,0,1995156395309314566492833451171404433366249084737314594956636148797406700512511388109078614540154744609649382484283588725232312993268369282829308725357545598858513135922138409721425706512042642179928020084041260921081003440109130137446468672183411054051391175929575151437164568557435171668484219120774258664342116023970367489633253810555114756992198162408321788905016007963272618868714285894655965328435061389221884738076,0,0,4153662094548114236955880887082342722473451517973722881204288224919253210177773486589270705185456408041495730454862485146621208024833242029672145011879312668263764264686973447265497913434649522891014344531583289357085108378333343971429531359240959378588460813821945695985162028267902283690130538534912738753307611876695064232477130141424002264246572091969948906,0,0,8316173210629064278389530624305875217687896631485190199426837366057587677058788454067728578834500405412163348200083125442343679864287777012192329650786978798215495016536207720918030101033935768904903934228579912944386150978012497396148652999132428781000200672472184168231852522035977355536926907463250,0,0,13992234379863763827568041785833867190405252143757282796267970874444309471433769745388015733678808845225724273624565241688023808940566128868691428776003895250483550514998679646231447016938691888620632141659543795342422038260232164637465518575,0,0,14374235721575137637580586697329997125607858739228502354160187403681189845177058610790245052515077177556556782801217548011209685886255797664126869102273478613165513278258537697494790,0,0,8582190730458372887573965837962231746574142623467384656102540115318463909985166047038377343898542320432879333232889195254,0,0,3522527035991452208587607937852263549520617347359331465830798,0,0,1 # helix3 r=0
44076751987557011535409751917206449130038618228355335988096457242089774072418821248194248130666909878001575868068560985775835939114008227619103674805337060239214988424744988648500581977628214092824789906784128785841741266269102925,0,0,-3697836294795816853644665992976376832876494242326465199367362899809315745924910030645025141002794845780223626103874144172544997209323495307601462026722977722627505042203762376960748892481278950995329980,0,0,149421097278123594805412709744093238792182489633680279598321628005077502307647510021425642478611974971193811109290414633191261670162439989273765235646289430299358067880249368,0,0,-44514193428880321913730321152024690683395432376750937354830369509099382373880110959775926401692176403875838114422940403004499767597665564138684,0,0,-48194784284761402859871738037312532187278294725652636059495829095996431928403335010162104608889259058334882860905782,0,0,-461536673314659546254744274018398507604413864413034706628533922050111805536627739722228,0,0,28259922975295919826948757390860842826745993491769342078352,0,0,-299441417546089182071608483860,0,0,1 # helix3 r=0
8536337241821315691206286625235535177238903964125426771439047013217864303188314181279150938894790256150743000107380107507130871354387342207934664649237723760216965393495726471091503920303766641876591931466065826664342035261006854304629718602112689948602637882441007961682708364864885744644023141934028003218107961543685612379824068607690063282004827268155142072467560656744188687373016184367717896990613610769481316560985243234225059860398826061617116300198956643678411434908870969152874544,0,0,4038154780886783338865430698422789456998763997224088779362523748150239329203563196806145670906528511906366527586661810921386508287991798440870150332914237170236595361032706435292011188152828772011402433466965772418140225790346553224513743862766599361177400136960573262484180508095200153535097290530574860056440514797854038089948979641695762294280969507166058477276706801965922828346138512893419703122578352207029596662816837150848,0,0,830968710957890565619379543079669320331775573225339142617054793719034124129132791575087814713402512523036092438984243834219888559267694841817998560041763225576331032370689146487756164668206484246647028287079982414729748352236233351076990953652959849185649667023244351242265507196089494559920760412842385031762082780652043467201590109138467725858527327660253705361790336,0,0,97005249783461296614267404482594037707239375003308589839351492725364169928597834484193849632236029829970882851082178648086614711531038242759095648621525811193723358041898549755954155314303641062700982809381399425354038114368025189834362480736168852799816754143563121939615278954463258386723730324126125670784,0,0,7014359346911916031778503942595931863595875543713396327513970666631389807538468896642592828315950343445495551177412156895775975418168617566225630594635255932816643560649449863253856593169636017159105933689473574640645952107661527757699574058924480,0,0,321183691472006062953727198303240258497077049129065174850304628316462052880244913232786636859436524579966490968848560506740808912000201938839677174893292668577856417489616085243249365568,0,0,9083397470590190779434614906502476826933250831845876610995145316633221008465338479323088229773305332634014212328920904010768,0,0,144973318929912689081440693291496507118334553525668971098411568,0,0,1 # helix3 r=0
1913790096657536225052172254755538546779575248707464502116899076896276944988619736642735977652036514036722921633297712553904473366626528394577585611937333859970230594687080075125281400370450742903732160587396242788549054117126790088392362482443253496959300487511446431128647439299693828452198598278954488663773302366856342497307211062632502863033266553114954517,0,0,-15225449587273411021767943222706019135303535036343060491005720416373942877185462121466919664470913750610290679460465748196218399945296870925666836440417471184225658545824709814343815770248726755121748843958502547153736366285921479817056486995721437325040544257296991654968371710261996789269352713363841487931436482332,0,0,50669784275007811675361812892193604224476551460618554764578793867575951424388752878267107866236511609612149282843500247556589091093324494690211207137157484611552860991283322113795367583943718313379486583392134162553420329551503262379814808881394051677961597766797996144768,0,0,-92745160400253129423464041199477265902195900723344618230652377286204397157042155245394836564067479548770303621014415344102497421098098330199728141196279081143207416628540963604876050132820098920920384982389140702752668911861300,0,0,103408731728653938593294414709575843891427487728048645101937499671965502381050638531509441706627250076645933384201149178921538804203026992786301734196341937149978297455763161295502011,0,0,-73097423716708540990814750985264845128738315000203671341995772945947184582203686031209393074116532765194752743539113485586627063405115044,0,0,32561571449779801278359063141302868888704416572654046853938437586989452456424173326776985538,0,0,-8485762173158749111245139585090374717012408848,0,0,1 # helix3 r=0
30743315017,0,0,-78079601866,0,0,75808992690,0,0,-34495460542,0,0,7181754422,0,0,-616825178,0,0,49085722,0,0,10170,0,0,1 # helix3 r=0
34180472414956796932075652593924717863770109223649718072312460138655738206990743634639363224199325452764646724296156163390065482618907703160777532847094786523199772110698433505626090843956517775770187483885820256546139717102050781250000,0,0,-68733715464510975587986759398660610481311210146195232853876347453984027276066524397649681431349832549114814627762738041953929006645946168576688389647204298707212216656969872019544709473848342895507812500000,0,0,1552828316775753926650294651692086092985201058335207060155773997379099241674844895069470969431664704527876408006650103638913191242626812837990257776255020871758460998535156250000,0,0,14977867986428030478046153872780047093085657194622570334923939887280992353565817566203876847118380612753144043303166199621045961976051330566406250000,0,0,100742995017489569161620734087745800345152641963293933673387696202428345684624921840821798468823544681072235107421875000,0,0,355595336766050865368474239094720448585676040274827780507393981679342687129974365234375000,0,0,831084905044277965496801741096533078234642744064331054687500,0,0,1346052158623933792114257812500,0,0,1 # helix3 r=0
7960635023087824242322599678482916443013212568741591568561007331121299669047781666154562058667157056658840508226658922957246589376626952247957953596961058257971049656340796256905520176914758671419503517866327320071162126120101600678503122313674752,0,0,-11314849982652642351525122471281289794448786214932406680053507839109879134735554729585582586148946960313251607314597035396306500059851677619807984642887753442862459360592819991218728783139028861152140161437021654482944,0,0,7212504172340329618912129481965101798239328271551684275032526640083591476196993154745860735097706016417498684687518299305306470362602039358514172656161476041408009940112896189115748319232,0,0,-2476327363029030274584410118727984564674984521447097430794427491918459090220718901147153732715091769651412853357388098545579118202174132953300274379617206272,0,0,443039969052829210380977440067862037218797188507554140727708754361393024029061112211279718642255681113937198769399881852256256,0,0,-38233401328612134556676775527433414079819657356865263525386048883356853743555480652900236001280,0,0,2072717421170458080100776565162166222247666003688387182730412032,0,0,-66676718696625811421698730229760,0,0,1 # helix3 r=0
2678222031293030757443448383062535758606885167353166774666689936944491833347890201976622326793217818526087614889949569174469330992963164817914743787936417560705936937344071745611680531590592921133132507979601430381,0,0,-33768883352111584073912207210515638732946567331843347753657930768927668068843424045752601444559079797480938495391940368911009271569306518844653604272765493333406156465057390031641847534508,0,0,204163430228672649767535793730238428936009070453482414920583857057343235129050285762678103707568257383290882313061491241830749985088485716022376964776937362452674,0,0,-770020687367744516819791941761500302622884020559185033526556893987226877633840338660858221092268528926122267642816789290958453701351852,0,0,1981362718315511873315907673419719147010216649691840239030396319235880293823883327628957397548752665431997698,0,0,-3548632977042162172677846071680532464161583162642715207401035656619818404608070668,0,0,4262934823309467330537960834430471751568566336104952946,0,0,-3076174743726384923253899436,0,0,1 # helix3 r=0
12537565909226908300574295452983065300193442844515708085360243139679102749370060812877941104661636056665788750442076939498463077537121956426427308862470982820023809048951968399820322938491317,0,0,-168374813893012647512781990225662936334971516208954317146664734608190338455826730447188925508367459387042169368019148087536461194138942685078671517348151385757782593104,0,0,1048248977904802105357663793363957200900571064889601206534508654347732206440689444323598746434307429153106698068646121802697679905724197290399872,0,0,-3920111630569951221225226622452113707329700599416089634613346411030727668539497389569687070680560771694177652496952470568,0,0,9252725860986632449838432474051862612710598080155632173905282173841722127059704959208752478504738,0,0,-13439690477009535279687245328093085167440263301824680476873158009208460992,0,0,11483894511920923810710789264128850178395007473768,0,0,-5269210548140915612452424,0,0,1 # helix3 r=0
365068363108299939860895268238250359875335851892396286198346430253592971271624713885027350093076575268548780240298439448560758273255141709444325178501218741429798367238248615438138875296860835166984028772955457225182176075800929188153998541808997564180235073142485323633697568827115352556327568718562262049524902472417256228804915292256020264870028982885227588423240163596566930676347719292175831383884724512042425692061294894632157869178982470935847423939398347560739453845775575657543925116679044081164396879937536,0,0,-98873344786426644002441815066355851609639652683902551130056471925293177613957416997768232516522826759222872988684679861718402429984791702709623378495684660367206379793387067568038032530513127772798260046195222249962129547108939442205743947332280145680633457226922488904557756903104156330878373276946345053701910000071421091605272840720214986118613006301669091521559222560106546360082680326560331388641615785615789881025999222157583584072878196806123520,0,0,11924772358278736872237215026328970022735634437829241590271709193736443834299600845037837235964924473853834773734120360090384595333873017578991273413342527673543274059329389641134890691485673858996284125709668442323650254986499577901245780790086362662880797229078039254361861264489159703541412612752346020445248070283966679603058005234477940647823047253031991557880302067929225711868444672,0,0,-835527800336368898544211251340726897527388592494479315386346992592742840884944041530578406772700025488826354213702136926914177158075562745093518397487079489312369993683486982971978016575029589077393390992273444985445171176721673601094525632792112698141726957906283116664555653969305417322297464388871222388507140404654637056,0,0,37175543353149763028076715374226519609763129294794610340340948052481951508070104361441140679565725132359158696009586896563958104632993572744960543046422533229187062469683261333023958356264643974900576670531663588796302941195343331068868742092805467112793440256,0,0,-1075304288778223661682265175774087609295373703116508079811553088850131131287438547636728193221527707620912449468731875425487412155873414459557152460082547922610261120290916247669104721021638803456,0,0,19748195710049761653574172471575795541376805607744450973718935949477502860381927889570722547714179611326252055692559160134497992704,0,0,-210636344407079785770232129431370729945022207807692763208873934848,0,0,1 # helix3 r=0
326581,0,0,-239888,0,0,133782,0,0,-31108,0,0,7499,0,0,68,0,0,234,0,0,4,0,0,1 # helix3 r=0
4425932847537744709581207460167321427200281784459754828664334354942627956937538892744350729800334872354184705590549343090257467034911325085349057941064814301897866953224932167677566952009035674003772260706023717898974847458733534357293198655266365916314570382380327189730277487510859091526132884858984044924994122666757055591493197444197010547065617660250583975151238543574931699225394145141476088763868038452122103224383389637984377826270493183598310220816090728059407657335556559842504567179637428830635639166493866171763025643515339079224229534714529355860397396757789544052539793095288905158407693649587249117339983020032,0,0,-7715494089697966362364808154505676779703332476807265972151865193523231212945820638053999751787559791107231273253197821824095481785974829702515382664050482165300270832060482529330557143690278074869395015633862270402135073124965100153531247079848054340358020641863952615797246282854949744478472321700159061486402979986920055954060850888136935966704513753950224246023042252316753040491508297069040185200872648410420867174554927516322706162003116306879275471336760160262751074726600047671099457057458766480773032036406366654061753997282242529073299456,0,0,-7159261467405010595897858838374528037168169189450019976011996888568122327579027670805466406762213006921079015811808299756966763775265653218390092615332864111795022516292174436088073729332740215579513216827054462127325622409604160614121048134971460637901536022391897155243142619269777755977100939531779041441122463007153053995654774433447003315937691345875744616039293102229085099667738478636328240685899317382440943887109945904269480618132270257759096318900986135445504,0,0,14491550257610680406584456740859246202125303634031070448140174757261689878468104748581735801915265643789569477724050958612478126787981263620631176017097034573846852398358727220389622687913668032926325839836512003027867972271460839156607683436108383787758124593977962461502874057489627451107762632581688174986164936988070693611946763533672418522195259368497318995293733573633567244463447736320,0,0,5823187496249692274740607649891038734471450190687205264455414306405633763027832251802407052744937154912508212475138911985152844714997755730188442455050440566341037963658622329515650562337181357359849225812989483995441398013454889011920606639328065010814752432386865387468378358121361057325185314352191147247403008,0,0,-9991354580243556428103110087760345843744072575120466871444901141982998766162334652857143135496248465223274816224411154068592258872717487205086555873675293575041864935351360094210409237771302758157035876124570945944844091327515964997632,0,0,-3402147501760786633501816492534849194534661251800684948179206920783526758905901049026151043776015323823128241469591996779484390235389005585103969978542981120,0,0,2528728987017273976056099520057685881028702624595194285733230517273020772384768,0,0,1 # helix3 r=0
2247672745028953923114060309912101992938494631829979840060739973198680393033572337331709314952849886784601713547866893002983429101157602820596313148428469900616782580654610099756253583006628967385322084060590725612256406153345836145263092475943267345428466796875000000000000000000000000000000000000000000000000000000000000000000000000000000000000000000000000000000000000000000000000000000000000000000000000000000000000000000000000000000000000000000000000000000000000000000000000000000000000000000000000000000000000000000000000000000000000,0,0,749725512332154506255237133331983973431854996358353223808309350108671482442340069733764828688740536962108313508314657246297355949547210951292967513126474233720793025136598908271567355506863995111029214967857114970684051513671875000000000000000000000000000000000000000000000000000000000000000000000000000000000000000000000000000000000000000000000000000000000000000000000000000000000000000000000000000000000000000000000000000000000000000000000000000000000000000000000000000,0,0,115909382333950806856381323880278278048726054523576236663163494854823213310359753983164634795562286823674402998742399655518207441357195396063310107016265134391988111281986643634736537933349609375000000000000000000000000000000000000000000000000000000000000000000000000000000000000000000000000000000000000000000000000000000000000000000000000000000000000000000000000000000000000000000000000000000000000000000,0,0,11286170020510771261036286357607688047571500207684917235585753447312012957275644532076406965918882124518922242840644634255109803164841954121775183789730072021484375000000000000000000000000000000000000000000000000000000000000000000000000000000000000000000000000000000000000000000000000000000000000000000000000000000000000000000000000000000,0,0,827922756437489456511007273016509768225635526873733842921615292338431970967633903886986059086298495076284743825668517369384765625000000000000000000000000000000000000000000000000000000000000000000000000000000000000000000000000000000000000000000000000000000000000000000000,0,0,47477299743659102513350093228800221730808176631220846919067793122835360932854679713665192041015625000000000000000000000000000000000000000000000000000000000000000000000000000000000000000000000000000000000,0,0,1964885175839558074581019982370971800623552084717565895828140625000000000000000000000000000000000000000000000000000000000000000000000000,0,0,53401256043126226858435800670625000000000000000000000000000000000000,0,0,1 # helix3 r=0
207851348181276961584983830900902115567979364985073257980446489656222769351912195999418069692743228185927832226278190796460200472806205887142655999751562582558459204362990107417753321018691988768370207206426333088924982140301819322670716027465089542952194656227361468480490020823265354561055924995373681682154340349046040616802371998293355827187814271812855772207651321085779789349765581677157747270696944725167423079915843793731793541247706110234732347639615363162740339912439,0,0,-4402567787026351708656586398342385906994454474379425605678349629289953180965080010732377686013461628179345430292226124740908625759720305235138391455661099385226564688740429674494018864502149905643764612410018327025046435880044448098069101841822406085812037692190959524596991143561986752630701095438217546916026354031644551698765328204669194356299727030898670814906800412201712466652390557352307421960438725334092286272,0,0,41885849302092106521699910049171718353590006498283524298712637821282325571749713632981244617861561517078409419812853633467953303758637822112937357621901576341354852290407442453318659289717767408287691808026284744900254973478054183438391649262653563255381088511692306433697568786935753528121043653190677604902011628461974432370119356172530613079688584886167964,0,0,-233413127657237171304290613934768312345860531439573947503007453904678593426678780451721251032496510853392466843498277715422721395259810683099003118694936375041548481293662940738098314531142664099213555685045754047286106383593301379776287681587661742666563074558790921089874570899209720607752468371500,0,0,832688430008178767066615303999612224197181775467232670972329256080535091702987893712450039561029874840962598278433954102539775336375068838411702338612951638478904639438523862838657845441750090907611645192074118325032655095798530132766890463,0,0,-1946709044777683888001429800581211410014227401151251975498964494681525924003261737610337144711643152907161656453308436937718952489780134563422268110441370113111520290607954749894228,0,0,2912339674612403835312781779371821162813979866184734163701580808565834120013708954156466989961722459853657027406201873884,0,0,-2549216422342000626011117262482266476722974109312660514146892,0,0,1 # helix3 r=0
26519511953666798418526054152526317421414675032108841568980313158226348029805802366265542982853000591691427320111958430169772467153821198073371795366431187566693141282934489486327255765837882156062471429598191638603422999442825240219856624844736640316098742485413027750403587302227968,0,0,195574968021193392681426549765796645321690977429238320139209510493169882814064972334029403671210218297830460937176146597880530330427112512145792209931073206375883249146127245323911534266294953322067436260379844415886464835260528297053998490941652992,0,0,5058080406577498133351874017167898356011091762832790817247370499688101393148392505593410563599770307167571350621127945630822614860939613391129627201516190328038346457205439518108285524820328459090183886888400584704,0,0,46575191092343567031610938463802000503364050088672970635012314563625895250833991540763159168786214140348101393733470385180883209084166360024745062595179125657140089505621781512192,0,0,221092274942868445608166235502113938428701295314036887501151505458180158289527550397890004824655754316307407427871319492855321309979456212828160,0,0,626186199962361139256512790582726548841188932372907073483157271537542363494884152909680875786328436916617216,0,0,1215657791457044870966805242304382079879066246062749329957529986587951104,0,0,1363637803649791729016976929074446336,0,0,1 # helix3 r=0
389757076304542615641421053374224276813874604917792902428238462375553253642207736286024579052016029647876938687567439604691367513860971314355846147,0,0,496373030345221362247897097977707901754420066351828807600376600908954543747791796430569499231062496302605330614823758699598540806,0,0,-981810323852047088256510097635756776124021392833133647909808602219188131359733451429687081772294233134084094624,0,0,-652028585526679634040560974939119192192237075534799136805587256054469566499957690879531831134,0,0,1752208287548387417055749438577460994315620310081660611675780378785586012548,0,0,-1080799425562785529501685343511878593919888144708681169962,0,0,267451568404885179265607633326600369644,0,0,-23899358929221486102,0,0,1 # helix3 r=0
748845827771801247314281049507327652631928625546237848931646425360999613001732675523891376898788807416764808500051746642429555741857127649110713903202209213837208420873884959050449939244881053352293586623945933471436959747051650809197416229144621244086113766040921517400019246769732161879588434320199100070629094501070821424140374907909888812969793025092947195944248300979552728453387576989428300777583079658749306654538179935359934935228198662317901882682998475239385652289279065464048224428828776487280045988168569511935370810156509826960417882996729763,0,0,-2042027074611282478376301870240651286934494936831083711050923142556390842145741161275324573479368707469873514265637598535251471089160746454291995251256977734829262112839355225513682547857875044767349730993683144352897193475438544056456162785232342329378659050233299735521779465824659057648248410481691675357169650809794745303326478907329138862516448166900407597686015194285937282386525818444448208721819039088243570240813944207507816579979078438103147841925469430127423163661414030860148,0,0,2667147735313960540059468345685483372968422385023897666935984048225526466183873366350538953208799435226171105018426674497873200175386812516899487515525864224971129267954903534808270865198084365014644990449248094480840477979216367403408905261544787825540180552079882799539577053247218693925648830922071676239553851193260603778242241689405504578190538608447922231092569634014244182098355665106459606051096600835442828628,0,0,-2134193542719095115279216140480528122812103750839066957925030959589758507252990695564995738255222789221100463396719768615832628367674730345742328080087529006696313273694947806112569183440080153425510332686546047364534971052611428263267292541273748398314891072316571343776296973112369250285123056897621914709378799997242863975970583794329790931893480,0,0,1137190455070576759686859089398649287694578442551749839127282613068078492931085017863892094919630513005157156312977461771817947479227208869434555582556830773123867204068316031460443492287633955246016710874036782165833808921462653655878080628243184665914977985080656482199044450936,0,0,-411653846538375567552637330101979184682606025782640317134007480069639876597112781384162940643432696993083809431178009443592410645041749632552346580111762067165843632096039934737990416780890050612004261626822540,0,0,98918122074405870630822805606205621543202322766250090638350159693811094618319455134196948895512853095566901694038449984572076747152567512708,0,0,-14465348919567010804606403606804775733769672583776063963248215996788832,0,0,1 # helix3 r=0
28262178753650753622589280053621506433509065345215969990378184649787886309744698957744017295147626406806090392618755984859306120742552414681624437297631781749408666936090031341975731781288888488987271833284362250168813335418275211114826763473425283483287153252308712930943027998028060449727894030385537601280871295692357865311900435668804451518459053163737056737469261637548186531549,0,0,-409148454818413760161300793121209566859494721178448563216675814609949812189828589907296899129111292632743346159106900676050853759627719632685958297872896450128668168610734325827907921240471856098321261674551121552350342808041531477212352249552004817340410987353220915246259258194913936544568200216714416854572430121809173211409605699636,0,0,2501986246072030507643395869779026362960506461253251420239412963743029975504113355582726016716722169561784196394878054910071264666077973496684072123706181928668817076075472390658985513110223786474170817576161244273392699118130101521972717051169104288131075646777795188159261612146572033694,0,0,-8383537197642766054501568788401956610857590115557349421834529702712440148945094316186277265280015004555298431007738229682686239496459549096232956076924652157972658055134516465334777030421360536818971836243810704211097150318986593318111516232,0,0,16742738860608240284245644446554136844735504309222520734588172500802980073099462543224748055961194617659303813417781704655376653247422100613258680931520735301315499232319121824737073562840043390,0,0,-20366392275264342548113412797847713003116168781407970542043399833687529382841670353688929043558057068540785215573084518914793969343479560532929320,0,0,14794645596547156548031268096123240450618808268126319321266750249979804292167174498226288976941429,0,0,-5907453592819304799554257597344189585825644463202,0,0,1 # helix3 r=0
37446934951296629996740728011399494186774095492000642901687173253307580453003250903659003558042816984479891041857595194302748530879240693994583129945650682836688213604527531469992201410953919897645511284261902416981314216869347173638539425827704098668783264864606002505347695525092579529446204718035181397671452584189387147473641465278480817157130633901698575507284632776368772545105849617,0,0,-114315838612120875453533508752931731225482469696830152428210595672827953272161114015991935797318703933159503608924681091858603258548240178022285187062490976465805694967939555334757131547842452292364059766060198648398753620895320619376509694949033053330226637877665620314833464410198557376492246253221453135793296311632348570579186707446324386,0,0,133046949664438913747540150307047666741904944651141341007905266069955342453456825723238378043288526150316912018752107457217968161881197919517631443702697909744711409075725877659593448139779550625770863608669766016889730859635019376548889044117343470965828019873942066110421385406812698419970317,0,0,-76982765511616489600008650432068449926949968820293206161197699860214755272466404385901011281373243732629910864169802505123742716296466973989645665976494044381083362130194240865274954239338960185267691655336806972531331912303495814429891217635446,0,0,25232893327576271280504230078048365420154962935586124895307496109330354444711903693073397956411507291919868938155314725060672134971638917505736295594586671499218515666420686346616668743335256936611,0,0,-4939591308692916736994415492255096083970661900116779927722930385365654478357920029745154212086398901252239016439983075825817599083962877987027486200,0,0,574686002139890002116542558473175060058219760004691971346602820531776421715341189855437214613010221,0,0,-36782330909661951338991655427066414791789409643424,0,0,1 # helix3 r=0
94242560471897322256298289462258577660475773438167415914436011929944037244814828748095159098906509806556800815052367309258631632894781556146270127776896956283686517625217560050475728776940492652087618744127541745353397492603316045421775631853289164564722848690850016229228358600187093846954849660827585154291768679481008985521721926722165490164766692991948424504370645033085573893343291681936594327269105781169591002268012247710829865962589139244549157751635538660734004596667922901952512229435716254240896652357852853811133084269194878707221914705871374030632968989157619968839698124050274218693324166609483627771992387053352845485635807342033884062994131313060278989176501414497129612510240680616373646383170668381367230417097181702803283293343198476219880857186373343269210081295148630347819914403882198199434305150771513615473444274124685483612140541078061509982988457836063915783244288193969214475174613,0,0,-2401450825842838754154962328643172752100451667874694034321077062135004585693234694975253164996909103941185549100701985945138025260666410805620932752311922817375591586226200896020927763474957191432351288643761021938692325604229976956176160571763601092991772668179190302494830283142210469829429280301065440783998523770172764254081973888310318006640069121765705132051879512699474924648647444392887033660803453526235148883075571873600456979058458283778019161954574227988447890939286374546292365423593276264827990352050740579851409369916109016033098502454756138238947330859980838967383659366587007919634157208827439284565594856777928814328860175206095563356581262670067148222034307827386222334551011165143786245853889198790821180691568026140550296925169010041313203542961107688532464281848164641519104,0,0,26773308866678783150841664901428808257889825052852615350662920781424116492463858722640075866541236621712635138149608534954668090393076109415222343336704904809512271317657900902588110136634892901397694734877013074096383962406606036599915011379509912738805934719507739508304406067332989663006915273009174481677869995279915830047300129604921282022601944002085983676638044034214489237824144075929428727479120759566516168142414742956631270215835279688928027274569960953180494740338220100430930513837525702985363128667515948929833747489665418811085421301333278346546767752870736019243903975607852390375673110788748132059320858938167111682825117266281324442017481623685115889301227307056840,0,0,-170575232654294305909181477404684764708478375074606767655559470863724745060146798573069484891129200501247116549493776125021514223485947365122138726400107743745253459002961297303862210589090821177163083184623238569429172327429591423851851019123741476875008181263686820197493033553785616608211448801955164388109767364339423298361339473726494727727061501545925226597305792891854981079175895416945926852399759707348345140068455606733698404927702750519994204728700022983166782511138186532596656579635836311543075055615606158134110472024725638032680839951488243389063074744496,0,0,679256001726542924867266097395287700487612813181210646269029960720977459620816879100226041866168461724602913060603530219810783131194901096771727689621835176247886727217123286033795000947826293210036504381005552319505922106887873596174398206178653855796003227661748757530550292164631704539474495170929618099433719829952367652770197756055994774902773682561782536771721475828659144769570425838899729566609640793393328497474320614070156119668985073448270177746,0,0,-1731228871352768162949850011078207759965725830372807491782685192120253751679989615682411051795675324000557360186958410460149429815214607298133087044657896994445404986935471419678120361115284349223977496136849594255941426839818290653700762099778399516527730712107375440168955490231178029407044582043140346211861306733968255259769693021836791328,0,0,2757902843757216713182859404579812429899763590366857545954686204503435652195710829769055172101101220358367640652188568383404343299344372255876359683032016695108918380633121722091710891843463979413627243674473264464522519113658832,0,0,-2510665106302563260006934436401177026389105908471750243310970235872308146459840470769736358281820688941872626791856,0,0,1 # helix3 r=0
708332602644091797339766315268493706841169119710545621497621253351573080768433849649824661003097684284266131296770502666324526046505385914311106050438090420680771313365917190475251703563576804697013880903659181522831011672718393486834886551469550367882677545670151705292496871299178175372665133868846091795811953789383550087076505709415899153750106058801688209184511980450427119272620856567870189144052609039723890851388073102423469982147290294671610158860049415708952285107841535642807457157625701287054703689380679719162660619945862852476323268714732401894558971718482579545145398169230959358485222803437623958526425449286832476284875839936903187806534361155379612184473669358751686589304109346090598231542985452945408,0,0,-5915622818959896427010025829618230182558066629013211734666270352183369248580844628651837752205005589987860234240338965086164890247133955189764025633928628851443318107415263115095048178433130178637436054261013683608613166529809881073822054834927376965989472913500725130539093304894609934478448608241442544229976822894670319431017795574662617589317150160002777730833553892005042623163171268918095206112942618391804856264490088716961645607555148633409291996220718722753499008082979684065529473018991021866709319417067697825939104985194843435202270396668731388008854549770789637272867673987588872320787499195167244685155510455348756480,0,0,21614994418684573684201846955529029809382978426073279782760899561029422867838078003993193402184718683874866654666198466880027048455833466624075174695042956229892007635731908549099318288733017051244343203557797089854626791447340334691170755863888079685770786574035673575617678608520748059836583719578275360534801843825389918357224109514307317875243825441592199924422966707473249478887808129582716276955210004346781938774823718373842199367711885292295392225482185410673214941137226517438697821395227134633880026561428878085163315600781937213440,0,0,-45132055717785786843391081893393257639338609365422877298533549604935923056598890097855967057703426517767687034600980476872035494594954137788924253221887616255972969969841034861472641976136997511035187159548308731063078538916602118259431554425531006231021355232872264156890251601896729453433598906801038759190637601693649119056990962275065056354197573103712383773380673672049623878830597965114972908383081485451054700262593828768681420579606904034033664,0,0,58899085692291884807181700575266150108956169218839440063354992358592811255121401413247207814141078665179851065560443929298363783628103541692195766798202662831253099569265615733870290427657274127836526507914491776019712496685621504589623905722335884800460931725666442370098658567384417224918469313432207063162630985411258636214580676659527587724292688502700638208,0,0,-49195509116076833268577223877678984686467206966935727630553760756127373030202050187372454187600158187576455872159877380113931530351906840886603717469231328332440125312367473051033240529106696095098920490016195521168149944171890581273575813031276166358777061129218728919040,0,0,25682420624891966295411084710676747940577216328726361662009562975270508218632874473252717670128127341704587714668404864908318058745463643761309224360025675619776421692335150122139648,0,0,-7661645685663310471490806122397752092566327328172526392490156546672821441042854433093844992,0,0,1 # helix3 r=0
11568218937211549501627527077533668988713905632808924992315046485821053130175013530162103914978733192965188864433985857256219685367944598202147627762737697077102281749547100721699906944350167811623552759311838064347093200793970736461773693021033538968023567469831163969311189662671782066606094940032946773961220218365652254775777298777579437160403896250742021823969406236442895146939796619911973758350781384547575796148580556697144382912956636368793070007116851006350407185817250085771654688199230557333224209530120033369819197570174615293926036085595460414827550616038524404440122363904191100152616495726222457061312474640682939877010575946679694573832563861033649963529332505650293038131011740428103628622068549034182389631813044803639127582028003475698187103987029204757652393937814409929000555384916600844717572821082803364286267646638155318722675573580273604866234722596514269450648390108166691980287562495067878807140324676192356581164644294547792747,0,0,105001853049625601383979353754084648692146020953826790835124347892350560732077130382974765103584591467359260548098738167527214057402992449036576066595328524432064971151096554005775138247759919432693301358700041469849970227519154103334459513906005886401171704906226228535548140509351669710637911212088734629994395720272666020419819508866932277875856718366601529891361515098815513366059809168549807721942880123857069608920159103732419366343780284936314878694797334048060113037270812569864963621554322183094779208001332874198223021076449226260170574456038833000346066323509793154739182446688058411259485264043076276805164409618780146349960341371090279178989396814050853142151637753195816534633138347241065108778860111366091617704058771055749528854243148975383558953960748379554099603164222805462750797967762979264204237804826812202922723072,0,0,1042070496491379926856011682189830113610684291585405618746130347148451168509054101670510884540118935164734649915578276814485457247254879562686999824404614089152701843884598737330185895028815676215530775983682382324579380658690891483033756209195395025747256994629372274514004900491488863001633027540713144742366975860697815260946370078733205176957606411439704436146793867357237694928216372408123641845553989180000256002335790778622809919520803618876575694238666348129025848170935413373214838427717337188891146688674458175546161483936479102887798124306775320162754142972447962554054435346652934102448265283185844519283008442290288863597183117198747270234460261280213909082929569619438964379385316943124401341566844947416,0,0,5245926982867959886383235037369913721444972813155297303389514057724778266558067234877149863416865150262101337827151652522690704244156178424513294116276231653252089522524986596233483612689410251501715740507858703750992240361374275447824740383836980580516168269505644560092546878208488980146121925397031320128299154926609188972878134870362864777378644620820762452903223180527238392552151847660983285568460135709301298450911730695830413012878373618416063559066376353705698312894539530369481350886199293164743239351256488346316521852739339634638695084180642137924909867002432018085990799602346241414324,0,0,27765656803408677802706822924236920327931665909720114122988292920441934846262248348800264719760526656923682100835299385008365862974048133247349155046852419724326379800092472015972584197526852359537683946332864021623883955400923744598203177659529243623447461032904016004848725941404556710542325864035726727294273228989687854383917572102518698552313484308566871702457388543610063797767664861119836537195223479026538239836672009880089811617179415450450134028702328438383475840974016,0,0,85381696033929215365556096090736532338816507055820248335993257760116839396395700212557105947409167641221494594504642046209368338841279345548637620800455144719399811190525529123900065578490871037467232891567700851710222795334473136428784391056234134932637207884005221204211661671782726077279829827632112901691599234141471160330499834516011915893531981678546008,0,0,288622705653767278313691423689218225381466552862226348243974063048698191411792482642421975451541474530711758773338709203212076822010586629722324368970032281332304683461139603988546914822325782399289946756112863830909591167882614687170829656,0,0,465823451499379196748576244220152639139670126445591990445106483760028106477369563357280438190191247317860110785803912244,0,0,1 # helix3 r=0
120262903061569625736263393453406177341108575153480593950079348216237882683508691503298300011244328791538682896434266890841539962782044652445240499090166523293032672919552,0,0,-182993932358089523179627275346735042758379564698393085123387676387024515233344875938198980618053246615292246222998685868497315968822711618134136061952,0,0,887952146797982521365874687910062743934027287783567553117212708715008634949000755206062792954663847252340951151058551039852544,0,0,88411570442916369065524464149885580798127484827786025926324173089464027411678399932290133816299786084548608,0,0,14590753603014074461499517077176158222709069868123811022218344664923904612594515705856,0,0,-61139055439825573923360332206135390799150326281942298489541099520,0,0,29271036630321845392790685174420672866156544,0,0,-6709079986783081463808,0,0,1 # helix3 r=0
2608484194322987544174575165755909335308803166421527179732003681512643494464536128700229423815912613657273958112901451762431887,0,0,2849954715505418757687195048082354947576402067953390781907623349874114601678183216168954297854156956152615014194,0,0,1483374747959618216426800350309854778198164061865456327147456121178038758717298380442535428767987,0,0,464704786038965404807755255153942235192524760562983817823592341020134910782619066,0,0,94361506871639885186533025932353094314981334958025235540977069010,0,0,12532125037766938028327669911307743771328466691460,0,0,1045919288379771799224048791895334,0,0,49403125072466858,0,0,1 # helix3 r=0
15966187971773315051733532257753186133607954893322788465792325963713608795747004791199150661458298813363127491381074583933294546660915999813939838881626498629166762184465040552199703074781961392143660819825663036249648143834123753628341752031936808875263271122906033876730489683790860167816829480316532267549172268504519445470419821190355664257592661676279533987173371283252540618928439948242723375528232669560003724744739184316901328890558927181494283038020871814545085981923688796143645863606914118424013579975690027904433082887555033226838362685136829002943319463880221462180437301091301927537819342316694682585504298168373505762558961537539242738979409953471518487913678684263274105874599713038962293904721082094704952160026495739680973363890918322081109031503148044142419377532550607214846044738319255522399886198146396973937045744150035881550480573148092742097782414346047836998150313098447,0,0,-13407983340844691052842145280317754222960177473973148980226438126053901805260532433802050730916554740487441245128293362207083402264693021518457082651724701893738160567640998120357676421016853616000342598904896187488791353606792569564307829157395350199143986429751772915483605213142215906675690756218407433747900995070931039840333689939046685981816194612607798307421880315647411750931765992924441452124232716489605930538879363579174421237995000062542920832603556766848855151082862079341243434453794202885135767067255278519933435513698345614788994706687997322550265473698307153070750863729598235188017723549671427677621599998354290411271120588823262052558361550736303691063037784231759921061507111449935938168492774776969135648223902940357981799544897394852958744659024735166694302952844,0,0,5236503142348520686547857671966176209553108374858442890150605884995074404087219419696387178058673699351282186144081069672696220894092957937233400503130777309159769613606245062598025102043842581963821651040986033540684679030793986425249100455277116193360923921651474978000878841652482238437210674098892017090718811658645982514619708464232062785784318966118001280864637889347114695002023557817770008269829157995655000629903207645961635198844647172390738559416006723350444619789470860545264680219250090586303376889395009104678165068870310277795829505495008044344415192281463025016656560847393897099376358238094978363073548033280793714488713726332776878039113111121277233865896,0,0,-1234588630137040102568253320044208798709423010812538378169723243344829157922472757409657604116173835102567010724528011150663953430459139789188502770580195565723337368470292777160080353458350449474284067244717310444172242737887567104141360166494210642576933813096729492494067543522336642159521021006502309182990722232785068875983785087594898076624991143434544195976020863672832893081190010168678028011685471641808800422699520943555475319847063039327602525108646182668872299997143128092826569131406602358443704623797395322497991641271180549806233971380019386196224,0,0,191309515395922662783815285816385450740418873393093700907369711856548196546935788488898506079108873085292983998437848557415437187307531507563484590920108203969357831446965958700010548398430802685178928657961095988638157273937803517265642564911570015143251939258188359372967214243620916099332396838916936237326747658419818719448352692854624950281258992146319554942716793018266522885401358179430289319706169843846676141748276935164463976206444228461367,0,0,-19875538496979441648532053256214989639237046438904643492094418202838635647904322720962130579298604966146057791924248888892540559084874913847048086810994293790340095660423771540441389110006973499711386081385454603721429242932049053945525828342326544978762916666493968054829950373838736015200671892388547210172598119074656315568512931680948,0,0,1347722284646267947944753151382928981452208730975001930170208053678460304194460613276475534176858828223835458359728535525481895426043282354927312649048433017931409277555582788784968771416872427108268954460522714004274931343324,0,0,-54411720952698668489497983897877945661363957984494189474999978073994655574893862400947202483690569187673154436440,0,0,1 # helix3 r=0
13952927048516393307813665741936712285798947229698563398832275445815581635615124760556083807392029125243046178830816929516703761103286782805624781980950992610888937711667991226804194129208545333737613914805868431651267308451497305396564016452450568297963962152870427911445943800904996343322205033312900406817047571221370318648727913507643086128196816918309248478570140831503126658647838710783931,0,0,757741366984149514476322703827578066983966907680025395987644048770130104578929746594421458972231958029181908600263282578272655440487086395372503524292347290840662109663102528502923296012862976195979510606130019504008702312998682930200530689389201202206555489173156936961462833600742996578877285557564988095689688820296151681150707499496812241640,0,0,-137073969561369200220106504206558882297104088383312341299088368576326415795345158858281186262380091324751248265890349147908833813624984829605897910001475381678662376196368918467344235293601005565170140731578057840048499160251747425704874623364403271691048889582891321087763531355000502581033522784,0,0,252181153455164990314386187199100237103360627895960409423896664350709623353773457974120095622648505428316320588600045241964154405237393716624559315758770852609320855377264606763054923257806833429718719396456677510755184484148933736681782900675828,0,0,294097651130199952693156357990406599063558929587079224400753225211032979482181622310886553833588641226584725201214560192322715836801004889059899869406217333080614831035802732419579093479887197705785,0,0,-21329342919955703370113949951175336898937046243427504447705639677692470427911476484320686483270183313838140413364811446523941878718498830285451756104,0,0,1746221895765470045283350349540152782162264015381033133254543972035430947841540965770252663559827352,0,0,-71542684753539376392437854190195445357703619604528,0,0,1 # helix3 r=0
20519253137647793385910638939561376332753378606795456523330926911638072078493049973416995691868848963456039350602188189159888418832448509437640944444117567101485417312541396038214759733246014768946949095188517120642628729924607593297318473873223473129875946681642224275944270426328315616593227499771496840427879112655964214805113719047509319050418615500990413789543986677755470341455419392714445254274862347213875428199757627201459475410727264606321212782198635661391271539065145184659162682751482971882480687764959873565863835101353343,0,0,-14524184206591922325463825297048890642337500952913575875832806840812643446473861065477740991175632871412761498727109666849708779835027337947021993451556979047951687244582566871621322900545026505646505790221433374180387368877606739787923751264552653982107460067106740019128553358713087260489492142168447883024338480790353299576333018466111745487337671919168800182307828124343824694372029530018994416558298054897510078180590553621829572463219351158620525473797756468054014,0,0,8257113349220609532490664795144959037977487694637247258743085086122469420486346046425953442216432618235193586465367832148575703508662054514341214380752049271400693859726134208728183227972746955246024069801355390049943688932997228393634709798604762127202489742599244815596244493561860915581992846376693846110306815410410621754401009642398626299426230072377009705120873227410627558944992481416303579431419,0,0,-1468588474613229379843879649285385435470695133514418609986726175915416140144289807240604640964886117593588290398391819038997124335592304042778949637514166930399899926001646207107869200830595207450650092625349324635527532935711154776174344254062085315056412730743739246254282461566889712815776047833482435564022370988179206761577517070902,0,0,200901774467211952342064663868301962915057733307255532421900627924210641161464114265887240118783738266027288780757793305198129759440503501812244147270564593924682715889992745338960090284946497532416350062503767035653304762521384385745777533437808686879124526669791166752,0,0,-17490201602163736236283003673470948024378961164212975992275064172999996615414425573736265270960661902198505542909853420855096836599621043018024186495810215448666603426387685756193304743154212147070525558,0,0,1111223325132994710861004896237403166908257113539697457425967553257361087419209079434144721673906050915655350072543647197532727167930966,0,0,-46044102850721015804275040047565123947286276998568452234592398668436,0,0,1 # helix3 r=0
340968618669100226516417779015673781919380375688024060451129201884073941934365779882323934508782324173359954914887337347929055088908504373793187819559868662718710770963129489690370463556579229521855807408037957232716097052146424960714241798630901985714605786855379277143120801202639859187981943133132466571484020889834514649901750313846535729324020836434662110775755859530421523277330447616767982456430710538461867473560979055669805211397212826725364119000032033132561426849760778828756295376011295827420310900347630523851271510879291972668669,0,0,-64534656913563798449558427835525853216604393160231680826317540096200947806860997740396900277290476020861028755541240714742228002527607757568620635133519646617743972005595529939223851135170521783745399341886590720699838368134686451809933289851234866364820783591777945729086279357873390661175347959363398656330068294164553119210605410867779369644534761198071816076532571838843797039533405773324602894087648800057652430793473762796906785347560818871281437397417418593283609879376,0,0,5773945276438704420503452318439526281064496733005500710194545255014508710154139903885922265391211151977487598646027983596395164287686101328795083917589288922078968734617615889265089737447742893067709876473359586815036273665090083578269602421543857516285355330012363260655763594546803720237462195829607704044322933833866438394415394570005273261949525898880057762511097971550974558634363263877595431808768121060,0,0,123593012908764046470174775979830003223446793314009966032990416561403934603312004739237932991370305568083590506343023344258605838500264157499962367794464433813433910163675317820785288189186370868167683673395463166446512891021201978842989323443506570740094935078056618214449919871938714598646178270148667882290433301539250683235047332964157028,0,0,-1324770503194226080698914501445643219980521195726962291645200840311923887356319479543267084341855384637972971214949293775627893628445252410490490703153717923397767821305447759359958929527253814050587251181433956569774326629985762123649745688824963689811564926208694059034721,0,0,-13527534096775247768705974470721641675404102091525703302366093135198051187359158950924490299341824919690111125602028092119216577633504101703721124187303801366351749170399559724921085774450713181977688868492,0,0,195615367994958460983350969775508528820053199493606986903544008655358795112099741133478670227820586622593117302868917226344440982770005666,0,0,-768463097888950090333542439156655845559363082986930797750945620376704,0,0,1 # helix3 r=0
458767199417052340172717908611141044476737097971818576464163978699650987210775470369483612028575398100424851976218954413766478425557308028809865011378684346311788454750309574545934164266949255068883220804315655518547445542408601546346707828408000925503435795924078789078031708731521893293591500715689694949972193194869320285854300165320415291836175884952590377506683170682557443318027279734500003696391857883839413103743375663558331931293596557368671039782676359448607721577767222288001058329036253884107627644417474686784718995227985122569175562205564325139422953082872376190733830279956112627446676617560539540723009298520345143882227599299892905159685907808829318040483407111154487095581101690640714971756027346347817207309847341830121840375783265552127418177735603307560139148473944589750376308543520108346342323397,0,0,-1905455138541034144830285405321754869965378197831589508632800803543683433890556677044673695091566267936645902823296972369442045304208670689037132680908777304657336569976850640746281845698465419364269594156220723836938014553659005474628947526262650037751666172547450659101092401971472278297804149670371985845838489351194265296516635530776242371757497549735555466572333935004213683278598586602255799341980817136927594665142411249040696361300779319975596840029937042057879947072166963906758536375504639024118118016083672889244881637136784936724268715400887787949460616144231093557745881498396229525241501376095423468972330680095480359738238691553650159599490817023114143256109222313980061771252343470794390385649441492192,0,0,3286384369819519449808085582004575098113298438459727780577835871289369262099516113582702612385785750226959715413744820282317101290739037289787991039570552830130355857687962411324050935120403725996424040311953394335813215794702266397335037023879988099662143411860455385819170148257281937105431772154096480653704672435776876598233155021457952282332980816064757313035195439181637185953899575072551995891497786809166613384698312429845661872237605608907850993928982555154997559256157322484739974647505004881257586806891425537319593751606025770862167681047051982223080697469438184704869911036283028132646470152694488058542,0,0,-3106665063047264528332003286913161787666094871500621627342905676318452330225026868235264449399491096306736713237046140391269519537056135754416624263647308981501271374760688005202960271326617585812116745614405443927931388688477185196251893158283160573166928867575155670569325663995989817881732126399327200331886787634629690092944883539871070194106498427995246358403071017547290798339229315956639075575870541739951881564915777093628292925421395241277069056711648445947037118738042722801992092301063294264993845531088,0,0,1786145195139883918933502713210687359997311205822639047505691394347231899161078032348799675808367203689878254738024058556288588410661223672579739735200952979280455784914505047725071123972661120874259779461612712586135976020678144680112701910233736886008344254229483313644025487632561118997949479307316202954378300153225927584674034652965426891539374165613767427634234407655634150657662661973818257725189469866086,0,0,-645602030222510938429504794221084828071742826552484080751671459012642566517859816477471012351071645719962754590513053059834909033632808139475388801284024222423824466403639071081621992431160497085132580505375344830122350926142606488673192656963864093233102141802185748088959922260016202061231389099958810031344,0,0,144097416748456748054235945743597729383265200704223727204916728656416081802153502049490751243749720924217394275027161240210894618927511986782915777793182827846447293064874141965412937704353579510935695345330,0,0,-18217297939319534038653468995620501053189790103859521040638046313123903803149864841122383183617003130848,0,0,1 # helix3 r=0
153201896314409926076014803799587234188316319507629148056659314780264876308465532345811192233022704915243625657262002836992105502155640006768502797232765221889777204716657586337410279479612034005662602269459839970421245429253666464906688493938215519306819135225609970491145998953921,0,0,7847819214066337036204208841890532141357601031686543975645457910108837230197097949429311164984413594886762175630927659300960725280017468105195937123212407271834584149132573030993549024297238401524051613224378135713523455892494445789708549831800604,0,0,177894226937273714039990113557653026137746225676768255529418420489838952507164684905572789273336333252859632483275591447751245092146182305153432641149627224733130257792655056935572289215208796741547042600362201978,0,0,2341385144168715895434834438031549584947975202547374752011755080241739948805257925050723824403325497357416131258173705143433760734139493585080274251445827218113743617855666288800,0,0,20442439432893261929169530541887637350904227927206663318569251057789659773364945605609471027913251740651186753174657817721424336996054981326263,0,0,119223745992835656108484855919419747887942546937700032176010393093456575241802726566857658626957368371962888,0,0,460954060544553849122137981861530840950744383077362992313864485971938502,0,0,1041212778087843233441554264187301540,0,0,1 # helix3 r=0
7851471754825794223587745982826343429215071878148096417373131854898690432292645694450996146572414760299872997498418381310713974045263462177360744404076779601647767165828597173554294691451873549881239537157142804370787647535268687942529901575101658190278608373635004112393939234470499126114854507007315767725924147138827114167726462156293077640443854667487535124251637330387923559613311647143003396932562318572459197500517987840456897764672833305934471312945632770597235084842315220874638147974441572271189618416086369252318518199007,0,0,-34077408735786159543024209618764742785711020213369548153723052786449986524021202450491867280574974981982767292061588637274993875630292289090955435163212749817940975647615610125289696950185563554783597877509745048444653220451506929276645728632230103568343621695673075456579339256078971897420933751466021475151439875154323778879993181143366452685548937406756781800184714355833356093893409391072230453546900215171986195410184407173287236029190490905607066582372607280,0,0,-1081664918097844870811187581941782040060572264314238833746367381935245219240121107550606688565892915163513563139189437171924428946362908998187633056592409340259332774818916609771029386203506431938935834619986380687152435786119100973420755895635147615280630171367623158150524622803473473987705796214762915118288445590572568291279996507201074702450532058799481299782766434188129830569694274123557506126,0,0,-56651575877699454427925356098715549324570956936777148602069317715757123447522799499936901482184043565395986181740542133281713556524680599166768524537321568337754182268490062530593166838997030324946185746881985531891946043964724021306985981194070788829876960655573250238872023988649018071278300234578263272162725247310709253370347906,0,0,-133707296722255881369074950446645230592210765968794778035204290770409210911548741205268518216815509441345997716726954935656742082563221868220073756507221252571487675635755008777258838493721812472799175375183846835368717399437569281843231366870243521639001301075459276,0,0,4480099448411837358233572609831832751836762973130858558123001053587850688300382245389927591368566106248693511389734745992662598160935129219283139580169857628357715443859048581639762161874290858244224,0,0,11763437591031344654454537957588755335456114527639196582072775029101248540057765958316429289337893791297510048986766425591505356497115,0,0,648784765882790668087551012959723418330286653813023314426922773872,0,0,1 # helix3 r=0
39367356327085237473274586054910875434315019015508847686360654061695346916610095295615364697446851297581380975994513133052674528599947313863275270522919021680075286074725222407615073136584447302934633113320824862837365579344022914081193221631723880833474034689240552240256086007870328473996826619607483680425413019510804560839714814918104956301932872535896666060269390856474165552493563163802131050655544510160026468635687242368260480223535087605920295487143016818514776733113903949056489107110614525473653234631264937126692564160705577048847774033861758262192081993490731280795568,0,0,-83189341244718943286905937634959903106664766433159194596004509479827249068992821541288004988488893373532143313139494692551658477618028806091985944447628977593483659390030309068368145109677707267767179823618062511036986560311421325899056689699438138629566597870001540872236561911602175621219911361079292640622913002955872924099023388967800637542075965083917878943788453225803580930090591892646381736055236918863092982498518156324852660801867571154103973549990336489645243073690991942697034513569440171869345248,0,0,77121091683861685309928170065619952059199680547326339474079945825817216738931126179717647482305307796212264537935855909024733848263684606540457895011086126839377187845016497184024606122979627310433678985741911453431451457878081633670375293393343448290812178631476015547261842235562219377562141175735477382841168759894156163873351479147851776440488389710409147965632063524821659137221406978535690566512704834975978634798291584095923337776,0,0,-40961691586307802746658321581880963522113957015285522564330035952266335938155159240296072402538376115130847463733217541244382113115919045067658230603750821239651615380892807509262774843711445955368417691333599777815577374843851648618121616053969706763489325646344716692238637864138164966506578281898151086597038197969656644152785192747792158350775670343142610710032,0,0,13631266509167836845785250614848265901694785749481603154113686396039718475641371369908950077686966732534819069189868204242589369679316249431493284512154769444864697676017124181254018733118415922899711716183786821131216226718928092590541687990846092080012418072502275504699026784847596918873200,0,0,-2909944696814558154516247559253046596609128349637719865023322354414629052346368208445737852320541920576812812567908392534634886333817322161138449095161881969456289138567245868074676778007835137795311424647634900631959256,0,0,389103622258245752156952822564662662230846639638459462168660155354721303318213433966940910057000003551640981340019492196721714276123715106762875452,0,0,-29792754510234775489637144744506305688998245595293908442866472952864306708,0,0,1 # helix3 r=0
14119813971881859903004236251747585099923944664756506553496248354213473226659893884076183367534306988043499512720856745897843130282325950016172616785156088024034896432523693455361870018918209770651489534258986493806613142287968710885147154107822868817393699774885372409562912011565492896909261449462385476185627542516397960364124231854928885226804218761999933626429720668395047322587000485536161577597187001889496965082806499254443050914512181998931101643667914043965573319228906191743959555630573123080540365597202265150715600732646361148641774649154527683226396465964349289049620544928467505364027416011540264633712376849536257724679356583108150273204550669106334742633560458115080405773142207395225388455847595393,0,0,-468050071012329190305171754737775168716843265156625839446541111609564129545414336881360014534638356271831698391151281819076304887259641427127438176459104278061076357233375415651143853629970098867341435807365292204232850408294003611873618510821896822214434843301644120838991777642663754540255785444424346690776040639492530659080096659934095084197549847227209697330922363166951422426719444270817385364852349080445915356313927874845781306293514294107757635782126940713871681090736132449228166896068225186978285575730429857979818873118402810821556728686385422526239479909432716222763123063917446776044047517657722548934397067252836,0,0,6739396454976363697496638920805295869871115793417818693947297638329320063737671456580944305838052523725501964072832332509374779092729919696471762183139646878062379646737073758563316432663997826763857349392699869602021761046773898864673163975689356481804797682771787003633419660575700080315524887035192233507350617640119439872144447284491063892045175894791209198813995928936011670246616531305801603495055716654182967690312216714082094396692252994474321513324409655387055209815646908140393191397014697878513984359423958467284199164821186172,0,0,-55045741868314300247911029726244454039688372432857264802393923824456200004104470048635440889604153400186750171876122494015403526284517032644698301237062772885085377274621376295410882448544242795014117677334182968019199981299205891585961122016386478566323473675459454353009226827563798869790080293531276041127694162889499813870332301525077366588430257916561678115125670340940649688862146463392097229359501975121279652316243371910087677043517264183916,0,0,278918206996772693205349136338748286038432342113200996773509080279964832006136688562861765101168898500555571452544756151049761032492229442301893855613124915898893512205155141914589978883461345112174900666531245835247648336324102334767202466445969480251657937146546848812981628171301394249601476256229373590350700499204722119825952881937437159556694597854433135,0,0,-897796630805580612603816551860715360705922521846563403896442158743749236733530896718339058295548416265470018736510870182794970408226519681137282704110463602469526905033335724032587216578672845404191506863539717603330339835536088749512242302346772117952100946068578024840,0,0,1792940633370477607189599210914426999857623946666670900983351032440818213775474485673259319309248121571410258235662183113323862684794890886064362833688582521070789316497784086125772,0,0,-2031416487070713808972321901963371986181160677164990911775052488873060389273045125411710468,0,0,1 # helix3 r=0
146396529967723992400042520896299625315859112046948241212067395201337837254544183390182645494804820593005600365779744765373001741065383268510519559820042746048636901420787817819436608083609053674199985855620928240350932680059477073450200731015437062522631717926150825559388592526194848225861145187815713381684592014156719332169814157468535951776817410122063962506473549683000914010886265316596099756067299241900973874490924256907350120317955006813821085852859703344276565878021233169575996862299661870775829985951970848333133402198821627463266868054049994343296675085962406810856996069378238174799284569831176638187308768426745932043221981545934722467642184308020674896,0,0,-4135450225720726334890953246613930930517965513345999455196529396318287670993717368843064155673130083529606015870024146642757797818211778094360168934549021625237070497024315497184700450758900370927045175267942852480944087465631855555994556952265151744486040553727550805466758050185219317122665361291745497341111927161362483967396538903720595140435716921175548428271147697982136680784940032822686828233798959596965173000118237298668669301707314396095721729264745831742111181355485748528015585483164338762995605190491904120113173281278095298854793847504310161398672133792753450594083502144,0,0,258078111033169364203425450020525088569195416866133530072679988653965911786073305770641380160346660474906059262326053102808140670371944923118198391426007007420757161863191585702396016263897878917810589485302920744255351228119113701231412183391458308089037354874935425845809221436626055083831659759659123587985983608831222597381291995964679527962502891134443731469158194332045896635974039249416538258018769955595822485589273306282987041748646335504690448178027060828293481594339265324831596954955339544944,0,0,1699062387683949985276065164075161330472118583775866042530379737202668013952383356746685721016120510733978452013345852007338804630281219096150497337111830311427391420680305899321037859810767319212106515895932139899581297829987638544396571415927655186767972252687107182944603096528754970304799863904563188456554609536606776350585823478796726606613410017285771006851802300583735549224129792779990060594102985926396921022576,0,0,4842634822390285477156680233500682857097956133182888148189041463999621628374177011462763783439749262450181457460986434876768957660080184937106002276242593255212171234306381905896095142975632187646063794310034359313125309184151513201666452763174062287276962270157690911800478533376894485510340319385664138825337957900113143825164512189900,0,0,7815612611645310766593176075349352891081354944501279354894509293187848217143312903963648815590035394468492976728991002597844086090640902413605976697310761221986601769725103388152032132681383948942295072049798548277820492161162717288554178566599430302056,0,0,7537432874978172460494965551781169107921243757575501955459539089146398115935191438448255914855697128148605515181814167601595913656898869330910487217149761389347406519668,0,0,4123684819166564147413153284075774363260995718308100779383500602875976644998557005132,0,0,1 # helix3 r=0
168163290134956345264850178575503676363186423665607684492174392681060059741181149552583469653478095632110436187495392887497334277280410073451639716666883047277251653808922166617518262312493890978085905714339186937978847857484214217745801269434218694101525945362095524150523943720431301981506441058042561737673376616092650416013583795439320632636985222278227966785995826666820355132081148312308434200871936373357880798059560828366267303353722813063292184995352140927800965994470029126829216333011143381267060309322265989262456354780475434636296340090860310395992751993563500387519313817572745296,0,0,8375587003440095741586358193404400048801744085230907432273042453576695066254861692025331989010378021438779493411783459681698165697688052870421406774027899989849370453110547714678219086177731903176871945446797462504040632055100419129528592316938117646138595923897366093963589886702827316197803805059020516021567097682134855937227748614640108471534940149615212473527673616583444101270754008899537265157528738972630053161241763955774825552047390699289595198271779734294744937539651267103901328101404184998602394904732436672,0,0,195571151376312932350231608405090150445386109683384653266115171313329831740600570850400456245623714215698982039586564172737311934213149841748685262352899277141585988784648476157737191801713941961318342352842043794794563702098383693858452948007416158355251951857607674604668412043357556433340123397833018806596313105707929912210452151290503755886989822608666644810639867563871131688550940099486128860380222008083586142737200259370007426822081560352,0,0,2725296674998677131338160880335678643690240808783626162858715723391930605162247171208997911761539900787380169923802772552358020336842112325685292009451992612956491077229046105766715840695237597631151814397464291843259760789849948526841692665956632470522421392223481376727475420378393442943202321609942738995171089497866258153387100540319457769581314367888091896309922501848,0,0,24456589661948510944297942246483397122984709302225610368159896715571178331192741733363790956242282314667550828543237681643895752488788248606084144959290314393405349916826203823056859978431018992017334338134681870839453099212969598840335899442906242871946292782425781359520890681101801237365353291232,0,0,142953608408294652677453513961663741641549162566492810598719057907137752087000958041728312694633506191661128474932823447901152067790487941438108607672933668423365223962711187574206535782083916934407039308843332784243951873668,0,0,525432283266486952747403571960501677131029805707621893388839535891698780325616943055125595298164048545532284082075450294978298361619974280082182468870,0,0,1100492018725770523313062563798293287892850615307604951388299531438221746100,0,0,1 # helix3 r=0
1124360678339287777715867372091189267641562444072326920248090454856373255298990094759191032347693809157296149238425675487337025252722607741781069379170474128399132128097081473402949100078679863380083227839309385872137421836190931614364768424670061205421039808987970377,0,0,3236696992740176403088231039510421140624558400076560541717600648989838802961561579540835965579190027621345215863307932821693972207982461843102889690982419785069492871978316014878804283060243193974164857718321955444808083039247482922164,0,0,4305261719075912503856128594023259618282335340426152150759741577311699268583968392250777732071209621102011621435500603376223405829677358302426370551797904955545947709400337289218781781106124411465062412,0,0,3420580962685075061275234676579199988905956495320210923090795847276940357867264543751139512980906272820065772613578216052075462076263855029529984791952696054643964621812,0,0,1799737127945620551264519584837884439248517556438302507346200008937046458345143026658960071414809605441827607665423076678526233868324446,0,0,631146612668376090369351341795656743102991950609257895982563225880174803238897640177394481790034239180,0,0,140663455759327387822419123364851945236953714127663850175008610781468,0,0,17953384038261123911967504441346124,0,0,1 # helix3 r=0
6006440463289015637437893776985166264882105654241850940441552508475887303895601300141480561383260237150260352875722770061092229281831082446472483389622585802407956298093086537880649961461822325627444123837843611095537633213774489416034523446407312074538830117537372,0,0,-56813087286780035996591563117347053365050000980993457156275021325386725437629568192932711148792484013234074989233828280371047844064505005768954911147031739585764771699438398721926105115511082908012241476562470823382480415592488380160,0,0,230613112167097263816297529387646824691153486059941199748590323086544208504782298364034230597501074651672104852928579043464889804349969218509157697220310397024367297502019068211925898449005700979362848,0,0,-517780919935558868806163719878729801562333904248183395967841977448242428020935744534035282963638808849105640060233874215689034799499402642415898948675100006947564884256,0,0,596144089646844200583608029743021016769618066946420839370201420983495937397813697454950396064478862466429646870755158368481425681688168,0,0,-361737667691008177100422019237634581532860052972003704677441615871946575207534977145862359472290281160,0,0,447915470298045210174658978164778937326637547337777114138867649716732,0,0,22230811018380357810127146358956780,0,0,1 # helix3 r=0
749767630546222453540990000036158845203752612921784362114374587621570011873239894777510919936289880336900402277252504956058623517436778962775792278465461625804062433320658225176031447170165987967307719081122249376939485855720547402669808138313784379705501558168824340771154732274531325155661857077968401988293939170868630913649138109571731723353876745189,0,0,-26444030300732366453278250233959771060839193235962081937615680766918777011188088615520550869239668767552956745954138634075107787780001565643340922369585736635973976958244754050052996303537259963671059353888997552580241432133157181640568963326252215069566722560929726642024206047706892333152122901403972549155234,0,0,321571149803578979223936653509574790776086633947237585891443036053749798434816308309262388346722510564934217068594201360740451846021461086044061978402795186400362199941318358398165466297581235146241936212578695219203225459171894566639149691040364018706495466417186866,0,0,-1345836631639168177258001755689045714131357889946534784239266711079339306888561228659984787091277827830534901159704356654472816063164265844717128914287560045582693390023764137319903472894281215142802046761336427302839115284,0,0,-630004145874540558407639685220775834030505683979945084518400582778986637517734230396119320422239213421756818906014813867478800071210501671884954276444367853877697854748309640518,0,0,16748016800141764757474520362382536961503156052882007294833695306357944115966574236713182545372789940474067663063697769658139306602888,0,0,28088945172516691744244776495527875589987298295974397322045417672239260913900021108592541,0,0,-417334578513490185131486134881144747198683324,0,0,1 # helix3 r=0
10805447081921182301452586864132048471449037808465599989176972617486872688155134558227046188353889778043884894904026002643925752143425875577223654169179949602288600752248146187258306784027588411376384750479328300748836378720556994282058722072603916217130994799510238421254290103952985043139753224335399246061415499300864,0,0,-14025441216750516050421317246756302157570001764002552203764440878934630545193459748894620154996015994565896753100505356601438080985683206874544937748585853226485020301238946049567183161333930944072307584770994900258465575034101110450983562565605583262899767649183462742964895219712,0,0,6416736749985886080445660858151425863564591086491321397100210029249226337423953457677986381157861110253265631228823232782488283737246655068929976636153657638642592282874329397413784816043840610140327656555762060466607419702512921992037924864,0,0,-1117793918623597152292118542929614691631745346138826051623282852663691608294864566792127810327119418438135596680110002278518032391353421557020297173414409455351019755300678929042115862129889017451249664,0,0,19064014069018517967331644476520334928920482461164111180066237837499782820151026949676233787005888984482753513499519625895421681358498427893491967215493982453760,0,0,8873698842980439713332028721304234212822706756220522218160835807303074762400374542406221057812919860500195883485862297600,0,0,37582005838015519048784023720723758885475408648441862497552690641191045336924160,0,0,637476046126019766452304010153335717888,0,0,1 # helix3 r=0
10141188451394985327089369520809651031821919909974477405189890541217933243631254062467965204441049986922264151939392341216009306442563890566003957908558097481191271551738241130358643560022589302869895780893667667355778992811517922076313336559877448730495558607395809527644576674854459049193500209115610099267601467038001575458448888329664674699958376843725698418613583148960881836176461026683564121337230672734385166318069884108140339962568549409281818787819079129981265913879866545595457962268863532485256708320312506183235777252279319701598237901406822779558324222937998623518233862241488207872,0,0,343849416317756211254638581306619309631734797796297344202566914936825263238506024188099956575658671871433561968180248398529662664923380298550920606518293431955225546062767724615787962384512338596304645350040453307420727011369014683593557425748168321015698091397811134617556352687222761937589473002141988291438675501720945975215788273949141728136790458097728674654830353527239839364011243633171008026435928323809851851010785712755709648905550700886806334742046384267778965735208573104274577357413347202679555054002203787264,0,0,5091330851105666785432255899534235989274781835699666563139944816949223105900030711803945694511977530343432719920373758455803278886986482778247250789408974837603187092794712104658907644171853619840833239434747974650611905769020815777256244502519947277603215442569935385557595594446664038279754301221128868652290136233572939594053377023434835530780238719027235973601781359252542901052550842751585371986245696236028478903311206740996613850916825595904,0,0,42994980199398827644103596007539127098530162792964422507357723889780451306040403803602409139571771840986211767195855289972423411102443784377029126967333497623001006519804614937594341347224570242818590856495727827125070363447380330820731824404756832707974562633614902052962901504056242042360248072199025712242272418918848730475159997444414360827930977560410454335366931415040,0,0,226473522784311242015254867351109209512537400161965704851934608974477431508784315744632264839459358600243846086071288947851601960560129782581227758364739039002142338006275911814862986134481660907777990080762721331389146701984820717195039922618361565372111771316285444277319170594645404017658330873856,0,0,761935608656556955696547650804304817017308142802462493063241562061378064420315742776411490333560454650181043919271884666388623271476389050383454412365281093868778278732914266112649552825002837053803535118548335554183949189120,0,0,1598910213135557677110832604183207313739223794839467455503590138737003812381735102079094039704944370338337857311854083640203916814684468219900600516608,0,0,1913530369390817790382850058011802082227696104536968497296894059671231397888,0,0,1 # helix3 r=0
36073004427349670792958774622368617135451757337382731062688999140043460075089923915551141450769498662183888754410085812709528894016658240331550210485320366491207344107654019719267382330067109769124407464360031591674713593979468910736341255348102874792264420337018506096575476594824486535207888501200126827038672357932924740897111,0,0,-1802235552704951860159842241886706985638744167791625664205419527046712871462479709084462027770947139001322098013820088522728477279532518735520071605466228340183297253698190086451442168155581623750739548900261116679192230918017838989337617163171877589757648369199592397622807056968833888416,0,0,44282117312112457924678908303180100643240935214640791462819472541919151240761776264122288426743732143920093060895659673977971381011492333740165422565853955189255115981825150708847881139535505864221164586551865114691698338118570696233432675354614222,0,0,-685929718736255498637963461742845543667656317228264636210427066423891229892271874023018159921146451477040734474896182312967021732786026339624564508674991512895281869159982492101547018743178405131846318886852,0,0,7204505328688409409960238420169467642061963858446890759332574534853907477536756272343713537615377281443571730088639582780155552453549750029767556083092250773576139129,0,0,-51956368924854936325362438128460723189175091226234314083820915469805251722023315816114622001402254342682438703571197310650344,0,0,249623292493985747873891102273993149222491120388453465338333859303992121591242747948,0,0,-729660356340261116713246289638219426285068,0,0,1 # helix3 r=0
409065586250506571809906788700407088056595334628866804078801883507974656424744480277943591986854149292061386635701174376018096134152057435367129282259841105310961663172211635846124407911787470966529184589237748774100023103458284236697294551146187183113940873908419262172107344254827505135410242840011982267351280066383689561124977361302306315013061860220393227998914538891896823031121628620060738966574755696462904025098296998748248826143114297186935367060351088758351363434051549437304855831619805230076174874767355251476747571583011397202818692901210118777015317893799557115169759484724120354445933505892953525137790971856270559708220425180769330043444882155044281121803495599022362559880016585631133925918077380299505457052781975050653009937803871838263419398868120414796631258788960089967539185763308393201664,0,0,-8682067686466091932252883434570214725755151929435637885422832737660803307187585498242949204376581069802462447335195257890574793095782644211519176435987369008653901910229163437779180840539344958274604427266271683110707630776002279182811404246309759872052691765758297287142448402011210090898670783403666933766558382166403001543243646385561212086922675355946455571253681806967127856916642327133762679054002437101942464772353567137458934108468042458665211463086772017136593475034667969999807554206460055519119128345205953875801941590377772635723686127883164326318844021898156241208858145716604388308278294372646852352399688665990874535355249703037294705444047227719281619008663753457399604879014003202924697490554880,0,0,80606678780017035774614931507310055459306377366707617026846393136693833932339152571306381941917440876881626752536408961274745383670025562041400058929776590914277882899710905790127145784051652803301361342441196913830579127580271662965430897069141896890718023368884315959362282394962555802489671961043772446703120668257769526782079953520175799124370028720146322341675477476966726114391938210029552800941327079727396269673369966651978155899632858897730870913410032567320000891762968408786296953671424934999350245837874791117146923475039942594580000872228070977004185531229563777330654126403970018715229215279546368,0,0,-427582579764459923786058045994806285501035638752062507816494996026825391206652433146535731423003538309634561255604635989966149615005207999781340387873896363812461865463986753028870986625618737000458405303945832207321170390367436398825496919369573301623938104869840861799153940731301975670615156238652336009309549878334138480757959772517981132229402151668894974542915958986428457607517303417707459512495741328178032378435306861423904736399857954702295825352381098637050443784021626305361615516786103250705186816,0,0,1417384724160414015955141489338370441660267383956423043629101743711727907568268402919939032653091220035440367937163066970438911188532251341968443031402604305886181876412371786956891852808931314651090948427588922137179869163378112762689107672420932584121367060751312234482042596273344847030029537080420286991272243806847829934018480617631229866757228180587952488137455623496446438217057028426934334367178162176,0,0,-3006587225776080356296362460889037254391972505192784638820646382394778176866891302980458427783536726567014584684184314745459267994530944023482441555814048294581502123504862739797975427637208083374485685915097508386992011627991923492692622891642127526048373593182563763373273069234735452731907178565826772992,0,0,3985454176139981920386382132253918183755013561859012045709254007786829765165134344585368122475647178520361833838810332005216658979113580514861597227219562020138850698718282266933755841821348947306439770112,0,0,-3018431435278476400889352803100844576334549594060566911661337119924575921366545695527382050111322324992,0,0,1 # helix3 r=0
13436115404072032236188633437389287000175929362338321429899521393288762372596973423009422171293681282505164233452351026549618812087739573162598271644021814969650027709214209053271255772670410065766133998987728641477908303602233594216380104803663666026209475539294434856649202315852179124630298092388521971003068175828100768188866962537515340305283811020353146787373558487012967881464655966365624854455794540988433241569812357349053788868411422084098879256102232592855357437034408196670490632833341698520079468901898455571852495741503053588977239139603303053516544763682526875119806926294555268772090804908789968055575865664971788145067528138392766717905076458867584851766869471765607672213734384568542838092642700830352853058512220025112928489657041935078382047353666688048164080184492725557243606443140794270920454060210061859482919342440448,0,0,65315685382008131595612175406910868977793957120496975427154259174905158011942328317050216255020130849661652516761257252016269511086591571662177053645510154006120165250211593132838801003038292106266771968049818347285146800571105023109794887337771575144639700381270601110272710853778897934919465894373510203932809600068059631189470437786590231395405402490946122993205082085185633890882052900926197348396034537936837506781222577480331615332677744051899362122204581552276485098999366798927523288003054926375221218247575407549210555256680519244150126498629588289933376176512229633666523544913263307301918967744272364459524773397888848095927594443652379391896789527305006201388049341207633938626341889523122042050405371515068386805960801255424,0,0,149857144306898814982253426096915536318156442366936127248874134519828727810381338411967554904526406663395865933565633038971537594986510680263224544007540277360254486048547813215783047515899998377378656681729334725666578619811793171800869085197770826343396984374037378086785642078642886855223835159825083044944959868548695212987546990352505873371662531858192450113328924864453763050054930273406105676661674135541564975431247674193016498794264285596945742897973337314704616929478374500658828307601556803487677485120522026387804344820476939066445778939593438983380670037727516388325981830935280283618744417042833877498940109583867183104,0,0,206026700789240442188502737150409548186445675031711218499777265509120097884914331888391206910025247302937036336874915689220353221592121953015228999812124038151018994442272768014822432106846040296557393832268071265322841065571115874942720824839711085383052125828991952684678018076842564802309153243123127757707325422137806994905077716156395621624032515175798342785681485512881215347903943704804312877542965477110620538053370527161499379970243727556278870047842382326529822212231944822672793134495245979358444801872793513469411328,0,0,184170668013799899084246018302643603208055603116160048836432914918782915315349412392393812820301936638458202317604757653805518544181255780591191295915987008373799339469204118495080988502629223200401293408553351652185066586818822304028256105126745996029572171778863906645989869077576879342347677589281058535813192077981395721929549389688827883561766087167429905398552029406939719963037531044800248777002979416335286416703488,0,0,109119344755319435376386430613746537837969860152994298770286701615665969069352853728615169046014511685318251344814511998599685933750484191518416805311681400487844646637057515680319165355667521354058133854714047505791966472353089482582635991080176578447972859319768351568794403492513057270198603712575835441888699088896,0,0,41861922376822609385195940408333055391898500905058833545983700185907003154206973491600217971063356884065877005749441311368345236951564114343533833545760304758173741630136029199864686789451177096489756637471440896,0,0,9527909638569125947093057472556080053832335574619099916497262163260653312780180876117748722286725118820352,0,0,1 # helix3 r=0
338043184570167758110406357023448792656357763964950232636451224494068031151483147514861229947759249842839873677264068625162393349942579626441534474996901510133475968762063986033475728049383418153319495010192827751840054290779279052874198050580984502902810765720757577094737633039019021636977086394389243913039201256025102398848266879795939550106149498590309831598922213662932261252174139998214341036530525923130409562570270168923914478773683094147426672053580726958028541623440632124600660074211308179104724551014800081137938677442525998796021978575563786233521583412013123334544,0,0,1223337262018344898738105149227016030959372695328511120344001212260915182414473014691897734272415255025270718391284348171694327014327969440315601056312457867818929389432373829922769055293227932482354296640595549916648065777579328316521161489603928785920651614030152412417248437354642444689955076417997305313917109916423046963430855520481818130900310317711454623371724146652229015908377253432397847588451114094574896272568720540337155895450140686341435847866460550388581929622963419878105170910801059066163488,0,0,1975926250466446083522160818421982074129390593285401811327661164797237480883649638953106668029450356684478107285603663901054340914501679091351193308774747408735217536561959164691419312046990202472686820441173793477485837680757229697082318807494402823267945625303904853382671092486864760334715264743857179082666297209912872010655052861256478893436111560287982875002045144509540354435195165988695649061031820401818082661115103997576725616,0,0,1858036399994291975650271609724105118784048330474427645619629944662455260781543871931768264907950849852391716584150215574485417899129844842888141399503149612743596369552575520101088788307843205880226790356959532625171588395859042105384809119758939690830703931058268290468560844636379715344429966866460481468345315627662520508258108642049636371252163565589114808400,0,0,1111795961187862540940528382493070896562634871082999212750864612784853253985568267303838532280296353176946833466642991946232215330222592901369697020143016833957974002827778323449395799003394559675136033782643155259677631264045219867039218286589006460906977189882466378554180270697101532318472,0,0,433393871738530173646042937146416225472849174044251923622569216104121755025648939067436092384103046688894997014942219680999939892856223814743591003081641010145405466390329036315897443685551328215097737046770406665791768,0,0,107498185843183403148330273051825612475825291781511561349073431366157776573275872883605358665732392536988414191569681203089829285349767681112341236,0,0,15521087929829144467115285808464650273587585984390826817178986214612508524,0,0,1 # helix3 r=0
2351537640369038002100105232672175187381530889530326888587251661772406219264234287221268612166979547236424912405908971551265401456768584761195836986467009613277602493678417806744179618790080622633020851431039670848890857,0,0,-5140593130002546509393931611341715692674435113405635350608927084075396801380232731153077631820522917940606124024404920983267362578164054208859646265050227081079459148167828278347441085130986418,0,0,5665273084688728585850166072340011180293924709814116645352311358212391660648777315700496215749293894267019614768964919236006029264093376987285588901225848450668127659,0,0,-4021966685016975374930398450605373128962869677621184475690309524393052335103645465276010805226633768442038148873338231732655669267526003758,0,0,1955237234349120402740090972498930446575956518204727367113744078652185094609521502660243537606665213299988154213,0,0,-647485962658409134988849113645420008353567625578906038027560773525987556015774649518,0,0,139627507518707001984771041965347986689679616828310940649,0,0,-17684572665196053616971584076,0,0,1 # helix3 r=0
1709912929,0,0,-1149884856,0,0,262352488,0,0,-17134404,0,0,-924100,0,0,61680,0,0,4289,0,0,90,0,0,1 # helix3 r=0
6214877944791243677375894200503182162974523506860880431496402708813468712563557890940963445947815633778636422333832694908964278482984230772705803500022409137424240732127410731035070142291181275213394121904790969685319252806841043830333639637240310650308425665761974367169733119022681006104805880846628160238132886953977589152997617280787422085694916190254853935118429015070138755855128382676482116481997699287767560577198140631288184100819720535223825,0,0,-315590537525751789815859839497788508525151944739149119735832942611457203338717869744295141588654648588278611303921643035319728271658026320579477896550554326862471991319295394697089346297560938147536364789398381089678472192524332143487782922963612007023880273238270595454952466198717414581585855988503972395653156901103179824953561406602251134776476934861761356194570625804636476654261459345706580,0,0,6687936150637807664530366678065491214847071313553677516382542215221588211625045558725791163572050323620021985216818020223794713938149411352796383798380887340486327677856205077131593134151929508521493109726292467064761480377007721234171912593678478573729440910583499270666773293016420684501848755942621875721426097521559655267045194022333154,0,0,-74256534587541045539514962144691532507310833786067012066826617522019993640021990498465934197567254327304117227486765204437475111495981456513843758534110795847726139298375901590689312626817585160150546059069871431654552327376841284687613297266677155187449467983219378469225538274405960,0,0,453108653738960756351282532337296074867378375720129193970815875472088392612233390942985897077145918327706137762436675670044687162483455903495219934732536705010043773550693434297162171959232399791210352249191575870463226597416145,0,0,-1509309999501735083712654643274264242678302509832501488091976320939299499132741890157096677827399728781092954015934565813884142593100409823943291401393797049606138472791496,0,0,2754268209600775448630749751838406568160804277255931330215985656404176682164295866574254578231670180494382049907020,0,0,-2602081817924381046632481918074337237946300031157781754120,0,0,1 # helix3 r=0
80533104651518265897533668480699189286811845255260128158743321832005916291745289809504992352401043032371186202984915549112111200963154272460288027593221841573621508489769950691049433195853660953238035639865706128496468199519619426080756433889437293605467130527185962197014351626573505248549228323328237429230595196458067490983492819247599247990493757311051727078703157842834385319548127731552625170441506592604474115666974759941772256208265258328440570347820509633507413127517793327569961547851562500,0,0,407787107107446209965274546891605883009030430312996964447363839385997760287685331380094364033524413007444474225630713638044891011816462840962816912361989945815843410913940404178353399457918819246947667474181909770789230677366561392537819110568522790806091349119525858885945663845696848444726815596615858912523422901836025994381127753784935757335627400034110266367115196646558027527919418594505064634692104164059855975210666656494140625000,0,0,2627476592849820889824869871121752552227649531362690314830491450345509733466325928794878997692387193478972219319560979861074731599586505893860328300693210643522056526967466810544965081408923763333404321957084058312141908455690343656920084735386308197500654201027628345498454042146984369574945490222227642111228119721203851015315885227691117265180764661636203527450561523437500,0,0,24710051703766438752467272990191383685358722336262482380669070119403643366165597089194810386879727714182647310293143193965474717493565874602227931943925658930870256950477659340036174826848127369951256792560311606232298487309552539614552543263176065547706342289995191160295595622642395028378814458847045898437500000,0,0,113695443634210742371278072544096275619859684371735609676155991004356056508741816801058739023378267497320061638393956938797517359589714858647128441190993966139046534592199515460012723276982389610365163181603586836643238200394989689812064170837402343750,0,0,313404367239272224452256560970036917199246923557972634703375161270868910949826525301236648477811901131222637270361949571487863351325810749976820326206938815971625444944947957992553710937500,0,0,721365373930647362916091163687529521039692305350408176747921282317069798812278095612518513668476316524902358651161193847656250,0,0,1259238923335301680070549036614563381590414792299270629882812500,0,0,1 # helix3 r=0
9669918136136837557540596483029233163877382700963004586454861494628405292231742682081322023414503098031190789890800495749592469866637486789922108714887943972283389438434008023768574317482974862005383685072267429840791157053839968319162227827158747837795752910291800971682266865389558584639719720990499570183583860710825163886393412515410262365281955163114897621225732632749569426623623496784821094426408017047685827954867186652688239250635878488428520103225034036284975196666190544788498467957334607059076792622652737917192496587544894146539079831511622056760514293588327586501318804406880830027619163115507076382301756603030802432492140186378121618539147611063803478622936937353627678637160118615995559647555920800208516155831693029871344409291354037625167093848997884083808013524513910562111556529918961124960915057309517786657819149,0,0,328204153626871482644010505419287845664242508867008429190910432059303581061247052894952456045346893238439435256779995406177430810331512462824286397321645215479883933919292450490095411167925835973534820534973914722004214787282727360503515001380976845776893210998023378156966084089513342986329879011962667663467170554536773767149662829722995223571766343315086463282781424580061688412885809302766024901027547129553744716030649297352261785034780407931639791344804266921810722046454670994042572380881783991418904210221463022509863954510736213478428315638801209803185029646105058640777253969708384217010118264768462605167786888454778722680035131184258673275937169331720448919276414767496362885292038016138026157603193092027487145676613732,0,0,4871033002575631738769270279085431643855566190941633400171108261420880110629267955482964716394371852863067483111347672597628292768313649000382376902536993537524492944692291063136776631327425541823098770776189489712993530844618232452139781692288671704454619088086558227654972147590927399913679592604249900135036284900742238173870867839585717613968406411274593402660108878112759535274470772064351230783805873742334643746012089026169183618634251214036062308871907615565039774516656900184805323840217395685926486931582928509684051226931221771490673925320301429403140552268262405478559118738929010505311094863650257936788139823103928,0,0,41288848831059704988266776456899258353570978149534903418143439239338940798911166248928969463444157235060275686895459297868302748162872483267020056078663047372373128824372141917102092000831921905890918358912922866548087579528715745552756509408291341100015472429694900463537123655190888009871456137877790702364449506842385959796660099921611792087739554157628324232861159406246143670114175363791667460816625552190384831139423312888913298760666663572750936469844081328499989350079599341067253092905865318045273168460450766651956,0,0,218621415185990530255745282594697832087853592413534713135937794114677954666497928158250798233933342002598141713640601007924493886123774270136768975223170009588078511839951240559883049467676069742597776602913357028023851486914152123996355955306959078472724897232379150629228994325302045851117430595269306120749090756452981208267344178860107519302982574238230588255193235090362385623150533641627331883421689462601969703370,0,0,740451579866284207639641703821957797656738314255656336412335452950967017038469138402869835167811554677049740657481311837787990164903579561985522504164290332535902436498096170746242773750453451578780530696753972047654995650981511118678317480048429637723658847001890873452398769969873739975167099592719747659438574284,0,0,1566538194881864626526408594085107861929866105450460125451032205203749525739891148640157090541982254327130764854884102867121201087352197375024083042234550628100148526135759866881911523917249740994528802007400496,0,0,1892798292937346443474765142388337080595964072586454415253519585692534651788144097503445292795373409835420,0,0,1 # helix3 r=0
2217308319726825852035912321554264777619089624079648470941295418556449945761655604183552993839968834866448032411637705588697734305916758519227616816977598670533409449487307327547205315106777461365867222747891166925685065038903110115983151901784658005388347764589696422197349153685565240767842190835054460785546684940962291345144271452401917115004516834210789664880102252440311772701721841850758261664557165084469608084838311545324079275978911886973974169839747445378573418851648,0,0,32702796247871508195684588387559884116571651956559070089053022440191922796454490844684887593073221617275556262380777562919067562065009434801839592225355416897416948995923734501096276714375892569472220753085051372941289220254316408918929398346803104688695753367592870415826786178604698979696342479464757978402687217572728038040920130409539012413089533685951893005926451789797137372375456698337199326363999367699058780928,0,0,221022576689220484065178266036687278747278954514888664490127720310493580475813978995905278147528567350698471600604330871091434425542495628062776727901864775520299802581645829229424740162362610250465665674162490793009681580983893625585385313596602687488359317123381670635709426970623235340927727157454808058959930365919320007637642901557941062827465756590328352,0,0,890421543727558141441359218421608377747593407746206064638626764928723360261712050593742678770409635802099645277863129378731813796303196345775175649779757285887508728797820598199957553223530524098014868871175260440470301707281084060347043145305807249190407145056571078448350073622713707786505090143040,0,0,2337401520020981915045324445012675317530626631643028345304559182550968324757445569339118143903114767328113422559912363627134349247801423210911380412004400706325345622802483934299546133334671686652209703977364647957447207060152443174658337656,0,0,4094693698537850031421177809224062314217787833355121079985989984416806245622373871586353011729198178087097252836933365344563299038966746944090413344397853770005133838610414840867680,0,0,4678345222384399340425448307339828449874274954551406729250903077124415864443112818234436248758438247988179231632902922992,0,0,3190931395242003451611374848034451097664047964671859367396204,0,0,1 # helix3 r=0
532340406861716748967156944288634028789153350931137600351243352967762849206728028710278736103019652683069197065040293786949118734846872949584913762454654061209183118156448852475231701392059791320772557606475749453310677508396535674065551402829189969685708632943159051068861066913689632045905880986669136195743406066123734409384337655036708477284778417293035248044081571132953957560408310389650595067743618610056101415112601879080852341780099520674623397460362589883367872712016076803480979236987365465731075693507341972659107277738012068035139121502151883527236121098159337327603144713385524787202035049822192485695660587782449508822430883465774182574356831404032,0,0,61685671116822738928072436284076714580440489131040419016442350199874909454197428751089976879577114418468780307599011269753323928667513613062321818882614078835725709838150185117030206581866913222068784161606397657834770149388480682389177675825111855470860907334459400924031596787066236566688745086267272271701230511320390394684246141151932514624120795211411343460812959500175850366404775326464945229662964681880477537018599286388476720195635812314093975793287237440391403276088044456964716210197866594579554770454944073322559602775319071929129816221787394528101545790689984120881152,0,0,3123639435273732154269589856248639752186823364613476264095702287829969920455237233046032108021890810680630777393964127379982593467790553624548953377944041642787379672445613764823745149555291345529079434959441911605067569055707819452523330001173476713960912763111937206519697950867950132612581741061536709531123831775700139907332184810539701261927881395877788255304663917135309716500792491855260400383450351278192930689060390567604755622141130364847012932319737107120163604846154076502760067860267008,0,0,90283949366141366869876694491494156824422434070159562032861712015958779191332493960644068271277511869517016902970514513214123904414511372888208230410056978757988101799009648365341255919702994589191885294480610405972464656511007295625384600018389340496310299849786450686848731779953628083983982951936690526390502869304813233059906349066961334437480762560490202980805029362993669145077189985574963866581964101766873088,0,0,1629144718700874211138585784822277951857915331258567313297074500102410235735748407179960634075834384037392383879328914358098238804595670657393226339739363225536837317613731000468181285428418598023709968789682215432015171822052141228279546186922552145076183121048447459366724223272673272605140052261813029381142168040762309020523429888,0,0,18793914607237113380572833589130231976756382954935049685958854207001415983001995378607964749223057376068062508937237696774486071806099907867184919877892695778253080794880919636895551766725584637869287987150330917918704813919145868980935385130869981184,0,0,135360793231184033432353724617441534627264862826279630807983026125698741189157570738132311550444337532765100101086214923137370352078640190484566386300962253930842030080,0,0,556516964795322542205492233741037100562195161445725920375564662995090057527778344960,0,0,1 # helix3 r=0
19221164245084906146519608248378864835457849735849362940777483263902526508976070518377357138452601595005969556871489134495807727514817476391967158803506628974396377161828935171295928839422884651593949965204287354054356020063393066313910790514761156241109517838389028436352581278343501689469919852431354435714026462576669734247261689443878891946991375245594151669091659225545876250433232877330121009676162134506618911696153713741957477760097991839125996564718637883597111305527221279586809320429273893201549202444246917676205790899371006316574964687362903531269313263398770584392607427664671755442680250616129686706263514068167038609178522535470574672325911786861883888,0,0,595814632273045929912429792909863498878848999286901705930242324306524980902496998559532107336457092771457570841142182654228606514337254766689588572361517636649626566243736574063124994845874852703330636605877398554242422418310167993519899755024935223187271601182433347884336593525741779745307825721653950878359171765749388864184219205296552782770720595970381567712964533224541278383657484093372489460624915220305126667386547658629913388737017426278626932759247214687836325521809359278078815950877223595361130466974457585330243480693482138539173924324629870317348585737747356746979578368,0,0,8084505169990434258737414326507681708885268153792646762242918238313444580587847357327410409970794580693952150321358620619451807584704623557143790352691340943720346873130327679386037986828591455568483393905142895331874750511114612389757304971852913841122298246877380985931658966222625223497658867660840822454551331829380931686712481911638836096988012891885885375814344369881272423143277103121589821045588740180630911246965864071081292575518625751471178413258834658350829110419551692304832271641321772512,0,0,62728731429840453853625913232729298738286019161470554335668352936785034066598950624744478419414296085998175030554000476875744730574914558132183705410650006341673927150841025988590700201299985826573511775766075125993846681906316768112969404662491010039967370247404574721346879882822520226064957007127656564446344817234204316484949674513476959750475332341630228757673730407350956628466614909870419145916703280378078413664,0,0,304467388769787024757040622568778868049186506514594776360583342232058822785827283710613456403657087474795593143525804714244975785690283924695063404553295250931984425248088097939949278229102249803351812491533834394198098333409658859481317819206972925002224792804129321285198826620254060054858948688768284690142507659397458051962908556012,0,0,946761918315594290339473911496221836173232067560084723524705422388078062903328029895240457115577981941239523870339877738396101518300309758233652030831017477683121883412564346610362952840719368049926658345464343678032492689160422341300372090288590764376,0,0,1842124978648085132073134097135439639908699012732224540526742496361921440108447694810553527825867043249259305816239013104550244137297552848325887106467927973602843355180,0,0,2050662953121762957159373124461135861459827724533466695260064858057139162355034155560,0,0,1 # helix3 r=0
225854962511503472552655255517236207115486048652639371129542127159562476443068440488508014552382026540959639648117335285127115469334787486036154000686625858092097818536750146828544999059427719376617012732999179283503776415423831196342999367615578452708831418062033087935625479509909431568564224,0,0,487199854971096910693746222403817251308433749934179020191760610084855387129955465389128403520267423107744314806695578260735977950286658362057029298640324728457537031667877299089791500610112560951286675819231013852054521151495252752051954651786330756370923520,0,0,372076403752751296153435838314221145975833283786423502105749770734268203351184482008262880238724796657057142470943285253056177165389836164430486006335132888828825076909988760612651596277753012570074691297898888657872355328,0,0,115163757884071671558096799323883194821249399635065861747809909603883745300654840267017002213259487726636012392336854999049144963462147823994630641915829707595087289689231396381644554240,0,0,31018985128549128292130083284793412682837434501783584908624480294740078497935314323307504687196276981705046365761323867762815835335444906041218695168,0,0,4731241000444244606858201790320398723456416474701005333202546690280829355413711047464566924768346988260704124928,0,0,587569582256298021172419237503528215225739416309580212702468803736966791168,0,0,39960194991849297431698185813586083840,0,0,1 # helix3 r=0
1652359190400011302091011048564771195808303379652263227664951386490583978698352723277959724435078415735985348167670718651625565621726185183409253234250423708033958448110252490573401240617316044277470457839265395899285654164277876724015877212918676807573347226233916572623212956558527673956668956191426688732723535716469944118433860472520022825844478242471372927631119345734760412738375528777831522403576294456338401967369762589727711224122426888517187316871140869145626724828675304887952786365252582841022062926204312986113933623440634286547209952352027742336591925321718667382172811806523469675115351566255716856849507253943739774710471490559,0,0,69708560591830624661749590069152641189714861598667978309363828265804952624421782883991664672960640950852288283451647678893579677237706907322961861357747551750182755412465533152156151782863127614974996483871079945777773993788986992770116298854674901965483909736196319697987502831148480490041872168995480391546562843281518589218707101586970732308462905868538292656107575434455863042910042883448894444237441039747390581274742016970159578348432033435659997027194156101372003465778008762615927011666535481904520270591675823275811760440959903927751191240525287200049956,0,0,1283081080263017404741911596664628172036726392330898607086551844822856039190762686419877600834541508690075004545857839064134836429073258509836941484586929122495113617161440697852806917973851683855487372504948490650769664890633960729524324376702602167012280782562926776273819033657670964177899092471307652839173772930342124447580817979128609292148522744094474537162688115094099324109302004832517597940160756472518811826063108420774184961154374899649590524800085338128703320662509072816,0,0,13487755482826204357981940814737467649380022255220204163173280643454327086137934221697080556658125208680609772884808734858270603522302027886355389577636177598780622846672652291558734985452823588976638430704408509491720175225926000042045927602017124881624884113313177168872144391486679488573535237016425619175341533053902014017675020881106296776330785184511280429782750349621045614196571472521633432145148,0,0,88730530472757792066022999523429526891216423419921426040723795477578185524257850008288675013183243436628536096812147062099746982278435473777240183766866662029727945449667008532349413730643463570759266603335573539978330466888063534287289291722141250239512903197648966300764680396396924712253239272373348094808117570080048816,0,0,374541335627048097827737815268924321724299983463292122112627743057319020999044128504871816283035269167835959171499483002719277689968293982856274030268459688275412209038243471796712376112809613796860559328418549021694795001786095255047892628740,0,0,991190081016060946964614217062030551610161811622486899361028646626243731978535808893054090980157913890049728814880826516848077389999031111506892351634319121988892,0,0,1503407828638990945782204221608850860019567207104749028742279795402293475482215468,0,0,1 # helix3 r=0
551956674893984651882399657834151420951648606735635149904584658287189874017505508148545299263270739012418646096693984192868684925753952617,0,0,21905409525316183190955106825897545800116324265534931915820575431308266584670952086812205857859182957351762326822597906644,0,0,330835815940782748102773048729718706238213251301742382199664613719706695475793743058720880296276822251175,0,0,1853195987851977840886863591059730382885048529406965727710918748923045054960553157199292,0,0,34933853808969577521146535291521042245496390439118395795767212332565842,0,0,141350531101085819718046048216297883978916221629126266,0,0,627457646584972561396436711178852816,0,0,1200757082375992968,0,0,1 # helix3 r=0
468281195865324921761453431737751878395378044318474955019838451701359411552071934347640871818898007069215701311887355034347431510495123911404697492438672172850809742416887591449702305258223377253832476841350051185798476673452752171331845157567496906077969412597550640031894717008729572009439544265673841409119536241,0,0,1147542154631595266069634225528083666233293239399301785160016521019038895712379371250070103959492730565607383949259319006930580897183245811164624519820818542864218688755016097901450523151664719416110925370752081436021333640420853482766656713176207648570744212985230614970124652,0,0,1682052662462173083592298317524803673593007466884538029613378875855725730358436654173268691278942692198250820876653503782173979383627951068061681203378001282846356260331211825912079119324406512504800397307875915800719120428931462021184660,0,0,1619286886925220025572933448093734023457297286882302050394698178574948986019267388537959563601994895190612717905652769562780876034562212967993741820670298043794934508388250945863118438008816075203308,0,0,1048076182880027438967679318383297757846426748193570805289918295286524253326942992008747636940398311613075758259442070869508883237346583578530269500844522851094,0,0,440230433598728920737803054533854627696252879628979660427439992146417458768399473373033325733352775122401711427324119156,0,0,113575422909812360320892633680077488022061176475579798596762780908314581615048820,0,0,16315359380824015413219518521190710035636,0,0,1 # helix3 r=0
65170526230164276797586166854581028658224447321662233968428602721135315858397440080963877867463267094481876494390522687875847490974681887404287786671525046221436222098898478433936277515795043886966224177445566478709917388799839161729930941101424027987943728446624800184114744999001008745447002797749368638111906860515412999761612394928594932003686984759473956135108270227985540999914382351637297394831081385358076324252264776523310517068783773172834522744499489384155503276141799,0,0,-808828613338401913437091879599852229360035884760590766542859084366927312430598480236818530074213536133048974222699551611233261916556502874405626254978691136538157219832071798307432908508413363601194004025607782455023648740723180533948585011372040496209198060083549086284237762566123723354120342344805117460860740385285976063288390063666829901700485438728581955315086196859970180419162242145652611028957949069013949112398,0,0,3760596161529189179078142197594342595685554544027803237559097858604986227247793610860366362887749544510919201439019285493596594033684239160948439516189651348379262978415866335420800645452558315357445054549809624099141238304881254177614653680104992190094062430159768272071346349215719863040753022862087200611484896908475565873947581601945622160474699043436288984,0,0,-9195572691731075693258643685450546866403820030208584694928060412260146893371574796014526646732130964059568709287449239649528801912508755619294081131517641157537104131966179024476266896036504409717780048594339866133750159159529887778717093581132688034050141081810926330481301067869716600061576824010830,0,0,15459868969113556203155249389823387574430150746696386498439220989644857498182409464185520791266363162134198247551207868201536794546221236499458021081331015414599837410791154480527901260935953963372444136695598044473158987235872150493274952797,0,0,-17002999893488276007034448926720874754991584042779876240577459182826382275710803412226524918132220279326301596341932604789853116635165653057777269275614711428779447016106745023310302,0,0,12864662649279803771702320250504620186561142523286657403416985578920251825621543784140392814361476845732433095376209546110,0,0,-5643276157181603015574158872539714784733980488419487798042448,0,0,1 # helix3 r=0
16601062528938854392090173107694057790846446784370363174938019647510550765668427210266462436367302292325105201842148277467496573383161485774910000789709629307229830760642721652816384821722212656978511642611888256678327237694806085782224755176396089479477088646834676329363530698125181496361354870887748284921914739921768899356211653740759136850330033808606093479973415171910161798302657045987182613403460481186518126458759965602264626671107836519115030370673355247624217671452474836406548380861960110936176154623789924228936980452017630098922990649294641121343754398328946513028208783716305045656585563859233664949446143119355725414320974859770342416118880682576767552133816860762507673357933574114520540445002868431810520226345278319258272018898461568548455934189929410966516546500491478123877020710172309662207369362678043925592207381434318839375691197266560183378209253235953147852080061002697672666271409386969658668,0,0,-5192963724607753849114233631055034017342421699972100715492421296089748290773015104816096692379133056904263480331408602781730730110999590936635099578056902189366487750027642938440262915287160052628817689990778152215733008331016550382413274236782839244218291950959608086055568104194767243935813364562604324758166648498708820231599680840105491464456987246894555332173422700996249687151120811801282128166365143789690092510093748379359131932073729115362480081232648364864006777461263445730894306531821297834035160184095391627714787085503457462130644703318662963761810481429063663750379998425866618900255572698229570294842757011383720648108659529311994458379901097363737004111696356090475543215610638467891744725870116988596345953663213290453911835493680054045102640616035687719915912960296397855254095519283464,0,0,-333074109345181583935215599195883766409089896374318521452797790950522577609008402477624258920874397863837054246173529241620441262930158711435040023263497480265737455628333715250632012629223797358570158386152145627247609387566577578940836049852710988978816892731171739543425791575649277792850126829952094687259271309702812023000434915682768667982814455715737850838444171762381596302461983671651998620305081303843579447070301233325531350707650040963665139550118152131170852008925368223284702591708947950971386995435410601039613298597860853864679017665385883226287860732780960552440637955112431185004907518739483871232441287395593111503041251932043097049329214994700485412470501322476763267108,0,0,189389541644386688107404954445730153034347215044087487367126039170188192624238630785123595139531528831297650351178498020232910691818563350297249609201914828505233666321700576312826220773989605123452313732569091674282898555600255113619307505445564258864055346183032905225248428199120102663747387734012563193219453719745321096645169646019490921745591355267409188137798634258296910008284768771144557600355017205111846160846484238716987671387723300192850392196021527881917447140232718149856122430804461490453198114489872804684246413541540465710056142486740052712444897966923876768,0,0,4828037166817944613192600025648571816700010273141072770851162347621208465250210108080839595648030262804775481979847566740395110587267761132873239825297512778629990685122530784462098662141231027787425876253992193344606055730714190754507113409974623734273109199533264386794448098030906702680793838893292288341356632172090631466697079683025200698154045245267129777885747250373875163747040438036340298161861965753923728598789462353395723734353766508286365212940460,0,0,-2915566039194771700893849383493703692009764175134888899081912775460322606294841798981771850182995936007445276057402072423003339338344854060159926639942055285586118746311375338418652933323807703822558740975101044720918754955082385047522391714086848184874624410529792740754097741437340541403624912842607036210188722481663284904991164326288643728444,0,0,-99586084596853520046133229984078891319523658740636806676063191726159047805109626592837654009249151662155584421849683890422743747418743228023739126917295820976004774133372343042354469420752835448253296379993869867216616416355857702,0,0,18113872505932149507285355454899485447745067528099463670566043982179503993291168549108388792331497410442869277614900,0,0,1 # helix3 r=0
162224621963637659410909379611547568904133109650423611002658206394245568263976525887037790526141890661124729119787865224484971646803569766945792829209129477455494476422648288114335738515266308026940601518042053314391725356140942754927742030943430250202003517402432961081957200723039248,0,0,-353732065855783576854696618144571079360294394701474147023276630444840807317157960918288528161394173475210862780442746846544957675087013826448544891443994459085659849254128278751311777042659792237202869262371604301553784284842065540438306607276141152,0,0,2852648644004308414339843076302198407310164246791399583768300051827101284448762866225921453822058961527735744667172269408414574111877941466766165021576877790324261450876290489630029895251801103105301294260514454720,0,0,-97522800259591552261175317911257747926437842449659134363529273364665778814140464124082741581410287939498209535583119091506714767059880922406643973110296086786507502322616199866272,0,0,686423077515863070047694446799774832469300714578943910133112116804432565719580680370164742458936497433429767603413546483338080644154477204662748,0,0,-2141840026499076437377000326643881554374089764189638664491454153278031467618188772582781844542942784306869568,0,0,3493292406049776338923939565387087698187134878889189260243713604141362352,0,0,-2928730650018152873441060164043040460,0,0,1 # helix3 r=0
18198474882484165931606030917505006919687152353341968999900715928038343755055778000953633888598964021246831753342298065169500133179143223691848473922444179114105624694413829024263779159357129771263997268385935249753333071868769934766676439855782436083636995785318666937559915757406780325445839738317540655162264299218899375826399714319587559890311843304931497404003279471625406056298002119396679851287169212855571812290702395933216471509268793757914773918042255697229901384121353442932571720414506235521632067604755520396080280147974190272363781405180694970183522399841821600462189856972357218325899246109090038346585258173228604237818207521543264538007037237041839964346333542066877677614300731084844964711240309035886787461070795481828656502644120022156680850989401554818876990224204019269632,0,0,108134710688701125752642756599134937645363724992451492041659979837657643187588184734114575985655724500207311874240495042357541792501596418418306052034573111841159529454737113574595970288666465434653277723727810836614237168068520256076808299755049629167702417342955434604451582035722703253929554682057786974622149260352473837768547314194944374843618671403105906443479448175932492974309788127946285962103802332689828874003157677421093079613702722807852050473169960778860328936416721773920327447224442122023514792837351491361486908923204153745156865444981060711329498066966642888591032992514354109484883155439289406490428905840621269594823821503811110625820203098231605536805647106733083463979630592,0,0,276462097764506701379809006745886291820562240972079293341350327359162357573139310780403557775204904103895548906602649171491801671647256486927993070771375063934550455353601450505366249214740484616350852531217825643833563505619288589365343559592621060394417053555712773374241937645906472356013600556562422964865058796962208749426160248050424086086724816043927416085738324556295275620383095541056010767198411867000882914662599671525349287967658106213658187986434755065657983760688454129637801426410662017540437984888291798665489667745976786888754812773341230479467307113232814319178097229438593794048,0,0,396640334897126222942116849172969208580953319786136792701346617105457216425179012351021756788445291307154865985518938305647617853966630978749509948431057516386376338729494858831226690827193839262167877318858281820446774416956135821921255723920288792312169137755946420401323230856011936080435754770743646699661919536269108572736105137935624287826982327436683857835968687940781764999133267213352959452311772151808175946956477384691906839036806058328970367753960856746721583113876269606375339767889920,0,0,348836262760829354029102901092010831471869063147680841546939820833425239282208537445484416533498022351381505965747462269782006788403804992978333993817602543921956634922237387864429589678643837947839292337001276169861774641853386247161219834298032790536448652388424694943282104158517713381484077346476740321553996072071308010580652130675200050754314444585973436928241098764866724333139060733734027264,0,0,192427440745643897061845786753938351075828021063723710846376494744543988690191728768020818828681707789524886808545672918024864614311976836444503389818411085533215614902182661997392524217566561210323072998280015442879577578742689941558891183932056645766852369334787483262498423810970260809971377635328,0,0,65011078105626272523853875228521174540859699731869141111796211629841779642492307674931219261889777598234970420509230021828621223035892727142510091188693811180802933329175770181021793039313875016613888,0,0,12305199375045454621920710287362139005452236436631279683247585797148903909070873441700513301613510656,0,0,1 # helix3 r=0
23923271084314231078169950321424919791334527028394868783944400720655053355805783839145087350861468120642118126269770307524494886550293733664272062380848810163349645303963101827789927549650012584196824672095612644066796712534801294827022185019555993717916303808724656835204299162272560000831978275671534317711563225500439033595076556116017588696213129136540920600739209010686745395393921934767057543015007321135516025449796844191152570278867878689040103285268139762192479222031936475897815655211586937553118956774690163570701468611095711999545369952256,0,0,-294212873405490204359370953497354497166100758532675247132177751463547084743066199941461930970503724982698274724540323254035902103128252648632921294327666638989383085615322998999683269344588183772579996900969406233267132786565720081293762989344787885625131321585765450136552209314173027117613307406623941338550952371448542306350327534258003387811867301979492674721898900212804333754922621671528111515750924750655191297401507112328410951236576207440572587121734820149177353478074269696,0,0,1601757965584202875562537181559751935767189190417304788019361187606939696615237264121256988593118904126129332870007421497355937603309350984050495857995629461784165058014633902234787525550196680100318099269823565456929618786166984607748420777937389448214699354967297373407849571461609423273290242270263492555530054412177461951090476762352217173710594413098250462282375586598698688375875089083798594752284563077070848,0,0,-5038015677368778968706449441997882660256313473331948805972638304390983493112100987234259980323331017734203248988333524298745662602858933372418315822802762986836205407580116424114652524436566875606807313138926744940566142996198667429718996149430823328019595746625761796193238979104556782587325177719952715646747065112975126993812640850359466590208,0,0,10006187721404172069758057727386999167606700793950143836766523823703400896541782794727435774551286779937826635935374004224184908897071962382256469911225133615263122879290880459531644748085339942089286660569327373158711992300092033416534269254269899752364686386387963330133229568,0,0,-12843680052984009692453323242316882537782223083836641824558531660121336831457033646553132871552306447130438526990746253337308139097270183011730038613563723886247083493989564729664463022878780902943795192004608,0,0,10400009767656704365721487754087508511417804081817596225287439352775790239210867811668100536555696085003719251117339878323881079062730375168,0,0,-4855159066647127957793176569163442559797166820668839221936422498861056,0,0,1 # helix3 r=0
16098671233476451327874014457852039765698262948100517001677666564523777259151053466365477970303558394313267006588333232247956933734946389105706782862156705856666909799906838805730311475237112651429584387140351889559115223459332406573745490655689192457166949195598482083543740342292124441494844806790449804622626569733329072676202677532335362988525977306543115662489535975768760173,0,0,-354615240912042701158343332200267276067925728699179116212985438475125378355094899097662518330404871959634834329887450509449114005203387597666597904853642563981763240108989818536993714095982164758808020914707532568981774723003549359261412081019633855949163811283849783587712583733969417649472217113788629248256906571493669335601138104,0,0,4114633352527150102593719259145069805626927315646912716085981859691419005236222339473763926795557488957235219958864507593104832990190588079677534495930311503000705871305571354102061132103686001396756363327576163575265803159294584283994468718716527092863664412764181729580209084959988356,0,0,-29877530141467144720853532717206259304423265103732839241694429343234020732548844333435805596891232442450353162478748725470922715033450029224602555798366996945032881896167672216222623770280649303270367818740387097585746391136893024055492070,0,0,147335748800728805691960305569987897130417975238691309565734347291598263067703825715592466019069238264000203716309487041931485077861674892217492333149936879161545049353580071775990987334967702,0,0,-494317418454555853996045859686916094906908134523352748056957010152846009003250838417652118812112899892495633612023593697606063721994872512667316,0,0,1104855650587864907885816529107014355344096436500266274929120826048168230464572636222809310771233,0,0,-1502309466941361087568197934704473039838196049638,0,0,1 # helix3 r=0
3125731052837343010900038322375946760644733091845068494593584727435823330356098031319280893286251155421226840850253664102949685228338573285815162607412238241118600769913213034324102004046971276686489744830638739524768853402945516373220635093223166532341371095772559878121315446757560941199569122107190562955692557654113728719490958598530861395098427390077061222401491616827393697768541672465735653493841521264097930643039429319101780155189216032923265302406744360952831900065981914449912247579631167423012098250335546163525290752637275567531783956596959711952089657183666320600735855584580841736525084247021269280659777875182314693736256755948219765969119034197232637331629775846304781,0,0,1236117787167538713378118918508956785789842750396923353340605737128540359317290326218576180077474923658273680022877562911168351578444456239098531407474722921287835771879280140717463270683528107944228968280719349332861936631003239472310024732306086382946189555104808511457553845215168209571053682110212631291809040214008368655262280480814462836428333558665052787907135078958520061534146401513547375147470094232405216331423943665399017987525499100422929516334870200065551017509490933908163005528387751219269895292127389799169311895386522667746619782538405270484368023338249725112930056031905342619678688,0,0,172106332266036542218119238856339282589813016981264106807721636360832381528761650371839501096293173612013248322535409570678204359243923064576084577721288464497651114237631346564169949802587057190885698116454487766904640466174268963513761640548421531764803825185590769534810686569400853460382532073682270298021080156995571660226018519370178864794930657361652392523349086054650192951528271608578153398680870119253344639767572052252447185551291562403097326466955673698461190917303195331212966416658788668274663933763664,0,0,9948809136057750662882858128847001068212643686054812078097350992006411148322950345169722985361705577451421799577874441842991771857156407309800066029399659512636104297563582849985333104912770800679668350232418570298514601575598888159135597944078347199854250542761713596863859298090895212335518050788241417466850853293470305001770235481173315046513863263646633017752760976140777705779569685952628495373318019759355450917604547113424,0,0,323375647715064068236093865765324771276844411380899926344427867895819001820695433336646296537090796388097595359098626415810986961859937357992696736591831971565920351529819804414907699384421122489478490205058301619233319877233243969378447692056783693268789745383753391091674674313231989228656620351018703262435664213042456797989273287850095638554,0,0,6229232396230489133248844986655628670026598580021513865844929054309812968576344332682578632289490988312415677888958501608790126372923627801559752899682559238014491734140039860339013184682997479711353091400423530678378378938597067412199819738232779959692829120,0,0,69448141963520326198646684031041912137717631341186458808087017297819206564278463735385472008073997606812852570031784221040084651282695218688039704059298177576678477157365400,0,0,411442313289896538792019661466088797410830614393936940313373072286378114786644391236944,0,0,1 # helix3 r=0
553495783801672745717025782616728715066316965457820934614046901401588933521856193532460767478030988468587906081830312094543136876881621157342769285441568294403797439484014778796432090207171185100994641068317422183107536628128075695843822599512298933933868340343356896843906774879445027577565849969297697117649742069522952979014800474969131776308983716855193560104776097114048478021985925775700629,0,0,-205345810131294637225316879922932213388101950127211528159867626816692118979117299063279102659912279299234102658145062768435756383027395495779627050587164741927867934200808381877636214837685719105988426438722740478132455882325258916873275126012797976185107901750679709225677692828565963492325812779804256053901153130330435930792280090252534394392092,0,0,30260557446438287446403052584302390765147664378027214670717053360902877158694997479565859435255753161697627972399784467637042659677638183092294873628982968893754928495490381482764804477434615517711780333065600157989979990291260585974720527617486418954288100546152917375566358747323872645616603325436,0,0,-2216892968155542291614310923198403433806193101357371094369249509837769250720634708441406199160957457918475263640703846658952718755290298319316506410457952263055757565751295105319128308078334538151751391878923906897286109755406901954916035257373895780,0,0,92299605838151753430682168200675362761052563319219731620337682340846687017073685911181550885943433955581190892617339296872582930993427061624593006616369585740811672426213746602953754143036264726702282,0,0,-2307552138904843447890625351845570996314400195703148040036587533856448135827201530889723358841809723046265618237218800395135684297079220302028928464372,0,0,34475674959634944058896798198722282517185600355279495577611766719794958378649155304124647291374088692,0,0,-284572547919141150361561740343550607475130877903308,0,0,1 # helix3 r=0
114012617932978597864001382316199065897186283008152749002829812685269636884352917542826729929940037158262635468335732180158830765531032884445632397145100507121675241,0,0,-2787345478207148334482872698096261451283218765720817977113338803418998549317187111411628665373615314925209943746695925098033610805353224351033624,0,0,32947849054250829268979486418856627805037799316623338680089218237905932092423595419856027683647753140529069087555636483728548,0,0,-203353150327740235127319529289655994431393048545225740066389526728931670295833450992343399028259075268538,0,0,727192047297002399609328038242182431866817124236269372661576632938886473498879956985,0,0,-1594160183239490386519319263994901803636507195750123397808242318,0,0,2247285442415715418097729127977851656725604,0,0,-1969541804367222465762,0,0,1 # helix3 r=0
2783569341006557759307461140955628218170143917494644302552116747881530762175842498037209759815589786451287567919875396353390061701568563078168558182513621883139661191573921157732943270989518875546351881776668882372368983982200408489129405894412398044407170839856492101332191170244787166376141085110389857333,0,0,-110288262289613748733103492038526757313869282319593380507339663388093144059568271625507823849215785668396369326389246566476975015789015327252863126924141440884530140942693247393539908159087738223601455866117125390093078863149324120552709921006018468203595429276421000980,0,0,1911172507609686461420207344927185229477025656010863284780756268486987822828412673689317517869289855340915667845571812665085402233197780853334690085970200638119593663691894088411237732304631239186289838747542546002239838918320120834,0,0,-18919324447199863119776971754062070056628656567073278334944386820141560961045776343565263964125293443605538217569575439679632559153584182731325031705025440125036302049614964306021327989858518940,0,0,117023234391649232963458621786248579689236194102326219452209493962587485945598949330676645504631803514959623757563658204548198020130998963506438306001008218,0,0,-463134631247192484566796818692233260742329204601265614006923350253900136343039111066963341116799982085700942414922644,0,0,1145303839899136632972782783901487553927564057705719722766683554531073821386098,0,0,-1618106250017071327607336657926074856068,0,0,1 # helix3 r=0
2344886713361850682591314327176824814668300370326344132078945277108903838352268862435823396677945431057757055462030561299558331797415560056863468871650542808382645458937765074703062370532756586640044717378195143591557598988195634411140663595993435457343265181293040218483893274665492836934321095901321967291172481607079449237,0,0,542685288195796471737618056240066755331741300830645933771069852118976318677901664851566086977071691982569261911487499837662544031700259807471137468610025086276703358460808017791128070215027174994882540783253747478504084623227325238466939621887714597154722736100518025558934342917181636,0,0,54661777482514639677420550888761412030697119306144182120984403186468469866077599897956005414039225507872037960345484811313484653977510158106787006056093634472375629798980978340411059657197813571938533836188356648553313120817528746823624181260624,0,0,3129947421219714842038893613441432382237668746448618230462271002625608094874843974248767397139547054967865710811255053286461295454131064820577501312357308207776229696373167191412753269213925838779890198972,0,0,111447669645277113760216520341155522874750776760809146285402661568979220889502696916623017101969025530957767416605306065805685176059173358420298742949084189941498946,0,0,2527257158174199558646976051693083684336236708987874413252220319064383346627213137425947845174937024541138892728046857701196,0,0,35649514422430173422768161484414314169727836671671910412678861406493419208114465864,0,0,286063199329465189799436152518829421996756,0,0,1 # helix3 r=0
28459953929902538185695553438292142877852775807160043740294612603320799171904266898494714973222574016884837216528616593668176876228236623838871888624554330738608024345833883330685662603350197501334909575571157645955183560395724188102161560194788619392030304404933050561537472862732360098521862369346863730353437170973,0,0,64111154112418685644070823323271471252950550416124309560445816657998959596956672483593575824353785832938561149369079798933668260858968657386915533113419642719766726759091928302752668082712297865077035678781870772572711713780862129715685010079533100939186596877359792441369003998,0,0,62411050980075186527040979671342174331232152403089900143778914634613697103936030079514270755762953316932230710850826062251601580706000174928004529518409547832067422276131128432556958347056726047835020398098560706451115008684604724916473612,0,0,34671835642639593369277044430199302782951058418402179761009240730299256165493092522243184735836172757044940769772307924886720930040707906264643817443338942520119756215197469240944417257744834671151964,0,0,12111898651855406996844933510398820014151481617194003730229427817279590058130573697932101835025477072567328635900633729327523062599590265253366931250945754951254,0,0,2712478177697365021234252784231547879181708357052485387151568923280573797179893816546497759484973968853727082449925235282,0,0,377150785397231425454521658246616853787967812770316451733994890823193306551259215,0,0,29581639016070089960075418369287604745798,0,0,1 # helix3 r=0
131041923444728027562455643993155943162175205444151672970265507991577843633935181626394896798812996568235857685705617920759440441320130002256099611301813418894912540650365856259879820433118944699713757294101111023935574465850340875740934371825317338322568903009279444783922665841852323541129465511397879373678421188742504455149173736572265625,0,0,-257166737442943292881540857804730452370394646014951460954177360396751591373450086899373713634060995341088611933088692208110925045213333704521622817629544801792432444189153158983056705880294445013079301575103929723851179845472295218062344585993119333567052259281737747187435161322355270385742187500000,0,0,217169112118771702818520808273895948821741676924962137386726826188125353353336935758251930981951924511088992034966338976098403564120088394725683704881215154508621028609385473582815523112340833270944339547460159015783778824193461787217529490590095520019531250,0,0,-102669042579038503278196096889330958013598360539730138002244919994556844353137326874305795849346755485454966659043962612784647172132909570369330467534043018102986690088694252120937733252503676339983940124511718750000,0,0,29680285340684587595509722488324116138223549846376300311966864383882836929911242649698829538401657905589091320621749534376023418207925230749566480881185270845890045166015625,0,0,-5374245256251235392174933022900211217436595885597474933238622133300923052629764826884466166756482152777607552707195281982421875000,0,0,596380380240830893151210092098420423129407881915331479660835611866787075996398925781250,0,0,-37183214900085484782233834266662597656250000,0,0,1 # helix3 r=0
182800890558622770592646719395919519370271828447511585414697498962866218221534731489068552592528851732123665862675962028332387197356603988689629164284080916550554777178537979021398640971364787960539757711103294560093414494468736159689011811100599741843364727623520392907059531335663641277676413378692273304191848306001451857138910048225248497940527177502832487518188018345068569962543091537836849570575323012907106976621754672440013677742161477724437088939785908731951117103240686706694704757923075867804565723624495134146725127815932079349598337269772891907123871474193953205478494282873395302462615274163098064137069811876595357800619499987974666237807173250651271995342302584969128879857412588652410558765413148609208941148702310381647878067287353296469098496,0,0,54263053611869109752747947155150564553724910506878090990550955013211819731950720052200891249244359089877260791426280275589788067334687718322389707694490028796569009014634874740562061991060010259747483005372944959933660400752408115648579805018009148078941272872623520947688219673935338736520838547896423730588305093096432384817056604137634523946784907697438154423695105624887449802872513850664655335553989211364270120385681159822441064912631926641192622802387027169987938859068301112343334830570991762784763480179849180972080297848241213311458021329333520374533814046872533739881460678015280576826653328002091713389306306109602088072108203067257795402638763963187200,0,0,-72844359439097513966722449348172206432679762837365946665585280887908694777069454473767418723106093412430678553156174626216697775367187316951409171389007544284357858293160135497104949633909340437276979381029224215864666611343138910722652747507201016129305064498901489751060924936960821226116213522664337503616105238203088878259356668257817140320776301569221326031704351483374346598624865739561400272818586637803125596717228991851261779064012110241274631742069916473607921054599395031160468320994494513539914199719320100257083032126168978256682908478814771610579547285618688,0,0,666676990838804664069579186121540364319945633561085394987784546289630472986976059708625360023327585662838990405824586879639230236778252454344851070491542286158204395745433322921803857933424602726954856175501273441115877117265119821392222774003320765238577532899690498789108875088720779760104977033140774539796156750450488722069017206018049694056449227763368233546147102437193099290093744459845320154616947966327068132075401892077435258414071768451590786006350003795136912293888,0,0,12344913638186794047156387743195151140336431107790059772307930763253071102566729050641175105964010367867019737818996719552507690312453056186417500161692516235684464145088507480085055184510908859759333159036557282207120780470775565151609518729714509801395510827013035760474687218568049720778825661915889231642116676943754968949308052003583727544971622688109469879754597740317409017856,0,0,-165086237610233870995115217434799337933292709351396712456344895070937200777236367644175797663605538909652758873883089868907006103377108404527937145649956778050338449871267922803395587851194684390950782075852831424479775993263281551593401771225880376395704803219339644730632562453570912256,0,0,724843497826591536130418782371551645397153254581422158868829438848095772647537088924179079656564247367054819154530304303971129864060226284573758823743810066060979700707708463901109976362385408,0,0,-1392137583670443101654081044577083267932888199995036055533451533243043219569261457156774561841152,0,0,1 # helix3 r=0
215546533059975182422319182345939371699913068581043995291601176492948299165635597145067511240790069881607862218446778607049227444655945558088957309193772879977376052702919097751851238066450275304373505496250822370564479491167890595390211591938725976489942733996003162486821047991650313243029881584941312781745096292046315208852264831922134558221416407651780332380768619872492413146802879212174346930106172955023985176632983474464164303799355760181620017592220470954860601611826345478120745153564207478560882788284509342639944313872562136895983402176,0,0,5347263329097885579537084035069446803306407694182722564654838840388896944147269876390843257237879133400202915856396571970825160194486891953584886489470782403214358973812775827448441122179554899761359158999447998513680876246736969977462417278923388101071996599761032720946751856331830655126286739347269097067093070571223067717529439422767578139204339655450031086161954540760696626309498575004326853069518913330271021585326303328700194917562307548550166123944670650186017136523172288,0,0,57313615555250530754299405656550995174332262827818395244341928281413383308763124105974085831835346150306349948380704272727584474148774509813148586392982662521061573170829086924000960461119104838200763591403771645905314560467617768990503712956348118229084163741567898106641576609164986314431839179927063708588019658685313283479942295665058700446092193542778861432248584983777608307278519116062680332017771917877160,0,0,345113847785344562540659236952463710589189862318918294331029115309902024085319564348734777537221883565308474831139438077503968799971443137787556519680893715977602298591352360996258259096827081962957736884885292019893244171022219674614516527254314888924186326276313735170210061960412156233996754883758800379377372496077452715956276876809616649740,0,0,1270675159603888059214251673826289904577544988101519447098178733392310365749207617481932467593138990752527141147233664500453586762854133160537520286386855205164898693868325604731690657097539501495238510551880242371404020540425579868893839919974983425343648416617329575916392121,0,0,2914264708006113684523127915880878073382041974480000584350833308281703230059186589865273176170806843748223951904841931273099185457479530194143502629984069401010925269033206440644476005300576368202482921405622,0,0,4046108277141865959575321332632865055558665284684333030769367032976803570277956661017202269889498364714082487739724438089683078503335435059,0,0,3097470415131275289666833282246596349413600557924597624043202676640694,0,0,1 # helix3 r=0
55470528734802711824389193309526411560284006339914676419492481221972265860911343763121405860809468045950976,0,0,22661126154016484504516604189228158862559440520509172745739510990269765517052693604155671969792,0,0,3269079734640460649173117851338672770329401876358849342088830354735720489874882560,0,0,160656022098602410174837666621401134837109797341489462504993994047488,0,0,407785263844793870431355734654831855578358986276077568,0,0,-45092730529007486072388750712950409396224,0,0,4961431563698438132994146304,0,0,-138538465099776,0,0,1 # helix3 r=0
1331985166416632957891205176307086858915938607179016633288144942181678193507647375959001292041712490511122267869560734977861823349202146481517322366327365470256706738781188048601178752914476812516354695620984500970165223321536678003467816645596884685179467334629159405163052958054540601599555201088866506920539347116966314648052957178653016034188436879950539643849403160907006813712814960622283630704332428755950340043241335374021857880250552253073693405743953533307365645561459069898666655003638817387118384124476869919896796095885499,0,0,1613662157868665853295959964525254239741258502315990481073484662478336619356787454496168220224275769718693704847689264531913215027112114117990763691983357893548777403992999576007139155150200782558679660553360885693917003719987235858882145093154583935781097207203911704161244597984331570351992399650038939999284661152607625519387899950541342741152854619667550775241355402113094050388822091815508871027665312696634892535043503068228378341904783356647295914558990027781280,0,0,871945720572400149258761900091624201183119935610143138185750500718810746345305200051697334556501638106482883911244065656311269628524969181768500465122048253608645845620444633271310693569208946960993645598937298633886431477513626958962082836206959033529477891310877888326829827338684895018339877084186305713553459570180625150177407342595211750983724419216829526871779110872225996881153780282574017819944,0,0,276949192908780597992131945008077332703853205005199647765428234095143037408378061517142241999841499754524935339634902466757824224946555803823625031359920135960436746676262367656684434559356072958505829882536188347356741981058330387829144907145711828241330409915513568828297589583549495017571451749092778215166325940830744590704125468712,0,0,57098261354892919567826188137514028112448977660944724503699257085540401694413963712916152411169043351575051159303380651042456851569232721609346330316163595814274394047326706946591695595750560869286824730153953790540195464954481412526121769389392353089853877117720484148,0,0,7884053686170054631372725420961962576678655262094265400125403757096363122784387242251160545918240811361523440870827461044233548613041494420100996373690563764500763818198442944128421741221444316979703200,0,0,715168202684612288321819561420554991609958642811226390100640775422151987494372675515560839227012194293731174279735233339003077270619508,0,0,39124603300419727485411293962561991622966783069110016891136451628024,0,0,1 # helix3 r=0
11712109232781686312800162765745615650881534606167262513291055311298796175050185179120824221921757549023998904630040165213225712358656973046618744564501764570000000000000000000000000000000000000000000000000000000000000000000000000000000000000000000000000000000000000000000000000000000000000000000000000000000000000000000000000000000000000000000000000000000000000000000000000000000000000000000000000000000000000000000000000000000000000000000000000000000000000000000000000000000000,0,0,-66372851920981478762963435955874543863930069943899266191277323546575525881088836692931543328288338379015326839324808559187972304247610906720000000000000000000000000000000000000000000000000000000000000000000000000000000000000000000000000000000000000000000000000000000000000000000000000000000000000000000000000000000000000000000000000000000000000000000000000000000000000000000000000000000000000000000000000000000000000000,0,0,278228216091058128448544047223725353995786568852080247955968395271910960863967167098554048905582706979932016847448675724800000000000000000000000000000000000000000000000000000000000000000000000000000000000000000000000000000000000000000000000000000000000000000000000000000000000000000000000000000000000000000000000000000000000000000000000000000000000000000000000,0,0,-897318577094624261104840665769855920730560881167078149220573502503860743625818034438395689314421628113920000000000000000000000000000000000000000000000000000000000000000000000000000000000000000000000000000000000000000000000000000000000000000000000000000000000000000000000000000000000000000000000000000,0,0,2017337652499309732897913870087604972418743750757725065107489993585624433837671502091520000000000000000000000000000000000000000000000000000000000000000000000000000000000000000000000000000000000000000000000000000000000000000000000000000000000,0,0,-3412578033506598402282641170103269016578065261851781409836100851200000000000000000000000000000000000000000000000000000000000000000000000000000000000000000000000000000000000000000000,0,0,4242298084792307510977120190325407504468774400000000000000000000000000000000000000000000000000000000000000000000000000000,0,0,-3170325865499894949120000000000000000000000000000000000000000,0,0,1 # helix3 r=0
73450002222392712767460568076519131151570165080024620715403409944138272316473419336154338538663885147347230433425457450630969006794559675318013248250542453265483812,0,0,-1292076529323723917165108136326218289712546168164712367105322341302365275213686610986370088789223836141210187431291228618921025394395611754313368,0,0,9204388801330791265668121198465104032693190162140744764303288946905655137083138267446612299018688201234555562133307607064440,0,0,-28953488906271213688186155327456891846726242821802474465182595973555527919262679510837974091984859663864,0,0,5511564233348253563121111786360563048506547221939698086462059121421531252802397346,0,0,209425621400763518541445286127892764955783395506813433153574872,0,0,-365908968816847463498037102599802207838920,0,0,-364729963771707864030,0,0,1 # helix3 r=0
581571105044809230857806108671724257391660541450550332785662158874539382929341349155543840432862710195480581911458324821145711807119154901656272129002469182382907345782009803071735067254867311005095092291307955052774600349078693528714712570515611963848150879481986570042763042855138578500070699404668133078343698651697220237053597213960303721798447532721313003344097027487384428277668853250630793629503159425147921085308329384609370911793676921550384640950826580610064920647525801779465751372547669640683291057005054960808900846276767958858596016371564754304291,0,0,-149757421914890488213417236501947871059017071352909355842386416766965766063974422355938131902598543857478593829866216542624603275200277089467607083441932298655609781822719973669065821704601994346526978939211034800915160268845264738874692175879304096589428363049539011197056248990113726544064890389326178863561770299019298763514006429397473167624256184000492998621842496117981123289188225638490361091713194434187253644765204754787207535366997865308488813217350779775777410741449110519469583420,0,0,570465523788347388090839104475936834670667419033598304605280722513931797039042624814998229076100114838838336651493822326563758845581823730960261042959491466253768072373612137787011226324975131107438260732373790252829197573722649710767790149424622173418753061453341264317176409593013404855976672273133861138254853184306913015894543115758144432156410393978223049933424916997160228779342141141324823103460774510236250135476,0,0,1957714069510065027460411175223191092166474200911290586042919006988795868708189316463908674030323286867505110833405340966631950573023616358379194367415720326645906241834025926360869758150725505392929272202376495292641424215883433581861342508605862071442625731893679932077880191248733548960050790697280145150898853450177346780053882850585323026025152468,0,0,-34896762475656385316657478639871702862105931073855308451889396355255386678723362175626600058505070483408036970054394416973066291463532202045897476255882143258181534035838892419462542938111978073603654938422275285103318690232983391516419978678111729373362090798153472837048298593555,0,0,-9803756851802591465166234986672969494770431569417245966284121440902262035542786925908328240688447843581427638805292600112846398569649193175270977782297581900608169567097540508332434085272825655779544397617769752,0,0,-65356962081902010694143723081323738315397173038433923099667982868473625292818340346676989465038652930233212755468806485008942903179483128056,0,0,21822664739341308236833841457285256283725447670810050415411252612169288,0,0,1 # helix3 r=0
828444427560215700654395414375327966780699620270900277098369097066108119910194494752218797957297369884233740392649425725362838116155741638482880537087138498689776402120202436720248994996572868780445765611121849284504105033064540958591678771980095142283186570893970383458069318643619459243511073009773,0,0,228936473331583167939449388374625473124425577033739392872444669772204200107667184612917627494349485092450490232181530532977303013935033085767095826440777609627295225452328231564297365652986395953973427796550019971770378221176550989593750805353458896378468270339780,0,0,34398550186100331954315279489469675215127671644065684126622207601237551594980670667404957162883507153684718527395845183365179401405279258149390438699396863839523601797974490675661896376981378994176919210103508045613963195715722,0,0,1174868104713036381130710073672705254967721828683749465430163798130376862458844266302078805961551387463750671449920072380343991803863104539998692773465713619906810717104058423189399837712756,0,0,3310478340300346315547740862929597120794058110014407858675011842805042136794533465004180560113047567037276481030564623566482876289394261739385009843834,0,0,-454505821230460461359925409030063700238084594538824621844111381305482850570239884755006405910748985069464655545700,0,0,-4807785460798895671511209184753741185401279643661627346208067571690228775406,0,0,69844160183358764146943760962191478892,0,0,1 # helix3 r=0
35945036709986618381573446583959407592716190172480633615910151955938322274717761353357723335206453424082746982454784024607275042677361562407691523128929527679262278331556106363656832503837238542075450305536531206339144438448994912214265406310596457422761112700953899304346236,0,0,11970413335033886652678358404137406210853509082334409160166260255499242518100096310122589733532183252955911889948807755066450328592814930867345376964121526824302581607138377949019062036160940682856009790683804462296120361114018517311853443592,0,0,1679548487642704130507645534190470490745734586350709174902251359078934401091130581194879829933508170065944780327066140781782934700004701320302615064715664615071321712120091380832233224824933306989809101736772,0,0,129855942523314345317102507777429597479823655039263175361359729336535665028776028295645976884667494242928575848122050729925605872293269757041515549220728420655944954780678944,0,0,6255285492878266588862412891167084814736008216102601881750637030891716126121288341387305528906296230108659719464513296666651653436639056084,0,0,211415132925551772914402720290221267362236893594093981015110864655045588157565546690632019728933779067324,0,0,5416992936520071964183184081865701545249028904998214506175961532903474,0,0,95213782399860065050164487575047464,0,0,1 # helix3 r=0
177143482978517247234591448380630086439941529361759368097168540117485679838453083769219558661108311135119179282873390702570039527873843201135545594533117583038313202189323656506560963455528831245997725718071358513797468884231539397443347755503442753636604885879777392330373075414387849080315102765395356783351808226898402608535651783330100013576842737366548723,0,0,1762768442581755671073272997032436628825729507159591964614950791783241565509067238560418438858332594529173976490281523664153152115694316092928293834598831959641099789052868977471231024130895913289752870680513550471688269498094470468532640281140260442110095667618905650779116460356660487299618277442649998533413533032,0,0,7656722225949664813027299958516059131166708615574454484613774747545572836081126064499205296092347310626646151668724015211001429433831482187972679775669072024483964528046297365532548900649870435126234541129382362174917715879268345978860494594135899679172512329717797783679,0,0,18974391590832746825946685378871920131872063500240888245928027949703131394881868371018577856713140788070935612052283474974910611529958247863407323603857577471094067393702746532144903560937675852179864464032946602752265830499814,0,0,29367409069912068713962327156538220018721625221625621911061140906763878797168451631941289201715743884456834213059366619462050236095744991737142997213401706593433927770025135539353844,0,0,29098246696446162983158659284610980662029651450604441000574654032059439857014754558028278854168532157285098403107204519343024358945012852,0,0,18044396360872404322904294176310957666606837726208028343636709669643057272768981773125781046,0,0,6410216065445772356888512811013287144382661012,0,0,1 # helix3 r=0
9750858859316190620726701072096168876386856598900311695060691476681677969791851046712831404678273058733421570518512121446970198266328825710516106188246339695811506992107775848596365980351952623802880457679589211560067394558540256034987072995022948684305000277908741398630802813353181696870521520947168018158726914639729572718293247,0,0,44094902695673616344780370294318672982129589811230214388237619229031386539048272068796721570762594311203518256677867888176493064148730998644625129347970362765630985762699484433654362842170540697275085456554490528468442458795131177406716996795045236582434689102649023547693749383778936783408,0,0,4930213027702660366702970086351303999789176534591587834432860689887933634314510353358308499941116904670838668343338042853635358151709425685334987363286490834914902843271778809492110606520791648931246841566724128711693947796098020789738151467574565544,0,0,9925252006509704054111326707587863156127636117626813712153722200134976985454597230907358680322103850222700763141509780782928188489642499266553789682324557854990430197301408495082919913828296551629687412253808,0,0,822088040859861871752453634462515131744218220178169733306720127705922011395308737141949494165408071412139363653543747560637151969824516677577229268410350149496868041764,0,0,-100476557671945529443511530851351002845689786784164829481805640861587395126672732619075795156004015559558498917781512521292872,0,0,1177788861544394625839262110726813930164973131511213869647296865073617584941776205384,0,0,218153321069578369879440795173126173528248,0,0,1 # helix3 r=0
1558974281351254962016012807524158584488632814724161244412894846295910307466604534254346831830125889291211814047621811449972157165579146335697900052230894233464411822909735222728956342199358333385635935704248554352377122489345270697059203414010976775052589639459163971909813490519291903241906305943848225247467112673,0,0,-3316464602482688912282316852905547175772789708000646319414082654060824294859829011460576184590934345750320757948958028790769098763490150750645227531067641186311278828632287413436296185282759995338212064136826773327965452458362879576394293926546311194663777424046706795186106764,0,0,3654097016607459271380860395001319979562572960024998970584654781998853105958319807196256814417571689304523863444241309871933471405112775694737503955759205827043838179457935913369068842850144474524677561658081114667516715648037786502608620,0,0,-2540244060568288698798544988239611126666077617282311133338213793525998456823174846848479332105671073716369926911636139653231179462462451590231355602673083255177322488780304415947329418369836492861516,0,0,1215018647242075921415470790116925943440074647793348669869545584658858797445203104819411164939898408686075608873083164706633553097354297806435360866798140102085,0,0,-404835931486759305131204370523181209408939302092284106273747264076818290078124504543928159469296907549062665016478293984,0,0,92761623193299966694041819120539861537220474813781724415201478717661313711355900,0,0,-13398349846494638021582754343813570732728,0,0,1 # helix3 r=0
159567081367678413097181016194280403959184599213486378205605450172461060192325302598351967915701907617766197938989598081460594635753072145835018437010307300724498775854052686154335537310306083162855027595574385766581517179046003701234458979898012359896525518495594931758487839311320709633999794319945968311550150727504591032307074607717690530263377120686503911141907360428598482476123607245893837748283313288369959,0,0,284384016971036798331243505544500398350835290555748749533754334834224405338657412226066438424711082632447618851917263330652135695524529403641218213319083503763988224639862641269631509383682663541125170391928562027065795963319547051675411316741493390165827230699998481147047665571120379332552951533785366782194702553226163798221569078515291341074780478639890947880,0,0,222008849779433229363976808894387051216521989817749982668612166772615491363216620802070639050024541248862260605032396671215516033119792979718592101371304519503170462741384437963962253165099215967713443989853583995261807133931952247062322609963955243209226339099689386225292950936122922540844491739871148218536810,0,0,99153701434153998575518515223629171154556633913061758916440858372672888632184855372747560397040229635040107513963564786202020003955460667643599386732104142183624379032058126575033589162073407384120351407046498904586406790401603716999453058502839334763848530184,0,0,27709429788708739290979883506099463573897741987016837101302442004504433420869804530752494371029786326111734433324589965569990084574447398450348577803717331360412697040913639966141592443036270062305015359241048,0,0,4961540858616626848449039590639015171776335724299885635534028114512939291054309281243002727182276480174941712243635304812333383255454589799393116220171168376,0,0,555863565327490054806379732651658741632450890679646640534069136399350344754818815293041445243864342472902,0,0,35625307702665759330947479551687446638226325483247192,0,0,1 # helix3 r=0
49276188359910216384286699293161242925877389030916733658412206208151022794130367248018076343940877168682216019511283780559260525606676635190439329197637543876332856204467943881826872726709382692362895958022982505093499289260345784196573737548256106705260875994268130034604323847410847173863299346155973750638285446573615020066347423365728926480825054495183171221714051301680191615967724744176122910990671792614722480097348388160062720167400969868390172802763852682552322253602461484304995417996530727706221463118785733951177709289530293578134343224393459213692524961830134342424043281726249242406583261090256366949853007080750303657020137453689030056136555240369392317458589029816125910153442435846569032460482396482659535192165470501325556911517964035876694918860359261210069778062401,0,0,3230288639988165046690835096878781118639231469924558831600082796094299997148326068118903059438816402827013487670510278995283313628171596176952234269581793501842038498141853238355889914309520051891585812580269094015343891480068095110398262111657123021428663941609522994698132953182622989010087551829440361960606094988732915207587283636050561766051839122145769097754039626014650739570933853876667198234705788415946095280888261649393191697798406667818800674229705498288935420796341168166507581111570305091954374871499630587502883429011011552906833818269439152494310304869600017325927626063556757645803355441777473429772357269346355458791219192944099164866526477988035023838842654704583879840,0,0,92695322141017026106850187666528474370042338226920215268995602754761437284567101301330061223653543555448401977061462434076960111393433354245192863790776422084090426606158676743864437850426942295972455497584131985958591323010690093463697214174305232753063826066959128265586782134857805363390923381958916350029203361624647656439984112158922317579926549557462920825855091861263668448410616211886080210932948921624582181089319838985440128254528292047271079825763510876561037957758640940241779324821024566440550270981043948217734773707737471293433996521202104661650664024082370895572063894510598,0,0,1520276939285368455034306744341270575862086358841602546883527554781047422318812336723489118013535527040206891461140651378927375809413865659140166004658959093484118450173340284430142692170998586884379981854298823621975798499869253740604526015392328150543911313583819780423111889748164427885721714461062473667847033418089053980697294232655307384416343092916983432777381119033339235597321973853325932567136766704125217096831978080469488953468293042451305305324139973779564024520005496542531834656,0,0,15581912463080737873812859286426716895408231185552587097590552879106288300202194567175665661397041384334705727625277442061949325889403032569429514735160900971742906297180334603805621483911252462655475025924620737881311679756177952607426099697105921813725337486794179744913433244330696879545900002300834535136538579520607458907291739059498605139727899278375575921474022687756618090263482996999598,0,0,102171961195685559248016455595839239639721395804493587881941231766006374518770720558404936988940144583081783974842474572868613997608369388886421785245435333494492307831752562419973121726694252459928369325272279701390687555141929377846864563614214329522936382875982117770712078428694424007128490096,0,0,418454762430712165391030392459002521933797843599867095348696504198904426803134522641041347559848555387705902661745492903341785698741014643636237972751756880103819944721550841918179388315422679042830,0,0,978496524749654653711594683341864475080123132861473841686104469782880394696435839067940568629639432,0,0,1 # helix3 r=0
5642976385606484016230047236862823745280403991546283668876599103566342493237322070188828547061204309191422950286716717291849314438999620779325382743457986289286493433200999273027086133034646406370707850180549091303590791240824838737144368598661838068960633731034414404916516798646788593082055639077767430344044775143665590745390281613910701717911076449380991874081828100968258225556977723844153402080403352680698899660132282052568204609846068729744235676932388605828321414727415666749928272734076324743912252628509159574267395204896445669413537091185989863672860870975932802999863174632662900000734314496,0,0,15867931454481025256163726975743158548623625864899850266501544594475314648328711341054516433411575213344169982779508374113130614984093331790361272861299507443230988065319980450096206539096140238864859017057760233486727357364183039309228493610198949566016873510787101320480001360710489712169618338606909239599756381038204761230921052377997141035415410064523010017452831671849170693759651062722303727294601877083697696056818544302274096900567523837342070823010988060688448637652357333673165184160730592351503901497382602756491051008,0,0,19367328030743754148172011802262292244540340058741638338887116644111379731945225373482117772422038790362271437747105242739430323903524284585428422165126911919275591328394665064024517608132631082562878392386079328810144733153722592672814783195889040873930456278640317357995232892827417424956997039638234841209764142233517390476786118378065360307016605245423872610588157348945813954577938900801469065739301820633737117142591113546100676381406363597886455808,0,0,13383908515894407311509035805133803696135525890592523011362431824810536042303087718361500864921776940283766112606793126324630207590482697802873541845003173726569521008178126252797635175303619335247460236867826275425849872266563068359792849963776978658717703573883637941699638641409944450320975098980599014869941951571845545729422290490385808426474842744946971943977841858455797760,0,0,5721874738818586132415994601590309979695670553324192650461452556126234738161554517997299452787646427074773424955631432892651110997475882566625571886921330722798705302026236259248932966605829439674476931865565653216586840860061651540239329328843258952616964590567468686543204185289180264051395105245888512,0,0,1548545553249072322312769533956149337547503631426430382543257785593014727954878385578089782570462546487530869424449466040257816878736602014400888423534280843045517439701198028758842944005586168197795304909071550519773672413069312,0,0,258979814757329725778824868642079289422444699729669408628484735744403686406765866666974540270916880882510633685504954416104608263790179460649139069517824,0,0,24468076281503146176010299034367666814538929034049271060632157159649016020992,0,0,1 # helix3 r=0
24382030451481882323195324265000880259579735368807082130411380325912846706860087878509236396481987723744051743879088412080792525849439967534786289308773407442392083772932480175294895090481080933417246430019018200263403960613985565052567032603162738402923892693221006328790619358000675677213725523939541245333764912935303140037850656716804153386712490757859399427477743525547539861980949445471198784958496768,0,0,-228479362760066514990687467624646235749114073172359087987624234306988558319851654963594222816274532450210136710661352303172222407670725625259593956170284995955332986055856238658674430648374093746716167335052765219418077969853433014715795862371934606441656009482540707408388948328392724317600516849670253208572582460882538581737875230110081363893004720406528,0,0,1116677080243697608832561510515270938853940989015965696516673112617303353961381310926757213248962613177568702850248610854371356227763343743894417638151599173145934749884548032297114691459574053456560567602263170612014658607293879895431563640721913287136674324365408934405545195984120813400379124109652525056,0,0,-3519962323039942088084822636375444490322008754687475785796866376327605869703877635819232492553698702370003080391060088686095741563973380822729099549816651941115923585626279739475888221027287852505000683776522730073742983579357494880401517805156022039347200,0,0,7433967955411053895017699144539185776164615845442158358159463175188703033164871779341857441258950052809370749935540973867620911295297230136331576650491933592184549539304987762753215108722702273258790584320,0,0,-10350848246812671263774343442729230221941142912468078755845193072785898949710686501040900311432661696066830762431104587858283934672493810700411295810715648,0,0,9075310719861971506619541884707248177302995346506966944503707288465860974706539037934170819855120334848,0,0,-4531013161527046190035017223202750554485554411470848,0,0,1 # helix3 r=0
60044315191869188172349656165780844204400256557364600945431641699081277305012224207808973247981126693498129583525369711100069807095851860786594215870944951335574825629810832719217662030680550076940681445944668659467890654710003496817832620532148625236010615360922506366686613644248859101320656523188029949727258035350515814961928448592336562886103752492705133636707302711698520037688256699594498957447150050251903456871830606372539938473104405876431230543376269125946918819362528006973671468931424160669695490713492520800140234536396385550030044051439935481639122198948684964349191762221960426924633921150061,0,0,-39196563749571435590806711421813103642322614673176641401732956538781902061304945317049356642765176377702652734035566660649039454486799417012241195309952144583546773935127975730966131724636889824408797419496534142814095528132258320010408358621598205014362320280204122943080926555049433805602463890129005421231542126531926085510231030209089674590472025517456736380195986311746986801698851606629635543351051761645491981208489229526153838179729463409991384127548932845887377738844922901283942667758172535980803856403019542923291920773320,0,0,33570153486424249573874673147051663106518602004374501649845260390687235023961460467076791482158273517315440970064415423686048585378527060735468023457314167352408697458863782757634874536669152586074623562038079984734857494748752090033826904996571870578340315501332564104238274144938068912165708438909709855027323778297466799669758415325452514330366394812036713831351246400614898147567486765097889347501188830602345083949345092306002674218723097127123759533928,0,0,-9075595850626354742295391329715778750075964645548733776519562444799379797660335763578183607992472763256642409007794493727549819988091857401301880878618933173412931325781870470182313298937914679656982046183278986943360591914561514552913749522144495299371645010607829018229061231032199567974741986584317784704580424719423139232330636515548609208648459679464286488692715756087516707112,0,0,1192202584243456319635661600082250844432927672163019602667782076772586940393003582521942002932102368033090631241497755361646466767141558391356347407940302998038417253004066693407782498618564268845153012811849911076825297776946456164927873437329421682074340667761862580534505661235018386420849724961909483806,0,0,-88897684317429022615326089512707247731198416784673221810765551219200642760130019540314810907230856033070791859438288875497452269851317613633358219327980720690823668219586197961091975285837504828407958403690987208863324425903522712,0,0,3896838477032255825838606937151632996102507180513672605366479842583673113379473405876285110971534414274630285273441628687343399136373627579579238170963592,0,0,-94779273306531844504988856074520485672680487759403066174513176401219064350392,0,0,1 # helix3 r=0
60083735751198433962299196580290820278931902196166306055212989539368732350948129193929367310830583258827255303505529504755072496328160974739210740893319612887706518706410707574720641516464816221627489380714180233570446947941010210059027787076125784215437504223249696018481978789868079121363776620319208770886739372936214360829563574024989188017396969770181947286352973416371195060802308194488099036528590967079245813412054160703127144310444673309280609812233867950843996431851322610726633544279384032967488600455011302309552055215704516235139049318142767801269775452137892398221985152807644891495326840903072333330252519883579679519166012894331388580566401024,0,0,-21912367821129849784445291299631805204467342024283608705565717105411774603832299052407739575796371220584210662444696647670587002241143911483751196002077318195584560565421207758279170902768287505141585650571349683702010993709264529021673206070907513721130834637793359044770194745295494444121275001797761814206728759613452199430867055962676717363775591767314987743079724928974404352071876635209537013891918654106090777440993492497647792690068751233851165583072649666600575611979907342593375881505464272224682867853054144551774359641006647668160809036631288188735640056380071608320,0,0,3317673420728297765520997929863518397814819114197843057448566143352934635833222865815680627341449978302233936071818458050539824956379972104973786742881062621277547469588208281225854976943928407222506516378346707282002995952094091510439443897571996976506241267168887440463320678110158367680664056310590490766925606401275726279016673660845673071533026673081167586964135159183076900001051947189812467802507469738382824235968587530568820122621482059747124734651311653460232694355117434207858044436480,0,0,-273140804352987963752690355978050320416639200843558267086181147111234516768062018664994229660834517412078251344278048298907827740931206814454352406883599091163402702359838690165551515045461428346688437351534041508298479651871389682313163518551772485243859045956124815542680995605233740702663023230420037145637496494161375432460672101945892730472481678447849242479040241186818215801165793888511197862719851992186880,0,0,14676411972914322686153183210627834317023073677434365019290547748615943636726388062949369828444141764171236534382294172567382735072057821332079225770459012517172748702607647338975675628922844850345053713573313321899627963076966411567247163309249587285904761683887909788075838061592660439687895181690339050501956565164719675434598400,0,0,-517524107070377783885197280473546548266236546184825591750249012777227292894530264022284912332767822591860719923239485902975870784792190458824545220719075139880895250569432292734062371254183486765686536732466200483974469426033392665752676140329205760,0,0,12034254342143626238210995764664702099340820473583703181201587093747818782939196601142049746782198343022992513375968064313123780474918054908428536304759098608250257408,0,0,-166313462656173813166566594532894157717475204316556002506391481683549966134788751360,0,0,1 # helix3 r=0
24552399163062429287846635091454687871409577805927991563585136869402079802356516075810610918438681252945624065379934596903861268818150919222125226914368751241295253895124679811864793843003644706475683173777664884444863537509657426186211815210890468171347324382445811643773041945394269429740676924341970450014926905081115130400109113323860624153377317871950115270987719760732059767885853178441240644451922331512154010748178126183632948045950045928253764385415251504,0,0,-24376389703800287471911224828297596311144505623706138646071961499815389140238188250655965173991941298352407955039717017447367974453652189620343932796359677229358149753716349188932356221187750507325800896091703685514598408888915939760768042685507008336584054315800341597401995318893539207062039535158454155062123485636001057978011188526352131586182075546043822388712739714980608663710137700630340858085833120,0,0,10473606106857294862707190235162019750343613949729942689789608228813438634043187456141830623232978150662357246844809819833334995630627470286039743742434443014762487215767709711012740918861760070657402609992639266762774086063671550922833244594112346523499489041218122274126116413584890411645375054964696598637393628856119209852762216729537221310335456,0,0,-2542260696367803260804229574395032073353011562309276188600750414587827238451507578223656793886191032295284423691782050451896680516000350900276585820346688842754427988809115341345525538503002104541664233335343698426974332963099460421501045994789125561272497789436011421644841022326022666117936,0,0,381141329434027762879242089414891491709677566998024035039255804335297830391695880609163858146359637224856799514666286168181129956190253837085172284180154973883000457472253150795345365185120708199316235779421577810896186682252609299340,0,0,-36133095745695368616721451587749281970129897738520905027922440811114129198174826159315218433233198892138007741079226725759329346301760990633181055683129364156477851262337651112,0,0,2115349150305603910657365201723852278316822400946867278749141048726042448725175886682074253761133146775707256626563996,0,0,-69934081329757167438304935313838769087306975453638482534896,0,0,1 # helix3 r=0
416785076475991153727976477670044383920986692887429361975992550035699844177388999951186814828404705701128166563481162065258283381495818812366210294823645823107150891129263739156354138777284803552329700546805751544711541183135854439974425921922378694731612389877985996714467062534548216809900259993523179577209417069557352702605034572638359143516349411637244619699500137876850477275383145567138697519971023750015625528875351056632480834643910289889080373860847414593545164991520922298067870446807029543534731706390470709966930195289758592517139898983299038790772636386338978963411952572187904646084264344214241542901904141188520987976335353520874219386667475142396531760602187604002893293540178567244259,0,0,668162011803695004273057581073879073872471788220333364091265946315401871771716407952826567808445772085132150397650492378966062726656687695615830287870536557381393523839795882107893724259968211277630330401135940694840568748774772991471232372225646070046207795717823218950294399205297344074178542364635463680941022753991077965613925434983793742076656706791799139152437000293338628459571469250268678677126282782359523280302052666811733035793645193077914670123148499105459305149387009320047105423013462347263525930664039687765402691872453805022087676815502703265156266434364503863554021850841656721425245787743336679312,0,0,467273626586153101639618690940873601765127781557919409404845854680918847841801127967292298084427008105820926189408789004386793104953025169961101505559985432865020530969881962689951883759400774184529593575939774370065106016438632433566260642219755074864662851306633153737788288714460846868823869584140246958992833926395727106362585260421224194912882389394055132692077612751107475234649129415163157909909263180022097302375292450461781489779838053171272173628493008347760691629133171619701002014933711038107755592625617592250287860,0,0,186192836137160552993791543483988872699546954275318917640009945776781952987890232861745321950832469056498538786733562638621877943412483248703781823344079970856979494909003342815617887417751073946459494516863064095680130458749013019530983220122401120643329114220432191672077916552388555944775568187633133680173018250939388605502298141425918235123425468454768947156725578474012725534974570439812641270745535126721187266634114724923924007014940,0,0,46235867317023130263234972455078941362687054723004295054204175292911781969627929220974594878142605096926081144658832419451200674413410403518613160649500521822473993515672332780046683806052313895803066464153615266736071619576848075631461719845358251850369311288022775573239510061063148595167918662771641520163672032354922384530642265627326409890552266841,0,0,7327043576987662482453332092895501727278648781737478336283330752351976730868189902494329226203096886720929157762651734064067560568044507848347343392448886001819125703009825833545578681792629897737519800560610874007782253869045031927071946310938219931734560595427764,0,0,723646377024975043329027963599479440777633247414758863157788085267683585820405994593907458664881726667209626451538001290586505933526187121691395903157455366634305253244945740056,0,0,40725971133129691225003889995475739673276229930523244650819086355733156323094184175598484,0,0,1 # helix3 r=0
133735860024656315226293329579290050211195358804878076438649548636425609813928919815524994504485286063231284717484752606717531989168376452551769614394375161255822196032081889878932872214149089497087886994114399393804583146751101704051873809502007337101399906732742514379967079756135541147162249050148747752470582708650354631120666011214183655466474295213480878374899352010862689102236119690842031135317575137804817609999930729734984400545126861543980715204644534942823916775368193092987939059183772512910053899503266842167884017933329657352557,0,0,18200569445488480995432980923347312890441190276824924589322762822316981557070795099289731293030417856489849051980753760611096793091433601647172084883709622562206123919544579822257455653938078859296801338239312117221399680355739028797408328201425470891974114699828295081577644490655745381697346086167567035658860033406418885589468474277314083234343438808309672591724800229321806051660680125957232363167242908419060260954043745694072886982888098233853744014433226961409172799958,0,0,1086213658649441418963703270782307785725186796215398404918641440309298547169288643446555690946593820128583230437514386467619114527868795064677145260637253318812301600467306873152100131909856747654330131947051504732387824323439505341480668118539559947455946881511243888045984115993987872809629947553426343799812586549985999069325939400593331308423179931633423570037492342425788446525763105711201175436776695621,0,0,37128775744158011766147052877890793295582727493291760345834920743128631519122358829134007562280074647480998255796273535655841465720412173396271525567515336615194560453571208119951865885747114784014322089618825857403641570764476563015768325332555451572429362078744340996225479342865820950677811594618207485897162422099889425165041072460927894,0,0,795018889711783802047077763875112090548725022645046160055769427106226425855092216000267760949301352281958918833383312076100251089819345957677217241325257862936803213916334276769419749541195874616063072293034032032899275102999231806788691742500144576112155962840139795806198,0,0,10919540478625941289805854797076319731434935170184217434870201367242093411632181495079853877177553734228383094309749778970968263195887950129376792173433015608347366199887741369249208183168672964270754243228,0,0,93946478254485939415615921966443080365991620539721216914491489087155529234712750536318617277092041198927693734010051138254592138126600892,0,0,462889348852037186183582810726532105347091310234845164254588859142962,0,0,1 # helix3 r=0
191707613729133099928422111054839013039363570200667304177821040440853610536278337159429772148193095814163538734686337597927851649959794822908296873766239321871398047895820243141970547920248659021030935051140773825029421,0,0,-564087694275240912985450806478365119430847828775549826273914693470981715832735733746156971970574693721087633289574176207262159478416713309254172603842975985199739519005563920299039255194378360,0,0,840986736135424984378582617276933978281359426033473488362850022686158911996608436074353174509401406694026194414341068013494526633909632535953012374473580055058473475,0,0,-788825478010844407391352393347804701643938655093112207244154114020217017904195024810805981158409984508648064676742032467590731846690904020,0,0,501735034461353155686207161686368432571862153284115874223853934603002109846766878230026418664216617579211225042,0,0,-220264097226577128286840438433122433773197233139183978233559171819638236731902121984,0,0,65015299633506733475093226500835722106452807916450918946,0,0,-11750042220320291721935523642,0,0,1 # helix3 r=0
3295190628707136553896092913536842201257042344468355517247649657009520591661951385966672311343354265416991039253873071769217786932328162394432780312073682373580303106346379644631403701635294937163038782638413556355138760103162143414229227082425948064137406988175091233838286300439783793180457129484412569617509220719607948574730997275552862145291214813776701458248937808969916212081735360756374154383348275993409204394583258686492739026965209942365761585663806319753006363613595290160087331583805997617126144361925274246379538391326143542488819710364356905722148770009472540986838193736912916913,0,0,128169721965680864352572397655376230811400088337724662520638476905182939324685283816036031822479326671980349091488593934397465269082097991373705510709278694159307065829118340922647017160909923790195123015669536891669299617907698919845213866846860648815526516022125858684381275116274954607793710276650298825738449166125870560851991709636862771708349910444918148358156534870137664464438443587104565800519175448344186994609884195719717065062916139854351479503461092158242202982492402649780037973059068193484341050642543088460,0,0,2178765011406974337996713375437147811259739235222616672498085502029604550537319175795883400812693225855208298067787573988343033653274103861761459664486204983603499680579411493451279001652994374592360223081236192054245136537585196868528163938768333761849526150461492290820252018266413675893003335335027612491221382241782743779772161425638126444579170495184211092395481438202128373725837226828816855961791300830606947011890980747066261697378056469922,0,0,21141888510219341462466912401564752476052221827511260708718422772776571856578378434406313310156036621511254600120067084939399278184456965337633192624122306394509753455349306178315904378720627523209077521928456170490795883087716160906507534951256659194004778584809325785556119070473270540108715945114905055677387064680736339358155164644941332156417104255043192014548790803416,0,0,128088642175533351561485536630510334152710824321500570686321723592638780734470531493436589049959396794093945787739927581914901386765031261074745288621475936816020132518121151801108975122956750330961258564360229052988396025398149142143520454151288243853990896635300153259882588391100825751914534869611,0,0,496158381686494560942461855189230111471436738750645753856295575576736564504633392567418948315222710508262597144460479761488112689204489414300254083741103969795161129415166802522748105342877374178846121898932352040906513478728,0,0,1200010044924544577885195681557063891874033517329230297272780858613776118901008042716945734154801990219577868073197638030880016906030861830447501039994,0,0,1656916154476017524447077866591060355228364945411510347951643422341934923828,0,0,1 # helix3 r=0
1239434668990451617568933167197652885241124438166848598149388767006609480679501009810258544829812327629334633027147985408893908629155333125487426085594985464219764668097412471226923541167711665555349526455815917653447182814276281571240656052935759851591531631854026639368383598411435797979726451323949961809899644982035626681474979312,0,0,24945910913867882341542412388969631751600562158545162464929799302187457959261167498960780930034073865182513113020301127888605561902038117562261777757110751925850924331485740810985312602490595733913864268173131695977135820489559884433732390135543153024270507731901964597249963042709067710063104,0,0,214571405185856390443287826841824987890078291216242238250597641219046849350989924758113382376722060064911262436150022220008317886530819732817632537511428436115106855151596382848323724379358085214202081208294739306053653151575083383660662545589582305176,0,0,1028644764051465871429500349362586695999773009820381490745562017328265913142226571272699773803183924770165905883165489287873890703245034283342822721946094450086491611687198197968027254804549652579140592257869432,0,0,3003220401963443124226014812362167872420610661058391936127102186774022382478976287445660083271073519531511603223290191527136821664726544400972693865433495869358269403188,0,0,5468003894882503325578122031172743548229626370091523330395259723270681857345713608112231041166854712757652925808571701567672092,0,0,6069771789006749806310000095268471847912725373122702332505154171056633595624513828938,0,0,3763083991310832292362050456446725364928506,0,0,1 # helix3 r=0
18536048156409747651585904968935791767384722640247749160174596324585712249459115304635298540829879947806010751237182362328025448805376921485825774380357542394424891061555663615350959896106609014165842630656368765895448896122599274006567180483086005257911859692615570982421297448863209563667176498420057342502271600625946005073610985379781795390587684566843922114666701745147887929757872417557780445393768875626134644046460460149068720594407346367955685046273880874844859674354024185986479570191747570544751,0,0,-102630781690844986739678807622636865943740559686964566412409092504960265742641140608334106435114288114663349485269099527629889603686883696021079966620995562274190424036536017578589424395931742842548302689967326990034136185122340361372202077920380866563667399917973527597580272891310563388821906827152805173023119984911231683222312558530455679059453100266864069034447926936523022477834544627989587355896181787192830754222099832900595925852197208,0,0,248774017054223518794784255014304122381374140713373067182421891418307180805335976812584949020145355334154476748615526120921597284897555929908859329387473649889540797466424289659674039229334181538796412121348689680266594626932916729793901399581392432204715981365212621216265415480452900323993749159542009960522847250044784009169323298441849854149092550899477201953903523544455804078,0,0,-344838334885077687966723640681707388027142210034547484416551325049418605204761283099239494847858214586465486400327366172185711665827859440518926315655006511737947594607955144539331283028241088882390710023614590754276265898036499921071152552581129403573890035121938531927579933345371750684536147423913462476200180778512,0,0,298998257623549146987500820469851082162481199408471546067343092225893893523309106791723260709532925048503269409053622865027027040610522214160534364316641305169380654749801755441532398161536024158433150924447920334537815959908725516107730178610370699682888,0,0,-166079601357075908806790986840599969895498533793827531679573961506295497439302637675949031028486091139974309497113716494883072720939380797785206851439537267983585018397119768082867804101260592,0,0,57719507211438625255443920753469049936294213320478834628552865606579926290969103001311737813692209471611691946491356722757657882,0,0,-11477503450066308740084887131895820510131932834161209786609551384,0,0,1 # helix3 r=0
160574081028087932075509005944251188353468662516384587372203231967835736879681064611887483040123027584631409162935220937531930553055629151499063072708560396724553884158560802036125277247800967696844275217375539005766401304253654846283,0,0,-8988829355530630370452734840286346113011926244246844597204919040316466372889408031524812823330412119531664678116886801047014465581630205808782250309977083207344933826611484684859954969136610309675855085448,0,0,220847041553679069033266138310862890787810685357259338910220236882992993734322755585725644755591520149898877666140190765220984960086697806411752477770142495064474321230074681200,0,0,-3109941909866401425850786327855537480219776948421179878403231237339427027011134814123020300187118669732139422154741238548271725360597962451018483592,0,0,27449209241961633677868861552660144879599560143823318454058748554380601728155080936659342454545203205325389964669640017,0,0,-155472773377129984059932671631750791578531156911511498257186658041523083591154400168104804,0,0,551776616840831125296406331659486496214194251072832300734980,0,0,-1121724836293709095848402879924,0,0,1 # helix3 r=0
25256644945087442427757929610223238198430404849458468868208626230169777162312207180644303621454220755195621936221885541846539568878001654669522032250676883733423620486149330837947035657250118145450923559028727299969177789388908,0,0,9595744626200812444528490856405704335211214918464517625397784202258446862290817661423403742531751837741098107249427951127021175784360968969233429333010049998595169641433214702906903518964682346612016,0,0,1621591632579996849172918303262470839929244338805764694568029228510207288810853400434892532689224478168865164740288019428661243582684578718855266169988846208085219862178980,0,0,159094443919698467139940052613673858704736028876924490062127839617180496157392512463217473195331221317956606902821298987824478211388367520810936,0,0,9904623866436179655383201838962840928136133315897418409083600793056620871077286867589283675905569842925066651684702,0,0,400406221389933456116713006695912615265001164362423759825105630666237367428686415887796,0,0,10258013422345946329460284111883310914922960093504671487690,0,0,152168447126087785785242113200,0,0,1 # helix3 r=0
714404475108525316456938992447466418613174206499754252221148149255084172426181947571454116073067148553949329128927513287251910172254679371486751865268806862423439693770094018192078758950507501606666674196780063255391325037265775865332785974612588593649184233279687741358959751219742978983023169465259841251657895160197181886800070095528628445669024213018982296034307450876130920497786153712798187994585453372313933289887750492329360696639878908588890668719427080303666875690803549785286653147091839656598840442903481055138279647565707398562560874183739691545344581406256872170752308044294053935323806784484251204847754821,0,0,-1257177816211512380110216358332496965838965904385633631441317683403197533001857257751310854091220948740970804705676180948564007510186023810545988601194471325926043252610534013617268626042916027447241095191928152604232101832593882169349773759708405086622143290059757076138061572685994353343374514887656359075246382861309355808741333246982500952817595363359842530091024498428611221925292861958126572305609541514053356779958760965100441562543717695017914480630129183679632140446712974731659319786716075619690995941843538929290739506135224478551456,0,0,17767265488728336343213924709750175058203611439972156011856740450591068956281574266080093645244521226845329484596140040208713034600658252290825838055450577918868567175359228740156646096475003329434994810967343124111867885492317007968856638294666425266442430611138144991499319933197518766801951305450026822855883129780197198347582974036546855451357400374290284253575900948517559349208654657034173669188442040027462022053235263581737072156772989156524329670785543041696,0,0,-22708636426569062925939760019805471371425311637334366206445225776467311231364390148811601940433401696433252408985291147432085545855065172456435460911375585037964701165077940378498250901525798994394713555658463858854606493735576586500408168003793712674332275472924217222814006169332361246956214748458227099973358810682161903627936545418991205106150337139666801195539258710381730673956839620,0,0,163763583239597271528304518275666463885625945939502527690348379604689303107769283582000622337352519804504595303493208568136797110221689702207961519793970877568174903245278306182441789573280556119010605107023272253451944099757493724297308381751284796580423022176577502727760347176393128187553881389999928872329765,0,0,-138093343960859411428875223578884165012953316132020025915932272825507372425373498932411964479056233870713957204492896309798355383035479293623791857984943759884454867256044173937831404582556721655492518937739546871219273873206129467164,0,0,664385313376434710167789003349175607997159695447111671486040098079056781382536500600175800092894383836870980462250739262903612751921180268555910837394707718,0,0,-282756346743992317936303828093546606123873446367899066250720423676819675358948,0,0,1 # helix3 r=0
48617635272889107133871070004951521819993500962092709558021259836095228965541407316270869157997015423651901270440240287099912192,0,0,-49129693416440274572003845325947719980404601655728178490452798630972445802417177891499880275262028999327691571200,0,0,18587910749616775316465317101265869662431166550473467095845337925727969631827850620794264935727104,0,0,-2942629223577108066263750725850103947082492691162301429847682826484924180640825344,0,0,158314112672939608846969607243598101715566141724825836559928393728,0,0,6255448955919000823809176957041010430711888347136,0,0,-775732417457275442624273030578176,0,0,0,0,0,1 # helix3 r=0
2976209072830064255935787904610746113552949500301381728160724973902961414879106169665780740960393742688174400513351831905769183675461538561325555899186508033670240136147629879748155090408495465824652043443312614018485727156635694915444187098893631552489472442078546763204622355056588064843528572233054781939165296211015724634588806895372096950143510012265279253015890978052815334644169834163447173155265799006759279021255077041443646155079836870787828090818026018516358177905332093327553320529753000000000000000000000000000000000000000000000000000000000000000000000000000000000000000000000000000000000000000000000000000000000000000000000000000000000000000000000000000000000000000000000000000000000000000000000000000000000000000000000000000000000000000000000000000000000000,0,0,-8760596317631602370502635800820896249512816261725331543757987973812045523148843088006133804602523412417441619858167680017608206131559959160800915209032801178309037176854398765102494305672214105683998523993314355349183130766146102693843768510855775281164922137194095514966537029360634415768560053301744892320833272244492033893375491893597232519996678874066901644764809857252057373813233726380215514786158076205448527907598159411543506704000000000000000000000000000000000000000000000000000000000000000000000000000000000000000000000000000000000000000000000000000000000000000000000000000000000000000000000000000000000000000000000000000000000000000000000000000000000000000000000000,0,0,11281235434762581897128248037130740822461720549005430483796061333663259931029536701004343768899925167585576407480328162596949432731178774915768219798838777694733639679082470441531232054131558312760543468276152940792048363445928235010573887478300116319375272650700328173731324647758460619495966990597153161225285016864821868107027607348520848244492092765873285722918291355911984000000000000000000000000000000000000000000000000000000000000000000000000000000000000000000000000000000000000000000000000000000000000000000000000000000000000000000000000000000000000000000000000000000000000,0,0,-8301004789073393522992513825622767386569996356399148775793175880704131920558878994578754595820106328516957814934766997160520702276384237761916221373300787187848441684862607511388190998442199780916744927388465086611756876009892189477902946142422649668486623399558026041065781752160505037351610481025845233892238516736000000000000000000000000000000000000000000000000000000000000000000000000000000000000000000000000000000000000000000000000000000000000000000000000000000000000000000000000,0,0,3817579523241472186127333684257767756676008412724034088865327218984378017830432355306328617252168264410215641026636084525012447877453515894316259851281133474634932406510024049094536704113365733368392501047150377851436100607579607325011304122513621877219456000000000000000000000000000000000000000000000000000000000000000000000000000000000000000000000000000000000000000000000000000000000000,0,0,-1123681514758962434341137587173208356645159573784620899109738706739570713288526959468573983217271351019501975208192106822937399231060792537052094753413360554024111751651807406751776164975134464000000000000000000000000000000000000000000000000000000000000000000000000000000000000000000000000000,0,0,206733302044398942803519216558823607451886658557247339470215076022366841250606645911384698764453975302660100070247029008202699536000000000000000000000000000000000000000000000000000000000000000000,0,0,-21736314612993332260433651563880050926261131079147784078489827504000000000000000000000000000000000,0,0,1 # helix3 r=0
39104363064768294528470252755219432833227376555106967441563971532862809822251257710907612228878247934403892489105544841627820631117871170781318176224673619451885838377108978229701422603224786569089806796475496028803183612306234284559503443996555108420494625869522357862644668132372960066987428654326873317948905160635109796569937068823662271350017272580745226159531767144552393140168025054460026224155377623138647380645439577523635004346317066038536776429513337493240130772794251823693682410546230647257046524323742409208269183858657,0,0,87140874684287456670363991367760096524193508741196308101075692973683182199749397181406777534690646949323282428579435670464989878231818053454162084466093069998147034442440058272651754905014815543426292416103510397605772337484963794556666832111489537660932501650659626112937284938575120450654724546052880796454899370385679561936600181733710346298151983357653750800163929847567219542083605276447449823404628182902522277291549576020611198382227527571628108855176141861804,0,0,83469265439765619004277884444735681663444503151978147395696922132747134693527401570851399177746424011542404713600294351200298499318721351498556078770986542844379707274413744728424382841738515875753812066572952803840571608668194962162062954986854814242786379648658349493155989133130466965218962858119200031422334874366267334705855216180602790312640272638219727294436013320476258273205297269859091536532,0,0,45031811305430176417400197536085342465989417222564153965922139843519121767895172722059295653379563860262814012548991154805518259439053088193207576442137216908771598301137312159812956747265559806967310861735872963257165536918764190242512831087435420261526538030697463804194424183549946128571804781228449400716876197655209582560512670100,0,0,15011428536871092886252261162731337198986215505102940460036905235846095939122815499811097928459745343132096787696805447445253082079454669834548813037683828828305997902255850155386718376438470756472379666736528551383375762059820773146920497439124672931001892591424449270,0,0,3172997544688939798969216425375497193968848485187351033864798880337719843370796593482415040105621514268972662939611125440218746177289447740772523962523338366949376497990240048506927233671380085353413492,0,0,415905306619411712788958015919666193393285983501254735613325056531818154769450249594945055829657531931480714272809346241325528275490580,0,0,30935080765411604519270659066117137544366458166715723008506113528460,0,0,1 # helix3 r=0
260882640821927059195132740054238361122205507876592600836339410185745847827351104960167765291827200,0,0,-333427955932883996279551925329450628165160003348294942291344213879438582807368543764480,0,0,-183727069043980828238698184844832850090763883358522299729543242503858159616,0,0,220453625754995545016901164701422211757488363770766350379646976,0,0,33756566729827910264949091424859040232119770021888,0,0,-3946685925120918264859080080354181120,0,0,40197456309221470091870208,0,0,12694994583552,0,0,1 # helix3 r=0
726225319851020968188185070534502777502827672259816940087119328265800094532364517974417,0,0,-74462917629555273985166577810264779895117719675557781335698337781526009747750,0,0,2663804438129808541907206763760012906558863753695039038588818639328,0,0,-33353930038346686939140979239601125827315775584041313916,0,0,-77232752030320845478395638521995253616872266,0,0,2669559641738254185088517322814530,0,0,15201134378974179977517,0,0,-118550669634,0,0,1 # helix3 r=0
618882551708190213780423463239388204732031411194638323392608981407354095278374552615607458156617976750236535706260090792929688382251374551071497236586972281653516395833895904248749540904808492350991478070746410348323299112583084220025355344942304491138660157226120248504417189174870115586051656849555189987394580289139240037830878474141792203992137,0,0,219572310408392102510198044985042482528766211658167321956239839322943685985159795301421105723015276095292086435405208685457354658857953720506953255723885590482219469211078802037231270554037547926557107208516237712762478129639101261103507260806440169368238608647265797395690773039157319898907797731151072370,0,0,30480782218510356787724036239726167852454350347905894419848249168158835172952007150900933380438058598218699014726871455420750158603905457098894005174865220838278051417270708483353249424742674993162021537684877284620157353207552249144493582321016584273533223258336,0,0,2171627543650866188503806803508706073808552817054971883527723184944950393824983902481086209075683575313437962888594573652345223847244454100993254262547170235028631655370946326418928630315325839078775212140651507998136008,0,0,89805909627036803927562551221659765784709139072354380123730199674425421022668949388977702796967535583948249429576478026561653778998918413251174823676510374341712289968110496312,0,0,2255301815574944484687676062078529347766347193722468713726328279355813267118320669145501809655200442432471272028937603309533314571064,0,0,34004240720263249978490656111408480717171166152661847746603616278652270348843329201988069,0,0,283179075767526757972284700886724363644976444,0,0,1 # helix3 r=0
598042986369796251158659216034525506368152851666721001851230853062142922069102087926356132966625947696453711454811449896591669074338822570321583,0,0,-2340599837993325198657462939867295127979360398300022002098744395583103874733199840173471779782167842803165747717188267957530408,0,0,8372585094153919438241543831413421824291037549342556477771770344759462530474152474966607911848001383211321040,0,0,-18124141717234207453623171330482889642238193374090854259928945749867586847961430073881544648,0,0,22718971002507191283779346783904366127163403223026753224492779127844107843,0,0,-19448303190922381282103296485507769073456570799604229676,0,0,12535928775446141461809560912525906880,0,0,-5295601020404780148,0,0,1 # helix3 r=0
1684363166699884617491549265428960026475894203543335550367576496717572276103139000310534794465726318451757022839651963847820279625465403091604215533453949260578791641577415581237044870140800242797050845683089260493997971600494518531413959818463438264611960998268735189816894538239883311250684970549292276121250269232883706989451358140538995055817113998350516815490763006320813092856495681348161270096947883129193124079858496785034428835072840945178991445259650269655081974430549434714966117258841563925839362131786012022772069568930825551423522436861352854292617682059388607657831330460766717220883996742372296104709455734366880608576146681799664934894698496,0,0,-949082693282652158699218850296749912901955879090716576349427980611136502262033052644308189682363148908842852043102173980652671043903275343026933569739847874998020619957368640845647005214271544819887302818119176724773461710477559947607463829212922984442254261191116167837769122895789117529375344237241932586634464818338530617385079951745476982849951209717206498832780059587560901331952340026648810685646402224254980030988118713761667197431363431785933736478064119030225612839767490536968603271449477735790029720953258737306336732091346891051606681949048968902702899057322360832,0,0,233371902643087910999124919605169995059411452478247173639225818439232509886429416086143274874061514809831761274863271480392984796459056428138485159384801249782109166760329557616022668638185725897695404195082821424984675210872708689551345413197557686015915280660017652188432852457660391965640436768764900032847783847753324573362582396716177949433840810822918291140557938751227201935466999248182556272321678454254517373905816010716321156258538785754666584508354781131208929194537363875542027206656,0,0,-32723052148836863816412577918369682043780714891425739721682957109345211472265108541395497993288994604839585935424609010646087991479071587343199714223621852370365923885213012486687952918721315802139408845733091314608106279712205847857622313161234246592287424388401812700833262930969463341149505513918275142022929643367612269039754372453276190608637314150601434997051706157077649970448826677167078128526704940941312,0,0,2864164741468588819205986312150568834780239924436815325857977756826351050289034290069648150254042021796403620476573120757654021960159197238416791510996498092755487608570522639357624003663389266302756877967987102441260059650131828727751722346376803010495393367211850548791013612549671688005478165716890768794138525220703319166550016,0,0,-160435785782147655287913267070225002368138175666025269448304422632031210736179143267124042447920601028996901009123322789767665140843460667765876392573844400285274077848382776674088287443283902985200819567955261416805307787248779179536641902535245824,0,0,5625093612275424964494852299827999244885450033867458146136845906127987743070421554768337870408740575274531081521369947343758816925887303400855866311219395302875201536,0,0,-113073781334830121331974816757743600423882449783385479610496029530187606734424506368,0,0,1 # helix3 r=0
1773757111970489783646632937531726802239660968555222133844309754060186677417172670490654770160649137280039703444133289865441951481995910996400232960199816856498420567107212460861288875612574202094068225384463251633183828352778079624680237249754689184771094322105495128072861142886454625747,0,0,-11664413154298644253443637135845397894138767983326730959389035552142212535508188993635976436947769663373708401862430288554065671693762787477565027076109665230221433169322143554594009964159273761518607909437681185563176275008949101206163617948976941257266,0,0,36381906162789344792936223646275994836960997602130376492355830670510522381506746113811911043183094150479628901308079762848856004752644860845721019432549724743601898514073760646411901245033114936569739919383683335664492,0,0,-68286974462186943835508545620386860225145956796274293658867220795907512808676230726765410946737527364388954000582167567400391439339501791583376563968137232438108524100634808841264662,0,0,82120777926748256309651952653860559301508327062250722215074741081805735383544554798559911500338896969370607898787548582132123548991356931057072972,0,0,-63636330356205724634839027927415082056711385589774717221269467448041611352781881332783974772885196128493394648,0,0,30728562260381161241718193357382665408150174828787933027216768936392034227,0,0,-8416917215921734997150177254054129322,0,0,1 # helix3 r=0
22798350869710466757753335046217782130586039958910546369773498083973626243948029321474644749880846062764055691055740144258773606953054671940876767251383974262348730123111160193960672632465096147270226903616197025251132801501030134314198059456571503306057196550644717086211864680353218166784,0,0,-131917689257369299721548493535817545972846782537855915822767528224424533685502989574707579372065687832619398039499982482802353242953551046856699464394538681627317769440178308263619767240774239022336005641141135875886092805703120011974866930856664359763968,0,0,394415885234550176753480410969370323443000722005463716941623698046505520595966764924390481315243886053934951843468563019118499841030753713739836937332609841646858982111087466701088702574320411228838575965850855744208896,0,0,-505696177707480505193065640476169221967585025064301952204123046426388337665894025260363884927189569143901582445866428197732723690666816415790728401251906559916875107482459594561683456,0,0,354488910017346034356660744501370063537805893381849290837790195995499731224019484182681579259729468057305214021204596526329463411326926068790591488,0,0,-160798023662624563352268003576609209324328194037882150781079097486782431276434655249662511628842981856542457856,0,0,50974123833564784748333852668984675446371196829131392096305711067705638912,0,0,-10431768052334956093908913707938742272,0,0,1 # helix3 r=0
168845021506264974469077319586086579474667568638011745523331964333399782602164114303303035952268772038255485964366129033819814360597455016286372604651244965220192280252413409600297808181944262087228300627275937142060768268347162521898883595195741667829387813064133055702633803928829184524488504400956041988055734344154350212338904986564289913799022621485808557097740844342800078762743357300974066455207345067939981853177608733736483744202398610684180883150448640281415506559108214132920787408423595276474063606124786059393326807588781834094352476615439030111817575976091983164558705611009291350249269397483415069541515091344764092768486963475139013227956641523949625484920412009024215320241407265238142880820511162148369385180282132368299783612393510288724093785240816570012391050838536315960557568,0,0,291974617489676796889415934352740742994221429069989847415581700275447595651742974127146917420236390293284312861980241744740790951929703326912235728838964025525153948261902462452514611695244059806316080308500140359093658028810647481377846608287367628688649542840736908660716721100366662232352098519444747828141282423319449246830777375784082436041371080202788998607907364939625338098553155497911666082047768902053445616573195244816298084994716888371363687414369585291651891222689387430377576980055412233849643529437907972421329394215859843864753247949802007568784128882295551931412376861584987865101630368207285935978526174535606051323692841900098055361719315910214140629692320471819006546626494857216,0,0,222746147038073456480192997330751940906377088020563501751603441036788790435170602884291879779615858312692526274859579711934877713122161196604393896581445071574243737399516320402319913212323826575841148049070239882325254153500747154944316505336391291302570089061615502722641597888720599863190417512393764938530039403909594406531345366546069172005641899056017272738718296605387306629451824138370816209323500813080745159449439633109616174268425286318352000275819683188832147182337931998562826952544013103822736102912536720450449098678508032608285419721697144043409280753706287971960058838099718781796352,0,0,97881971271489708303800443125547541561523363793353993986866392700061166525197996338209606102233482309211183947511982284651309488866503391428789636498227214294376000412210811235750289081415789108778727271542685065587140885945189307431954540920911431168138183799754532444615681446469724646569662138319239750571575232200508824507869859032923003652912170937617607992789862864299199151928651772311975387041464423623407583328848192167645731737531044513629995952947613147545165387287200371789486315628658688,0,0,27089834796440420117184938363302475920255428254711793255099359917976152119361962870772561755549633839405952949087558559278744723771323814605007313715095178271280837376959047314253363793647585003105068085304471243248177682006263935166440536403065566096759596889457303133703788315971444224892829598462380738381271070605699631719961890114817309093352791224865544698743684138257468087843212180641776926720,0,0,4834065079014475332324879021340327460818031409070899830609448829706347318938772064112390881212770419707285827426081902063467376897133099593836446595511757526142753691801033519471099123526403030298136804996663517981866045950801324664487044716883791940259088354676920283774612379819317626163415299915776,0,0,543046603019128661374143053031561914476295791362951486870624464684810855689440833725105579379232439195476602265940341170792550931883674026635172322083592798565366696535757259168293970856181090219982848,0,0,35107807939387408655690876720233524328432241951050478103165774189206876581472859398306055613021421568,0,0,1 # helix3 r=0
99709,0,0,96406,0,0,61882,0,0,26890,0,0,8256,0,0,1862,0,0,289,0,0,26,0,0,1 # helix3 r=0
249216647619101173218935300542177169093684908624765255202760216981281620983172760041192887693061437642652413437763757624160437956091532353649856411965657892447240686222662370955157476707565788107685562979659812539536238239640194016723941294486768988794716317160700620467797811190750039019271741479359571396054508733503107649629333633895119148434409991875509925582540899085168315825169959384476328681748886656953667798611098746607443319721125532111349858662460544983771831514264618949378209317361445114978688232808288357548335728287323229152485454710994698941720718508246035968882398843749296121573041569307914222389824607987714078811074383187169245408439217640938507422770463393978119117166783388991458601514743514483084605623829314580577110610292680649244418669762517663744,0,0,414180541260472282778399812841836048056332293894089562740639123461421414266868873557154918275149737973853815205929703334313046708369329584409323647004081942615032084892740821128553714981466943275636936862970362697541863826691670562904091941713268088901783852459199241255806826017270184054033991293257333522941183526823500773014318082712759758823892427571116033493575073791208686877651541781216300152712490730815332939653164830526685702087814834221372892185676036849673073886630259283100111561673467678143438073787730818297807283572998902116659266937558844940292435378621474803045348214568434364094940345174932502034005378550987404895839314443395245488899554055900006683345158144,0,0,302789833650388576803657371374374224014032646964075516865024777058808434432275660519390676991728762081481769846338571713881621230581230881010111777153635744520337369567685470922430388657805060174318136956979942362242202256421527883772541010950242985275347027411298758333599009473704517405050192867662587427355265676609201672902045931674999449066236075804868873595370091702983145405811412129480545161730217909439962633897876704893969157115676709474032695847986642852986537852390033400486091819230749518647630635469945794356132332004806887779186947282771751625351184621684825358598144,0,0,127157198148343434897637534993931247852467670555710990122723111753127633630954528366678891076191404481154284461009957069364113794129686811660532524637472509356053477925532161231449066313801037838575254904338477969323595109800398304623572729427190034490757833552724029187764737064048860315857970997889054322258114435748205655922620278298639484298273961190082048127074128097848086022299695158503536725451202797677178735089276410115301927191582205926586481602295367418991080108595523616768,0,0,33546911945693743956861930042616116753367913223566748340719358520727711496974012872176738216120443654115051426162919256810477545478919135279655827607499404100635966320311654509462365061254775222227468094591139947352310721549898409842374898535354715450234354325354678793441494759233564994931973848992614700533600262831731288190560880472910213207864949855891535756309791779936527671487365120,0,0,5692979695485346942706462517465859595640716606747660414551647846949252489879865135423094699145614706581065028283271244261468671121589375796597921017403348919624324066342575514845209816657031032828510449881029773280814344317693463248687959959057927850838966203655600919028966807459338672668672,0,0,606851403202975835180907465065298991388296704544954933277578477749846995063297029117010264146077442684136327960045725724339408173747389494938123253905839402705213875279069083869951332136284848128,0,0,37150025623249528163831033575733790326580822941135384751736557819498652517955169252945937685282816,0,0,1 # helix3 r=0
65521290170232229079774969704522236063648670301774635305094211501241954245154932104694006689112898576455848010729025871169642035212307603218273747941488102568502241,0,0,-974998956524651517951335386925230018292389037592115769061044024472732210521980996940052230483607249874654375738401346677276006082631128845107620,0,0,4934539055823881130719914869468105492558730462654586680245698925866276031141907659154422338612292176739917153055317094565686,0,0,-4348779849764696700520668174734579119418787554471146413022883675951364950977742408147787581015888301008,0,0,-38435995180628235856587674483730739543573798065764801052560895091594372189214157277,0,0,73364297734269124550673318531319282719843943135247621534309464,0,0,279911222222711505058485911525999561815578,0,0,-1071689269895386948468,0,0,1 # helix3 r=0
38601723780367425449515878966933443687158591775314577778974565403939015141131304962403960305528289180084395013447177590024640151764691550030791514781609474948231432591552085447335808127094131131976793342970314621672740230791068133110395028877589644830569268904864394202636302455075086242593725417495800047607593490002678435668049945803236970712918913262240434300477416518807634134724257297908638222208950353439130113155372869512886830457912703321876,0,0,-2401404610696044745811484117081431137658208521402730732450627555621513357959718292706575783923170266908309244412018555115550470010842381025425457445853128412565189950831640899209278878976466916284693002000864963211881636657035574456737056269156909586353706599711759802062672837812283235743950693816536326319861181155555808015295003108135578641036321498647526222867404109970623256234332683961616,0,0,68331336489182207473536898462454846164357940344564135288232043252241820073881657192617148388804199557027112696948663629245923796154096888493962272082310811595270080931552245906164420889212058575586061631054278313646509912797068766501432622434346006753191045875089010543643079816638173403844575906416418395013577734694443139397956280596488,0,0,-1144930485803707572309097723016965799852803594680957115952844762400516931956068043140166710547089104652816344781370053603743571812363942998155587362841578968426337211642507762951696974290448928228443975191350377395466237613186123060587914643563055325804059626530110792086509966500368,0,0,12223985748963749267583094311175845557546752195573542955432707786806531097592493615802846121708353636349373037260564831012451786891592770698363998255624681977101260690630498468512330592201232806305821431151979528523050715959228,0,0,-84480728598881558021739920627435535854209052782672830347587543126930436284876592241919913394270990291622293860659443372358681974830094450097866547148781033075680819593464,0,0,367126366791564718709526211480945068296629166911567234546133761060976744886838504184666010886548886324869301817988,0,0,-914722956916869416337623381543537804054660318767840782792,0,0,1 # helix3 r=0
28940113687833,0,0,-37828877769882,0,0,18174294884646,0,0,-3781372180284,0,0,284433849501,0,0,818614140,0,0,2715420,0,0,450,0,0,1 # helix3 r=0
35130619618739169004920391386077659597404590941577998113419622540266798654091316976295371347373187197400722169954558812053684666542088969214759302620113654028313871849377670899287433416197365824470776034607670942311493519952138306735809738609456294100413588860977043175285712274961941630688692760653438367998442063116692445038765539320124852978481609862402055724373802469540018955127107751577087715948498030880569498351365678686734572722104408652898365224880385064383503794444540379844441646770587162102776897519229727113134211072,0,0,177870409233799485828674958269383391377576292317096403230041716507156142549277752381045510105084651455029096674517963446653179485865809824427887376189866031508349054744031442104134362499938800260466238987553463207912810437583993877516105609041513493340305201677922936208500295188117055757287967999084410031767781182754949277118116024150185323246364651472313527182149130990608911797149524136099192836014958023870158344201983635148989115701603035873763116244858306560,0,0,395716257469320904713191944821937310691561235627983757627382968587865955737398229573488416437207652494203160141202430328505881983693030551386004026078216891854061480686801774066545509285690031342307394672112534421839625299591689360560621099734216787016945546300739292958414441966304520445730563544490579751380119312512335290020599806457404752482951613602540585230157890322694480083467353518531149824,0,0,504896263678155041887096049497401540182205220516464104871967590922401607918326899271811304769350805187064234646131545900283126208368139702574090376666690329174311690854924091615700171892454887465706488189079429030326875260625321791848832555196183033367550427516105918013983189527454641471122838590658008848386988660987225351387086848,0,0,403914609899344815747869964618056773580470571309047030921948231802424463442624971042272513583251934298373425516855356549303229968860411580791186291108013579096555441434014690053242539404759444327168030380178980213244629645162325836078629145462596916150385494779232256,0,0,207428724230103116142755623571084714419053426457367857402796473148517531141704877541154429072570911728796005777298797694490369324420950300374986503072585979914385798502175418359929641137691083705155584,0,0,66785045040494535164677778890603115284151094515155197639821650407465120014580427265631077052085446797725036956296327927713883685388288,0,0,12329814684245146847583402029464463587275445815029150445632535658496,0,0,1 # helix3 r=0
17027116194673661534693874848312206818711261738903037284710923267610032658830296978519504888463058915125162398289815757333939008671893334400245418119025995122087406975588014000630575151809128397133145995609119513603640085688456601632725114504901058663515530449152297445964222128,0,0,2631608554272516168813162610968981939643599157748655556004961402652907630932249026590442509740872490623928365405929090740636602450508662548083280533344611778564205964640299779661582720730447233857381826184732161954544453817676802453433733570320,0,0,187060388610385431954758549593395352352249529796687413388175764417871393096863297660929360010703783466509303159280428326989053994953461138795399295004927280887085890178454720489124255138469788741238760059175768,0,0,7930092031311603211809383813355869367290977150400266654910753998726545488755891448646570459740546750709635508575008024407310171689207616841911922476878110419423285826279728144,0,0,218095531971810926590294699451245438012159364108934664748552219975393573145805513231363983701831397472288309862183263410539950736479442540404,0,0,3968897683342333640982124988906476956162926398330075877745523509167164679319927265448156701993881342746300,0,0,46537688982812944319429989203091765902343518181453995392406235074686042,0,0,320923411715792110292445345714648116,0,0,1 # helix3 r=0
10367847436320266752785529877420510303636842653681035695847631979023180793914003440503798469239941498105873983265713433697782094892123930829243788025818127158526925284029993443012663832418117916748723276244977627803176018962347903646567364124826470173952076521745829639715525231027737792760752717560845876993797,0,0,147163972529455008970395365896711122233799848027369461714982535072323177937528907767538101281902155361345129920428793518688756151142831197101513796584830900851019469602160951194217369227287995023153790087918533643920623774402193236397322462945065302781421107423656268708334,0,0,948060424685278565204238429587756061467227004855975465719669997049466113110136581320177319899132052576596226959412334604073580046608317428447430158513980204456837024725978130710570040068858075512398063582693641874196909458619966813104,0,0,3488223404625488399935251688097291288032660180387075054885546278539348870174039848553016334345458182195507100812621814962621296636184899418397381517078000911120006175694834926613426080384527698448,0,0,7889196440185050379873693947358484602947579115635656349897759264029867045080731359214605267329027661662319283881048005823115897497577941907533904300764031589,0,0,11185499291353664412746245580999274515808236398814957428509876217142912819896785071034657204484655226957259504360204700,0,0,9720703944263076664882341740537602685252273880234469759909829129304916225676004,0,0,4747162506613934644742065228317419912510,0,0,1 # helix3 r=0
30542463844159618918908377598459119769093953690642568009911901091281078042916075802773031934662144013690230393690291057262075215095343172239061738074481657291715792569517844993359937017212329108654122654706456863884996937158867867723044165170174460616796176828728174481831520578528270619392979958452410526571430872230314918481425879356353558090624195581370441230673974777160012007385669025565611825731200417605718418451656756794656736516529036933320515196564310206520129600,0,0,-1280473892168037847958402726498113032313915843473411965780726827053251927437427331954151477238583735198696574672286480954797184201907412103813766389553057308159172260212761124464272204545009234782591053065406398461778917661433339422881280923304282215439404233387559406277538997335981613910658274938041571902101280228233350027052101628913684648541697827912460052397322633623038077279387368204930491104392780666403200,0,0,11662011681151633555175795060149713350349325791131750814621059098999027128954195036366782233636612159418776345719771359571595640890440982233061333931349902352809105931336623886388496216246877622577324208230945109435750592057491771570415947977517775179984538692799388769572006617144934818139949066444256835347590744567349443011531906487251178896852898213888,0,0,126179479803712146725595742308154548675023949867172597213103454892901168482344103408514827389917980528252750382897362504042516693004328919625329978751401555884322595734201303306846705084530702688459932852191797409661282462094633183181445214033136926505813725535116075473491991717740248286888311584,0,0,-1482940828365762790625573706704029264737690731123462830512473088851049451666052593163653549193063193895710724811794312041316938815336178609448100478277634061067172012349052994506342948186174983249509864497886474903999324221151922992440320,0,0,-10217310503128406342766246508521382526181456110489915724796569970918961387574692750047540529075662307595223709915806648759893634535575907586711536673345783860920689806278072476192,0,0,57413849655978915152496790331819477482410571393242299459807570432500047207142480694665053548921160293762140011347594064,0,0,529975748569079922530630080484616553307990058824818977097500,0,0,1 # helix3 r=0
524483137710663224874868199216833183229590284627715831123778005498547268990050809686810322444497970618544436944792266466064194197334799901912135021278010256998699505691204760048597772864561897876903532782548892114415024652574638748231303844146393626796789395805206324875756465419375607464690688295093100707748178784204146912114807579600665265899138475820447150890870874865870749573535008626908913943397610437090381271096667201100476960473631867916575216413202466471456839722699878875504157890239693088606701803533504986171283567606610263529175769510394407381878566787258300211724299772809233133286232162143490570244737765330773078914833020657014435167696077170698885400234043147035778161642428014473585796734121802105542621565094006636103855825531061389467763959821794722674181980045763673614280027025446431379061952963501956021243914692409494220046336,0,0,143803540023416969934889921032278580976309859649184559453648199180136592112595182101093346197256426608273935549330980173953411476732251394639921722051451348856627990840095665214921940795321879533172068000060781194612930409209431899643680086773753342017868076687354717260356341397784410399114061717217244978560095000726836425725175652707748564622419908041619133303509736593141542332824573383240574026548517054604121492488672019364177263514452285465102464735110065829324673646170599584194051564929456682778543923033522145209805856913450182813997099521689695124814269942571309703766256445404836251508629466451800285834260818469089756814684529868056530440929514318384881832620879072963955675420819502272031338493120082735911080546421060163933009084416,0,0,17250831438937299312265078505417929876318672497126235123436055303514000617316022449904550346277773518170328710736780984926838923184978290215044293159945815384382684597267072466375380212989749982508648514832985322716935251458211223607588528605362600972217879116596638120129122120074642764549536743475358940262304956469456561868736310341594824425238190954419693511761459266312672806282899471474386651743660503891953491862940183778600088466832535418405516287230186612600879575228925993054765008855460739133923733283845012860410213223528409231840804873583527198398679662075302218271454185462570484630328404941513417379852323071945238125379321856,0,0,1182597170904687292727416562430407659450038364446375455946015356672334412547428835056081140078445534608223057344591937158084542678169167956008259389603690479734326664079810036926089281932332980509414283640724744801147734422355640035360503079398411680405648187571053591546694508252199728371067083011051039347254271744910968349015680189634865093531392807387837675732052322890382166674427153883012404807759054915448236178751125637428964204971620364783522611780016091282469145361321793399786574382603427096435366742447074374084379258388480,0,0,50672005939546711020470325259529325861842155654455410434419267557231871133383590420217471351705257153105475575672699572457352176995541915474850862274526723216230478990086324726724052071576457256545684059449272404141941261110985909591132230419682758054616811559882822570817084330896946318387646563316932750341274877114168956690808506219771280514619177214931535400149123144915382772117022171850468805637095270051470341686373122048,0,0,1389644796955083510380010006198140145988089544309938639986114116864393424544250466544032621200105951130915658072797087564318372797054019341965475815795287673018662532732350784153423821169158808315572018839668627792758908281934295709634690525410687506909617196845496494173935948842936807657987078614335475872013860865048576,0,0,23820124720958606903625191798205485278528509550936588311249518678207658958658700877206997214803996567189634130559161142860170469564927857104673899046451147990528403307994028294516665711309391765831655124498609340416,0,0,233330077010887901467069332116864612415581773486325686600634597327536214442611492863445633960232060677259264,0,0,1 # helix3 r=0
432295581876486480555573759794921315707263894140323242735574298621762855328853534314796606895369420609117861026602022602266172977653698681812956277835311434290645468447933453980625789626563117773774430614212576426077507353501278808379095615466261603837979511867998577796935124499319967825020357589792375952757034628998212662268292935871706636390520946513742200988698088945047349723927334350168031027409,0,0,8201167482309963959629933048400023743184729809699778970385633147509732189584651486686726284874016820779734639664880139714379910457916455161058263367542886739963723712163273566404340374626204075731535228079741071746488878328246331696269013313141467648051949015730032209457879084588334329173574742232513304196788694422033522746009955017417158583225135020,0,0,111037747575801486766264481680220810318275033367139707340081730131366033475504119292828036206563417796245961058349507274854578596010949670326905884657663936238394214634223727610427698475068132022243712483045519570671335223799119596484877583220146533084849824604664825491929475389037559548946207590887372,0,0,1334581730551965823983429411307179685072144418715150247013638777177004150599660271185380114717472243997949420419377283456100247476711590068509673612933150231782058256963775381909038157658825382080971148317568229345478193011131945564262659577706779060634,0,0,9522238875755505136318062769958138065990642506092148733692714087363334831358568754983511559281003690427203437570036122629245656759541523733298856583932975748162274880728453268108895643351977615152263423,0,0,30016601816358969225182380986090377547977727284477616000255362588000556620855273084341497025265162771147488446921541085536945079380652583531158395210926,0,0,57787385080628373265227061184207547483850966108757392561607195293931379032475637203430135137534396720,0,0,346758932816400031122025163995459271189828046560158,0,0,1 # helix3 r=0
1554629668038790157764392506082860706941855981586918330448532409518969442664686649969703152946307190155878683598241419694465927817831466770583858182718890553701279908304343950916765691879501501647501852873915839507037449226147265645103883881416568245401558046729652295843339063659559288492954854786576,0,0,-125481092356884117190210373283365626434521282607108753217027510789393300222530957421478543440099646868612111352229364709184829344820040380273760889070277275150742395957332709682599621678118255053447064734114725451764758001485535085034598484239584632499119553430368,0,0,3402602780165055579016924902715395347463891976763594600481717447944188544939521185369942937873604026041583450005978289026980388233745468230252042766032762547847788279805003502143727218924098065906087171882206928005535254669072,0,0,148525545519711785193174374696860441685182881123022898818934870739273448421894086683603111681188878435872346648049715914218567983174452443793667457886813535316145257619477827066145394209840,0,0,-3342520056030366278743904145321337248202324565909729339414257782656823463790757141988113679347657203337456576084838969050270361249666671271572302053208,0,0,-6037435974278585285103001609660823288963529066481454893259982503149361763701797642869382517333675361772432586056,0,0,6637704159145017738556609793128458144366358550965011379517757819717325180540,0,0,152172780066636836848085789950980830036,0,0,1 # helix3 r=0
74420393714605978711086357325666961443224702900544586413025443862475263391264901252481628540149300326691370675387060085912001524729340645730567822520563426665214504295528549347666965646454281181769066765469076255140348268844372356857961550381734464659123394451268640665692595752089649292011322425110139913855301442044727773542811450510535502245968748557937627574167790254722798931313470378774434450025153673663703257022974464184163249117662819991396454372168759649747671320431978624975134339362178588868850488692335729669656029598838217328038809576916549450567762480979306693300072833984534023419286960294027493230858443299120352547902765377210287313087242877575640649835400100735490064,0,0,-11120121181467554784133551001478307768923346876581135610068541898379650319090549144915233174244069807059420280572830535794442591796450740999124635783135530596810741962270122784994673992586937383629340943288592924853680838376518634772912949992884043456820493001877431721428643012959251063304423943513637507376626593280265997058646014670303805991912750118212081731289196678386430849872611742346159168410911116296611154505591881034718960167357276444188914710873313502254969410245706830496307875826251397316989799202953339507077044048061649151517544616240139046844971493979296286532629665158590582763567712,0,0,722599753097323453726851381467885700534199198952863059872640330311305151336184748710598794378324962849859989166262211440256599013267867657905145796227991814026402302041801598653989588271943748909112713036375794197992345165207633433979800883532060608446655331220116485036977434795037383705172700384916977806467162647223951105443419702676619348465993994680537905102745863652842154229934101532292763327971727413779305903265890126176626080521363775160161947147127935311879359523639906332945237698849649516846928295889456,0,0,-26718359888587408239788085611540065790878522245788549838370985690962541839246056930060424714198257684722583164260262099628350202581718928291163957828982043734533639565243037077738164717583717374167355559213143321735118829204547172430753618485890849914675127625409913200110037526110679632234213965373491842431743787799842057046855426768212215810937591606273074745978198434605120022844635489759906357208700703620470809063435654373952,0,0,615744558664394453017076207216460850839939557156063157755800015260010043575648427386366457600587433188302936364933778497771098203870492203581881994199107852261825964091786221478588305637416318396638474596345211237399034082315814827962626103122654831378983050599786026692908821982054344031206084790812695146512927610052689205991530749797766462220,0,0,-9065168415184997670748764828746843053496120494277568514355949713784833211988571275444794177531534987655787923571974934864776837475057817083909895277364962503207462463012065545858987087424818220612870564791731536525508689792878414777643486586755625533624545840,0,0,83298173677821265464909156110860779236846619742658410941933374370136649910962667553096018320980853157879330997307279045888710952993704569463571931048756416571950560729958796,0,0,-436763327642585440450064316188905046278360938032531078682243292539383768207471004434372,0,0,1 # helix3 r=0
29226126241164331004872883488475605111389021424405008644910664725023254716903400456695113154406624246356550709940915567465046932429920862067482664308786142955933567054154997142478297249611668,0,0,-334116887390376003100449082176620840787255648010203269414189412666859934240959472236474031473153988781170873901225931804558527255656674093149507670168952047700960249336,0,0,1662189398032679120052406927215977140830029516707800367131889160771374811766243916502017672790796254403928116456560803385521019358588302065665252,0,0,-4770212319955336206200662640001076111385551376880843141919475476970852570088569122265864346515014812075637960507940935088,0,0,8803905200832363571319958286299721864789810034311853583574794362747386708118191208403052429551222,0,0,-10901090591763553904511647596958949557849702752525087937817909861254717096,0,0,8938169500311683446762710535342665900093888107678,0,0,-4426244817629042993557440,0,0,1 # helix3 r=0
227656100805064146676652456596191396619693488518624657688479260424937255813644897543487687478468217913158006984931185851581307032789730045685537294169053227317394140575230852073186079773876510913768425131407049849406124644168909766014065246837041634990905053866246110194647555326441688427751098716863089659843937389799253814217010594837756106575892237824273439427148473290903759144647518025244267447733036015910550452566574040498169556909542139806813576334576674804372813096786187150031692560844484392729035404557985743903790179222955013350242868065366678014790591765707484826520913481796079096796828653383857473916127524868558247650116796591628140614785942899200239343494489604904521851318040601847535371962891313303934231730002652893942100431204807763961053184,0,0,12363333094528472454603823808460357465307412217017825110372422820874170761769004072442817792073256497668463287489067577143472651325123467377562831728471463096504619576816463000131391916970903570600750125151536814048672957792994598927256578539936134018676970281749788620581619534662060663930731925961398953780930218830888617172919251821271688524396741187517954644715508505433210891408157748297315352133919175621253579922185361030612819800601346092813519178034687889339707642775538089479290700248823755709701540445151598196767936174056287212278002302664353268647722319546570256057945637977736733978843140234212013509038763698604907370621625928468420341444394103733223424,0,0,293477242603555987059864297870063420279960920685312671429212827284061423602215364637033570601202524427805756518116754143111229909143140213252769483274367004491535314384233269768870284215190745674172076361443952932688664964474091985411282377650507593019229207872933454066356288891920233007947542145984188616312233668922747719357112836674537719660745655690038055526716531200290731037850628536598121551606617723636240076705884113308515924404191552549667285508672382684738727234823480757276155357053520492701963775930206039293974811282632113748883295011545132395994020730372096,0,0,3977146460693690236353818342125169771394953069679720193917321573878882788556638198493019702437159362830388230272939169729263293865276684994190618034456373316196161676242484230762840016741164908490004218569103215622295665309292574306606472113467725558662616297320038193709408234774853498954077332924957406772418356726633848964723417100888435084354988211494443703775046879277024440406845012031893150576119541107751944654336788417531302172219201821539378109991741331339550526537728,0,0,33654163325982928789688686156452716749561372920895083745981312208787906997592369291493704080067155007336329379076558477302907585887621023273278733481512136482372906672154699921945612972793777954125562998152090990518010807221028378587893970176114545333869000459043017405808624016013062843200219063035073585799878153876773742867048446316459588629534667195685277998741440095084764725248,0,0,182083847957231462249355665284475918369319973052962640025096716558399422991087449582210536738017573947142753820987827659485969520428363282061530036212159398920571547822064693593521816095223054411022678954122844421069192944308065312700201766214675333291824662184983914241348185152261455872,0,0,615129322748127744502601482540676944244006123637239586228848178055060995621627746389855236211471106377270009215821423518846424831924666756498548393395917369360022565286879330712368478727176192,0,0,1186326049358599718590560098133849821096481547178100589850697080387596383199553385229277384933376,0,0,1 # helix3 r=0
51407763909227567878727674290219623412888785227926743790996584412965000476724173376033884048914526164070242018609913984472674649084163176743703864221652582116990330830726162170953198158666120952741883849130178354945700611691173568748893734634306394523686119315470497571413443451552034539082408116604826821391320607459976025509330607,0,0,-111173594370055642096829813777816281105093918705431154714986732272193199159826919410894866311330436236146046703408218029793507137934956734995926674127610569971354355024770988434814811855964861702630217723208103779073667063549139335362086500988865610588360646900123927016018770633330527517892,0,0,274298277829132045743155495438299478988096954335201257746353748063329643099828752393568058595666714670949667989113492963316606215011829089976234515704036705230558054433319267647079362029779492949694446552253766069409990529966960814305562486475201589,0,0,-4548113036250576512605487539296146932786042051497572921424255525416889121298499571977591275426163460302984248832346441965598147849766295905951637817490254893750016447959200988180110730737025966106102041406928,0,0,17797950262668963615715616784536703688057980210160567562138656839089986016635035131469812662536716064784566619249311568910326565098877447360733647672225553836927423199,0,0,-48775988498659261542456579248047033477794333739902826806880332201981132466356668632140708697569731648270768709931285553572042,0,0,273866626154180160162776263615064744801208035631757034604798999330734286781405079533,0,0,-882635289834900874863609051580346130629480,0,0,1 # helix3 r=0
3398001796348158855218150562873173362562510359501573226853018677765993983090264911492089880495515226426949254435377191572428236846912619948117707526645249796001334395354533285631013071478038247054513681100242630668763816753191541965629914751676115595932704752703130466077563501696206482927442693835598838599948840660243485786258754294206546635877230554704047375290879424775634419044720378369456238929328629566198344327308,0,0,1408276982908281650613323638652380406109594169869071773476108974472985874080947959198716874267664969380413520673038606811953844280105540418122490584679219369581824266818420640201783768933225183111945559861859877009194866453793932180091810778821014117874432673762597764504143560924424140125099563962834290214788538382985769731818284697477205041377397071893736032491836880,0,0,503900769442303759008987378362585123372734662653384123130731270462264635150776148897201863382752867569029979411050977436272903357337357331574197994250072901474527581447570722929775966080927017983095537058595033361584294200528745158619087157901470531002062902779773900164865783688220349604704303730676729840535321991504,0,0,12494765780348265672394110616772798342617424325229952345693981907167097839830171040237626673744053818698736813334162033550540527449343953587623806732204975461662453829109275344184542690337933901835348521214976228712587548850114690681705832452230482598689314376386664,0,0,2996386603011982047089766636527245771609088173245623973632781542020425102136942049424943701780324570564806047247624301828537206016393445856323608150076664367589559451201494961819793547921471899179745629689113837866,0,0,50167780760182577889320919801893643258771971327812453135167576737372030109471893036580416309443889666331403450986748597689449573756929487865347549958744014777916,0,0,322435723290990569107971881886361985066563687380120911978373016579724923548387933553244435034399652086919950,0,0,926123119739064682951076232965856700622918649822458088,0,0,1 # helix3 r=0
2402404172481856040885902553288948836856224929626279020025953345683704395436078650456650693321095172591798176857382476892022178351267197831614136955157004239995197933056646059556127496042983267430049734226604201043833,0,0,1655146929411836233032472774053162957741292021939840184035987179612333548176116413564794193728871058034109286877551666030579139719524601193068803745230419561094337840780343383984146717141182,0,0,-6596676826990157092623278808195374568273547806989391710822853050281992925775953248995984456075552658791633107407959699916992675164000424028062283584358190033813076,0,0,-3314294721198297707008229215751950140797654818064794102649724712773490267518158424704004115423967567830481348432321999363206044333098294,0,0,7708178176373842807181640153283051976871944831016315016486109671893587544896901028868740257982332062219632918,0,0,2516371709770030527249152160223271725167090933670574757994332280212214998165407506,0,0,-4138489279477507601212331391433701189799533334002093116,0,0,-822397812652902985626378218,0,0,1 # helix3 r=0
7870836517366576642031176769451070159115864964534398580573490196935280006443341107260159973356022897346123077871835000525470907805569808443656545110013689380753828830390394340972711050904818219603803896922303999311650417832562272841676499263339889269384841428370070519944387198963580214219770078981568565997622726255043279123553873823686492251597928688322525471938396222600178825942547079437853983556084636807505096258970991011160678171179922330696018958967012567741556389209862401503576297428773588277582132957130890106016948044997618722958299684267973007272719586806350253530794596237312,0,0,-376638309338514046754821856794070939151143901387099848853009595793405732643403244124470447919678762175874869597653161422644423333347303252649452641447821853085090023314665643877198692398309329329259509707171917480557466589898373320869822241148158569134031565441122963421044595808245235607910647468704753421363168934788344451088950176984367797122212029927363235932825848791122221052717654147644430036389891318670497811378675626785078998014835207819923751039388030967577176918228247488779302603817475088333975005954048,0,0,134200791069807993130364049838761355392697668312094218002103109032619400815331098958295402063335226089467905174026679424363088796999998079785688888824557954249597006910806617443490815281114357498843873564609960338009472344347122890233369159258476919185061914499696396424948089303564213553400471377608615422966105137444448721593841000267742850781373613277623659501656886532210880118651248065445326786126960746957388495834936684220008500062846976,0,0,10020686746703815090555209276646771741111959084232220485681980804387149021970639764335518951442262213759275520592670195184392292537237661119256918143042064960814078575649282077723797111988277349759319162135067660809433702241565748982292884054326592573998182670935022520657986834346018669396991647864477997773255860989717408791131415255254071473730668249449944861735124992,0,0,323848965850223105879898445200752526808006619992762156616653601663372770678361703397113919224724598888272794034297422420931178922193775146289243449797662656471180775278699586841081032099757246634761683292713242041132227069853594984985103616346780044871393096599522750828303618815214447679430983680,0,0,5884857320247504581474616825327161181903913351739376248039591650869160416761399381454722002659908861809193723740687541558972948038278195258194665294692660066148502991900987323941405888424374368987827992947396603033390415872,0,0,63658185893237242308646490062632266560161978981112005561794283902452355320310646891836099504466910485008918574257399278998935156087026498228023459840,0,0,385346869145880622342004044295359115143689108624420270685754190307182772224,0,0,1 # helix3 r=0
