142795873257205770039461165169917245603505110412267180049031790757634017259877763463078707996805301566647954503409154339819612106141632750771328708114117629593651510317400121372354584531605896237975094573063758818351188794207935105510492800139795071140893715395537414672642152570407588534896752775833297820392050982255002377962234579295721779942948424150894911841939614213164941961428362179971358414455001228408129304930147392775599846793632633470813972648605396166446815897480339995290715825953044231941204563471846450528779678331244,0,0,242522836357199693608171154976710615201704804948816691225422196136384642359856649714978064145487147367036603064317908719860413071781481395151366306286296051320063394717628606896632736144087358339830261206673579829517070003585502558210138507199508671358763606529931135401688711532102299515245624693833536236986739598867517605082388337595272209726038814607160687797197977916927775919169010142399687137644597371351560463457214953851659578591097673372781469748102685133432,0,0,183853559153629949609051022398266062601124270182301895403378925647827992497711056256483268615954881975728736391172445448957459573924793500392075138047211466163625207594203762963010185389781953044435147644265239770332428103048495889327913655921190877941564814023369362347434073591183465549813816833862091393282429100891842610096911361097611442532175601939392747217597598811298467893172945173784913771196,0,0,81147169427118625739216134464289753338308151515015798095266386721352016597606527387873616794295863278423245863231963673181234428609931330451570728035411126436479729873884234383086636071245190115182459460633184047850917978161243051298525387891429794858126781461204782803853516677627524592131715278592655013607719862121499053480939177640,0,0,22793711326210026521053244397932521783030889777491162949886498801782804697537277958598093360206403473780244159185204067203161332967690887150582840610881687861958816716279923127320726559069706890782028274309841418511334051625890997421014025873880023206839344031162021994,0,0,4172001997814104750463393475750753282434963901538797448458609768807019623739453504846883418850343098256395170752240047750375427757349238006512291196391442408451258425575460440163589448315759186406851836,0,0,486078963567331813378367107114405953319425787645237302968943763724067780007670204246047351314581667968090415335130022685882362205288506,0,0,32987338869166744850339131344563885630650942620911351347542257969600,0,0,1 # helix3 r=0
25852000257724428941401638917362333283259020120942839649558291327157053204179922496,0,0,-283915362392448193824858030694021547212949738773884864934438106877894912,0,0,-109890773860367297379186772934171367389659197575194670858633952,0,0,9449962220142159765884551275382431656265843523410336,0,0,3394873193988697166723799172020211579299768,0,0,197373232929406643562554880983856,0,0,6711031333399424698152,0,0,125524238436,0,0,1 # helix3 r=0
523949453112052819453935905014241304898762001858478965000914187924886618073476114016573934660401801942914986751333881921331892704256438909935822657573130903942435356015459700468954483899811030967821818537298915714341706166405383673902837878633369522461253923070052613359956102446211573360416809419874882505586550696177289661950469311718861285652235131312357470359751741257606993243950551487157581951584677847112693774146784103765405368567615058379888286440740380940508011263743078142113883976821277537751246951128317786200480530347256108823294777356145871402263409937131296295775260413347933518917579671984959922283627906056749299363232082471227762888598694395154856443220510642245655900200885095282327719095005521549941088142256816660778227937865908922892397570425,0,0,10869303204156616798711233367581241866450184430564805916380643343266012329066516611473742179840298984043008665872846634032465601105012693157981555899563322826852646514423017332452674019493484940997570046345117666563563365778267859825061644324758921705807394045638940576151527836315576645689739390310911208688607493919640441595538339349102393087228662893282727667836917818804684502820280064368267856360710681463067191916339201686919181292526819119644257233833566502745247094287396311111670139838523532779826283468078960383197880515260393075457092821097231196337001708024375512884244509382623625707000621152522332259585264961733453387797817633288188841562297218341406434540,0,0,98184222159652836203164223827788825338688793180809140913188902677719888603204617314858851204341401740828712046195143567159700522152727361212514173005800673470818573738663266958075822201481998014099927522635746996564680278275447239621880715743431522008330556980522793703152381459175012185227983902011111436920924299125371884298194741829495803177677230566821658008094558193238851002763505031113907917086361290266108988377860473673856881199110790837026493399087403122661234906905340647824086290113936416005787571201905787600372738918575841372514872888504382802132426463089940894,0,0,504698371727258632804066319742687307738671362088203271361663755885002064313388978460828476462873112051377046778429776180085315747580933453569102963347608426369234439219650813221353499719873362825232710434329112083446417601610117252634496947281181301328689849566067227567371982629713327940656586962796761230186637308417001437431491701502925391871123022650067448487706402389888520602623656333702714277859314070634207614063102133853021665569328482653524213791832062356750933553140700,0,0,1616315571534797445639695663728572116385177566782277288189179639796154665287402767453210756259800645458769810262607361796952856451652916587630237097216522590975895313588579480991216269774110918626534328416864935536917134596266674917475207456351982473831835694495927106993827130528562010635021569904986770147076876443354444715253864300311461655065293774278308776076917405418704927747886,0,0,3307358862024649861334610892190780446154235147964054418862229060245706644230980580924500445734130863694346280520586678794336261385300407843874682989232173418282775974666316735172249373160451887015444737984494020306745106533914585092755704406948687236123481113532844986830712108038176051260,0,0,4231261446219335412244618488571082176581860140416697444851321537674555222265615148424076353764643832446657275963500630912258271078932247285636217980246535302764362021885667087517174651621576878,0,0,3101745184298676004071304260904883535497707639622694189590441423767780975399308209082289216658316,0,0,1 # helix3 r=0
568777308440201608556727843139722028435855282452320863590923238238223247476021867177395391879524645083220365854994790904408293119013810016968576877912028003878291421597238244944727240724174289883953207161517919656633537344261981959248920776990732095743090407211977165008486557715155585918994713877466237469718262085670388588355171334604254172538985359737560035036819549377294313953044634772340624825254161696159951046866000743036494521005577203668073458542257299494003557645974672508990840265807317171310139125649617915559434556273348401188057906109696976431368914516144015650024396725018726149980256048344722823013106572645591833703106436964758258625519086326257044251356396152822443629591557582581549919413088757936784981864530470576861811242138278933433888631734756928,0,0,-1828211341850768834345694523143143376322972558172415227604173560631151057856241826718973742402578137194691899722191130357151896522206338830118660612758080978861449042684183290959107102211315487416342927480883620387957976724695237447221768944737223523570049033077116164901549580320074564939875492857547934967160851609035424812211893076977317757610241278686457443130992876225249713203357782589765278815467666936211836848889417070724135096481318069130225330373841105606065795942166178915086640434916940506237561952719077451035348828672578093267063051667060551246605677913185013853229012644316815577656116549515009038348206822719336551765694050764838755970178871240789514264015616,0,0,2670865912724349080326659093563151692802127676326074654107776770881142016653264363436479568456491535013241718753235431393255061357247017383545339263656021968225184618042366263702518188921425268571853648283183823522830715773688478036294428120606358667522643536598109739698835784089411529317036856629612271424272615106502225339118799422191782538306164168614017250500603871455012279449462016976181315800721556013673912571224526664120185664937755215665685782596157671868262242107007437931344803572067912893848180507443669878607850279757204851610783835897520393522091555362486269745952,0,0,-2307570967952458691731161595568435802111130982134897869193951984828566730744364064039904911558855360099923527578362182327637714539018060695535375376629238029179225641723530690425353353599968190396026026799876739808223045875833264763955801505110952995009216869935941576615235656011533274543251032758751770305824079492509483549102829388631637139627148160489204136265847828231872071118339523537291776121939839215210859556500247255943335450109159495689146898362412395436462890393471022720,0,0,1287066491848806016343861222496753657789848426297729519469193187603556670326147541476881803189039573884211784473418254569910313919693447363831266150470935206462728456040712405294655290681238394902698891577170493520873043661906409295816382073682941064814935170137089724091802272990887816829231027848989150734173285908260583062486694500062616136959150851024808615800702230052434234913369944,0,0,-474081626881121836694703847391050509636917055476800291492552703004255360961154466803106176347305141243023262044999983220231630283504764719040668337179624130872075296136367502990796955710416760484093051198825941707475322982434412537155585544969540322674867593106207156222688854596867340941592,0,0,112598066166378810831071941417302171318577124924414313984782852624347096935697843584492605450082280307939796472105885480581746021108206166916355445789049362462537142755832157019037201799055152044,0,0,-15774998878912094560224910877998500565110808254467647441726544392470005994674423798529909195420060,0,0,1 # helix3 r=0
33831725336815707765274725979884707758649537856728893258273820221018889966361219633399804264740859938840832882848940039811955543206843639191031924527365398052884780314139134262892245470382698094520120905280812351577373283158416676394635865015543902954573525519719444886186288759858648783065344520710265649643987967498798390365079119748480050918917376648318550393851655416490466470279611896788891762618691719469303381354310928178291122261623507145043831893968333049107599719838546877089163385764517959967175500343913743333083770203973911875909671347514553813668805457735473007334733208129292750592124031698431884275271533224653427768451098868654154622245631188275670501054996129721749725129976155068282930326289366930075803727501523297243753714265863007052604457210169464644,0,0,-73901300829402567056224313161350293081163680130913003666071711692053599544236754942789178698769467032396783272437725127954137972696112929287811223827168392402555031401353863466948997502758831131285441105646155489227827640070793479160159095494677983808743416720121067221056792275609365140469541698047763782111365765335696864699690488346245641221709080371567720247462721728398247989968538207682489119908052087438371609252812805120426738643454511072422960537683243012537729033811455318815089379086017713610171255384461505127978166473259527489406193764663992523879765764332772080826094438967133107396368468171382686860630723452495912588846762287258082103940470473541340660368930512,0,0,70513509829997185235681547159621403291803667386303746212414107433048817110939720934644735780693827462242450807244106050598031774033827718950866163618484958515317665024656820173046152469573109598985026200163834250523382976226499100642807652176655949080943477334562236206206554270417282013086692327349318148725082848175850606053068029505672383868072157772029883212037627196474879450860496871968373422982544159214522454029326197471917062063628980485534793802201901328490329246085115041319296194202518408850651249435829742011831443229411685838879092573931287051828330586016555060514640,0,0,-38385443950651577438081454206977845468171600894057797835384342859824425639402811313084822642592709033949986971736836438939895940096996523037489445931549835230174035782201555536466486212567127614635526311868319033711985821597759104154041200885869145899829815973664936429874102155206715242914179666880034547873084625433686688649200162196662550186448211560350783378032597691914375143427464531273906751810986221562983999069418286480721233425065508265638859515251608929936426556046138964168,0,0,13039232092979769949839062172466006487439170656390824091022484845919406973924569341680133456178879392966259601277070539663940881470738750183188013701427938372026202835542091966257133425026616750604846234178647497372172361533548525626544617424240401930550552363419327760287309613480116184790284224156837186770795410579208715450193775605582012793106839445408950839758748425577253372021995020,0,0,-2830278702768985746441168745291748747129562778974737296557556304727571280582898690993367844160515041945031874026546467494180886147124172696630392851927758091929081236278217446338562364103668754916872693913989120871997569400165936544355319734437341498962240065072489845830804258641470980010280,0,0,383354137933970010329697532471720632221184218847605630221582526076265426809944400188729074745000530063615420375773500247861394534973268657575240497419067468138413344550246175184961293449795707624,0,0,-29624440887894726090510015126528320694618674664890123565573671886643755434488658171051322930318828,0,0,1 # helix3 r=0
732736099818595654882191979776982506280109456797826368812235270343729155471901315620758607361568253611681985346014716788637051070016949191804660312380078575621022671008910880929617638802373197403737592800523352055279809284217234527866601671970842961753727981203814005573264334501382574375982541024299047098616798953541422626108237852641203733410616316856350938215274197130050390248887846738722018567899720419401870113321563397750679068321440215351181816894389188765103755603648566438543480778648711541212660844945991484919188224500300364409308630408304888239963227223097383666126902549334063469701645534513256603885735215988013426048180228943203689213541247455054484802777439847044928442041091102162894770757738742030049307838478350869842148392981303636709048284123379429079095953402841114398133243208486834480701634060259923890737775425987666170236284652908280177586903697603920687198021451,0,0,2424823236574258118534177214998477658970293087240818290868691822635371721786692750488080001578459096630275455241336172814862191548958490456781530854654350040276431676242889871512548012914144358831862218389841005741285966365349052763809932583107210425070975784419452666420495650141559632062439294272675026798005561525167118779808896666453768595436090252384509338679582063409563168919080377553193805389796384852311726223456829208969592934518044458135725550464765987245018813919754374004502766478242419054925541236186994890838918990553084804543084381499398660375025527638423440397313966249473712085282216021737794871617878358083122300560047389505849259576105485510586758632964001087358967315529234883803025142833771645656391416330304751652756737789941928203422698862821253675214443628,0,0,3573315224225608506243463056645731756561122781061882416640230856807796118755568197483509246884604688511371393915268977080379471428005084698953875376159812423209932489976945543994660211822620970165455519652887172989188783040846050345058020924305782722484480637499063981751876057505584290876929855455824423963443547150022544356612120708361691579703165366337325633681744193019390474902426870492925571732293361352764601939004311607461695126536235991785103738097722767630881010624037602867574210227885671358288861496377712242581323981819791604059800110769152488947384960626592247990880192133578992104602000427840763968189921169299196178687583277527338415404689290791882774808,0,0,3059630415648125152186645050242552233714475904990707070844340169772971325551279815326538652331164946309092699434551991510417440485925367811723075594699792520487515877699438643250740316791506064671187624292676381707981266506844364248722421596253054665395343447109385275075828248934425374888272350012471357334952783416901586137166025183735224455164566229201067348394264468190011422553937433227737273767520353461256384013836542803868504428698018794712672226014540228258076285906165836060668739650840906434046039006756450127013226625828648456688659770448458918384,0,0,1663976248978929830640331420568590983162964850975342472622843193064959595092553476401342425383193596714803903401282682134308623591738084189498307519419301702135837993479290278968895636766964834021551020748622297659602791816988260070928442176656001911551499878181523487197177037819013657492963121289869266671863088409240329339768712944386864293771123359826663381300030887848490849857084093079290133735487858146360119587576151362149220350491616827384,0,0,588431965432301998233629274430631091116028875172413268480063953049818238004880751998312314284746589132238466945883459284188328779043506359312906420122091363029640726246070400942161116816823471130218662461184763572375939790379117248481259992648189099301467762449341585249462855805958247295177675095628229313793902839655052402712829053316,0,0,132137743764903977561392942984950089091454170152802443974243275257959122439798637197924362512671267191983983244010904422540741821102537515956707118016871300690520196535522013702820814038933742183758121963034823733556351865440,0,0,17232780078219279192819006542053105071553668062235997620703267866221848358903593451479247390045194295737386869280,0,0,1 # helix3 r=0
531872017642274817348934505351433974844007375871319170600406283239815215064287032634841211524681031928338286313909115802072666402395981254851633,0,0,931001926409517744192817053254556093898305597256200184442651635327073275015819590223375353629326431025068226486793182459481008,0,0,2205991556606334522141936911301897132155958209335637673643680743399134636776802089888378130145265450926969213,0,0,616956591293516720983738431459320845139516466089839511807318490205834176386195229926456050,0,0,158508184760719450909615269590857770753936654779243250900111409021526196,0,0,-1541070878740171024692488901763525240530735712267715370,0,0,303997454718888799323000702207746184,0,0,2429593088082389908,0,0,1 # helix3 r=0
15494439412524782541694538433068592850103177059933982880938588109936587882911046210013766349904890059602850556284425647870939729797694125774351613405988695788533515202812750856192,0,0,7950234646578006244949604775257761467140925644753882163984937392742494547816900082301839005691473230571780558415063630895826847332093148783288402519307321344,0,0,1701249786680417270370869157445790456974602205515452712292265106463701831366276965762823056142896607325225489855035192468312466038718464,0,0,197422685761487826065934617523273782660831372590704081660748714450953457492288579477308064304964760856268304809984,0,0,13518389262283587990413662910218930705795258800872583362439302828066377905508987713796177920,0,0,557032934165691008909086466304238268421844872174631057925453239025664,0,0,13539681027579097604362058909673414557656154112,0,0,179146173912663453597696,0,0,1 # helix3 r=0
31703649653192588432852173230917468714162406452536224034897081684606898664035935663295007549463019557997947160835992742952342515984861479938204162683074598841102825536222991932411395574809077245618955180149389536034340394165174299264200921796282870190517862729075192490449309176020385033219578666901238349314825755657067904440636687683815743413564672054450891684132784631729874461478888273369635715696745807981614330060860507677948380704576856155477113124587952934607938707446321896766970092496653949481821781128959959391531049207743925829398228182648219010871643153,0,0,3644770077667365183573390069081389276590398791232707620447370079579219776403909345938299099318967808798418613730020651959395036777052646899253522093395842390852101775937984618567810806467818446214350641055824600513300263198478580676730757067336801547008442105997226128888160203528419514112275814351166132631420755926094357261453055885195733362988016703327096029539999123637730921478404802129669049558906803613946807554812029121874843583149459429766888293993720200615488494247593685899454386958888,0,0,211120519083085895377392835446751132054702041151055332805382215447250855849908587287632637650121628469662566865833560967797085236140118965623824913723307059559710517122896444851951236444648107742712349293558322110512534431249308089039731135491422645545719292739959049700101828467478444287750837955584755616161921611940294715379696269355367704798374392216265494652753767991755941659385889791568607694236084284420661567145512370,0,0,7655960763452645620422682562142346275559733276319132228092883550207654361485315645502136066316226901737175130604237031182362709419561060696526710562216626455866625346349983000515637685859574412998398741443192069607072010830322301608944260353221108729960405457813472657909976082942313056470908342251598047247357338630333251893392690494938593258831041158400,0,0,189095814168142726267193860298862910299107175384698964855405908581340168609001362557470042779789490311524810585656203713910534067751382338785954180642491776714281563466312371694447065724428708338516861347715404103304124560572905839035945158551306310074362647979399503709745823263695158,0,0,3233086702499711133872070783979528276685100271980562684298241297847996845642524929918853765720737567174415759709434931988555883052111070034154746550293031857520599364161471792269449233194293674510759590671183112632,0,0,37619471288100477034196709359199437285232831584122833496569111201681403656815048919409387972017590292353749395186299770049976111067164189911274,0,0,273630193650121576164605927406514327124404726468091728727679158760260208,0,0,1 # helix3 r=0
80625146942433237698280186110458035351359536851258701855020007601193611446076806597743826624430945380661155436473368288665241,0,0,-163291128143098939679766831818902583028048897497690645188697976657003859906696708819107048605620919350727003932,0,0,144067789913394890652652958051230902290424788592538731711654955115418890664245025386795398440419,0,0,-71916592585614926260519241500559283288017838926327747514847531590344716436108938,0,0,22140985709609848313262594135651652671285062844290844148810024555,0,0,-4297636657166961652627867526066625547523111107070,0,0,513332325614161352645923014949301,0,0,-34505277054265724,0,0,1 # helix3 r=0
453440685255757493608130480378752803716306592965672035938223255023885706061080433149786942972393377467205905008826912344318401805155442252469869847749862302601058101749606781969561505540669868355981420004614672905312135568587697353579159087267832518892036499195184613102922680053568581949872317762175065160571707478493929788778102493490398767418938850705643950205340316889838321047527775112479233976134924264079223077511752001963912746704154592855220342347397361786047090462399668879253607657461640823309547075001402395935830582040541803479160353261582070752460376339956219007189442907577228291002548062868477486645166693623625643245537934147282265832733923709724525946038678816827845482649582861262117325033717227915094696683301788252840778123538039912378274462230114523875710736474030605633174872329294890891564231576248575639897548105003838248353532432,0,0,53251797668173658659680748797941016092758532491766563326132298308972683522745950479397235378231628299170232681035441799814289294006652894982275610060284892543730184985358954576234628042329645443844342650041272504806108710734504946491921889020218317760588188849167055361494006957074835087883931257804740240838333633423308717137819815623361104242275736980729532521418447605762440264981903940150631059633729837995032861709171514602219782062900618594129324755169390069815651218380414507790229537311525835007325920818379763713307595015366235992857963704876550744078486136513168543902813382625244998668774749740539778022986490106271290162811615874007240356194792253314786682960261138773403538951698965668647512766153004590228343942566805958784380560002144,0,0,2738297752416580800256905855044440482266621713572309973384468493796096672553591358787235919549900690163528026473480575816770527446834392941135019732304316028850165690339058332619443247784413489735372057419143350849006080118003409598004131979325870125556214260464239283809277711422343938741583890811289962517326428296666882871486685645591847156646538977759544580548371408892647226283187563511660051478604258007162062690742001277541988085099086612927299255967102926284650215177486976425018704735259054142749484682174812529127669773217549773877469960691353142847069302111660655222600150373901220208440694955232036437771978678146532846400804199472,0,0,80526445336668215040637235658299259898990256981518145891274321860370435072624416375207857306643450488518392005071028009462378573131937898772558559983998809385786893534496233811255047788107784020165959066916128757534970727952427369821547862608728168145757219909902094905587829403340876125063242869910156803656424511925761406518017797362981997629160600634641539112864387801728424664458742174056114914974737500047032831533902966277785401975569641941202272004468547218631720098759599056271623681021921704042489022318695686573784864298668400,0,0,1481226714338937365214090061684903680472192633856302562519602814742960768780428132092946054149557424596939773121787859240972092300896961467496652678992715097155123450441161666859741190276482905314929699379119766197186022431304311161533711691214514306865026417014006604731132229003346985283719061872880444216537855231297915230168759500030412766625302642380384957959547910273810062587095063726832986670369318791533934354667682596868,0,0,17451223659440347397071134506386061877804017409540501967754116331637544665010076552429077244265885913469639765975692525853088669776525122020394631103767773751660725385755427684260349020530526306000885473512241716824240860884621525157877372870158722713354297725703615357795104306695210515421111085582868619087041271784567384,0,0,128602209511277840602051532038524860107740540433295321087301705309716936393068144260394960991857330002894633566725895786291340788298268209118263912483717074043649748735424884090309459516065704573328212386786512511672,0,0,541961541404375186010698223690345254667021030319304502269080349182481754286595271706888489272380376458020688,0,0,1 # helix3 r=0
523995806150595162458818261670638511835432120621343727744475460819101191896302873184149323098904421821554910809175374542328622309118884575856329203770080148631192662734419553192451510947613616080711909425165641953730786141037103564918514351739020880451859984436510426982480936354886300326381091163384226834162452716151260681999217769926879233386774269345448280670304829536469392874952238621909903661009974220936738707662489005200068140825533835442489744027311920904210751359642017632722854614257812500,0,0,11830316752292999743818944860611179254802637999281435752275973724122735113543147503884806418347024901104432004734954550859701154281784506946034493676979163267711078691215859612182868344043387892091251353202189684350676689187790941686454783566557996629124806958873497339470784587918125591071801984172439442854690723517189899510392447855151145129006432995248736413868325183131478102403421723924355039858635763039274024777114391326904296875000,0,0,114624814861301999586918770785616192916448044530091122276076437160301979888053114303963011355807833667427600320894596528929006971654331599581891668384553342029503682654772774411157484382190555187759591337407295087600601184576288858356403195659387532481542074501731474097966409122982302987017360276351894662735197264046299237422831928789185296224673038523178547620773315429687500,0,0,617784440464546249857594028012634387862616020310264252500199601804203210370742835579201585867723057179195479161352554362018266318572033388028163854821338388856988199007602446200642519303068711345814272081453513396152915212201937682031100134250920466038390960044795520173660507978752320923376828432083129882812500000,0,0,2014131498937911007351489352789181210967968833904402886673723805956897555509183111644491031383213292107438757575727271771152812445046398896341095608987250880716858343304806751759938051403949242909332820779532173191550548096984130097553133964538574218750,0,0,4059514636175413371841577348919206190316001791498441266344345225934400349224752337607724084962742918923619293895648737464207362146202728764647594487252613149053104280028492212295532226562500,0,0,4961154022265111494164276610310860841233050455313870308179966182278075636408586898207576099117943613237002864480018615722656250,0,0,3388440585625504249907039445355891577492002397775650024414062500,0,0,1 # helix3 r=0
1062906337531405214736285888503743513478766241869099484540555616002230954353218726204093002874856397809907390579167532244018603051374928920894248008351125530618445944518139908558840665194969971560629127262206573369510029273392654840773429660097175043284102176148929066294261170282629806852488158081494672625397842703458730593172602819509931487226334872360611339699918510750268282809798024418958362381239,0,0,-236608062421736887829254961314988249696654256424097251518045168987885494246490757851837095287200617046331037490648595483464353522110807329196390617249297575672801686176106691832655496110332665003352516215628113931307738720948605484196270097375759112385736250636884495157903090865461078271466327787008138054588677006917018045276061667684859574511246702,0,0,96381479772042989239217473508925813910954387313887927598463929800690967647511200190946157262886028140723302555823327531201349416593419474831193542106833951151593959478337718075266380074419249360555726765981795724615153389282187083435835101761242827354770044237705078365858084337792535762328388295987983,0,0,-2185390998481376422402580639317140006338650223376179126814629428655225063525852282759707813119918284866431751485552371616986450009801838645788240866940348612564848024411114106332532071579784330492509020084750388439944718750163452534810969602846224792,0,0,4302622942825676592110181010093711372283657185302145590440478754793725243027129952274273939984349716862692310470449469411514807501855975275575340487814723571101667108830897011877017382523751220137292467,0,0,65448012527460113777636513418493532726187297150203274039034537172074075652163950922892426945656151923056957609447507298388563931828978171479512140662,0,0,97673642597192259267776728636680699647447695519579384967852300081501178567571467773094285454791645755,0,0,5022540888739989221729506221340673431128733320858,0,0,1 # helix3 r=0
557672907800056426375672542059865551972504444773506910947868252156791745218564568592998031760098435477938196998063065160981212849791068461201335541092233085038462783881646933530198946424038538335597853314060181659032900837988492559195030892256039638095855526973924890682706507836733129130983471978551518891524643085150046513633073568646344673156104373100272029155236660453840293751955890108336766646500459144273499607591415435381577380184651861065407749125682368944607261016512353382561909279803205370600246473041157870170847554368204128844735119833033314801200535694721008537560322393421789026607860118635587808862165532672,0,0,-4332108293636475262781934944652390114153040149904862166845541510005169388539907476338682084808594219152879567647434912688889046049802898983538001923603951977810988401001236113743713722729678799711234935874203470425493503660361438419393669157281670215957847434196534934448651113386186190287257143504169305874897187478278752088260780938200463163132445179928675632159124861033013796498001273577512453286942611231630564949323335434438424419444605798289016823417155745534321295549210555682689704274876632720456127352454075117384222628331918981188288512,0,0,15137212380862676636747158350434155885968457368764427419765404350316238994643151562372155830820677095617770383930517922660424402352838210674377208540578541660981763619595313090634909141437110396431311628843894198050346877347150269615613278244957842824351058734571487116341006517830606165125709453963373449461995815109426592802744795173060292129672807706947462253498863620437015515715536189201121962328758727354168684807662405746941823287097372199455110750957636511858688,0,0,-31062386975929479526429057416981876441572386580328138879027492161072730532884807188993113608276448764849434078238362468280159021330667071834487304610415556919838171715998566789920075224166406558681738354420004932413387049332300972118577582101918098241043033297904117939626154560935648705499753146258532723905645891689329229951736119627027398037989182811536781782076254637001523462115478732800,0,0,40974983068951971720322500586785816912682663280912764981077459151413356210593047873950922586178321940792636809417721734057827621844775608762162445607914538402480462425806702563941156759256950338331590455228246072699962275699017330374227452575050370543345520480200855151816184548832432359126396714171920119920328704,0,0,-35627506963401756101559389905489155491241725544788854647466048881198151968613950501710521379057260820113886400968013882737623771335815129966648532471472548897544371757021635263964797198040280375401812008325002971907081602733984454803456,0,0,19979752411850999341228347719343854584061343409625321541098873156885859334207669105932126211013283699072290644741341517687635483382161957085624709654675193856,0,0,-6626079138302922353860053418730053502628736605168779622882798649016648665661440,0,0,1 # helix3 r=0
38917694458983928544850377194445575453118428789809726716755245050208590686937659961485984031088780908559890255499881043764592457182834902128727662028160024502540512598314374227965857216837975558369586863926661569938842843687925071028352594810027877869728667776295912017546982080248138690764313185015808380952550819078929997217689329300179685627284512308309848408348259090917762009890906282138232065336371244452073132664896667526004871,0,0,-44071939908461706366821317066000132141056137898355929249521622967665764120860797437967320253441328308771467416719076931743035275700452511371824790958317204308169735210251135593704802834256036035487228307675289191975595703597076324014564039185736613008848803291496902284554725512283835632808864412296378568826325223614480787129124910547180075841028769491193750696153662976970190096,0,0,37187787925039744677884217850032314750836797850374254022285908165377603776600316483157927979505236845389773416284767875913442934776017760889415044748245725886120915652837494458862947225289768947967029245339160132529664374183700664403996349452364837400639709519797001866676379465432423998883377722670313430627679997111700429598,0,0,60348310239843301306393509338761940474755415562474459034531199937462264250241496802508306295124221483481030067151788014696993462798487394646042080141515934924409686737823713864700846969060918488252060064925736892635577625926880986265026946716465039304492870812882492914988,0,0,67824409701947283930970189583740944181517212482001308193212416987772524617638232484875982668721242067413282678821317197108755158434018562423545128175589487790973289255594486972783508486229854713397395519253247584958727,0,0,-136322931032613363666586862165768110245817594467904889406535291695573907624433427974433772483909163713311305125039218754630953294186930688449516990806932032050016156,0,0,67025024652747472673291578895953739481234611942074708323760794658599653899828974413746359612499176385120054232,0,0,-13558546467580228896171526749826486159089912816117932832,0,0,1 # helix3 r=0
2752800070005505719649465649525529229188374118305118016335895657779773264733410887056390406038239240053031949546394847934709059361851414838765752091860988072310531691087250268789761976334376282483313762425749821486082190742990898061847330551699531195603146320723931318030913163211913819516943398757147333489055983579837786642451589302809384285430273118878516582661283033898858251448108506248038334325027346340843411343072601939969287898049235418930843498623885378716824161194801225576243294105798459979424883166766180201425713560257284023928759234289143237563233380877227,0,0,109349681900706122057017984324230353971640313962208207194916673930096825569718185504295457706206860333155090077068405039524155715971513101061721420638656782088323043537080168979117136928690733578112595690486736715126660654551296548276797042659940051123848739792706085453364942211854443144784448794008627753415582802207339965847572974318169784861510675094956561068450024257616485964900547436215250873200436072555243677205849153247044933855860863770913089570428124231431716270049604688068932490129838460,0,0,1898900991494404456480684318664267157735628342590679579729002352453208413515248077480176181544340522646481658224436958103012177869928834911793411986333264437503633496973856551430999676549490133370755768840411283150705344676568639130041889579353796057397812521569875016756902061503748432505408418445040000356040447316707420066998365466596270872248120044978940984168115392511298893247904829101703639327268243202897274250931203631758,0,0,18830069549735350521147323765082207606919082870697143216918966589560772898670274864203604675417057554381122799927258651611445566352668492543435263182803129078088334761708679302965445824420201558987373031039673332919216030200403866172540869678671403510161390969040956550113057345414922698152537658229050196945517970708790198236389839348518015187695127350487160,0,0,116632895008310283159730746615219251376289069407482268369241931101231606530508013646662398560460694425056035811178315211669742125028313439917814087762081736833195174358661600338283664475585582613159784788695103154894561845917225739049794253291027568923610205376400918964968625605852425101,0,0,462108370734165720201384446695535369523277254109010708508581670031345301065507577595380593494537457471441724384064053218592684521014291096463562123008938980673848989088462687005355614321087991798194562354424330158264,0,0,1143804836962729009066899228201339827408444755124226493580231704249974294505031923185601183838765882451392562313952929061080591518315417699616016,0,0,1617172638555240746083338403618948165863847171887681470426706332036905388,0,0,1 # helix3 r=0
6729530900459090330465407923099839567269381217990624196287451740648034637283739665306766573095941461840959022126304918020925410195498522864005031435939514829160188179517909128800956011205224317466372122323054779336412688720462592490057503596498650920850276251586384428179011128171173936578065971982653904736865302783977631177813128184007501647865539516190557748345258440676105603628365856164503747382690412026967943353585614084445475428302010283385750540033771413227258844645299313036435563341460212088224908029102672134625179412047836227440341202837048550822379000515348391910464793039048373106949355919843589053746228743054925370835634043997907778823823563563745897995148189276598542490289334457700594431897992293909770033692672,0,0,-332553066490637539845937476119635820953973460524322866505858119642572522126531786259152999866543946454568636022933910527751650753135531906749376192904942404193325041813105776665910263790272040708718160773251478388591226729005727689911966192547089508938562325992207849523948153584838557945133429917123017030315079877775632811069546067903143133728354288435351462651315653640954718688736143683586011386715978735408649366736411782676809481617539780510752097288953213989077817017800307876119048122100992921917330497670687746525786479741453662956304282871312773179694192052991827380183265533921509502911543589056135058940734880892914203818459136,0,0,-26061910626138378499583666579248597289760443963753759828946588024303269004491624571559393020064778012624290494737282533247610478754337567133910927927652719864848940905012196619900987369879006061680701166389432841200817776405721179244664217220598137616082589063186281729675785021152284102176218403453750044434637934266077964636206476487243454096650873970705299507111499357762237155750531750568289132439251787485154374658918996977463985917628123309200494535591883643168600216075684720714253778851726610983488276962911409325744632203793389070581760000,0,0,-10872174043615547148604182523135175366650233730510202402700011078195750236730319713146989968479816188156429109427468272137125204790400326425808246472694646735087037158007679627461101811543634417589525649856977222293105885106354791667145427476507506415576109927442108160913468796299476258393699800836605627839005847037076170681208338942638543076500060749303423624064121954223683194692058764936476420458359334451428910640575186032600950776505332263346176524288,0,0,2404924050456919216633634734842631431772562396091775569808025785219320933290887339869782133062856042349175408000276820644410911316507501316358646314801383536245012499502889302022493845122010098323536275523003354632306372832657130095430122309058783592179858478041509785796863397812499379683037261204386633824866674267596406894876701848783952502963066138965591784947712,0,0,-185198201482196084513390863876545180056433084870377300953917781594226473909501932805112090157123040214402898035630322604061824045295981079199821086159570616806489139044719331805611255301210377077694043093863974518317584604312240572387674127984510648857499141153768509913694208,0,0,7026141113507399645617749056166454244837347702800319053168417564665179471199414544160683133268525809644455786299329729827208431140574243460279166880698494954949142676942216244217511936,0,0,-132808506170894963893201545204487779251046882800726451151834238192626025448694321673442164736,0,0,1 # helix3 r=0
961246228605741282194985249219501262340816891579770129657215781253081099582801956596649552161842067350042001461408855618589314528264976867433451235758884623760870769295288727802944469191193534076480994571147004502215152377081549170106146458045153314811998537663051219775885893191572774539917807441494140672992522299400245333636768119744423484116970040184931185465358963424769366320887799170583634049871272029971716199193600574133804492275958860075319147490124831027295885560793211832769562406378548543,0,0,18445483119716403890846796053855887789957147635185660937341527337003982837613290215730271864769332050216008964033298290717275054082318455129534665274835378331059485692920812646093229037852474149011661725770849911561126141189502555455665538402031593615573682523839674866480530361585293444460364171156143622296796262125613076440925796479007617774256949613281709871537543972254812438427739120184468183711924925171644619267755760643754363358044,0,0,154565934682676770776904701149608675028715302639327130400295699068131947982329224062612174679284096376169712088556896414100042436745437507959344309527889307180928566321322688081559458902562559237641056601969284004020595767396708472897591447837076946759522956078133948705263696575336801907022625979875459559894671949240897712816735394759619980572987235675828066950526389047338680,0,0,738736181128356163595316264216178655747930468699037742809783353889637255521493026986955072930667256876935308374786409188871076863837513876506312539949304289826140938722487866145897425842188033562647179425226331725520576848707428804334153608076420564435043790848624281641135165804820322854431174394700262028557396820,0,0,2202603746202189229756157412815645882709072505150390346500591304964298843930796938617048167086847588626919251757633642535261079410844705026641033854236338341436274151997645438473985985627095132583626283611684165604606259467915780601980524811267977185940,0,0,4195253921889061245510266453350323762380182821732612019837888972419682182053351034448434907089272176077509346698266127604338317768141984312165560097202260774005516590720317917499236704450980,0,0,4984946972345429426083788147383271923204125542654944447688713761306998370676252532128465302884786591704685785915203672549698384,0,0,3378567793199463198048822444446334503821150925068728003328198940,0,0,1 # helix3 r=0
6224632734043890823159864467330764063025783603869003796549281960735274976746880234795625612856573482224504853865289266844362645617743632946596747583257829280603589583232701489893545020663429655799568320701456197871680755190515973964595332051093565153579247875587434715590437045064006859782112165222731894679040585381650867878914626272041261438275363056800056781140277806599312963515038327622597998349024532374142707445790103729450300419008748094271361829148892717216746700800,0,0,-55555629670695913720433275503939213144821484072938230859050544030986292116675439618269852664701627034200777998582210240306577369437387542097676638113685915180786561721061633483500151992606625131759121686593566002964237698703530267498277020078816680852028747297415292700286138043603663711217501121646443606934810381469421980180671708071979757346613231980617693704992122785261149087246945026841717034888781271547248640,0,0,53397747593690303832166433643949484628685813721014144166686150422295745035264374086688475509563953452724054536616459883804081542851018941877903698464428499387744756008093736251720595431386067631788481226972761556160993437862646945034984906472549614195856794692812342101791653219967039425549412957449070707610002673755216797225618599064485002774188910444544,0,0,322917228781258710948912551901897873001213388016888981864772293852808264232873857853374753257364287489144947398517745437185024899172324685694607199943285576472022031988299588374963931186732717216269704643698682554693361413565077193762770747297187621195683154980886975007106103791441320003445456896,0,0,-4485218858937095670846045812203115092516743589819844046325596376946449776173122698559952885731793263267045371191778385133770091828951373614704805084559757297551282395484586116597161543637034776232135904596349268851003964403431542611771392,0,0,20154779900490073985180005950363005603929639187312526683259118593612567897263064801531284756327812272550002530943405174417070620521954685239591961520915458685850343428515260530688,0,0,26543100305774567617358710563085663944205412281423235146568296076446056136082436361537004978499516470363837484991774720,0,0,0,0,0,1 # helix3 r=0
122083273544283730000000000000000000000000000000000000000000000000000000000000000000000000000000000000000000000000000000000000000000000000000000000000000000000000000000000000000000000000000000000000000000000000000000000000000000000000000000000000000000000000000000000000000000000000000000000000000000000000000000000000000000000000000000000,0,0,101349061679979680000000000000000000000000000000000000000000000000000000000000000000000000000000000000000000000000000000000000000000000000000000000000000000000000000000000000000000000000000000000000000000000000000000000000000000000000000000000000000000000000000000000000000000000000000000000000000,0,0,-143905718372009120000000000000000000000000000000000000000000000000000000000000000000000000000000000000000000000000000000000000000000000000000000000000000000000000000000000000000000000000000000000000000000000000000000000000000000000000000000000000000000000,0,0,-179438255255993600000000000000000000000000000000000000000000000000000000000000000000000000000000000000000000000000000000000000000000000000000000000000000000000000000000000000000000000000000000000000000000000000000,0,0,12301282534452480000000000000000000000000000000000000000000000000000000000000000000000000000000000000000000000000000000000000000000000000000000000000000000000000000000000,0,0,96772013004800000000000000000000000000000000000000000000000000000000000000000000000000000000000000000000000000000000000000000000,0,0,53031227200000000000000000000000000000000000000000000000000000000000000000000000000000,0,0,11920000000000000000000000000000000000000000,0,0,1 # helix3 r=0
46929413833,0,0,-92789423852,0,0,74082294758,0,0,-29871127020,0,0,6192134447,0,0,-594765156,0,0,20969834,0,0,-5072,0,0,1 # helix3 r=0
34453305434264650922247272642303422754327406630842523541894846320278779463877758439651085502361114320655282808724937093998426242150298525050018415922503360928752406358469355399843494285280251242463942087366751310722868374842800158868119666468960337622055595529281513772170958512400690042360066636243791466210028736393942215329317004765038928831360316546711668755689537645244449906261909425358547917801123528911914069569320523382010955900112447172133878702623,0,0,-173531633104819276158310643005666860697761195403737459920667255377033541806286401171311782983442447790599458615317512994247861120003337320046096931179492822223904120057344580723182970042817919088588875007477470341658222183336718377756104732230930837669839600023564708841154262284463022276250206014401203724417054021434616918327919894757182911478171937453713814645139946653176724872893882921948689204080,0,0,384917785825709762605514742916079265629162908448531556693879020249317201594509213995465704429032342322604028801241055583900245042709850000277054163630355286720827417715724088239549592053952640694229143160791183144936918108042994284578519597953532563382399623234126361753243149677547979393936218923001967444879074097336902923454002884025995580984,0,0,-490875062089036462942465562141201400823975075552860856679433896418960024690849001632323629619634632226592043418130225172817604890447275685750869966943728224414244405003064965733445657158821072654633126486621782051534299507333717632598173765429637480861386491670765806827347029270297837202,0,0,393485395481138357781567562328478603986750017426310067277353617694326475701538990905117108002586251612317243094846481047641622030035146935132217558025780617471501337102233970408512993767200006765069252515598684185635960805867807390,0,0,-202949643077302007432007799099123299713905303119961141339186673112772772972857944296110576432449241835214244365878981084137756903962575315935098355354504559460895334099871110,0,0,65753198709906944116094310481476120037902304246307935511566938458365040137077581965448526213089072659162113332005953,0,0,-12231536157363981344708440226282344232263809371127162215818,0,0,1 # helix3 r=0
21769310210272139193419511067597986544715139593495965422953687803354777017881130915758306239065974820661269383337638437721071942952842811264566973085368605553454455125340306768011002942741773166961032565470438213413785991840416228985453544931679735018515788719378448228697784926897967809621211772138711859021327045023878923322400768405040237376626166942448089802040150807836149075956769309400205594045444300957207507753464259293824408003504772536591578262625359283656246319622191181380209246059985674467159738130804697286974557284113151134004292913945851838207113270372859249779888631198950903487787042477475939768562019933608854549977839233826798755857601716522589633,0,0,250217699088168738498435474398525680382954154531440238477852472213149436824394690989963718098540674317633487122959721097488680148870060230803367961133833968227665489398181523365393226339505665840439417233555068155346532349911592908045624923368502880947558531486871262064097094154891265272392405903073432619960241322073345392804955296827277494164534363211713798732070150800450196156300978596241112480438513343699792812417296269812223545949022357183675104827936709828883868298958034256107366380669541859976918583321283380121744593258685452835701446733974992378007320537197958670094602872,0,0,16893094334930477567501140703527957565967088165666711995987702274966969467587801922313720947660566732400768029264877822570648667525722051055290434902953340083289484861352203633756058822719837931087036309537700614536812423006895955770336572087833633841851125492722776183901241286265027833797594883221040517699965939765336482312391603793575630251611800959394530195826513704053929324787595601952272286184323362594780421314112512116851909329115232356351809308962502202401353869732861624025913371429225362,0,0,-10174889889027192758329950429569478673701235306168344914819995441085570147649867560271174689915220755929082569058360898026725688709036042195235955499259032530638539860083305231066752606330562874236223058491199288852573246116108345439155821455479356794338643007351035696957479260220027131103488753066786232196844188695428234128029963842744417077526815292009452066937602236648366338036037921304834494833249207925709348740,0,0,-36458237099265709594950950833141628722535724525719942359819462144352512512722487841059572956433029358820823996494079070712401190327030245415227452279074312891960849426682184040297376614959768289022498060550033683863705757036748659783365738269247133694834722287925993925042642325541127288381154951499791024161329451870954273780946294489,0,0,69935953748344115617860503103519976625976650723954802434454303335313994022282261061781544267530298941934366394487209655538580803782179832186445155656232456893664641075000402685849115236563877335627562818099337853678046082547226495402717575889771349436,0,0,663009309772160883044221354636164922310562076290193708918561185434669304438693917389518271423281153957096709996557815470600677465742649012359208476298555109688857810710,0,0,1402029867998572734436850965776116224601942243273820514075159688340304894733720113356,0,0,1 # helix3 r=0
278360248067063837306625539393702767059236162778002001937431147547075305110359884362788187817684294947437938502257218957369825772794844452167084022269377726151354424454554710234480247698623544160305973157270704257627911076238988742524774711333965217351942071247311456720409906822220416731564064226128380446340624905947016217384407587214441695068089081409648452106231969116551,0,0,35758846005889837599524086113694074458769121838583881430448299178101888493124244503780862969547690291793118118065905557443111259769321438980456592065716911617948936819757485825118483825010973562485418953224431488490651494105801028579845649957171405587899141163597259266268826569309548869678485185743832723275847845975142293867564,0,0,2001897944752885201627790085114562524490132927370904943713610437004578633977194704365127260356374170654663000481866719257960579266870967169410741554581091467262620874927682927895127041594266692647339021210640844161411172815083436979552667388955610937498329024241333692278586628845398,0,0,63626363758729634129760373211219126322217096199409026518406162140296544752297863312355898508864773372691271923953776278688424269669785376530812170610785243190305020986699192797215792366598380501367731180046085231467549949322457209778276,0,0,1253411426521893506148125779811982992533818803803912025040442070451745058919610152932800455352583796123182671311337247671239527833337202825526520323527706135241829060041059000831810914645285,0,0,15653216280369497011603935462412466175895638869055600817412410610168915877425254655374145038470061528267073769794883089093122322484586709737956,0,0,120945975040605892387644117481001057307414545849147630549139288707318687637665605356484636335774,0,0,528495630407822598563430749598055306487556829992,0,0,1 # helix3 r=0
4097315599693052901094565905151052562062048138579014454563406387999146816458908387316234010045203809582459199672046287766057371166321631149860215629205407579915735353969809320536898412851249394913461670888318215109415698234042787916975902350257545711377294544087128984761060770376390484104518664792109101316763620756707564000342614540123804438750569832850110024915584292426850629814377159946155987161276606486580709076132928281150681417997854042735550351528109909549894594791479518525420517,0,0,-2164122024294531684659599872966388476973349596603523174518532817326987860649219386025987304855706026907551398643493606040962872056535542737392307311203823794080729597723770082172788183621201233048267682985623148579554885756262659943956036929103901276818805608239184280551261481670867887655912762077019070209755530098414519551129921731147147005227347213503732754909266705058278134538318719478281445940750490868597820146359579042260,0,0,495818176551516486390354453381617892349200321348682144157557323982900915319530216952389909984943987127071956224033959460599180420949799929664604296889518578146081188944020476828969602354483889719802479880089614742536258814836359025923471761174626483286826556616318787920659576498428013318257570515248076103099430695351151036822854668320408932984143597958771012129802926,0,0,-64115893659571927142098672797709892917300068056391751416608276897065129073523919838060779905868330497263594578883273645789810180184251165744316674528457749798701736705734531287921900905089145354399948333850510136677382526863196243806286598730011902423929620225536300957210460276567431838637974124562155546300,0,0,5100742006458921654809496863936545087593123270079888436433738862801567148990381581473282588189780068669047675806441282349899639121782514414974831748286926034211851282991256001124693586027375418372432652817047682811643144386035165958495271759492262,0,0,-255098652845643400061756813688987033344914201093803277807628414371715491237254552542923504181063387699616484576349295274841669908299776988907282476892040185979942174947411592178722528788,0,0,7830038336977065787209896175055051087773517861962588765039053868126523087469496935971392043738813258412624145235845268754794,0,0,-134931150728047539214619142952549533240716043777127105443896716,0,0,1 # helix3 r=0
1483894441441928061891956057630173893183226905365057743400695963589521696135070108963229540934156574249134387962480535908598828766622594129305670408274780010336142458520403609475388456467014174583786788454404135368367244251994005402131352619051203693658607,0,0,151203106368834737104423401805292030211640294254946609710869675504411606575854287279334451159220056276726635469206792450566060429002295581600211618655060509160283989199390114655525921951048391760465605281297925406533587532402,0,0,6788452540713835115157050987783763007683135040284293594731661918077451544007188193826321508693062555901014703626000001603072113353006426970305737961379262221573845928621802269524072505399174889,0,0,174520087727539083875227904278873178078811189289361461555681038678656455322736332164361879960233910339337413985168027746247376573156379687899171205277071289195174,0,0,2799989182120000188267055915506794943496740030599284480709505684894200351874141341854933139792116376151708854482142190141155948161,0,0,28593290902581871993261828144991353940487751765540681975653623604264958976394863950269470336555536,0,0,180886983180209436575400826217282558429876217978069581105832186621,0,0,646783982724476442917519403739948,0,0,1 # helix3 r=0
4141819307748402201761891693467427483433134728429628955003961454636370171000175983359633997417692474688968343130281939030595492189803414665788717400258861034447029184747933708623363225095965900673624970506113174042336841500427641149920937830148317058512761366652962397187310980973462553972704831369047481102111591366631924690048383274165228506642815538035464156146957620697460808077771854857995132486437521204369437914474752760890413553591127512178183588175559080217769979145080119000294382062311841294208235529259602174318035771816844649776794041211873537847932345569690109935095546555406449070898611707992671844053221273123794228508150495832076721938564033035165515314467197782231772274800973745671572425932316482490305871872,0,0,6632969270072134886927458257294086060917218799367698626759966528993557380245022557403597189179028120636839456213101784299215997364631573563142629398246280218821250427807611719304033328198716996099598106714272821840293601586953514222020224905508404646522061993657436615783487234733076236799682996839914192295622158715782537369650713186867750369234155128416035693095057110304201444344891147294715589921350757511222184384814989165570586984944082476275854429090381386745779032782167536746322790134354945182446304186389613725642656872754867925972875083900435256324400641074079418473715113367997795641718733859151175313536453080227070592679936,0,0,3965749563972054161785458321918638763607575079432690161279687638271265038080046490424980483499508400594690068875854970564442897041056959996988596401459566079446709819496222374718882557570668739512226954232631319547950307595455210553653854322001000607471120926791639883153646470314884525642174454165792555344778760375948110637793099646460937017280330357971596617460092556991937354884512761421469334297013597031795140494288195702979789422815049739306300511631700739708931284295561607202445425434892156965273014967754723464645428710890619105812938752,0,0,1144451328369095653331647865906872964033182044005951319775722742479679364452794660643258070998441769619874492347132580665118995291894975726147880548381617535198835998713169957436042735970834525753588039812455964995971846491611633273713909344715174643381844433921134124373367427245077606909176325814967623204447762046244381055511103462333304438307362952259236833309688003113224143564774983039721754824444837108008300008108545485973678637978210243820847628288,0,0,190387418967225143261259551246787206206678864753713215613757092592843374833761887526383371155200313110954025581054988968861505718171276937077676400938480844829332312567140181271463675692473029747403697788048125924154763488105291525550538222097911566624945921829627514782978448538049560389511756019044349488786084324588752710765428100210071704024922763948077778731008,0,0,19976890637715477989053226344080300341231973897322347304820719848797468801964052846238332148422746869854573789014158604024507790629230984252548163943548828337940529307813168324298035906630332212839979395758216877559047201569672997491307616512118616530418074180698675991281664,0,0,1346358034064906699041153233067455952043974849130165531452794842677282319713969793276714304627049295005017861831667566708342781815914879863280472807284091352307522618001494589082435584,0,0,54241148158083615660380333491241065807243554800433049161116555290161881304884318872434376704,0,0,1 # helix3 r=0
4804644901543459326005758776743038291197571774154198103879426510883898211578591760690465353216062972156996323352777605582363609104490976432295060073478558269521629408506875925337238465866209874508618449925560430337724232195380230625815377684356017221638558992343210064671276438724310398729950102981690489852357727165397493175603716152128486665109642658543046571292448424839073899017654927454485647513382923825704412698777942264138223725170445222036339889693677524954794454753423560908427025396726200158648095405491659096673692807070426507111984387460664823912595456,0,0,-1003768959860773688398033076832107736432180862838958841152055356285999134497354904307107859547259983329061495274426185888408474388035383103538039792537432535305357365783508592264578302125724850904593547874769887880608010183725130202214009145299267898652277601719811440622589282158549748120655843852478709363615762493100869621716074028980241509295123337758969943522121175099804343462817802065440219392347616066582227313749705071876890887251904154001867038382063431542356100090048784850647081025536,0,0,91621482496661119466050428473558185142759001311092444574645239717419889287611138256051359037541184714394450985907493881966862986943468269891649547965339709438333197150308365380324675288120057594144179088815303392045873018512126710295577984796600204732527654607556767723178673195038421083156755950071586154999640417069639656315879404061125916002690814931923161056714463814810010672002616558708287548994091022396369578001170432,0,0,-4772308193997356462976101901939448313272357545639635515027027986312467736528731397309703141630547173998341890807852278220310555193401360055459667221199173294259577424447584420188979843928334346722907940267619833591299091918314024384250770052867887789474135131607109691927219529666857247537240265522163484844905588425568335187727370729528159374637831028736,0,0,155145720974895714625604674394328698304459336596159145958111593899886402908546644823482322761682550474058373054627766266073016402229826170187829339052098751553488079999833761491109152114236471364955999787049273054341232340279395762926029273139095430915592165422038136288064784109142016,0,0,-3223498797490032486385774489548675609895779810871468037765592866511506486450857751295022437383664607797127761922334563477147267157905293207153880972395775188543207427330551584711908505513093777959871001288362688512,0,0,41801291960099782869764339631837625232117279428006951108796388715783474792970208471492226535314759547028145246360451050252644433537965678919680,0,0,-309320036247787711578143494236568250729603643179934015728682905536299008,0,0,1 # helix3 r=0
73447787743210906534671227042859173623997585517360113077720397161497379971622940371029246622849193085080024733971493667108481969739235589851077485587819631869109013447242613277743065213003875800357486910145714134700483547048791983098858355014322463005253752140589790813042998963562667775094301547508376270972668391929922707792006998930669614845810240431491000815116306204414421741579161969888461903143751756294255671617,0,0,-21805487215999167078777420725725754803270202667526684816244626719997725089994105485768667208500661804081766373173912295803637581190959747045534059090057837441793427111564133268991540131824386686360195662942767480462978503527204656766079155170462354307958029429355563527626861122745160761035152039758487344629588350397127175389275334675145703855786664004211282910641876,0,0,3022772320978971309879746736067278618023585700991331886312627687685717125626889463285104342083372471398814501381557064773904319828113240555998399119333770869305110656006017714505058697327005485625720272077455295477225540170984003620088458013246902162820844151523090227920996645097599689718601031639117739645282900426,0,0,-249798711985035989112068434012662955426282193768737632466147175908498565901259959321932935859510008010254665318860087785303199915853980094834929066135234682755115675554696344056029470062732558679051275511609119669981979188234838414271542879713749551359671879190124,0,0,13395204379259903596620456970568957609837376206007232934556598792668780946474827210806694688522362492511325897303881052094538841609301771709795989362103331682488927915814293490700789982423051116806504322528955815,0,0,-475961806798921324831991224766569309801005521827151510367495339579286835888195331860869712012549000983903777393494381773454648804613287311064392598369425507524,0,0,11013989495124845006232275917892996037883731759405562461647698499779311853012729939859287281884585522085278,0,0,-152753656003412147360898406224651327051493472070012432,0,0,1 # helix3 r=0
16673184379842801230353458804103173701722785011291715244264081155844083817864577546966767757462846283918042249436336598689790505612643283643587163636718649156441855070405195081444581524846987135943426765650342813307770609205110572809260571592422764956852747248025947447318661390741316719537729628447072244731246580735625441079871051979406760140345927894775120962942399035290672758076478005086367397924087481703772806957793805789792286213664100660129955111452988656784752222254168643738481398242164006602830328232259144268332228090567780698665132375005120582860716563808241084494463294505667816530245326209934959459245327736111077561780373240100896221298456002634601270083908613594334200455753537017108945640781424529629657407756555748206869521258013895272770364060254779397593774501252587469849534683292314684581516358727821154760230428639976494619916248002688100622544357111951951722702194218091799845680821019386977168373032419328,0,0,-3099591935120055021318067968535698320811064673375209178931226620812068362272173384321641965563576137440296369466805564710826941025744092816096787176264328279140415256101891702631189539982188985127857858452169708649314048815323097745397605429343551634869478854855582407621095429661023296364503321512063601166170286746728130638685712721245174871624956507385714203254166570157950263276278584888768262917442640883542770884693831885824525609985058872300222108706481842335261654594036905511990535032953039408605434676307228831093881819545039096538623865619980438336340331351669768389580156728659112635433733945421909876416368723394874836619626686116423816576064910860757706960127038708637059594976114531154863912529901954999777767037363827250625433427473192119866246954685406139750801028742516150759611325943019292590080,0,0,-446941025027530548566640158130941557825391345348022982355552785689720042220456796157270864915414999777821221770920236710524387182817556031604025162429036187779363769088724818743474902683366307850392678835001564027000789206200751613449930823599353116708517256893097525756112518397228040633350484707901535969423315218976819358836814210705327583039561470287851438999049973590116939324829950477866107180605212206356522443938417476494248609820966429756878662201544850415170953726778489760259395589072496660155592062576113081356428326639861541516898748621497714084764588218038934606402191150967887779700705416485872729801787792299189181798700739143145142655654914610365063229240136421875419891823236087808,0,0,12517919942112967848827608375555386124192165962728177898136641125146480836586028461640541404923582550562267547637538714798655400182115850507225420632599680565795438997375089702968229521170808491787743324360540683496329143580050533573597469409972998681177341288035417868356502635065828965500582735758118345865466619336192102015068252816418438113210616578012908139273287773792686391464347378753371176384705050352124736676364209774030833128779807962628960908312535612305049364177951467618190588947639708912591071847589811470481118562109184614047690988293090518587095429220815851225088,0,0,11178225986220956637825969206330203112294348173501888905167266598942839683136015504691680144388005547809474692548574247651165415419424740232743539676150348311387082360883803186680964183875036841743139231002397045390153850992104761150275473388055327028518335819136280148294894716998603290261805957182873531230282393068774194343286456023117572933718218700935025685154627775846746382994588961184147215670228720647316139607924810438470594387629232956348112892538491240448,0,0,-619607130870380319981263137156561667459815033947058794857285557400338152027094956458974929634604750411432332718879291198701442405111855560877985165046875420133033254857772213662550737088319474603935841541736424687318621625016661550518067881190682671754842776426147199935795257452446675662365711688885760773286164264133112844180550426177915133624320,0,0,-177181155457155758242943467337816549363934068220657639119817550877371213877258810503150530401827986600222241681932557180908626330296035310961652164020628988102378593219806582534193565180851884723237520330670774784143700367162533216256,0,0,9063380419941179642825334895557684446038497067585552004358136554764050332708469098744376698343441774023319293526016,0,0,1 # helix3 r=0
12566082325129277705016571498512558423631634959924852555729003011890220390248425088864352188478087717719127058906157950559241192606298005062757067511838785819429687283778352938811851039236568397827919706500054504516608918420242605547862104537011648723342585145979205604577176215353386152966377322675777841358668344285458338031778356098089031666539949981696,0,0,337786192783023942287665845661273637199424040479029246283632310394732795174848676909649874968148722076223090329720830678256032536780216943755798868797366757831371262208857538366517785603027410942545593636820443810933512649461658153272225154608749793452714275640562738408145522098897869795691463460034065542938624,0,0,4173547721321554083458063399630982032322498779991436430669738028006650548091334457978347959385601267899885848666101969869586516854545847698956113760035930682767137470698687327458141448440507399047844551499476372548783682866199844826922754821220699956766276819663978496,0,0,30959206190185118080106141442214931853171461957173514908694728742839684491062831190468888651540634595829580003045396807224138104160902016412543244960615531520515279449734711625875290627402671241694245932033007782981785354240,0,0,151535634549225520990174565909440638173217537430048237019272161347513038639960943544823341839592408200661038839689627314589754461025097438139527715732658824256027536504049591386112,0,0,504483683514043059801653305359386644327238598032757306765095041913392228782322604863187092919209787178461558766401180101417277090430976,0,0,1123548604460009822110887729595788132879150748586407267671546040848722244621787064835244032,0,0,1539537945536259770431717109852132019521191936,0,0,1 # helix3 r=0
163577561296407218361155110786041172220642511345940974429857820281914688734488980703701836293986199401222275562686389044166157101688630745867606941961254376244576050897799345479475198359667767536646980099439666965527650837729558244057973094956370709039545593633998094054706655329589549617032094771180395776604184915375842385035613951913076214403269088039453097057731709173725573494768971066599667069555351527298938437632,0,0,-52579641835411441308404889765595457160664098728339191279382478533547498116212966441075292591126823122810472030997334735867484664362303591556316887338942575775961380391816084271600723325878763052300739761135833221604132774248697701131579726967603837775382808752563972877357499972088541980523435359360286211192630981147627102400120347927844033019960411945784378312884224,0,0,7367759010604922257183385084866045036965682683964806189461086504631322812002515498498004136523475399570156896443382560549147235704849787121127021764661957445314623643931199770411754165309675221424797441302456401480961075992931918635912940761616019546787625183530639588631161945451079211169823845465867674716041379840,0,0,-587756511469720734785372827572075374836432234452097163681461076419914854948107161852145470116646125744880658797092590287855747142352373557769952633551345603492045275513490325806008717524750472567507569100192477186052381675756939926459322712154132405871477824421888,0,0,29192815803762689557828882911747725125096716880247815465715439867284252727836513223457191314257948076048257230979351400275596490955508918314335913737138040249484361714586377135032630567923875470128756693969928192,0,0,-924367446918534509209650581692160787241408863847864136212920541172231494593109994915788195681839925910914933852241763519288953385659304115910560088488648114176,0,0,18222079969968830774224248134944628522771162168844596514205092410181507143026284980675991922942167062937600,0,0,-204471568518063736965563277233513955107081163060019200,0,0,1 # helix3 r=0
1122268288237694200360794657131232224442261102199740254240625264880454674893038581498738367373470953012740715249950338735798113184526875632555039777669071722394984540669189581958925110380889370917796925148197781781206928,0,0,-3544728768902257630529015902602314707322541619959149392723848245612202895338557528012687611165959222255077818115774747240177868570409312225305596856535263107704332753685915826529851127929745776,0,0,4980741932981332584911323219565719651839791505366006683969451930099051615679741298992610093871977036295543831522542005102440651898237938746260099700785949703920686056,0,0,-4060804715722240575800488996060708672737333899025750849394060100716410004662994618817744756692865615049616397917596519618214583801927307240,0,0,2099048826143453146307868022922725415411991342849237768179797701674372266857384706896053067321708224463800966460,0,0,-703894836007022120072473857463826458855631186122379568806694070070319064407803840972,0,0,149465184941877619368339407499157273067243061703407886718,0,0,-18367648083150351361427021036,0,0,1 # helix3 r=0
4748699769919995465546351459616016813241697620228857305669841279978420994803436529197131969010413990740170527665209901452755242424777141414636918366280992057319227774778423059137332918588297015783079246443644866982813720407489923138541934478552197071806062303240342687245668069026339036569048778544349068393365104655262525956575091510902807269702870053951530976225764979284129913338930594998217318432947241599862759716134001289929047127239936173643545776452653930271593718064570159216836571693923977029778441370306715484315097343370924929657284455516743466191791213798977840612868501707079865487540556743986280773609370568198455296,0,0,5514977147236027092187887770179728878052535130045690141174861747019899011320364443429289160113138680057431159614787769058757709209954694315614105302120038266658282722683427301035962506525852042225143733044942459233757663204094845260529581691161441390161147294188881352549301239999829607553107823258715881448632912089898258273614828883211076769492153577403864211045941419783393635727920561609078052589368412812584186259608687136344648054720349589940481332222259394052532529179985345389158714030604139171698338118678190424542479594042406371071863585505280,0,0,2806707159778258030330379829975372786185544559446918809968752501850160738992011427943731511697910754830580955460373178568444632343612427343818715476967916984389696649971466444746094234203798066740931718943597088508834333101774397347383775497404194357721292514976265215599756654327523437534849619248441072990315987621868305132529468605314719833753095872294136843158540068759734222945334780047737025919688627910214865534451332773261138934579734004628795359468003999154373132288,0,0,817832205718710201375314133010250605061656490810754058908435072818142218894505836287373593461528550245248126424216405165895760904693463421735957912040768703394529632633240648074041241765570573712058244472460176879467436502059076013434670707474352585007670329148270171364183369288326095366423246204726153880901107581825108994550188416571735952006545315544609432933253444456379080348947120618733568,0,0,149284565312569560322351930284527840945658567600242591228336965157237743975943755320053337556100801699867444415748259231757597122063188647997968275757972836998957291229936950675529502832345737036504175166052068067039482858713972861309902495746802942919021650391739850970059059199323522599828240511076279316351329239040,0,0,17486675218894410532647986691433953620135814643377631037028749448388847994548763920542502785176291400734745849359410265461221399934530799587071484741954887831238681554946137001197665678510229085363478604845709317296065531245034324891795456,0,0,1284122649853309681738352529054407723356140229237103927005915467162721459490399918926588048422455191841728774473929767238039615552879361278133817116366917861376,0,0,54071611186201127424684665033829735668277248917544240526092841422021969458495488,0,0,1 # helix3 r=0
159134007275017798853840252818749910661513578223291332308733347091350667169586932977059709012705989063675799976672806343031710713225351400759992612643318336710694998812842752810038434472191661512437109007739732046920042054341921491790528098056537470543514186964828107801533999440661015279665519193157982782430149784871515712867822270566729712060488431022419012035412638409,0,0,-51445642719616317317831310933194530295622353991170836951374085675367364066148491152442200403503943331719997453574797109701304985860739047355001142915926155950017039065048150998251123000069395946975306959866345821173829889797391722401575421825542592960230660309422580573567318338679079571467020816194202466630340609949954516452,0,0,7321581169204337258553634747608814839920206538254258016765331414837963380852014500218615537482053813777412630239528238848171666327968379716177601200890772064835263699075977416841360797664161551903176368664396650685574220453815394903980505437788562784669248660595485169958947028158,0,0,-595631833582472020062822653184445346364982220131105538040235904795348792454251865998861851625983488183699671321031352494927624765710035248757647928492619753473635252660365085939168667703942348687277885274197767977944584567086963724004,0,0,30121698020898304931415440752540181132902027073051780715460129665584554905085245828946944366014950670116878442555852238701973310021247265919927269345779591826193703246796405296417482986923,0,0,-964671326221156454726532925517440211825732396558885069561174490050510320359801418278079509428459416526760329870194576978296634998583381490708,0,0,19026215120315755874361856945502795599277439013849283803603744275638731738225966245901123356150,0,0,-210625114914396842008092858112067747707876706544,0,0,1 # helix3 r=0
35968937624133166669254054997939029227876772425205163701872904582867357831425875361090336786047681905774717416979151776059919670874421365297294262849470691156793328417476810959119193036334289358813144172852520210716152955857863072582436640784356039817969334888796955222775785092157929666061986178248370747612075154564889256047602003680918387342879015369081810142302845912229934307541049830737912853373005458576398940556822794195594254168463964080986675058386392686541309775850767600739602105792474632047071965662182530367691052862676573711393676329719040788817003692742260264678860398520184881695519835991444140888208996179400381808465069988160239634321252506672103492608092473796679191627204571114696574931524219594477188318168369894322270105706563280350310711156410197092869685820725854892073455399253801503909564036324507842222213270961162558004364,0,0,13952395575414286580496661955810636659166717465267081377334546504888911702552962107053092211782823223401488539596204431840704624433444022952010426942836678604802298115293589001014385789368620127175352213941641199388686337888313737766435590444965230453486716314448337860376234722245199545944106965821002349900628280037645440742914009406724539791019289059728260151510564254361789355568438269612758027642020022809930340238818331124806180595037162917496872346309703268637664028573728151192203868539765713721409626998204653065021990166963059565741617063147962027445135855996372319243217384086533160032462776870945975974626603947039184505846617730286383070893898457272916179108521577559635978125810708391584742521944981337607396415504762106821804818584,0,0,2360124298533528370230851482672358381143311880707296701331287496095005576053861061232392816227298594812615613722857129085880403914361472840076171382914514223123246861383577134724221791904254230009662416412264702343577246611394893230682580731778481747599352903657621588323206771685894582675045936686486213674438885399733321044151940742519183468709298287033741567673862805984878835505708883200198117826983785464000940724274514160425726077935499929044310598509912949733589997584891481372934277744121322083955659643391946775764565591515609510582016652645506160095140723445280607734499061208048321570688786396339112189482427159855554274338204476,0,0,227370257053987673372097308836869172843520742677573239633765226078063026279199194413151046995496172968337390029458592968318293873913654746660822760960001593281174958674504654681336324365877200475776910929607628365500374017596135062679498715078033058704808157312517034381827331635399419450489283037308638154204272218899339837764714980311556229989012440938958639571697828189899590451271066052704615996902393928594576629446998230078252758346821323075481780617567683897594146691735227342969625371811782265137973018660040071733334147722712,0,0,13643814665568962459994353491186561284858665245933654986824793125660436338003423530040880215277610291561351635039704618426128156629373149721513810517736118914930389459899560969467677941518687906352857853281774305135278441756144015166223369325538603165421898057716560210463943242612556947893072288052653377932467894780825728073177636720627519906025551752179210975028927104954225294757397751889423948359438659753838410328958390570,0,0,522183100883085138816203090298047552591525264094893561242026806136901891603789378639464943791069248310949013927790562948061268145003920202100542698813873326852574799470454832614742106291706961822134751052925748799287902702854342566029959948091397852153943229586673915876944371691815905798910091667534703226047526358840360,0,0,12447582728121044444592903929068390647169212304977828090370390995690972220179321557551548024860375547566610957013907989377887318766628971944981981787082450788559113860437836883988941068505383928039696759196429193600,0,0,168967494842600559100239296402566598384891193344193443733185961492801397380548282420260879291539748131885096,0,0,1 # helix3 r=0
856314433117430766637380721714834126786746449671786968952798654266587173171919144316278470731434567673235498695069040935867038793695673558070788052457565637874732404451065895179698307072,0,0,46494194168403938702990137455783238865961230999066543471470028598923615754138324570391454841557564609102580786083013628119099481868060013131461156140771727531573248,0,0,895890992219104851371230453476923868698851793064935410220352517900808422987647115425809141903109027661432542338103794032830063311323773534208,0,0,5572770055450104844869378830770153188585637721896429305031644665195335445387877026340361698922876618646805949106356224,0,0,-4107127797724725613734800283090817252265120765857639184834206763182350864228498209230251098112,0,0,-79710700396270639682080485059092299678408349310373767294594507801100288,0,0,256106330732190175247579200395807640777494888448,0,0,1004019065103417618726912,0,0,1 # helix3 r=0
890094641768304938411752859867570476354434686623751673674305793533545095018291924273160185883771869449810685301331774464899156978159020728570501354489928776485947908411232146300291013069144898440740713001862910014809352495947015705446889423477145704602687089089249118235094638342497689,0,0,11830762028676668628400190139572995220142151274425822248719219498938329087761175063501183552862975507587251136951450661285879544351962024278687237960111640581436100421598807538914965717236354825310052592989926337982958496139985414366865814809901255640,0,0,19218794624937878712893916427192117428372941883787640917319278688316357272328247113787398221118448706986433761109351644909897553386023688328255831794186445320829689408368312487491582544123604205364204906267526677278,0,0,-114770085761782671844260244366655089310538451233713377825493177277873242355769716870311715817556835562288446397195759092407980907288839069851346866541498042543559719323253451533026,0,0,104277542171346547328870389803953494899133312059670831249721067089189895540514223213987071036978699635779987031386345910775739980822996756697131,0,0,-1075612224583495541373750992269591572321462418507664496344514231058997108186694698195677334178314284597395662,0,0,2590075795527316848736325716113752124744618844392826340123705329686767942,0,0,-1777248350973748669162680608863385422,0,0,1 # helix3 r=0
992670969974837023899674659171925617130508207679100257835567694733646904924386765401468656189741738098221345564331950660329296593567840945089131852053478328967467643444952681207189048229267806218685567618827597866303129288384736491510175433029549078863034302357034817340092636996054314088951791949478513792224094983729996039534272812308936487706400287187696642722030548239466356004947924555257364549678997368117051757736979975415559760328697502176643827398254089176133217373117253526375637951617658022804316359916300229049354281162475567412443910319565432146052497449105012093270616180813576871010418994456608297634111954308312626678789552415917409070911297632942138158413921181356292852966317468727515885475135016166778398167608780912654122919833212679971573045347291380934926099797173375358443776,0,0,-1445644750564044703311828837706645043880246256024410261742324805438176707906119787494601353841768746004134172826509833869952059669252763359649521052036347021049913523949638720761645850015750858381058245076039263605289644875112991006444462489095023907983767757109103870743034732336213661389815492553628863162512447599636705908278001439338352577711895560722159858150192493484396000295787140377122061695179644260539970256879037740624283203438691432436654331991264340825933794100074787906888840100815410443468433189141862219776113234140931869551619179129784434013364530776236061070001126562753614072658022300397894284768015993071000596087131266677449096966492681914181962530084594413394018533744400226304,0,0,915280373828439712783824163250380883136933220944658280716705690708532132295912582810078005737662423905347530621830918460738275687957777668905022791284915329914817860990419008636866071445547848391668859803124155506541212348246084404559233202899053491390802275605589443666446137625065686844184019876455963999709283089979653411235062071349004116348996710199496410693358221640172385827742530226810039295210819508972274848512330167533812723874650698187095835748102565146864535035185359013375638862559127194869430848063026615307867837615913439204440605073315020271555172022655327874047129129313872787713408,0,0,-328998559046589006290056340989063494964462464056175063121737210232854199832330125343621532356741425607789134373822274117045306434023821997829508537717587514317047419454801236208590436151154682125544171541271686746586891034361207220274895767655127607782435371685340068315236034709505774747394393258941286577465669417120296689009379532856274807034907456840722388605119423301907009365882244052435586340738216907102487453257050435040125870027182288812022007644754640551738122484070430085256281064008278912,0,0,73428122438210045737699357186934755552498472364757696841636769354373825530606249824071693028442885626238390124129175918451907368586636658245665730898832433956755004771564066691525761430399464559838514700486905983579008102981575647582846469322054874551383664101114835767985910894180646374237958022836501750689069709071717117304402840856657516416734305398188239331713027692948039433270350497768255139504,0,0,-10419912188561458602671836939594999400433791705126526201133474556958510385471102601128366489768276939396857328708669377912502087112785828056566447548217290614975503828471270416717298520703784184756276808748527385288636103451767659607151005629155699013461758958028957756646697771084263351183384653945760,0,0,918219943698763797938273339103612465484458541083703048220852486695822739385155525479603751390560831320170209139329685452603544747957045598211394687972208658977081887835107879403338719534947374331148680,0,0,-45949398408565621876084936926306758103791488242712934816519708921141102650164514588151960976326826072,0,0,1 # helix3 r=0
881730228075835891308423586873741234522628337818973623774769025139322785297238611163974493368078099808256,0,0,-193319674953425917208630995767975252021664352609001553728851197271900294613523353437225353216,0,0,102562793570235006301666771639115293579315445748042017080618727630035418385219584,0,0,-23342484874940925317900176038921637798644082108680450824329247064064,0,0,2956275820937281172243194754334184938537352046225391616,0,0,-198501591978536196795962931154025537601536,0,0,7538861411116827533467713536,0,0,-140737488355328,0,0,1 # helix3 r=0
18296706601786076137908940537688689436274514570142267890110972823693850757570702261276957268478858322417866482114851068098195603717406230733519948851237168523199240015640085769636752002694798725181233986468174364921369460510913869083007908643542528619657911195249735748124077347821678124049911826513492253437401380801983188080539936349211614017330131140540706187132245359418164046966565788914478797245150614167285325655150496040615936,0,0,103331727386269878546143068245078215782057379774460273798543946144902542704918079190438929104916178546385876545616244928810785921450566579746088367304084513928642367031548028561073791848449560670107646627311085139835079232389235477947873023879241952225979212414340576588520987502030288324316742089561653289425624893533786509922969461945907790270470507507105451847066121067546279936,0,0,197319639200050593963935604231948460200233855813786941518928217042386686657638967859714707498874535261190660530940527832692860039327468214253194633103711628925242599381319503261671750490922963323614949320343179155534699496297069470730521759299192313682905151871117105397753615226111382827012490458663592277812466704561775575040,0,0,83824403363369917411701121011951848831614618061743157920864399038624509266985354593366177147836911249896905542077214339322229690971516393770567158229747947807368651705324820510620091874395684464622308420888669893267171898231727614199524139070162812360799323335611352350720,0,0,-96015921945647202237922603195961318753835849311256886416357427153416684653251095805044067625489943537592186045198590372154546764545773331140068606317068338531473083042874725587465085611506292633066496884065812095172608,0,0,-41175781843786657710006558247761820492431834947442252517218456186300666986705763010651482785959352098957778519193179155442991868769900574548479512156119543664607232,0,0,44503869140787746564385559489875462845483785475130904534272923543139261497451545394698081298724284307131596800,0,0,-11579620620893414141558304649446092093275463334762643456,0,0,1 # helix3 r=0
9249294987857652947585176805435114632312184447453333172112839664531221902099034216602050741259811222836548018961679960281643993904340390099737284609601738253889517352934357021047760237452179853952817413679365438691703226627183144203445756008909987246278467810513764726369204924331436116221320184682032437551228620965710443918811956143587011909237578277178273530026239862769253412868708818442339399514972925497841583893732977568076096784843,0,0,-9856723552348841690794801437378855441686741735332376025315382615570533131641714828206158434852118259992677757899003373073487904170034604164052516720734673723416526871457040025379699760062113034292344349328698561320069152959947050225451815775094479688699654891250160770605701387843926749917601990846249996068792395417088426177537262916399866966884324491839272885730380801652148050103248,0,0,4611490413431762782935211733106372919681831272993004626776480672334257309850870604969750145877445307012510609526827705154667681403521167057968179183338623523536129286004958334062493077110294611632954915898615455179156273100429180684829302455011750351430049417899060315956081605539869135310583936172925744850594415421295247253677066,0,0,-1236880680964676854076326996611053931703209943679301882031463676540044282893146930295157412607138705402570104135713532676037336595191510572982321039741040026948070285921559487813995465651786846257916837116880173533842505666702806786453995191292640013523458276037583944086555760,0,0,207982980981701347179461731329692808147255362746590846144402694275594216031688946276913535445951907806430883872579500220697421971125008336011132116951707294957440544028271251537593596420321756198738147229938725515996971532,0,0,-22447386883442915651749155710021017169409671940224331149071860778342017643841795971136743947417688153808143047444132615234159394153066447616754065280519460379735270184,0,0,1518351114076111922155327916531589598456731617834300504227165375930029632134285416974985495232205810192641614990,0,0,-58838915098797209730993498974477570666274576840634496184,0,0,1 # helix3 r=0
891171236361270479541687934207473425258835363141187543021828800871964798338905389003233794799372068276001622716630741241053794479034081814781548372934005435573120878628268530521920475477815752499151741631830256398385962378305534928286521919390596734137303534261880543864927219883528728019043322024286846257291660506955734674935513626741652590537889167228281596914519813321856994149166256573299246795969136210343059240343531229593313425332794089649191159116843322839129862942572965834539195057265755798912288894320542297587630698525018292224,0,0,-103194827171951627083205244459763133747556369234654225725008067167235735921960297171973589789954661114239029641184799038057727807430076860387920913337952948052661188257751843237778509876753983929296460608703896015278604637983000891955982445100003790284578316036115026889465441431906062119254304690176910562924144381635466066437293723908788336460858883375560966760430993765577717147636638289848363858010384411561414546931782669255352368801726777291757861393741159232822050816,0,0,7694362569633106419330574052757010522757727712582428009114269049855956252018816733457700940264947115282051809892491985877127431318830531477831212052017153633821674359218191032749208721782268195428093852076462784831874812204730202759286967270598799470337683227376500803017857317248117363730601990334918129832646157608869612664489137850490251853972008726917284740935508199224272913135471675644342013490364416,0,0,-370237547673502555837512717868312869295837552426495486428118898097010637532450679184172197023849391506276273986154082422104690643035701981463971007237615494988904000923518134411076725843485514907774599400630853305464832070412222557213613585042922307284682354190413255098179075965267519177584235890078889256661962615109545499689706586112000,0,0,13835070811345763836266398533496134938153524745965238610873013911003163562819716531361681270835001466932376985294828865546178060405963543333313934346477741547248169245479915396235209340264805155750748637129735233886894096022197015637868110306830895288645579112182685106176,0,0,-370575286798716764891887192055321513908567042236818879779783433196080517648611018697149644657455577621575629474453785175280187339111073787599147282029611725385723174894530618267691801119202611807593168896,0,0,7765096534663789433132463034997296205766550873646042469704540709611467082360962766494959493111011525746900594607345022573375688179449856,0,0,-104527616830948432541189818859937802640614862056676426457218740649984,0,0,1 # helix3 r=0
925891980674012175493506228275174006156672248252002304730048653369153679860944922470234809710083111961632906736939115234915682370036417093201719440003099822707165479303462813081164960355061327598831142927991028372116622217845837326340930911140154819490091857103754518853882262836939053429477518285957113325509141345285285670567514228331013964440468324584706598140269482326055923351555356446861840197189690696663091,0,0,122288890521630375850190242009169912484341253072953373936341139672194285961703589871524446955702765345356311128827966745398197828134826193562793513851476368639215839381218678679425865340062381881144580518897590653981627292341495849680638123228308992254035441102237915933201584043084292401723312622921841947582875569169147126699388844429848500639202617205093170836,0,0,128432617364391773437353545680488648662918669073718463784201364183378930097013565459026585416891740065637752745505057842774198039815777264179776367581448349842169366703056512440900388485132578327218619480939366564217169171110841572519852613727079717291449037661810405699621119771781099117541600925671963306862038,0,0,11980978695837773789015682935158448163768081897880531928972858410977442637637363298595776848709419692486112651848395263818393158619297268641583675536470854996097914264663447356550515001341208322599531318166976561999898007924672169861517576012085669759376776092,0,0,6353471100336379149066644310713150520268997302607044909295121567100199147983330570522515301221319560361517410517792537218116145733964051244653626225434205558040552660283668651635036617574459199338666218571100,0,0,381992367100082223719679140857033725432460972754040587625454994146934065829370669359863433886203281273032891530718554339574625578157177345064258851763588220,0,0,133272306720358501836936249101176218545436565356129830330277295044794906040321201228612670300574387463066,0,0,3989248805735124525773008044830363652532244206320132,0,0,1 # helix3 r=0
971323674572753556328782338373639967920714357538501879760310738513107051784615585435831232410035219857408,0,0,74625962570279637035286422091233237866483972821933711077458182168697271614089948798956601344,0,0,1711297393061751926261198627319561157689867803157849498078262902323979810242560,0,0,-4595952078367721799388748437518004242270472072022364738874735853568,0,0,58170688169044597950343063711773496748345427075530752,0,0,34474857298677578079633139915431016923136,0,0,1283879220430736183537958912,0,0,-79164837199872,0,0,1 # helix3 r=0
7888472646223311821481474208109166337093283956457474710367896050643522795723162184492950148309901726522029475563263432810561126976978167034566024050050555781455016809590784165434346521693135630106586801483176221383369707057000587478617167486687403028967158775057455200638269397682610319812230277524525,0,0,-1822027644389924420876557619729507801883744508486852223339008197114539346434218699488968937904352948881855661348958319297589559426349504762261800767640919214090203160596334188871641866719634684807877295322934230406569787591351715183710640461391809315992939787504200,0,0,60179359635532313513261305978654835547191781837394977685405997085016948793338412052291105884140085062616277589977159524483999974793267923665804745519341108221533237347909046585141785719112759689520577643501284147373244000323522,0,0,4917535077454997431812406119385611708550115798895698089624072314480477794684420877093019148078435950912370620604198045919367598848514358140987085175810455949132694158112709347825782192197760,0,0,114494806931652855241604271649543226013959696243488257933036712464164792436687878103834112950542340240370727133190195264014489151753506881777351450053254,0,0,1967869575838692346738264783160824499153044113216847684619388812553906112470174020277928324233235655703589035420184,0,0,26092261777876937808498075880000849799868042090614603259049418510326024309422,0,0,217695543780234284008736499280603269328,0,0,1 # helix3 r=0
8379738642749578485863252319268493355478095953493649003391333425658699442983681375689814674084886157822196369041202736379327914250735888323761775541028891187826534805290257344918386323451111777209408620081148068589647089329103059876559891593974220570685842467456401753953153195932020999734705383409421881365451975013953974263869735494711182904785018123387616114807111817087099477152788332081614649364742174586937975343719516674048659787520376740500983772695166914377040890798829168125201428247581354242212514271067756632440626628310710573595843832604432243079460188782202711040551975572200273305468152848419479588098214605139738899254404011963712730595304015563641088604793096049440736488795818427135937502456170043601357251229925611434719053120824942465721419393276393106458937324748015341791024358883614881,0,0,-693602507484917966508053723841015771200409592322399810317145211252746922178130726736358012985154112219616813201849938658841393177613044345842275285080126807138446316079310837094079777766735323093804466685973911628899531116529418274409583730005981395066472196036138905468344628133003763240911302936446475108625308521597799811514366276515239386328752727721347666155413868599389526982230465090106859559985556050392806635091652044071840778731743813637708460625330239773736916605643111458467000831972252302993591447079770999712429305283390060198836443664397014582178245357996270721841694206590716283717278587190387555351025227813918179597318315825654842678309547365055719761873115290675405983489121985178351250156,0,0,25065558211910520937684556638229313321605594204464426988458645632120948828949347134198334468310243713237367944704840650753923328554257669615170258334313173702769001387468805843502994769284817715311589803045655879599238717061260074548818649638480965366811073385070626811179024630455043492512001590196347535183139640212890492105774898329507809644788963151113851038412436939716465505007848215228969015722716758058339517074617661975937177621219123613363841369531712051069541258476392383001342034844869776041766429233989840174162546870503826740759947657599843054749140989098812523264697162384066575967848810477608,0,0,-516194426962683367490429550192110035807281144400894767899082394044388816215097818420350097889843781677296509773791099512731617495506082315295953725475951194751857025606736156396205320613736916726525117107109224643315796321953985104242142887469177279548502799370510728309721634812713455279668271857552901767790568699211040411558131657241219437443564214958502681793509598795894214028662023181099965446190114140387351194976887047538101842078369067504119743135470582858560273907972713502291611093047694248226756,0,0,6621097025070201312129796644941645540210195612439352972491194556966846836098854963091916234308530421296413748168604931769268471884409407320235070845109705492587995862582352964659561557926095665090306754997292442959079036692196728453872083795424308473791918373561670825920296117622940787102250037698616985365062658203094878436901274114596567919630973737476614225771145177022839037970998191627125903549598302,0,0,-54126723748150825769833454501169183542010153244022254634211267956235907186740502635260900725566899864791464936911733705343860548660146629876332463907030846245380257560505436291269982196082691442566719790994001290719409783409127188513167685439804160984789920705735493194817825923403971555688028267886664980,0,0,275216418896398912707896771040350850612951131640874324280903892479295939015671129794257083713517485698040591093407883548349749134882227427375594977001937242600901856728939552013587084938902614021469373224,0,0,-795388315239011118868205415946979843824192449301313838257289556111627708733125924459580838380820653180,0,0,1 # helix3 r=0
214720657355376704233818231036778390193070202824070003572426172102630666548205107734270229101157703651536199568542692049815829656770144562539117978867557188198607995996532342378124654406271852531654110458741710956664160684144595568815468236165091912522543726137915530066487677860627027101428071387471088987694342224686538536063796852475546930166593795755803897945853059848448770436142269875797773702360256262643328180882266057973912790588634651229624199979861132093292043355961308451712403821096046944606599144521758635939236796604629039542554347476064541941379054046953927106607128596952403173514626189195200765502661057327882734016239032976314516114825387139794637044692835577718107150746333240663993304812173290526668643259637399732267717854436680172819608990501699032382308924567876089006500817248763008925781527500388492761402557422656474564385077388762151558326741127367178512488514180192302332739846144,0,0,-4250172085748408370397215560032414711297122961445779654325344592366761648414999914484527489922384120908509364216632407303536760168016030909349031319605406341935431931355163382757653466964354617476318895265987585015569908268220974442978305291211398839805753497970407674099533472907674971365536467249311694775793141155683856331356914466836538768371645491151779793763943211238141229949124931269935353215569021577318730704563009566637763737213306436966979116400950423269121307420865370840025529694479728138951975644812470692699701070632894865009309620520816486426099234240445442335527848179035998600316196106933420303215289651801352290485957122189703324456785928132247577092397565809553969761318770389267507006122158710469258023240221466928198906788157483854221324403027213068635724448181954057076736,0,0,38786520629625235511097119776535967657761355102993557902013584262814121231242272272746848393322224896610704951614644516491017179988724624472827366698408730533386862010105481192569232336022385736619463620103459297813523675198952744007000925942841624572958431281854294036152261540292571599371544712447144606310647880056794127366694194296844986260886082699573196702618069206585941517717863141790436900536904844010377090118330147826948212535999418441184225749662036649929133606580399575096528196157064958778205809501613456362568587769885001773097476535464065560622954689380226068059333322492558893507715615700435746256492353617937876241002423609916913981305820387081768543945602000486400,0,0,-211362233537992611538316315627032280130038994078723270239996349485043659628161155116071776305634453419360784216209685861534562718633583248427323066340075671669766298722632389843296132198528084533490541326923003895253089755100609624692697758999265735719015381913394878564381577374047481706861788092546991138989728907285812132037233544941017214569332725909654647562690367549071693257472180886527573664423141254138725210220503876212528480438258057398465968056838634588068532254579353587783383131348237689899179680135105049693477848684364479004253243058372116858553451413504,0,0,749043798142466709017876079985211405290484384216637075218223294376473574434596779498481965272175792968507106344979569503471720163991962889437465771491592229669572521228049375185432692540705911991499201131694476804486610956982502665203764970946201082168836951416983117887905049727895774682059859285938577983047490131373372642048808230976909147596444934184600516129044439504432760905342667295062222142910478913375500162412849242192597038197150952158329307136,0,0,-1763229038391232938264833760705956552598058307606074548114490288828649216360862995939349628268858662196879231157520701437338647025695028420000629074458138538367019941722005003999850825545666671941989170365731022735348763662877961414884772030806212652901749734638683152626528183459091089272504903052797568054669563492271698356744443460889608192,0,0,2689550418857352477611300767846324181493816666725898833940580354979003831237122711487779781242255659796928544830118683508905112934292414995368116564025311640643796326615091609489619905022221523931648366886046859078526709962637312,0,0,-2431200820041713678519107449638397610776939339198041298710593951381632056178614372333743944831202481065250766454784,0,0,1 # helix3 r=0
1646701399552609358281825309508678187855982274328537732374856013206857149977757570519476536619312492726385503008348420946699082153467345904009073806982849710245892821888713347595693908444297588049328884301552285982506822411556589409383533750819562661900383837993972742712157017425206416,0,0,-1743269768477686606558957662094511467778386633473142988855773564289327248574776750877638771264326874053535968938793479721238238208506109915972008601091282569235220457108828224118178835327625785370653405584658783223805421541115629716518914906736530752,0,0,-44141140659196358376364572150170445982421556526958979398438294678902490043559772423929752187384912697242727653426409435766609948486146725165382248177073330632726796974153207980237244669858849975069421120912868282168,0,0,-48584488617716301030067323945482632121695649385261748617471193744749371787059155382428115899961832050561851915387818872017402462544212486764976160685411863176931211153570192683936,0,0,293017182691513395415053586656917401165912222172754409360053464708744343858123181818615040918379457320836706039426279112889411890361387990178532,0,0,1401825587266602204072971291935784460019521567573619563649145058815394325459739413093655744314640564592760084,0,0,3028879502096698772022278878664957434625342086990190289286774441077104318,0,0,2717716516228025088770772599428759284,0,0,1 # helix3 r=0
1588801108359513958429531660907007645960530117926341649429826506894358607033483264633523266648151328199333805964661734771956909656291340881566225691795451101434902843745371140872583642828134121262190824845156696751631624248357571995778413848312571543583105533399817276358622361135539521734734884210096985439160041560175547419650843389,0,0,31476295749662973016268042137661416169220482593789366068377762233182939711535569602960133109343230668179224361643484552667130107841120552043555876326549808455215369896358051293491121209426387643950111338604318918475086168769650817423419637659578160203285972334270290763187175650240476858644166,0,0,265627757949070478992261600135576688788939986925838212496772353683981558436493616399819252807125461162516926591492691634443268035212866912345845478031825932409628948526084313633731283863311574461283694073119130977256249732061763480517702089390124129319,0,0,1244351553036845411208720728015397263733251297758366041577454737792994811910307297825497851405232754216246672844413507931074841937772060014500340250886789190665361043528371995130699950076576485024733715631723372,0,0,3533522845575156706901865099068492428478384570349144657319493305194477203668813748485606567200320932678152082984114108343376009789665294680366861766927738305933422270076,0,0,6225471734461824839006919587804546036382838007039841656879913376486184378369946731288782443985995812124485007081493064822564356,0,0,6652518013325458012846107716544839573719737640589085597688475463991354419520709516670,0,0,3949902433817915021076766644309978884235940,0,0,1 # helix3 r=0
394397029,0,0,1216738614,0,0,354912026,0,0,-1083053300,0,0,515933337,0,0,-110671352,0,0,10083432,0,0,5938,0,0,1 # helix3 r=0
20927096989939662612801288289945218196823496488648477253616260605617418494991760048819039096700324890489023129814626756821756129455983500467226570192845861928214408400487439186139568731666285012981512460188058430149531821633268491176056951521675233765089652496562688223843626607066929218143988661251906133138525865115581696287970298629124124540492897191313846568082371866396151160740700834916987311215214922278136772723236618033115688813940906540020709874151366204413977971628032254392374750220560043783331459739978279032748713429569515048424134929403371297686222081599181631266303380830544975372854092,0,0,113659238600754875525636416163174792808643960196318933984875925742720909950122068197087012448588754205232731776592862210131856152697711780602454483935968596599190548495012801733158111560716398451713333725192510709267407416329446529183084978966057492668353880899592448058693272249505412301454245163497735421127663786071153684310546603040329349045841187710674797143254933031154817939128856203365855738458933245567431796334582011078585594793777135344993928045898926600482717854566331392032596047407424611016844419720705454862840752,0,0,270633440713900155797994304621498766293048490575795784276292804907950294790577175936408370788576229562753827062723793597875602469573837277075550981488152204604006004498186239810402493030712297492642556768790261634291357163946679896845938328521986190876473908261812412472929257838042987886413943543755011664262255078657380375210497893422801077657886045230517932569982769293406212636245977117041821793075377796525322060969382008875652237681664315604783352,0,0,368986736569383598552238352662345603085266716202698592026168919317464980419117167424638199438554588646693590802113443126629009389723586080534488204078556421291284713481945532886468873797455671633192714262873618750118538332173132636428359686722322711918247243734930385233445873381205487038885240137718796807303062196240673381023039782452101187833615175174800961093517493226352784,0,0,315066423643120745077829265765894876101747228083512091005556665428495797268111209076336740450069202611383789398965344370840079901767202620569666042920322020650959088539830221115916726287577992101379883955918612110751267896966901167105617686363400578024466763941680102369562403959143531611870635292974588,0,0,172524366733496803758639247154690271292890721911378362253279274253755734856897910041753979651240725940361623883664418002820767027841041836103372930685527796644140986720182106170298260616425591751599816643315952122803110464804736,0,0,59163532072084841221365313931104880611469499408899984699375984594785534207542021594171971163586563437022968635053814150708416053506598134860436955599720,0,0,11617074928608676553861094729223780998646710468321428928591268091308840214424,0,0,1 # helix3 r=0
874465935792773961042717601959682445622872257513719194085665387770030616687676630259925382413858481750415807330823692477368124743359136495293722464376463977241550806058736006955644391888545920750082824834243322914920050300801100079878850171583875165352558731270054414727440141300358600064628485947008721144229193496962345607486524642698278110888459563319980216088402739055868028162997502683895060830162040606476796926809919224715221236828366457,0,0,-200858633261552659510945456986532138580646800878070303259643280180852805441635876243980892999503056116431658685108925319751013813976404636715371704591274443671631824284912479144357309733921489907351290934446370634499034937122477189281892106635391649864491753569399169215099724508749989646512294395008412304585218164521446077561981773572004096847595674416493139785888296206797309415401089792,0,0,20909546488414499988952288255587442873222564969316500114183663802221178742002500077041923235396569606780612539877905506743847528800334329993085866297450099640811544015355880103207476508162254216774601070035507246371829389766379116306872762011279370144526036349480473333287101957079992638034524221724963209710293248889027274246171760238,0,0,-1284790981636936463234217892613708341189897865146751653594977965518727535145776979792244444667105956384379179982232587328506979027901082958860815120047399770609220781313743094123123906501277484767361114251866063966314631985572687498270699677737395665972938170570345592643199607712,0,0,50894797047197442057140502036418557148496947322500581998162057092316646894876128912129493965925259355297617449755272393122460140414207124583929155273192752461114972124288168059964832386891500788729918451838265033675032907091,0,0,-1330168965613653017710944299281855873652961789813502428483732197289034509581284621562104386177993069234432149685081869349912073195155470901657228289879443296025215992832,0,0,22402223955715695110268650517895230526880616076195008344270783703432557790959105400331605600606424358294824262254,0,0,-222486251017199091360023937101083101211120885272929055584,0,0,1 # helix3 r=0
29960198410081475425133048219936392641605670973765875063139993457435521856860376626897834255236529418505655338833539943916216543283537889348243752949758107590823385187250460017605405992017248252705067005592623844372347166816413068667995356782960622383739879422354397452063027949,0,0,2330437747178786665435467494157292862976867355531033290011893414828498189876126265587071226558573903650981835021666679481252235886213453708005197516589354504445545721242014014783791870757368987206248053162826788795637658755396258402514233845716,0,0,-54182618305993214403721734085170139776024399013237991260463663230013683073311170323930232607854301576463195953643272524454041908570397175736505887047541407076472984514971795763796215817557356554972794439814,0,0,-3096560867186133538683785268014710486960762579251632146918946946755070594397505965529402842001945177274035863588911027522209354099578033583857306515621557976966492099139831848,0,0,-23956629483975845233601326453210453650347778729725767306689060594445575093823786956815559419853612718431283740247196227538325747935980049829,0,0,1421780899940306217045598147714599314163793757201517940567205718567899795018395588772286183806355961163208,0,0,6731307575891051638058027842314630178481527742631229308808170814637098,0,0,-234922432210024666516209586599702980,0,0,1 # helix3 r=0
11442737554076938018171471365049343719766187966459282229320008138242874699033683244221809323548610317607571813886859392000259557123016741700756547612662799266750858058667514300946432358681648765476462522646406914032170728918930711769634237236645108199392340473707102235928785436210989060913819903861075016612888483068413771,0,0,6952869485858285181890842796467651785918556547759427082380027041465156037991028159609931948535588459135496561184989775245638457079626906241244491288748539598269339535574560930737936615268342968835600545194120273278485816022330779841738610670557456767497200610208084653725208923402340,0,0,1580912683289769157069408171274004203204031942680272449826546996851751764508515298482034002520923824390744939158091013167479508015122617440866194714587557052568678756784680233491906174475449139988190199971025182055333374452896375954555609193984,0,0,138648837497934971961454818831597395419000336150908497949301013567608225464874909460731483301614457000825619382143827989619612599786663935128187111929928401788215204645679375748476214733675391852360670880,0,0,6944627859293171885856001018304707081052195474858308311057081959209925557224835077625785281838450205291429227109057192584684741767544477126660003342330413263394232,0,0,242225637125351237781117951891291196854461005798598746879273778988592904304475478207152671302631668000112592920799126338204,0,0,5908113673000196282184060797553969997500472076771112526175826326291355775547062248,0,0,92232709554551856149235923168783177703024,0,0,1 # helix3 r=0
509217533533125371782543215116933162704829888469823261185014215074637427166836301333283335271417566298093397757801450385585761153757253466468052552817690380095412927823966262815214923253787738089309454175068996984248254282251811666989062562849810939988817254977895990680805805385816163892251625461276741206083477924280310721357676839600264710902897448692196176641006275218320338631972847511582813863517062997828537461468687828051867392841547746639872,0,0,25213146050678954487641912505877176064722513111584043110537109339347310451689057685839646159854478980156782135737110482770283666131979857619488107947976434942628426441315212208340883841886611367266813678815597429682954987107142563667680380333243245517407480621319187482036353274263043984397247157646511087007118428918745872883877804957671729404717308016141051976386882777038521407483303428096000,0,0,547031303078565094798031627315296034196690546348350690430938973944840778863594311140664648742566244084339943258750811659244000373581299625010999668478100212330917695444039129525012161633802583230802580116836351367410629605513916788441984203693139984363339044967780204756042624517991469121181657865933723513146556180591608176960718193557504,0,0,6785625114981749448058805135222502988703801490938825419127151304208592850726743034083237698553173890915919989422340901948501677783287828174639207487719188809251854891456951469604662521415399082010871749775606141953464026698758257766758022512654298583490751906066826554688109772013568,0,0,52519754584009630395274090970752902268560149336199545364982814125709744716406014147385554587673448483675271827050721279730307896629067739493730855385427617799039432538868479670280170557986725346922896790737954361069598213668864,0,0,258890323127626143100867291353975065095754667134397230129014311698795224259161250357944102009091050496522939618704275823517153393387137665877359243620976186386300163588096,0,0,790311526888077345716101135623429934945685243447628100161044594177543928610396388558699497109333224548779817959424,0,0,1358111616845083803222907762284214953929980531717196218368,0,0,1 # helix3 r=0
4032075209233446096085513630315860657794078875200328848985838191355599781363442096614829234937563830928311539084771744881725000655160579881255559326218074526094344955833652984023839793828577988322735302438758727960909012141857021090477219187170235378755406481294505707386904416756448988532139970580985403856344150009709112721493715499140544697571529428558240839054692915183867439366102969939343428095281972933400358836390235576676476586125725358911950241946706624479562998738398301576168259771385936825086193292441343755613711208838871435156440477443381020689874422614363584568858574067093472059736651376517360798828644567205888352309726474832127028125464431893937354441813303860732091878550978170420515312803779773162154394819253603027024205521916885077373141150349938993383720902990977341335896189857285174863102738432,0,0,-11388954185006009017643966596822336244797921220837150590068137321550500980493836709166101522549129158509048877399948977062198317328529806218651429380674851866387405590170583288640347364964875486626914424556297375168598723746771024153663581196949198062967784491439810119319809763974752863407969546693075674618085467486740194263696179966092134164833248116378407807488563800585991245058399427605829808486249873651166766500208908406368369883927996871039201924958414766116596658303707829014769588234785759239534515781604209665640927635893039660636555748585097936982815994054474141928910281685745204488711399925111080489759048712066384881847540963306429423369502940635402130450418625641955040063202116129300353998355190251520,0,0,14088168391243436739732905130672584762004542044351220839772119599879016089140338095101156646622148395141377440941550165992265694149751493122545505523168595831476053098087879830319952432598189177360420845325417676999781735808081478663196806854213379700048795824290351402011658688974258601667161916821965546969441967917002424614500025254369593303418565759355418943147582615077528692495161407356178945133327538073026726008891579940449700580092988095522842252806414235292033418830764147466513248946233461595230401634963310266605525757906620639206401142912002037358707612858818523890852208656030447319198766323083652366336,0,0,-9968052469747232210004363270821558698471727011466806310188795325145137502002474970691931862290795052755637625571473249540959737556630095301476495960084922520685407658847116386055304122477934673418498842447591969434472322593585168162242463980996312868440170460323233764316548569417736249527645520372593826772595415239871058673663507062277022672988252114177690431248342449784729036236152192730179563085178111301640414843627648617717177336131327031444802864742465623659970203756492025779622034226814211897869710917632,0,0,4412213856272319935236191900411484161996427251777033256332966217224450200750028087858986455881682072243838205334691905590207633035652308233714521844319839788937673260533089350978405097770451943833486589064044420337859466764361701190253290742974991564874643299548843236791973036067085166200774593552713347812255494960538638916885504596086967672168911234877303790634168139108381409235520931195831511426153689645056,0,0,-1251070854590945165419240692472895526999721464680707810585484634942221678965502149125227266689232436874257908164649315206854869968468606310410938421393300642997164694639577710314973599794985713986778968697993421432297846504941662627070796832213048961362686680957442785521475857656337416876236941570127626764288,0,0,221909746173245342463047447084840275172157011357498504575083295093369510001087578577234683440075779235667569814482470724740172154858833704155569244652428852613114633005732392082540134482479653320843423907840,0,0,-22511943810120757581157379447098714018617512707036847820066386885440410599536648890852479587414481829888,0,0,1 # helix3 r=0
559594126267538769993625212134756628180226852856462458270304540802252745574237286267898970728985244388421614657132492384014102457112454878249462202081536458169195721771624274187870359060000322467497529482529602148662970503818265559701853529463941188979427464668955652189975879386612061726839456010743699147661443364751729540776905885511713710989121356375729149179909426009040156998330321,0,0,1341673494263489622215148069833927994920916915405102426363478209376958871204188917958923875755179490746483438378817709201831041815400497109379184827076302665618784292246454584004087090477669548297858241021836060413954092210249146793829794093738914849660506152419705836534543076857354775361375085374093743316813952563603655621926930563204680,0,0,1119968811568738351836600813395886774663758665874647147952837863877920824225540336163277019537998419023835176446450192431741560435362972526426318087463803591194942858408439428614041412137981043432580639443424696168036963698326489945273850265023121150081419387780836199244274476813376137097472,0,0,312925825063127595225083438284650587202406518853258207256781195849531457829027548435775128145330899657834291538235504986686405257051329635565418077009870816744801502527327814985881968684837072574398484371430635816916427021101760563393515121504,0,0,9743572654563247661346622747960126810457481985715366094496484217959229736340673215405387216656934068696570409635786170573014859854806084147831655637728138181118914659606170514003424250441373934,0,0,67074938679977448121105428367561696842791805714425846905978211084677055166179891673181940848512906143766523174750947843165011241178078089976278840,0,0,58573754895364060850200843612588331689411285712919238859666467455538555538612036927685907938168784,0,0,13774410015092954051280881825655249973212800815392,0,0,1 # helix3 r=0
130056066441487805015547627507905630157898804878170068480370695704732864356768505955760697143611511445668958609379084339173482873633951594717575273129659626865199467533590613469879722927661362905709426875391397631001433467961296504322075335378440469962800475107618915013591226884249795877789328709320823183263071901734020845661790232418543736293842484780548736963650390553554418911950163745382772444590391084854367352426010021136247136326531137975578069461318470736371689478752085798001620185939228301338244695372809611115178675580927741519116044944730673934514385357826440610993095314445149501296743387399170506716310616443729632716675900240106152751505078079427730524193670717421000071881892814506711740519732830472483879717024912913148218228412275228672,0,0,-37657590534843643091046632622888477197175506176795217827593884741066933907246051402890070647989170834975709899575951943012012540356377121062271908173696471021769448349317119370031069184602712453901694962899783227432601259247061434664440957916871538816657422560546985781561475883001217702023194422685182291967327243822643247167050866811967646927886101882616359015947074040764311780061389747981984086147371890888378006779543186883030504975724889227895828244888416371716080823611932553939774009247626016269927359418266541964454327232630572850107155643117572567274907499338204598842509973766543292601244629689273082761322452944403640724157128992340210328668351758336,0,0,4943938560705631826094450034389623950787940856112557671912816416987172105665862865893910810703510869468724964552154996967302943500457973296640164806886284660769917888161650335776176194471695399552395737717763070913052886161117202889227225167769936183598820647337226203863417376964023170323044998046696048113178128425799956401517159253370102640594548694783704566502167716956383802101387857002328915838236679930614569762199235803572907944813600224285156615834904404732174531773832120690560032122917837074231173862350806195725699189344368630731332093395782327786505502720,0,0,-384992887516696846197739319481132062154898614155186872196964598206608900336821352546913684439660808472838011257696792265248345849822465232248155611275899996919565339204783760378712431620764813894271243898567834097253008516754296324695431168802660693360675067517296976989988943953710752529638823959049510706612034428063110582872144865765335522640230557932107516223799133257691413677308025517979535636441740295878825134202272873202479144694513738640595146743334875458342748160,0,0,19420720943331284434642798090141970224386869083078689253465331956567637953921483662898006254467904556929655204449811360279955292750076873364281588181845412890931049424382772790115994443819959041441804011986988934827841988917742315942742109645084037916029735980790550836203648812641178933866774088043554478114004448264446523156201526556955268446013048761959517784626759745627226112,0,0,-647903865702949129544434389012231151948919505342995765254652152346335202710928953031201691369241976238544681524607714763319037868156114282719426273751192213038443312655577877128145570213796053978603467415259265029233791721728695177963507230607890800661159894965319218484300448786284544,0,0,13921561674086745664906972254533404569173680348184437356526067179549517715176188905267271384898145335249865629959508164019083181191764879051900638331525598578709586311442442715808310692413440,0,0,-175882751454187202146113624722917738983353473771727771294454749163761194932063810580316818505728,0,0,1 # helix3 r=0
58509730379769616430432040253581627460604242900642762378296588384162233184647843311863610622203637959464234147189062378725919720230316809683065965076684929013845066138419785716556624475658932252989486673144976457553190267455966627870859266488328541598689164855950278263832576,0,0,-56286824134092962246977687130202013791530332577319371305861018654938525638329800513183780224384216345865178678983985812083186767204920911141204920649711102013969064999114759926742893321168684369214529145416339836743859051149147032384186613760,0,0,14564134324302492263808549067526394204875649314860681995260313462756205568682537820414388073258725306533293535590486772564148165575211806867751033682996335009524049200979207395555326419002675979750129191092224,0,0,325615005287613084060606243061479994457403005273347077405077502742471820154372323992871222160164380229961767476570359732535397622728888478178832812657902873680128196250435584,0,0,-18460434069507107899079471503400746124019983223915268887932260496621897016156594260540621272639005722261272479180719502441961219496364474368,0,0,-104675901144635488030136300173813575008070710989214658961594691141502587206123998420792698264230698156032,0,0,8594395296541278462367132466451526307411942290416686667413775183773696,0,0,-126969014540364332909784702302289920,0,0,1 # helix3 r=0
79867882245448443099650726912351652838603234304109985917576507456037670032749153949763095518014481656144409862396020693416020400164669917561418789163070749055402186912834138965420300313193944802335425944434288649615527257438375963262889126022319703426747726881672754755557750248355830507956687364383717060439015684405217565517703554745752309949594679726600483973155669795667968,0,0,-1138190927309614387804739311661594105715778967091401829465376323039025810401100353633325268873472884806701361855338866372543652840003323023936962770805299964348696302166561028299879835651837594333016959322362588883124484598431677252734061971979409959808513057367239239672779094044356725777190794319124881655937669391954048431685632,0,0,6498892092432713395989714796388142123499841498481872851187512650318733147913471846713587280474976047654291466279338221790052448583932514527644998800071656399935472109225286019494132219899167093434448933804392284896493883108459338320833770768299792055024490859190819704305749384495104,0,0,81114347292896444382187786145007504363761408326259625640683447076115746272298316654032976986500226803296387445160425192643141953562030540712984951729439097991914024989118336813447234793489745503655433990139976219324549317174342373605376,0,0,-1727289865033006690519106116895775664037038785390600647395858440550456060656150318908696298409043304098420057472994045609500460232453990760674851434529765526325699129122094567204451791142912,0,0,-7329708266777566268497951101644006675406265354191346704995953301979462395544001893974741365354866587782783823225469462176684566339257553125376,0,0,86899901714735569453546583421694283779665888184533386300215102429058716570769842799166367989760,0,0,595412453809692544868463938536469321792400392192,0,0,1 # helix3 r=0
307639530717461089411290734208067722381163415196227435125562844851446155920097120913208259057862661220310873101343429607387847684854121631160565783850084355487163492807062137245381022194311982574002774254158942653372269559744910276212058556684228081648575983072165276068500074194618049674432895696454968519257349942040351639881340338102290650395762036372418996231132274036723009517848435735580451623159099410843826037458509343608326725008,0,0,344495142776981708714472437991250487447883487223203031947383684111520120544674896043113481022664303828794675672917394791913958979169729113251140310459529529459795123460540960938856533710656065443985014682751283428051934373098832241209463265717776802185508093101659861018153040963578300864421764681033494442320017880456174160596667598390569211422530873094963400446613079779274545614400,0,0,199908638130112417759157658471779626608825215885613397044801675375858469156796593285678453954586491243479945347641797487953330189567248658823960255951505722010593456668968588818156486040983381514018158779011638098753738302214074966974206636024657606350094283061344276739559515541147326145304645863687442156015527820603478270241696,0,0,75364053078486624684333115792071551832429535211139207284099372131434053039951955737992073108268475216081943826168867652373713193006981667802297399618805940032932377094527798283005071152513219462438086533632849174263618012828976806905268457203177852165056604150816299077075296,0,0,19955750040491028967681921784835095642285812002013183966931902598424454012822635066833852163618162289287762338772749840870772438457392043652148348392121314482837997163865162233198454337155678594957220916042603776893372536,0,0,3697652704970297091770316825688449324348384661420860337743706643404645735727535928069956937662335619097370656593146900836735062335695870065282054780125972555720802096,0,0,450549895564877587352959722472682890883988514359810455811601335683436740947781659345561245696899742125982203016,0,0,32005053741523364993828712049576113029862686066757409032,0,0,1 # helix3 r=0
160961861036788825869328530515298414596620559051687097511190893930743135752703036478499180620671934422980461379901066914711564112389356849320430725471710776532746530680783979533130022889124136746596779559587527869733244703635276915372373197212625510694706503692335766238186456522089744429125494936153610415964855414648432177910424121293899820511967219515504637385233494420040048441487383531766677857029609,0,0,-3796378221003127776959549027953718388507626730675880475404533922590584154663581846889361081747710872448149461676955209947298778063824135791608933999168326366802584384749364523700041856080075230013120302420559951828296660930460031166066777002146611799302105371106664599956999371094097888223236712227011236938199523250761269011417716053157744457942356443116,0,0,39257971524934867661605166146676727784409261649806003022430612442832275569150982579257334119092118538324645270644121290746749241042059743577522179392730115857531163447181539394019098565884738953043754556869706888884138652136709488109556923338756951112936773211236632105284611593752284504782457943607992880,0,0,-232596384565437649419006889670046572954781981542490662211330371842582123753120791829460662803695058341289807050943320483104037759310707693527635671366557441801343802630178216373960076885038314720612215881714425841056637049715260865204147898594036800002668,0,0,863992591085003149195101542985162119835337422594027434427348752508800642095143913551762343055768766842741780861757344748259320647714339354104566220394905206508850449646037603258310592030561611028305705270,0,0,-2061212559363575731048649621418088237776388541728547492816711156084709226626081287591844011561191011340780027341641186217076047439959625730026549256062036,0,0,3085254156349621319883671786810487538016965674833714608000050703209243538572008588017533390421104320000,0,0,-2649823991444105180510161241020516354841332262134228,0,0,1 # helix3 r=0
978707473199914004787527326137553261481586209286841564884183565707387575543087936870749800502419424797665350993943521624533187054876633777264990835917038756651626122714219371322543173896036045932130385606346817401627046502744111591755661475203971927384714473414561431472199261025839320865335122047149918508146263633306195241191923840512150309401152629076406255493945779628611669290268363703833863503003278621241319443791367413201775848834575925234588049418635637959174637929950053843993326218689922857993959458401470503302233600707377516963146967625810914560760268868268714146297812112408841252927449847635865249761427715422386002904661696181178615180633110526551933321216,0,0,-8122824863548534153685572032148117682699201448034179428712270779292623782396017335882215860679978790273994746444942085668805642362691201898413407617270026473731281639245543199603244660398922975724756676433483548099602602335413808658475104658869083618127088342849168914638702210384149548699867208779115140677202305726065399828698098438258616178824538971402234179484483225214028939906102837421285813341247484309870607873404050444994800054633813473274730629091521230034833985273270487952054687929152447763771317261368358261721454839660731416140992894291255121603116178631765245079678250647552,0,0,29147189655337201762024645523788064595760507195056559113497163468499751700192728217516333267639095885707958295898423677562577964132705303795528963956780575855121151487162654433866983439715806272626951142435315916159577244980465903230426612015125886668635038833272946653323386052246004304186276725817636086697873779165901806582383996303887821675839978127329677685714175916937359280575526215329971844410808055882662966949969151416585612968317221933998703815860802464287411587128045713380100309013705556754432,0,0,-59137161621105888122822507809732806101874184435113861022762008990023819889776824831750211635992777367920387972972845958659568291989764880565575548137637036470864009858740393037867603371729122423959837548763775925963686225316128378715269668159117443775041402673888439924751458167010344210769362453753154408135238843769588199095460357126356587415917500195991587402528905396588953851230103247317550660171324815474581414346752,0,0,74290038473532861176811484653604848827374523096561925312004220227450302700770318525386212717422514895964297601325773732273144873979745670214379392056606121465173764668042549710856583440636946754630143279822878117590998519230666151686301924068422093188060397734431738849488619143647288799859078018203249344513434895127560706249196308529152,0,0,-59225838125428400258621652808934421885919031494644927368774784722580147245452643450255404019337909348646884813923042143647375591119720920506785066523041043579223879227808396549552577708755645702749368618111698838199897299420836991135847245718763662737408,0,0,29280824499206933623596648022812041714410822511008774896990157945056784025649300975621842293918557107436513739921276016882107586039973872120225191436474643454390406479872,0,0,-8210865272022766051060815519125824707964434138221831710709509575136638294008728125440,0,0,1 # helix3 r=0
98761435283592628733607268713343883419723258438738197403397666153774430810009042222454787327562862713429223245691073599512067603181951396987228301119743240487556064712080628116789045394045205915912987044809891730119077,0,0,526529056204475984456234906013602177310075897585937864617420414327797958491852735007280883219652692198227493535957028443672000046515171370213753313965023277530190138357264372100106190004477088,0,0,1137978485870525155885664954903282426119827143950062807103681978165674928732245337679210722127364544138040170502030013291050139066146977249869017346416931827389103856,0,0,1306895399905799564790798188662276589734746430315481746718503596828439710059398612976739363106132337862499398729446779847208448675560657120,0,0,885744732928283429771254081502145927534570900348460110002999894979539547653646478681797380393747643384223719394,0,0,370979633457000229457263380960573771848357847399109393291302292344953637059455157936,0,0,96409918620189987616069704535962604094778710168314281432,0,0,14592823380150473033378469104,0,0,1 # helix3 r=0
390764095780624872194049297187856775376766506346079683121956967774237353942688077188946440472981863000688840566802684940126171748621683409355108259873304152150977702957390821342671738499683636451584564365977020948304047549661682389996417982322152767867248726140287075883982970119184700543957061875235605971546565285862478254055545561389838691179691914734567130146035883658043586489239373854278943509762801728000133001689310414113403704421851543191799903592477941367378525943733309576274885628897287357509345928782378888506834533214099107107882988729921116805633820819953836866189354451957,0,0,110422654227161064840645768460638133311801505994973389401157366138127855531776079819945460885882627930273364218296519608355955209736732425749961659066053741627471320065026236378178782705323899704810285976480902160325869873888622083457216036620319874374837799656655122349193689756535001074393517014335855656136356776966250545664458424371613285596948414092740885987859172848258719500246743250412797238960100040963626156868844096987832688084262156821688941523779869249684579086235557918114322079218864813947478236552946,0,0,14040216653283356399976040784583762567000952343241345586123129912372790267000983344932375261685433776902695704305864105563722005116249055642773600220383042375245190060876773618584856002867405576845772832850350384300397136984734121695471278118549306944548588172522184827233574559508572521738239998132370055628466731843791736342977054291029375476044393197495366351737033649078727486804851280369237815367670167557723127346671893785353066422553684,0,0,1031931011719184313270003922389885611991948729356977412277851756589549956942465128760015726922377593341916037238775338499919601572046489815814553134933518365777228337547663802500505134079852913022444606871030713248639560736934419491601856027216852639065047143314420719994173734976245904036850650235364061303456697243273315169353604528717408058381539322187343066828040770,0,0,47226740860066348278065056369906566076291136992804909076233823183629018153258948808129575833834465581048431409215712016419393893348871232021266178496978379855254174995784518532487114732571774130946256740911435291806500777896155405985991469884362984433600325202414394936965959683411983349190725730,0,0,1363066445446672992969067502646373035353211483336680064374129707557827072175097574601408281893259642641830832484536708887637725073242239990673080599579216140339043544839510022659371286565430106297632499767914741951693771574,0,0,24078874297331139515891347001428700276555869775003693907181875226566267252375790557387557798822191070366343443814721206345165049404754278901916493540,0,0,237412955663637211767544645751021960711790624485776317265570932500304524790,0,0,1 # helix3 r=0
4970034258974801859564863858882714196487349321696763473737212028654392313025246219276627686817549266281801691397136398390988468797328067790747047,0,0,-39396650327879551352277106181657880282208800139711232499664812705987328102209759413257557361849676754043022820738852479741106486,0,0,122527513698494026740869671555967682307727925565873572561394104256527973652337711457312648843004805780357795347,0,0,-198422439007246698397414968798182835723709203281272096107542298889403891715702384343701283218,0,0,191922749348120146289292333010698682849340948768090779209853816836171888792,0,0,-116899915489834633590097245558292413557718992646981878208,0,0,44656551346350101018439669897682584758,0,0,-9926809292862097104,0,0,1 # helix3 r=0
2432264182098007740392731625014168643760395347353822133313019333916944248637559239863123674895906219663665748833184386204389823525071014523666040341033062524569964098811027724254583487612713338592387496078556865834244895020240817191917719440167373946405446643974944186050170314663767981272953053609880521098847415717577213162390947352345318777735819664230132192629739743077301615632820113977543402054610929818791867710781339510277230217655474686360849977855054895589145770922396470381618506401251894723034000988143122251525892311819042661554040226561137031779811049448206732201665875456759502154738868523478655747515808324327573140467328490075016042977191437980084148018393368805345336309855191564410113286913205388056228858571231143153201889268438157060760846467072,0,0,41312993764097774500437263264072904889722969285078622991370856983716281131182864441931525951722937769405302001827512519575869083935500295089438349348035971529463929191895925166458923753909047985978174312061442564811431946288668456906015404305573329055174040434445260715721386385883418321572725451312416710169433652464384738929576829093359616880017449554939783805411861003681325605174735053976753692023743534635290829397993056444065903871475503716897377280366070915438349886649687992096791779499280194530292843359499167012793935274335398632344461845627714296932361284383186062781459250127308943281418304107556656286965271965433315875947255661808347756516354890168822398976,0,0,306995497503028243389480452506954364163476227212023317646062910279157990450050543689869837372519563938547864539577765959741326283115979803444523141154966699427478947750219163983644992847078933675191459768559636639917887359999484138087586947612867988705103883246867084935279286625623529841808191956158383835660755575044141193681154767858748611736352448465059413824050700728267885175814211565531608738709971835392317344940717649066683366103342304493491457709657043365572678127818670180291374772809561791844587019107307835613837460672396739032930586856029628037690935328215400448,0,0,1303458684259929585732089792747730318465770495761386779469950398289805713123561627697440737518454279672176746750674979686474195188411919735165119559497235542162933209928750657157438077199695624080165577024035465481593241144469982546883250848985792274200910652685709324281953336530026421814619954389409691620231019754332908240531964368764779963078142395287689904505144762005086740538702120336356200935418690818335044174625946509543356352119442128564804422715302379251394307602513920,0,0,3458360994664160743004995675619038644584951380083715837448269142876048617088293181893432654400610781753622957554094554935204263449477006936829487943068549261360165739511884644423608172364480523994144297540674964694404840547755258998430459629928882910162257685845800407647721348199019597585991061546052324855715704908259545335740788155225322303650025948073863488268062306988762423361536,0,0,5871160329320274439168835132405825350600850829838579291118400231264566677565058793326657516175559312704310107367897319603696324507171170234245871728192457708485840811110947993390672707144544695922671606054379373867939675326618974579498104638809658096459192195382193235877802187469596131328,0,0,6227787928017373101395327399536178612614828751401577603297990435984416167131661761863526294012794567853699181428830967000502623447853502363644464839412842550461171009704736936873958681218121728,0,0,3773637682377445651349962415016780470456144265517745217197843079058134902112947017892744317108224,0,0,1 # helix3 r=0
25091131445020404499297137439568952129888693280875009822134695576387793985196826468768877077773408240227324851878924099007435417026183443518623445621807533210999341527661953655512887234677713667463943392592267608907294615578088429108116502257140083005198234566072387965550592,0,0,10362769793343947548757909202252980422382963366155717259073138946920896834854224454460953755865937675587992855392384538342023871976754097007088882382174241527867428195866614228491713390363539314317025822220607559040006798548332190585948471296,0,0,1857004499506838568848845838168247332305704638868038512031332190687500640783503207236615569267157149408677685044121885618080502699360017529833849775330601423197145985372917754007790684083139952281811337347072,0,0,188603275013979087884954415599495062405970497991258202816475922934195310721813231050737670202595800852053339539450557717114683093309753746147963226035271150116035820079022080,0,0,11873809498832892016873985491272275834760027584253883115677567815726607416412428541127422092110358521113229668227457100890656487786854481920,0,0,474419838692750710954141321516636602324819568808500520404125585795547188562804927653038570274423849353216,0,0,11744481089896413877526134759760078193174607910465753817994222630862848,0,0,164627224145409327937507241914007552,0,0,1 # helix3 r=0
1206263130236155993227521732226495076849192129416810918142833191563257340509708756397066384690358778527441689307233247323508298164319031513343888732319239205823883806651007172804184057405511884568373880329182206676579169478580766451810549521456474798671288045339160007264241697278404825913280690818560429330436993983730784903591238816086375048425220508307713965071035035519925603401239130526132689,0,0,-10208632752646468034815336125301988525364592318854979493923666171395366527932633727321346874441638729864658531297280624199091831886176994030044771729228489844365420733117780649820658756021779279320810391135943198754503632303744510751577201022338723052036895573616144713092505007177818113889241474345800359909698650408029670336541547347545513409060,0,0,1245575261305766634160390969432074962785447763212369452488025025377241257997604027371734237109112620218695688329270633930607247358901221647015902331713505642033396221847718791638764224888005898864687598917566709952445084202200647375132368263721224177044833049549743062724286324757109797352719914436,0,0,170674211707042172589925047747208453061608751573601055441319231755956636239175426943044650938963635812033770161758449705687165830735740797626042915650181916777471755375032480872145450425137098835584492632889356963202193197387418871606198536314845536,0,0,3311934385609775069267801710871532320968515053543185708166955581325400719102350607431530903424659358618597400466497227576168170713343956139390376326808538336232776220333818185880253011008364879846130,0,0,50296363074033527705205125482449481055372379546142374497336478516959008920338969191984366313636825389139631729101483688556041789418865247730550377292,0,0,3964209394222599669450916016933362926024838146609769408308900345027534835109281138845851480715796164,0,0,112895797031545224955096560493456475478844404024368,0,0,1 # helix3 r=0
651366829,0,0,1587410462,0,0,1621000046,0,0,862133714,0,0,248103597,0,0,36471606,0,0,2152302,0,0,-2332,0,0,1 # helix3 r=0
299846482935057233295162264323437526995508471538332393208092944798162529868151654485648736089352704826661851647739814849168867219350766559484664020687985246957109826791464262636410356285137096883676031223200594965436801623721539583064312778811158761776242139992344141501324432002031108259750813975982189029374598761210666061631948969724812595239230093867364906734809880845220110956993296531455041194466064112537320340178063149422235311282815546289384220360202953781268684454682897444368752210665280514362411677186897553240820570840236981783177269636279078753372296210622976954699590226150392103751834565893953499264719368373417206590215880457704881830982202206463681461168139000702726409616111353,0,0,-2807740815150396356467447976468020476455850606174946473151531550760759943901477630761778610796258385688253567976498896779689687441300486711789553774515228616163943459228848683543797566887547060751882390315837358684807341901946017797383882280846440475616272892651701983510364059660351155389290565378599871766176115954311837208804759534195029992487694140082300928449953689557531189503490737062394487157710116486510309640023960760329735879814209400424145029996742186591286031928934442519920826237680717542180238323717792562292090491892924805817618661264166845745990971733101442370212285510192517466049700750047388,0,0,11500882819618967719668267607647679137393724566300870869616468636347873030425511997498007930151007993302966254980913958425204787918311634048109591955688075243660573896979482728295767896826058408297470014065217495322169200478023977975872256198328050549421143222036788206066914648514473669647962050879755305004115362897586621942221858269141266214179595991264716456227268447359649688385475036707095888450019398713244745682951931156769839685996518340614291690549570612556317229376451663634758390760877766440411149589896789711448,0,0,-26898552130293084713381458732710575680223547685695242320202381873740123153230383989009752614031390275267893435459205719486581808040575374580870918847885680077183906599899087526537672380194461770898912198577777893741514188067850554851634640105445955080309685788013591827156056603980142732025745368516874786760071880885666574122426071264865852579981671353003674483608182082513533348707236236131289205159819261241308459226320603894792557556,0,0,39256646311339531292739175391878680111932500169819466278279215321146630119529807639532388982395732097236477856237514501642624041540601672730741319837028896602733607710242944957923935202246954172950227962395257702797668127161306630221078176319615370561426382527238484377041827988970624504494314571950117948192902186997064808272080697264648140721180918,0,0,-36569943618721731908862954465521579739319582192753163362026558221975616356065592445256128895713244239444189144659815725597317986522197176210930744142750936627727031347660269115495885683515526757483293211587853818180140216873554894095784791763355782601798122192644,0,0,21206770874786608844879123448437246665060914253808320125715935519619882495395844174601314000283800325338894188204790629086489376881932921204865303276528208628778838265096180488,0,0,-6987740365855570528245529506127302864299552624512476076317229927365756318690318110998956,0,0,1 # helix3 r=0
7074047829122332294485808122953082633993189425713022067490427540584719606552412260940100675149179912194233521929526146936745689104950426577141931750952066598962659561225194993616981533347621464480328927891964277986480162636713678650961570659722914047487700552014054931788486016439404467946667911584458675526349,0,0,97905592817529464625527233348750204583058401311694295470396910139156408954558635479932432603649582612714702767259512518213547758877222156928732036165729715685555789800786408624973743521062414334663153232597681201805062459679281922007577953115661479648320881651026794714854,0,0,605458910980814395810762145631037262271112840041765431868258916497595694658855372823660817847691632574806971273034380452272716286342756039793199790436440383874270453734471838262518121052344315934005445783511448837564585278651763344621,0,0,2182880677504494379594175143949450597899219215384489996495624492918876230302512008113760780261565310779346326981255509527935888280830522565596244910503267605845236695620544291988917046984240838460,0,0,5015853127209116008470526029185507921013872748309038913022652114522896448555844149997445211026329091892515945393646390736341223418944461511647375568915735075,0,0,7521215879101197320680512484579008087233091761317979701232092695895656124321489895340296523565134705414375797624534758,0,0,7189596814102837951465087882336940602223582965933098730470675683683725051591365,0,0,4009041020586981286242504471596298243328,0,0,1 # helix3 r=0
9406064082706857210063785125545087395631428627180285700259252800946753680371932732624674853140417103376986810052143556293960710560987087645799509292818228173970697461468701397113908484247626058716511666961696819617262431069387557529499218015016241859854557156995921487941968651114771591797588029993284211948926192752414858758296501242503901548648070884406037367488955085681916176153060130086224036657783805351059178652645877819654550225736018632844307665070140339343801323385078684538107575421363408179112122373287518648792697113263457968188041522057796985447899867508417881403777946709084010711456647363502753586633459346133897281833547494452681496361596389195603188812,0,0,-124674799021998700112649114617845116055581880171442190356205390336533981465830676704798346754954802582224230177155331345294726789820330707200079152320668920330538855674632301747948153915319874887024420378948613373507787275426656413043332741435227149602668617190848440952756720895120497722380059098006285131575696947179421548675178427159223323357780148383045672112179856248806463093091656016975122675612641740304687663324976656179087297296831479415930512702125306442857321840663912476415138590279824034901372677130668152200864149724261917232749275169893119745115413766727149267558096820368,0,0,741517965704184336704313133752926306447065274012655411820309938217310764699550328329146566226391897722333811868371082960344542267436231852002223698949650439502403565415521507259579858677792021357876465543748564110603018550263132155381114903457742164641052181718769351787926545844400568726861174262919134240057469181067427198341911329408588870911329292863028767884987498421058396589693607428682045350044742063224986641592544965057219190306448284731754160419189785329524581350688642823529626302219393185816,0,0,-2578750519584346483638114011461495966528304372596444620234570752870539539908793519869398512837544520982264067756099799387098309763511230833814182213441431772367790804975910440895925062799912176538940787459555795644855911479556027282021051153809113101596828616980359928989601670779235100755906736050368781524495152891691137220103777789201192696463965931284149476326497651579665956095708683051252208920543092368459233589584,0,0,5726965546185182119618578454595119692028209744418180551762837731480013202043799293072384481903415798779248326333216476159971204054786441430923252369329668355773016276006536501015718019216808966046870296079128865910984779069608067438141110846423962148801306790219385888596928005825168372005912139121241325494252447979893992432070938835174,0,0,-8309125777984134355106757764847313236719980478048424755204420663568739667343091792126940623737425000018607827285150418790328270587841460129540404082937140754725255189427586131099741569926535773810205120019386612129196167660002208957678776033413143553536,0,0,7687838007744957812747412364671037918531852612647635397314074115525668386281953804102060071132096729865614869032971180864496454952180766373692021125629084409791493756144,0,0,-4147633091928831929574684528838982216103476056194947490692618833761129929360200611768,0,0,1 # helix3 r=0
35051094748043771603468021211122943444964668329257229160835401072441528527982591345970788157270988661082509454384083606924708380873614526192754096377294895334182064997829387420210607756225,0,0,-2143249797292252761124478117657836229785400454045316328751719858522375209241515235866119054024458352950836461926657419446143932838072799323238288090250776929438826870,0,0,45315404740081649552121127088055587662502118893568506049126650219173468807612896637609112121833678728742408163649175158061003472041319734983746,0,0,-390731558940764827955284514649275965807607542588095918089107588454628270004776350141794059625219068503589822008612767394,0,0,2280084940967445668640625888638439581414429126290833549047383685942134126755619419001371876212238,0,0,-5008867237859608207862881768990776309300131863674437184265154125962758382,0,0,4158678762167610326300755306988488773172571615722,0,0,1085825775522994268532926,0,0,1 # helix3 r=0
198471560360684568049132537053276169149793074847686180863842346060046492360747657324360189484808575090615267974228494485705368678722134778781103996,0,0,-592368166384510873229625932415602590692570825964021304525868488375847330734986335617880448561183341394188212258854996044035962672,0,0,990605188277321267320710682067872855334666916177498665619360849192506162282087067875014748428866620103817138716,0,0,-899483971110840226898926052440200888008530229087007747813033720489793103065286232892023601168,0,0,534637421946020409922240075749151655407415997409032957570216225065244997410,0,0,-125411425886101598738162754618319396298112794407986847492,0,0,-6448576048546725322856339835089553208,0,0,7386484080121796664,0,0,1 # helix3 r=0
5308492706357314012602760951180120599578509193671251974387333257781858600943433524315258410826980928664005333124409554856051854713041558243220041835087164966477527968137302740537413305284007,0,0,-14459935603733498927859105674002089040236636403635630001856645197532616494978668662055036074378061059740367893756903167319394028618181644036183048176631152495842253788,0,0,96601690532123227731929786583085303455525719571291315050740755664263359149500679921510839884865601125767760676110834982237067470952131402960552,0,0,-186805607627687202356882122927941013133855923439776724601735759721695220154852567129305081787603878430449284716093075172,0,0,589522196071546957198532004497487664618995936075009208821286853200704492809597979221517232443379,0,0,-740935321112046796119377323000849023518932591136736997907683636610562604,0,0,1383152303340484440984099550116898685183318094090,0,0,-891996287942926042299228,0,0,1 # helix3 r=0
2034042751701570308022102838105334752342104732682683600984711461697563362512305111885377151624596308472925239081049000205061948871411137821378199489893167514899096903398000836997078678930024701359620503949131387278103925075630924090393603496288219934297010930775881029895494939068639718134931806822041058486079376,0,0,14630026464778496591570485905261875995268966579343243349638863168868524084792209156743498664932610219122090437231635092074799673883044882412544154447751977351902417237659054381028617826661123607303097380812740264701275348307859737935829945014226330002144205561272944744571392,0,0,43552099735438096476388417725870872076766873283953322952566441942053497748734822737786919557122761773942027754083272469068679078952283055149655245794761807441029617449912811066011351742094223000933852539467401390123277544421189005674544,0,0,73907801036805977843411083236069683992169353733383138143875956117334303531128816425537798271150326594228446637740620252111272932218675147041856730542709445135621436198107329040043299851869313254320,0,0,79093887951586517542379363203792773009636262043514984294034543589320967427627390079259330487783351307690751955870214584109858654821448149273768428608759853388,0,0,49222622134699915941458667965506577526551643710459217183938714110874425326789147136063228150132342643495252515594501608,0,0,18009010281744632376014588286808287436772785214091750364819272710943850602336472,0,0,5006024242131099463434086132864764352220,0,0,1 # helix3 r=0
172743364023981873373592360013977646253462574060217590970581183357079293489239846098707254472945514102327416627715241991494459472955723447465622297707180436691563540093012066068500474735231535219546263318415237062630770063375206948830312393305073311295252381380095048949386748592236532437742476142289325754734850894704685101187952379566590272604973691858417104692550970530318938653379262685462426010450048746229575705613967602347525333228777466535200415277262454566595343221284502579157848848001195321107854026566782561416460966827,0,0,-69112758941846037443320454028199982873470739376066808906539106948324616794218541222322943664271648944312415942109791443430284170025431384006790220413949797163666069057057471945009935718649075159093838866841893216143158320900418563762526268903788504506801239543001393158322668719791867600094943064288757138733002182042005611927661090292923109200000778046535566604633313062861035619726134585748199452207224271640589239435980310943614353773082077837151698603469663100,0,0,144677650516297006423851559499804364201884975260696292270782724333666337100021749569007717606473465875718958873016142875875075852324574035472425659551323964269014387955737291726688254171765097984451313445495753880221478253188852279096569486588378056128194985263461657130126174256530517187570986979434627569761712216310286511627782621531003111415906136001331471033802368598830944603420293251947089308,0,0,-38530342282261950032230992930930847788614937284871693107331127237246174763238717608854121691471881062509870175923390984436539316118923171647610772605627649655819840768219558675160809884362775481875756472242935021658485687158223590749844573979360976792180930185010188758302322758665592573690232732606111057621166231590740700170950068,0,0,52205820527997106759492859949077088528683505056219311245771852415941885863380196469540292253389920749531459761059346939677677332691914262099919146502181586799749209150469266247095207398324633220658765947279843920597851410000915294414116807752007889040433732840365439,0,0,-8521232119872109944349950319641207618400327350023359280304780172399648041606814388111381771126378227224454192329392753533378650039063255322344400988384495605631000085185627943647328059156132821927080,0,0,10138296435098412404425500532921638150450093079769371823432916239547779266131250592732884442359163103338356416880770148831039381578336,0,0,-731123221598789567349146513576276868902546525564509258093282029804,0,0,1 # helix3 r=0
3883726322314987781055676692979087271344153609763923484611870857121755206531352232617588258300372485231738023905826654513220157385430065176608663587665901480390018439982278570868449013231105532159341253929181493130534761066989111779422997366555164851530656929088168962804708379776759627247827538501653803091235196981353439030448441096860337164271681037510336625858048741547255477,0,0,153099417733607097758423003702455510713542689642293004917444670849427288633165018710696784039875336000648589989466531683502023879553555983549996995581511262059329814480389575431731341541827361073608261290095587766807263358586602098955038481038191882609419662454270907475765235648746984740512829668351424075998285314677035322190307948,0,0,2611935638376949452498561207779304547867509997652860340058332145092705898452752738050866196269203838892539751232867608177641486770990722306446852327971459811133801074785043582807169015208199581498506152952467909299639551705679665756526506907341378446332680758226962511644561658663470650,0,0,25184280078233544778261055475789408650666985844593715962148315760748161390162468055494253423056161123423570941395426154586933275948014292892031455070936875520238488086278600055084954192752634687613699644098835454807651407837880046272020068,0,0,150108477980939775041423368325789871829846462914111884985135706513589395662298895624165303818929168455798983346826516484466995267088982350885012272305720865585835964867423802796972340272998598,0,0,566488131627259452348199347795915467464932325683243178970526837678247101480895624421919964313328551027006824345015869300613498258259358335820972,0,0,1322401828261951465174464837685495845119367050599515060641299723484887179583672550859671110023422,0,0,1746708302136794072517097364273520997048319918436,0,0,1 # helix3 r=0
