104615697995130890934539905474849887110798013209953867267092104592242493251857538399689751828123630828946887629091875381394691208773263994631122630380297250732304988665840141168541412279001719801188331824437077047828881556538854943464908253705213767027292754770458737766798608400016808096837337658719808851355549619636113458656072330608025982923988403583703625895383978349312526608461769108287908768455914934835572018250820990766000662524,0,-290994511848496051438919839624236400150155414856749617652331597564030615898151723305023148917391560710056673212626034778617089822906732735756391759965665781920138608498904252204469118404328422041301535183541086848094657402810391788567274963562525255540116590447774776132847903602458923808397789795101971835202008564561263421992626531631084740597257387413887859244959298077120295356550456983540010743376,0,426829062876506878537338515407079329180871912374607008649233961768729381212157044457290243982300083269992298619434978271964384785149246596385910827532087363188382919685534739099629117993897830823614965121429218983146986305531016373555289698281510896983106220496456056872608261426414364133592565056334752306469489773985629054195724220282836370979238750982746303102840,0,-444280352796815717151155243935454258827112350207508341422821613237807850018820330897938603478318409427087884326042344482190448745790736990782753441484818756718833860973688192361440918112188849253584559044908035964767673633063453698762118829275559582077835448069416365433794937720994138768961691796841671732251875467841263347120288,0,363514051837050200530871537726696705966207161062046418083056713260139369519813540642765456454496548712896464998900492606516071140596043685329990610809595953504667012952709598274901925667362558303786679436422789962176631664911879890887366977277852222227039032090792637083169402666798676859136480,0,-235377570185212543816040548051764079754370658366795121982012573460089635551231022512040041005692909977747810607736300668217641558298135889509900269213391207315235484769584112967174885042046184910035290821515253567762498987466834000168074597461890850174574620,0,117684368102035090994050375595389451230252197050660720920573427842617425420562546031940740225981659507261915114810789962241521279671643569165436936295730397119478761786782727752417964421697784565379749653239039393445956638,0,-44212365858234966518398545046132078510400207477648870317143768968705762276987126980917688743387396032485310264256187672864567946455882885262214580367151023953512912332928574796331604272,0,12176633454628405021714924097608791281532685873263600656228647602946258468925839937539568075242927959440350838303621061892029206830508750975110116582,0,-2382503365474444298577744164864137939688133848508490808500809541729024528406170284285657304447226070883051198072,0,315398719931693488528840064806248715150259870460967346467481000752573807506,0,-25652629685774024018106554660105886960,0,1 # helix_v1 r=0
1662778228015323738456516931168568829380913589860288336220221366770166536545356070033353252865570218773685547425567618155982160912288259950551087445400425016401502278113295535913307004166486918969639899666876284010708116951386531855535085531806024964971114709043238530403481570185428371642789016581918888404863142755983852844318281741251284432817598302929392839269997367159804604098844587756689669346121594038691426846353245006397960248304147258192120652655167690802373675075580529716706205967783635177997004167225470089398604327957354994474590882142162707874413160776069720285872843215201275567363263463283187900975798951103010273507543926293676501958064204281221578394525116092059388153746818372953051610327057317064366835934996290237819651819011523041926165372911612899420159992198033030884620310726873546862014161759355318533003531575454629631826766959418481257471336488609,0,-1847702457636126383641746407397639201739266207818717631571965979717690055502395784582290433673893329146016238652052903788888152717300779683854999228219264127140158140646009025310191458146561860060447862073810973379169992871281353396591398278115821738426759814309702919709535133099739784520547738953738637943411577093253182245131945790661213713318890420732990451812214134748249960042909103777516945282379317370914093920440083595790401063323073247274468912682493873194485458374537829487582501911050238552600866119280455580698705170863315838320698141793363060151295865927530147545678968116149634572812860308863227656385477374442267613302450122800166421787847613789832204763618537534575897023744684323785281696072818459077458314752318204966481179113938123617790763201539727617942393076415548014089992579105180,0,945211019949870860916487629541635761949014960178469088954114796250678309666457859643318767444666684736302000819937156712074217025316033290832717389576382523333718226495645791786493928412288652809567572036872407870185928945546315837709972201803195691697430503236157363331734029962960816884038426552213666451823692660474455492633327980474797258738287608661687345155369580335261300248059038014031635065990034795095257075634937930829178767105239744715661550694271417325134471173612784765345537984023044258432148336232305820268133640365982170319056398330323529754742115419049024329878827363906282026497513034812052852055847355612237531852672937477228037995681580298114348131861828303592292242277253899850727993362843804385330870498132122,0,-294379330353661561771231494667116618117858468452151846358480556197282347609904752261772758770069544028905198024947882319744136648019731073022248859447043042736516884574577391210465448229007933899571591598816158635374869933039858180964047176110594281551332580317352641747777097795931025370655955716923572503489038103105297601567659346130170463960712197073258286615866360946538254076462277070708211139236628068461942315344284472002995479824150957518901373693276684656727690928814729341386955420744782559272694459432188150198470958108974962979318769802380190020250775438736528470951610099981401146482388824624245034857393003591851243534077618378799359576678715740,0,62187316311264535899203532778646626244453098882552001955609546721704104837604496787494700105883685082919099384110672146930977722481771327148262686752212452317719184470532244782796297797024795886950187990696308295093810574131813835628538978764266374967059725103834184612648164850781350279669897790566951480655314123134434783255837380276056836782592651623498768470943393946025491583225784733746721283874448076857758415486709589000636203415703600109654122687033307131646267568550970108748006084655017093654271069530906885860264566882571939490180323829554190024939912111833123969449451772088,0,-9392710708217579131037182458506987119038089429297160465438815740919784969948500593894991472937121195242644374476838769866855144600544531009793254235469204473636623712994523054283799866179849398752347462303447537460694508968023821567287579055892917662830471946121711741624409500884123294870797909121380218312320804106552063471441186508005385275521414246005302978958499595004740802726570784225457289009611043289616299774701882348651685260847818090281919436266607090360059846605435667981322852606234710170422457964296,0,1040889404873397459376893606692911593080797876874207673935936173720329544467288580461326433895396980274707011170399253170418752232915321132898243343768097800502385104139866031528910951460552343530627405280826405888212134316772706221968021320292773945769337552027927812364886948917376002896757560033036830726238039398367158715153373506613629222924058340439294499839476003161606094006464922825392385847656387801715102074908556799017104616453964,0,-85358643892700675901398156143500351651534273841296134216705575814956234134119278207657388205786009685047093164953989726520295413110387866960852818765170566034252014344270406994243852969090988669293477368721835670438982454509514742806006805494489316873494729522838346914224269716591646707383885704751930651709178876417471907933907886918423833655168691405587877093959090,0,5146673844601115559274388574841505011449753346141258005244155102990918116263970463855433486793680896184306494026515352342799907371775604674749517248832859256492841029960482111124866052154512427365575759363708496861392745358824014540695134822503825692047069037036558208144142642532646696562091476,0,-222772913355061200283851905064236851804699148741580479500299348495678390288323185687030028922917562170173936631015389824578591340835205263392448514667994711761249495561550209065406865814472561813243334331642520864066553192,0,6578112830851663622286368264156320429103254648346655951339291602833168433070452671558092279259153398189842734457577124793943615703101077242078581669,0,-119081801702610524354503839504694139856911527134865649268680477258147438514,0,1 # helix_v1 r=0
10452429633459843496846631947249494232960494852883957061435581435574816759090718540230515526803733611633554332233812618073873803269789935036252828981759330444701222095695373961243895778942714921188139561022232781103651633228301295294082652234786170507132187790534568891732363254044763857178664488729936429000206200033998167546113229339146829724935206742589478570394318221229832532795867865704332951022676299880497839119915761247535967346009376543853692853907676114619,0,232268184498318471872488552129697630863609084974808146347124482919753173896113388667480870409381391502389040878710829529517801744414571393936029304345194488105363013812767644105602613197431568999380070706395943247507193483594665486656887675461608834454876104022641516777504978401304020645285996745102968570758315843415466408992880759946472154742171085549782531819008777472902119178939151654956529668753138985484097038367330417402,0,1370444103609394225824286505483689994483998053454590640420889976503957227972972746289861264201657720386960307317454640862920186599059722082058051163401119860000423163979671610029539703347912422797818704915029634847373882658582380791917523009833086256138075431735510605654982248603462078665396324239471292395612912003981632998605773019098571336639158949125606389473469058687053643223920630616,0,-14554946361211118122019155110767011869669379343758130670643688301862372704670607052699155835673031566967759551407040446086964934000058772945755656050941618810541547590210444699952115125239090189741368518112927663529658740356083836499491851819956646061583131985929988064774451931764322763210474725831472344052402822918286356397128098788091066661286469908,0,21580349845640431286601486762493232619664032537307480037741092626631852331449059428244613100609737972884545709101799134801195732539555605465289292573193537027043280989282881718497437583790846974371611838793973081011736182412742713135536482415037212401886095238117385704961249432916008220693271259689453384553713132,0,36232417400924687506810752835734502670338433278801719560809517870636090532021598021126869124785693783155386345342355787993614033858682233827387572148533358249742441336916718374141435027797429957299818012276976224623351542924622048723358762379654409631029558985436197254344296,0,-66916390205542639640214431783712653442718904232716785880400906456611113449771571068303615845342224342545409470155779443786660877574494951117535920761058949281685055860086642020299030478578558841274094783329954373374484104342282654364256,0,-62180422362032082671478310054464100491366452232496052150905122587799715686042452316020916322084169428371585637802678645513045378890938469544080334290473838995952413460876223622853518628544236222926,0,78709265201541018629939874185950928569268823646475460999666998328397930062485530844687952185665184997942992090578616798076954378416073347546148774225476436288,0,52808461872179409532901574484787848845680640149081860226749818867262587594027596077215560727160118112748853582676688602,0,-7505178246147990983320453521916571179077168241597271504264793106305259562839095,0,-5887537008076392169976559320668329531078,0,1 # helix_v1 r=0
150935623076304600013607229596692126284067142368530231882603374352977521865551208029564247661933639425112707046496728742284251221297986472475596077221569083158055502814893194822470135438177913678121478307517861356036922079431722201009539306703999052873304909547016061038240942643546039884992165422138064599444828474654477373866672998563603192381651025774612553916116961246945285420137992344601463563279807257312763047973653173341308683652906523229344584272878080181870153719162603737832370846653161314182924722960386878495976395656648044595535556472972196409666248982047025479251610109223043980114223320209858172381970229480462926098484831363000053979834882030907573784647350658231126016400243208806639405628025411363191353752627511117273897844365335974727553321323434779946450542323372859973,0,-1672809072209778798011803808655317629619935870524796539909526136716275511765996760929344470445542345481834594705196295681422803388433019027902898878242698996428528582265599532786763110202568849649443215777722688765628993043828997587470784789722226514778619496070451036610623591282581135570848775420395867433291584106843486636729232672406153741187980522968204383063930997761474220597832274567692815173132933678389382109932591290305950206863146976184133424565935630069102341841639312099383758042725348500025940715267982829467697465250745536117618880412856989210337408282945649801538749613246817945810816735280217316133317804732034222483064587164134657267903473910323323358850883259698211614303446296249343036845683476582970447282,0,10029406791520196541265571698152519081767301681668588469073601386085945448695550878351046254456641312632571547348047946466149702222244891766386267172642803794083073828515362660110250623740535565537543447435770314472659433386988724783331976904294409825952180711624383128321678860770943714959780001799236480206339993392185277747015562747147969006424960080719224151197886901075626692390818720518645980109694219946039120938490633275683583051199249640831361522167563397822737687795933267315983322466470643842826616973346371079002587678577354291860811176355502585947032911111259366858172884743416489273560770115133998617574452528153680552591820567598811187027524436826,0,-37685857456002321926154408038923309164374752296123440865660569456228204988931881207849433679308194615798442477832749490121952773972678362400199652383269982626922842444271954024435501474165701399252082468065702320246881858697264936848246659407310398785708635901363021523170973585591828423104251161268149598935643182682151361047841041642911230304115333650069108060936535492241162903995994201891276064403747048837720857803808628422594776802246996568815473340115209147308169453377474816902029189824227270363263051399031396047191621389962673931630771840531032904298533390781660615261572059046697123064,0,97785434658164863074963088413039989428423214390275707130444535412956867430285402647044678252363686680811002895759055474106347247862346496408693390643491430963196791304700054090788546192281201820603210090673220345039200702094007662146282114164227876389153812575547629054565454582469381560266642815524179972584063087035947173095851033610158997634294988646543321178537371277240866961114343997245220515317576765038942781473074360243170761523910900381279948959128059662517070818323045930304625725792347180419578962795067830407998254930,0,-182670660281896482527244970358956388118498979919278326402544113937495727295608245890219541190153506301772776338541821195538194396689923472416654853504819103931746793761249548092060954817265589785369466394029313100988737339746714393437993855754041698490405655040246079047916463200069606276705244487638733915898240757625526600781885682335232410821895926806820039777110994104601472034023976352442644461439794166036817561623912734319660723259008916439884067739814149898,0,250741560709658954555618298310635053493608788258968350777962979324758534855615972666451398906430313192139517907304062269366651242684761438581275972557903848935785113521417027913643225241349673919461983327064084466240996749936989293392707731590976574021422133690823564256719567099892960479375788883454054189219403784988982721294940282240667158584907816356656521671491697882940921803506130464264258383,0,-253985295919256553433458993068098519255914631318289925073361012653694843858215391561597324754415502462242759016955067867617527982384357504716101773825050377889620812625002021401080157108512464436231578180812585492009604530903995303439225263993027726254275288317137620247934617709322062964166154473498522777085684996697327615141239386,0,188668587999701924694485516489787360375995501491125937775901183246318760380437044086066171115003190518220468203487999276096439595624690964598120003910509505242947444187037794370244473003137345506471416466035176434068891171592572003316553462170472393717048223861980528,0,-100672525862177115528878253591868422964831441519117280171961905593295146889964529471693398700141293188038026925961541463915044699530338654843975369952889624498475151726773658984936137399876444608054104,0,37063425512777113208198211529873840535476377852179647372207548940101476488594918716511022123301468090336076083161692935329550580186500,0,-8598144249559059437586635984168579780938063446166586901926455352074,0,1 # helix_v1 r=0
559549590025830760978347679316020267731842188159847771797431081587856530913160517780821119702780022976714793047306034856260316610944938696777675851062122323571181601359009339038820672963173483913024600589460566874275477270763454439846754042081631652425987920556175814578627143926101379306983184799422294319402373830241137624140979765116036258549656555990947734636515316966786521460641560822493880371227671673957926828531045652439299932697504289677971572577444286789054376562633313492479973688514294845480819319206131368505731656725582205259042679338014871572529102471457422305849889997018321895879686269319549340292882473181103165922494391496591364724470312910652512116754303293912914946988565576336890894901247778897231464538686224827131542422944809742510887866792983434630921177,0,-60296228051233886064404315779118692916341296075226349341851231487964494116339034663750000330269612258062690502664446623729581170248075164903337211934273782235117688895864012043226848874599483000169600030183673566724306736768977875467093215394985890043761327940777991790603293353063741054377229795614100464948948692758032753821829650689507070479152116089879163658732777138180324686450373317586431879747222119377411674835451700281384861311039477936730121124423688158493002661871578669143712560033223973557592449382165906352710262953248998100551169544851807651283386077121329188051589972790333350191849982290097500560547246169664936543356936479303318350590061457488645000954415683011329841409525843719318854784582299156,0,3167396597830093463603917283565544910960692852813935207200843920657166943217256566893468232025693327457790188080758509672853814922282213403654764958528969865204199469426609201693399274951039896508661960134675038922050131234304370613418882651081315336321802782367181112780087009655353139044667471820029692387909795887560845582775347669298199566893157715642096309443777471966135547248159297033589633499272730273759244187643390520818466361047802265436780534154928964781471008454462691241731438157261962010513947779243954241991659001135542828957189125620900980570962045218787080833320816574696176487211256449139293990592290657541215644184683262086518024774,0,-106071072392141762278460556542361686958882670189641497294887339910441023181330586962315562128415455343347171431655844156709471232783278181632285431357817198905522813749759224201256062962240121060997890445812304838748849512564854452197042232942070288468292040006754016724799396850004765587697311371219669956546133890817241119122423996647189590854086647203722083575062075099125076466086905820601614155558710810596296789427265740914009561062891403454292056384290724985719043164781148150089451722873767013198049525612485388342383676961203832913237247796124154692596082623968806548611025491802,0,2487243784156804180532422118835875858230952739939753697642018240650708196607089831061972524247092919430531214027486711592864570742998989249320583562392970692248380857314080613577395291179873111164098404221679795859280299994366627068169038636012535893095478156347612438760913842909174345598429924187538040673959273975980786472013830632902542345784929289654247694385320195310374176558303892114247697243219664711526780993983363538983393173350484721705645441368689993681984040463543439201376424498822363204155715494704504537193,0,-42478264669183598355651680139968910632358628944412617178272763537616251812117662315771518249738210037571644519861383848067906728680096773514271919028587580130234413122272315821708869574731286622689982928523477028085899123459464400349348854639843624841999694731188094327041969681100129419570067693578111307513902530730527721024607728371519745436815464733132424051600449761618537939505705555607355363802889195062618323619734414467939253832337197274511809311174,0,536554166331301510412106909841745133300331496186272000090761637687563334127062630156800323749154736919512285902206600485427794252186892928379675559736281953841651311762614530851511373807382583691204601424030519897404578864952163677214017809244541302752633623619611803689496150954734674971288969937246222644461649857787322791011935998913131183658562482573756240514196141717106241284850028165570,0,-5017483152498057406490556218264449359875105689582638171257976451145268207140028799300720576726149460328511675815844713614623789673798455058097774699799891939615713165980042434743609544996349626105214805461352794122195001720019044798222187181720650773729057338655631906013992089463047366753246862636871665323631714294217034471104,0,34334846765512539864406110261783579356591014023697150944335461464545327592255747090336304133958845664722462849004153745882139017553952311711699822670317023869559791809200577609327483497511588025235365205940802397206336910031884415284061713164066099041584295498607,0,-167284285660264532954320773815266572531076867839171300444638199497443155612105897329587732094723284860785514233629789662654610038987663480869429999983196576419909154399288422696508956749676845552642,0,550149004612247505899609906316793503317001908611677729050085008940740690819950168256057865525747098893441161473937554392406344952415,0,-1095948556520619183794254470204726595956229637566710019277678080332,0,1 # helix_v1 r=0
922328228329495898246126897038703937282782910050612842128286228879524310487416743505306891748910944720383713184769977723324360522671636376469025893886662175813166554359318877544372500344093305331858901452664563490536572917617397798390761912896642694192712236751886539683400252932006796242214675142779640466123155000499489456383039406461412469948247678658835264649713032399365640588986536345238262310268054530677346769693706121584671104674313296720133693815006945168958238206239087517271332945416559577574342630415112024661314120789696774928371902783068648561469244070324818649151734175880928415516429422577244665769982826135965522345928991491832533194348254263275299550169,0,57098865921225665692946839482032827370832886361404867244091860589487693976846917178302991793548278417295091998003182672714899086409576681094236965146180149625095577638407845353653093857036871656843474782631803037297915274406142090643268701761721627111354602675382728227151110750980049130145994503060319910079170958701697305688466441435378704454289449421229350088879451662127682897918829391711764390505760018110137014962968798113083876812872092506221522838426141088939675666647851468746551958945619295751490780644632674564908346867172885940905607205397524020062237615549439547130183491063513477572443380846102151877318,0,-1085713934752660422201365631783200314223360599695443396995038851178455747449807973977035545940160239392648635296715820078782455310319166635830972648914021095454334109164041759486658097254074275740710549451221955832812297133591641438002099911251702709349209394897765770777182552910881232464836204155573501494000394177472192893361127394171143769837318016935802306054823763961354420045793856816339017372320722485442453572580179977825165008444128915414875829730660045806822112540357239869008352322130745569056543488334015663111294813907120777489015567829906846963498,0,-59867615313055087427413771278868460982608026248772302869193173635247322421723380734429126154756308034246762709154227237830846919001294244905466484565234876834648750938173946015457917834405589774648168229158574437470009017431970931145985546429301756829980346630128028804717881617662893599475534217095487410891970527174291763819911018202949282466918224391868053193792493907138303303393217393663413779328384456259653527554713369050225976284956443626537504562778830800460887705999010152390207819459241790116044,0,1503686053974291069794653812610748755477429505625025811460422387524270092752462390463137482535018804793400255716463286613466937558048263997505127029426842500470391240195499220355101233038131279352114956925097618853900567334865200350944162620072606565945389008520099860272817668801965337910597434546542642497799110811554947068804376806517368333410841635392758414036774920101524148918514408032684338483944251094146403566792171480374900683214935194674506,0,9404814708012804776908078486746158852096757226795624402627671858583853890355028841679049677422298301490942101149940209669373791807094894160997909645629733263083209894736212921718369410637580859099458315615791609087939615760565196308076572169744322345538021275001015482173830081364472742075022841029420205817076667382502129892928698660728349909731134445658526550820178681346575458290884989758954,0,270738163204764223672562585656468905829837573921913589832652701990429936735419146546189047472495524337022095912318599254428506869441263577618402240918773701819181664181769438096104890648845698042005067939840864669114067222448664111865272598359204747297687738808648119753305241374076207602117029742876286502167185212051174512268115029440914,0,539289081644565282457746434561990480339789593372860002094115685624465382006614835266063601361944261436423075301955360162298841879592194229142191541232071391741133395025503247564752288373160868630781954995321225008102345497820077653685280300226228396511840284801588607346039733761602,0,8188964259215135283725540434606498311090437239736528413487053150905502469067055367545913228077543839501927930990453763559454054243459929815385719140211681675565464691579855181940532057308976334257306442735227853684846474118680,0,-23174679085941312684402237009971850108020037122373163821576244908404239933554276162395903083030610149973315403771668938056894923791180113145833451698820727414069616976020,0,69090211505235290998833038106363400697206375770947349314423555729473202065470861963722316372891452532392319499113,0,-431490201624340583834912851652846765495177556473567729598,0,1 # helix_v1 r=0
1570387307055572632714001553403086011521277754184727844066655371959396002730592745639831686202332300118957722897934928663550264217816749447039489202749328580307090389710802276501816919973732711668706623969057184266857080879212402132740134473772674196037671452750895237131474977698431625337181034820212585027095399945954678035125274890194370389474768254888579331541953895508879672581912456554188140512992857222247585393766006435185565518402158850776723527726622622395362538041356542213559022232753240215847574246657670999264283646339262321647882596879359402706242916017927198383279016910215973605476592859506342795915274913442223710429626507178720393451032280708543320414166386192135726019645236399372517402784939940584193982458903264400640082668640650932718274535593419055783336299489755256653475197286620902044425963737984206577119073,0,-588764086506640167111895535096343143373336974462874328871338982622534822346097417567001400511531806961231390764926438793617999724799072311875861111205174586951536812431007748102179347600438046959227408876943565023145744692922512387649235198890956788567120118281664331052863029467946520099800345153835715526278737164567212498346178803351032242157571206454349228536742791350271058631171869590245632889963721966726772423051362857854286085591301337902590615205979940733222597113653841152631217510609250310587096129922530601326663579832150226650090569117439103026920290325594973883006277260180926516298689250151595812475840955763873413806484287665632245920847143937940866650215757126028436902535709020444898255032558317404601062582695676272910231985854349304490968169902,0,1109125274590532919803018879143871759607101966577349983460717483163550732183948088722058572743637250521118505622310516540839241418796696747692934761512264038837654296264263557922190504412472020493364789729323439643640224192710422172080959505111129973237144215685909053940205755902648400251384406006932044447639604648074248299470631372613558927248071354708823562191756108646321532667489256311637938152865164921237309872411643150538388408838319568349994717384946201755917089104159733267901197624313095793296082228130374843386642938464182872630237532676407660743537781790614038087752650987560969937687459721698759361810061150553403144254998442637854237255907752182736687972227163642197781850510649779,0,-217980390846924514612347737823658185528578131003205766108293078710159120513226461233280530110652377454084815748663418450407895667389876631020784411718244487829026009748220388660991939979617685473259512015830965307764219529128113191661654144562520851749277195772822837372577476950564954038292934772838944940261721172393753744426931763169484519914820501219974447682944362038100229282006128536034309873256429048723715407157631982020842228537377468930982383600409780335489245972487066439369233512710024144026089239132025630058653819980541982755971366884275766117331545901525675951753790534217466401991955944420544994527734048320162,0,282743243650005707216812596895311322191931511586796861396379753848517779367808319373345673999915054291575449078761610432954464113862506967589393233869602900440664664836612701637554000978007201511952449378454858922687252962820313685449511114538481947284850128030086557336674857449939682493314617132022029726441403448948884093455711702980706953333988481520992947478739331429316085292942189486831677564993453407754261141329285527501671367791499480365406230137665667610392327110342637598590048623801501669028054770864960951337987876603595783578473940454521195877,0,-25066856426396630028896936593122421607400614139728579774236391953047468309869617736303725053663622183453705344350393261441669518145045761739159985341022171528452995020180121917411953063549164771239118768933647415513491395413631765810981444351755061909990347089422463883708128852978203944004033042817463042025918423297608880703253935187818042434250540658233735083082748648393550032126698530250782098572537050456503305359614291426938171962704250349346448433106073891665383679254391417516494,0,34917570034901697679725467950712940384992109749928242826015149245331098966993498222703309466219170646649418228505838941175857807164776399968877405157409526349594740357451911916188643602846162407071216754152833480149922812099890101008126959687411360392297524330301662904415296882030457854673912257854855879227703280590681424118869257338076704040025675521976764525047908791330200519301255109553553113122028897064595438980,0,-291183161945233062571762503830146749744011475052558994424045778796966790489576107699884553957704959292976207889857911546926704135516663553290422139922281977115122224100646450752205570754695886750340335901749408457424420205447621500397023754966308713132021004974865971012687090966062767791594754957077286567582814869180440756093467395302891588792482,0,2115907704636818253779791859242282580737245149862073792135807465393602967118528923071985680034895344290982384019659355063564991569624835765388378366819337232304068429044058861701896156855680354000996171157034768895715932588650261096296842336848923944055311635480563597283658130125,0,189159925829488642188370471239046375334912659435102810250966017174903986082377786736951946371458220264148373572416566970727987436381318460415810526637028757078610147492020518827796325727745937107479182065958630,0,47824776305968782906410978723439398208265247355007020381223800254830080244998125005757218831844668562699573357434540804181960774265803709534,0,14396250784635162113510060884635598592632852700646231469971991194224958,0,1 # helix_v1 r=0
2935988946835106879290099052925342443651198390020062396542694318088769914231261568190386431490977790572023377471810425563432363789,0,405212397085930785086446032881674653474976981491195973774713130046058259059549794766195533935570331254996384048896106422,0,180326257388425376284124887032147800588833762414529777592990858213126421730291509163291298808559188521557658513,0,36184599961631603000696355957384333083478660530454936533712873203076629510657418845236574570569737906,0,2436889164400549805922046934048088925289635895910608061810792741315684928295988725723391498,0,36389798406699760989880078365424644893306712675666192026266878576861855346313466,0,-938359750347313552155949718158719302576011858816897575492773116468443,0,15668268613599757343244733519403274573195245579818691089446,0,1247583021278762697369017203819426322338757222634,0,-137225972795172463656918033844174470,0,-2084038645105467602233551,0,62762119218,0,1 # helix_v1 r=0
83441280036483374991460655042520622735009728332272783922560962628094895449946258706749587978092395394266164197141556890108604232976112988849,0,-9495135937975862714196755809411523066069735922260765629969137201743010698355081781249382113159709435633629908557608315770539146152,0,486023520686165404698026577640025512017869410216342693012225573009423181565604109302635482310455209713933884076592907556,0,-14388970946974952783208601043674102144195167968323720712370291963543943761706424615599698132918871395163565220,0,267402528452645327923023385941691108639445137390610113835833060097741672752385087024188048061967642,0,-3180083874050323058510634012459107322608076676801140157176990033788711329129816780516296,0,23608877612269236987429774221606608966904792227655542441088708113424430601602,0,-100417769306853933989316956683105928670805969913908266519588106212,0,190752936321951238578857420486743444887086215513217049,0,-15574998250493870151721509376893623191572,0,-495645042778033369621336110,0,36904126100184,0,1 # helix_v1 r=0
165580464837793758837482232367254727882140542193493222674753553614296399072285775646183989743756103454402440034431718376769631871629214959884534006908683290508374879202245551495425974465959151586487939344176492061869415446182831895215760394987756657387322111925492198944201306529731745373964785346306182039250670167121884566019030604649070109716115699268747508513696570825550654018066441885289099771683808933693637992947880521730010298007451746486201001588737419863493884718998883905939775930910030644016150243936920197486867673076462495032800232260474854963575406319266614292059201185892808575134279277618722686012502612216676593093842725939207913595321697014380036588,0,5331947309981899704124518062070903829530100691683689299393854233900683964865195238318253321223308793520142732029544013564758675052296202771180176232583024800303414467329874491859565619685872122997368250460242823775566138642040243579782948719401382003184936181861039369196872959472605894009925998863187925518532347692530014017747970011775747206508247717309434429177419358331634572214819368197119908253959496120767631336726909595353054193237777089883656473892945906701271333826941262681309837771321645890142218008615326135806254564409360198096666420635977661683307679200354079208476328688022009925051097487145895248,0,445374102631042535933645261016012189192990783073933045650863407748161534447984721145910157499018069892000373740715764508641911737895891945632668537716476264351220357214167270866301640801064632700873063908496172701188825603606591558034923267129538188143290905927768152658191999139574702036487624480149383958990933395126697815217466729922101387969284639574733069924126962243768357206870390025622809154095092279985082167532402252145802797647207752969444659502399186983138025700525564031617050573105088515803555867851114727393745590366619301305248666489274889248,0,11866297349710638160619955612173140428525454253227250257789450850918481265257529415889713648485452183061496585009563718934989210494335315896662475546360499345298033362928282875760288634344598524844972717292978844985240273841133124241670692360856711693739995539034549719289047507678771096729369141637556718942771679004007620862262320140326374869481585079388169810687574165082084335111202898367526044228165882329553592202099625383583302622573469659160310334405111969495541411857133321425115983599153033920,0,530568018362755839812261206447475215299819659011939800823027491037946189191886776532202913058368384077881581528082393088840476174114168994492284222173254604686170712550370328616139678087240042197823906730555954858175746623519546800058605254009428569500780031219457908189271141769450008197734882454135124880363450301508406673163307241224630127719811771662376863824652343311578843726112930236925220608640551855381980594668888260389772253226933617644,0,10996474751586474680804778259295026463941882287754759998012393445656343074583829370204449600238298591868940317709552566021839154157211983244600163797764583507542389923014321343040074954289353018305020140211162588183423671619760430014508135014914985533074394015428323362020228303482477065690546724992109908117867055128623441701378730763666718976694353371883709825667822673758921920204643522204,0,339112218911132271732986524027172479392504764138235819022481308943768184692591880255257715473282180364814710660720619630117366986195265172079199633693137141482810224199697608150113817204791977308016854177058034658838561956321876819108448971251134408411378924505236887515030757997135220220722060990547131438839464023892383132536486383690,0,5275980133216075197418552741171130552419914922434949103349298723882477113695958512450291750187636846226485849790709471284082001547937935711922270214531881616202650427141068477017271126672623610240514160351909655530350532537732838441339528217932454089086761014954649334580320311896,0,116231499658013910056000553380486106235304803140543435862463978430547657275208663771001771916152260314109848285937413000208487727311662657309659599863466685777279634522631159477230076316459484501098837076643229859053075053160,0,1262438844255870361754740570554323236391228619312419155843827256359479629670100831376520777942631747993747128011520542993158969119835515315720769786091401533787148039036,0,18901040224869595489637092616093969116931071189558219506378665374050806861178235930781095328765479982549616820884,0,110882370753474991623648041504745436427544210807997392732,0,1 # helix_v1 r=0
28341553054502730587527551579121899282921695557059246978309426259133017327009788422377017194731373236566181117433964198087503637910888374404510011855839964652782423676465663990920273899971578267364909967816996712967842025710211861716032678275737159075276730305680413034345678024903797173884745011070521671994191729243309935806817956991204944964941800047299579525786024656529467530393650777986797636380660499298997578521578588682362095360787962618099502612909844057583388821360744807183434496578589723110904283135639223435547412954621697932573925104051096732098551676615851586710345994452866998331225644396013032020688336943008674792588409130836455929996351190919921972312873031825984390456297643406751720453198259423881646518495643740987820674564463053948384056429805598264092365354248232744005459114360570524946854171204638701687880671354249291055315375342441442801975257559054879676827656805033181626435851155144704,0,9194593533852048768266847511532941993772730722289301368938338817914616066986212586945087792006414634789633199899089247889660843202786337082675420375777339432624853664787339943984303876811811644240216868782097981287811592343707445136546425318067483521382747305352953496498663384223175958051011779001977571032614776597235777572750299314704206931526441190407670463151359149562105689201252279346727706215277183866785501719780950672441283670825659122636367392735984320530366935180131793927657688933212140139781909306098510682597291486459231934661018432417665402528253273607759080043045424036283321045836037504122025065505747705256530511055210184168099891395591450969285682425772244320646496657778132062085845746316855285320486832846788459755318693791245868610475549422694023661809000560361506111335024518418221567604953451242972394278069479669760,0,1903445759909736565649323243652355213652246477305275051204813361725006399729084749446598563991041743105110558851830874022042884575141882110062085557007913574155171243367282538732485540496248243669072735894519178788519625626650989451310877958902397587423958588403069306393308663332575256046244670578399606672922266710902301560974544071650821254781743602719175892857707621541204371171567733550031880950951467595009938650101829729132021844682645600915938331294458568835821303469227958077804210494223985041827563187329092284438233234737260864777211399531703387696783519527519211400477659296287706732070806640441536671857867289238875886904674116580409430250509575157455859636555450769016163637816307412772935588046490662259607039201808519904906851721398046077742720483328,0,243380825028108920177350193265739744729980012339134477592545208502073009755988152663093561545301033497137202951619763350081479669615465755553453338558599573254999483647269723660707866511347808220071828185544299516386215494371239092246143290582993598145165499381660091360333174549823803608159416906617200983003091784345047951313214684910759198542223847102181145770954155044403821292139329277572163824947255962885958364365998678365969250901068090781088993964155133592127802566312079423324036768968730058016176857169504412380296730813357782878744167819369993040913537633974515265807640594987590816679700543366114826728337281340254364840299251938507544007872029295391463493087057349453230899200,0,12867307957525890587845303156411840585024399062840449149053695893700937142557078701643716105445928455821407927203536939159281237176292414849334325434959080752594716703888765840289558907460962815612653256776025271556538836736011008788380244377941994363798396157666945896049539181037339791080670544400716887901365123685558182517345012857307229338601670649544451225912137513779099981353507010468693657195684193023351079266900512957671849765407487810313154101091175454254542770006020723613377094664621827064187083573871938714704809811039612379354047147011378794828236659470849407455629749736055153262037873609137979392,0,-79387049783159029417013801714010165868013906548921812129945894763065610074279330545360143568353210288370042093394038607226925252282913052778014591049135026415974276726553842274107473298845026419825398472389848402648021393181820652951010676851719765751052756971487050355550761360557535216390968478185856056664252926572674552383109747509650948602256109305498175952021216842241279657817028138726147579227329635740068540003001208863592532435029041836181492992734316807411728227921732538566701848615469565348692780603213743689780856669339648,0,44186887720547805165713716993148666248387521435156643079751148964955106666268134552406216667020109999735745474051380580334342930347116551675861486708013489557619672658388344922116158069540867545411867760478420141208002210303784858005399956328462865523271474256059121849621749182511788563605267727193692657971515009883385883451134584362544126713022385718770147693296212913267941309771155034222347847676437983064861289274058547455344540690532771787328437643902976,0,-702062207098909635868730685475803009111619338263977416693418815045891534275658387719703875892891357701750149350246242345269128174826991678968296869225816325520128445103771909761390852910919184807394422375832161197766394209251627141925080913981487735014094184171835504175091636346416689746052740400703684326278285746805902910865026531156866205709490964653411595867796443231689841311744,0,38931279964331812793035225397453855747431578323697109381062371714268870301420861347860709324488621181964355572293507211751283861421882235714001912602614759186859335796232778438483592702096417164255018094315348014154272224476872574922331920701952634961893620843737189905611088197356055018597829393496024285184,0,-308808951696693833009897545749402158340051281094710211639210773782316888466707752916098306758177387311701191056606011060951323114131353649813981884189654573753165856706333689558456142034558919653261969858773971886383972414033756160,0,11315785615958802313743539252490991689724664466036870575743442922719994213184791115394245657856457791032133068541754411934317597703272896417674944608993280,0,-33087627679507589828613149891520082122991255182931118874614564798348597919744,0,1 # helix_v1 r=0
91594541777286853943698776089030721825154366483735824493016032676411094396963474773497424065089628119187571323656536878874072098288900538954583761342309122683144478067318177469446127447439573403880463041100630002989807765246438562079040732609867382894854352192152507396761148145663205549038650289408661717472787636167275388065478326606988217342426644658706256073178292459612607198322606276567869513040582593596151221368659402688182609411298777768899428845540167,0,3726967146987374508406930753643680034943640194612412042852082287327067115456601273182191425495597920072529671214521465094282508900252020770840758566868669408507141570634240600363837237301370446107899710328609625015136577536092155731483544974717578037302198000290810161500529214823869031661978527570481596096604765419175265618262610096000122261516951781961850604204034346401331861281570543283722900344902528388394804156788740,0,71769111397508686169341553705976337024185025443480799748539165492725314229158210032835899115517152878123482612279180319590473172472354659835860881193106255228066532535336614656889199199878938411175673095923740295428139440588016441451403324049537043998915886950770191095276420197268543949360280924692480449155986104271902118803763288666237985814800776638458417841943122900003710252456620,0,861059904658917546800803259700105629738163883934731894242630840220907631294832638075442947032084701823215033021343295517654283902002511213845433012250166639928295892534597367388355933589130204003129100353172329110742263092714177838612533248758921778956891845539084858708027504485481228159541484677478573771091840725535072079639547631066464469737446,0,7144373300875313159308328295560855215874217675854336364225779874006629033634411027802291899930154777654462854887666471201208889027359690206342322834234243648015016738991337406953446282068083719191670751425252072459368985277799582321499694260746705594773114699430296407153613382650099991547439188327134424425059,0,43062626080328158325544094455737157291513454302172875723803046425800270388964799683618990535691906090568972994890365070099556201877167482715503522068638353729396894197437200223823323090005899511354578945501573808924540584665138064292669553565519896151857171615044342767694,0,192850790344899903095857128489516344941409522159601184212986876130421891409318015666637635138386697104696146126295502985294562076635361712036088513042322491425842440205735916694976540965847999027327099710430724534809901938215649192277,0,645184017233656985163395781412512507872803912318131143678685599846134268025035940157327355417462780116260137481919802162406631829507071948605847538706802584758167498180539343059130642102218641748,0,1598325636969657908664515550929114851199172893164867305529796696032495022662921575531539993948440225768592680787981662137981073334793752122442275074278066454,0,2861220798913524012588307120082466197891764702011327365158478140393677132861156772464203287851554348327804690910389832,0,3528112039443394119908985198582568815258934664341084111798057484986902511198749,0,2715737373779776381135914486903595932264,0,1 # helix_v1 r=0
68388838363811915249339227122096600964353686896480094920328812798430619567784615618434688066976285754967154970427913201930047733135335377472778313916609644846527684130303537713518100871607711926947123242521476359515692555807744929528481794416614301530970519604225458908422704898987965600957113247313288347727160497906210389808524985133862457175309979128390403919153674356124521442482563963011930135560719854709481807853219081624284982675553033635857831499588277306478369319040949846639572304444659482953919298094487039437647190529943427485217131118195872585227780859331047116861162565887369877105466136203959369463444029005583973034450081006744506613756296226947335014995331222682179306630533525636959600385412866059200136829481,0,-91099924576310940373351500439136409298199883071533049722236097013221982565170289460861533640524319986967221319197645062494742976373396953013567632790871439692265501575771810264103457557659497161451917778476091001072504584781258790836942978927071702507146401347278573154129485828801788417676286596652757092783122553811001538331834487030496286053237147849453344631943070391144084309925080659216617425809580702921728651760071526676104939471078678053471505127557188724173558504846930051222526508260893229894538940898193843891523259490208790330242860101096482867273019482776128159210967798764218144018796393227220421054643489883542971740861880311362682702402931751540127314,0,34126499461829155270922943150988611453170017775275243098721845868108026561156869438918837734727375895843504111926841761102196910278489641690109024926448865167815495206755079229595369374654738786576014760019736165740194269873817675414923721879787660259970316455927655910051979024202383286141080011720754697029425126879000218954185821554942437968925348240513238171743153666918601362961611762325681800115952624056329107794632750865647282366317210540653660133582219101547587176387602337411693569936797862475176698783914774032177317830541697723924666064832286472877526810311461398628014537372029892425436573735842,0,7937354546634163842596610922057488718081316453628319167075158743536201222025384147535051690145708601712412773289900957264500039221363637291035249072554657090735363436695186316057780170214198358496378455240168141248993417047492395531766888030136562720779606063028347859840133921752500291216920043704303290334685773962089161760933253160051526496481450822034877479016140779530628971380978425314344384074134295881219036532665925699269168055556610027332269770652222372190524269510472276514895468870831498127861922973052564676928726120394334115587017570,0,-9800563713801178115675639530942593910737927914034468846859353786889656709263909775398093480311337055218958721663236454910457845483353045016776172877190607951698696456060668705568873685226918704503293726650713912833648795701778049957106023923387606064554014542065559072527450664461197737120934489766704694623885633154490156204982866116312536186888275138270963542068267147404955928278694928327379036651216843665094544073916291636123386025398309692013089087220227568809240719907578439066764,0,2319808989944404593003206109351918685082289250126699360003689604990637407340043330095130052747667243297582865791401604984695203432179021841696006762566986308464837346448756541809065424132395252927795941806837643409661483722644396213530144903906453508036819132781982205481503714630018625425944369778769839993448086831159330628289638285499756550388364462834854083932284400352552403766436172361770069393962091015920042365915350858,0,350778736912132992009500193999013457706166317398110759089379760219369200697031112767651443345728349482563447429427290862453247865082595721636044348362311320507821800701201810545485005106527354666932138784882506169009370618510628861602530953577233716545741144042857227226250447616797601830937744691796541153750231696896743457839105855415980121097188649780309442220313,0,-330972712072684254619048892418299998655405681830098530456479586690497629795022112741700190500852834582328786864000524281310692353032650117091000952714393953742771349833300090531333324672251102102341399051725615891592042714204952403431026240413037792410833428734733614369222907079226474604355339557487930504,0,88091733742894798678064073442809322679687252747846009484100591568296886939111569195286295096212414295571129826433623754279159638346871574296847029787552163552331836998982578847095285433370688512374425100482993153222382192694337666238117960220164,0,-12804833347532505372080322700335292441065245566913134142329431390415695959640600412663295803316118970412106198143773648075126438694047622442833286025023459018767217798129287911742436804,0,1087780053118961487028336775775785581828047624301793876260452259482704685098049199024634190632370369193168082042512341220566,0,-50674329051897193959355213500633488108536015366349590492751820,0,1 # helix_v1 r=0
825156732962886062106656619746380926452659129675689111117277682867883004752667079128117985409518378065488487376617260022514407214919465665536496083151947192727809199679834220813725996575193213851724809036663178089284006613997538538908288750879984983395520230813782194981957523149062216751732308737949637773370652734171684849263225405028518500348031131982562481418305679031647836631764025885466362178998949100905679851298751306212237893751445311242718211123649284199898241761537579545168826228826575158092976189323371726678206821838846772851204658043141308853635143448465177578002125477794442204157113993569862872530794763117712371080147254081127,0,-6625406576940815453188658448116176949194997383446004405468321252086947418450520184761308172647152267740833360737408916900750521501134981601424913153251962297334024943170537758187303339926988101697855098264752699407653741248769258739070270780674989910364603121915683628551362671046940333311632261260529861713952066119845505871925733973450138561214643572210710582729193877319139138007527128204550192460622369866706249926605525928815985652059001731890411444152164389173440895380948680222879477720587480309085261113859991203814294155508362943730003777201438646700633344406824634283709925369861032,0,3041949686280927508513839200790707050427597051636419747173417559879715346924853249538452723597607759542850624046867530443133639845540091973040717501185758735106229543097308704720864004732690924585733929820085002760263437764934464957069402019926588470569561421247931983279287928223923420038575354216573269410425987503670050839385356211114996737042238539023893903542909519391133690928607669651475440851569012566878424918130597643960400957870507939305895398902610740225897033709242270191361806538980256315611843313126107557788313810588382831,0,-13522151255584131668139423712446397002838274619464274895598506935620987582533489595008544243628470546231188776365617145860545626992173465534228462582103601412183866253592944397050907698652568194011328087976479101815462292157791438228511453549873904634990826356293619083051404910482530690177975653019811639634447895463035168629028870811567014220694576414020538560755045926609194222688589087091496086947246698972629931645174333962149352058337424021817716522754171398016005024425206562786,0,451560362071201326377690995032897531215569244279623449592265569603972210174344493884418615897186741176810221068818626609816368813201640306280879027401568050486616637817066139065515705858196189307435273703907223030172285784790016348821618399829240523311957951456724765819467914005689162445486587578663998127565426730764683530674563109779811264219593019301466593789708599092882026704506629663767473931475482130652047251272163316665683,0,316785473529498564472158943991248690370610571396490533712697984542502826882100126292036308073449066895754224186704940271811957301242216055722844197673301616910421433614284337943562411055869947442478272822115212909782906533745718212794927398011962031966178402483685998442404734957363322498540018594912468144599475973728809442083156246171944573499797359649267366802246696385233862,0,-1781858463763685028268508822594935084701866480538255625117320614415649736051392519023670482434949490942582465629809904557904460923049920045393989503755349741175265191819541987267048702257726091124912753863766412283402833068507197483414103122227197242441710744593059770994130287201908861799382965083640233249166837537814318190,0,155353745714678290821235255040237282885336378565916469919606369021834784954710368603949165616251843034356748385582192785350499031791261439772864795484615455320660361718568992722772294839277592003266608774753255618708169655029324801174847450815523493827166148344991538136,0,3148623561057914698443936639613898780580898818285032333567821811226798129821165714764223795194553632917027838304894700970053207769833920091020142544376939022965829380082738446015633461710903957956019858289636820579976,0,1053150074134861258877307114636808530300189759469699571647098426991866906406489218218951346450487016970147229814665329399151689459659869470728148985212414544423206,0,339874462019957401399836421426158905377704074646543567066995798428852282493019861518468724286275255329317101,0,-2674009918230463196004015650585762496793900322128222308,0,1 # helix_v1 r=0
55462328652928770815852481624193502814159174166704319579424106235057230281528894477041364389214079403989922830463880600946976925774546168078593233328091818939748344617738983616537964185496134245564678776696973145159644966586282185100006398656622350310357287405027595056347873806395687722237576877937290557599098244746842208011874518143097428833549899762925531783905138234360722566102201360788642683773596233375947624348021073481500602171368234761197379128231945643516253888335208200985342960607083079846443833158717852487287952442194682005889310642423928671465560670362960082930012873623452539309714412975810722643496756005211266754332921933748656672765561294070230688532356245422787948874623290231132545139661746922848354763101742517503037491091846270970779,0,520184987800691092708380366020325166165655776344226687095651341014125589445067514213608076522080772474185068379418455232620905578651276746592374401852151963118598994893957484462786419814284691800456711371626114591836832905395556275735811243751204177373795844968762009120486071123096829024167483136251226640042815220071010408710811911489153396231885052501155523574204960702390274609304306311710782636809508338406285831258131997483746832830483473980395291940067681358910123723278092676595215627104076750951270355952968584887344073015520460484266587650325956898889585702154462275508161294880933520644419062348630031916651464936431819011475337346500666238540229777272752206334721114100577579870120910,0,2169735412493673282751570821648066831704003347726080587014284615998037674874377115071296337443024380758521765958955661689052033169795231357973562590195252892857982129413742913587839587713999105141335301364309320829568745266868581020053593597185859176884886549052144801403890747338573960965295559216325611135839404640275914076112474824160850108881862050424458048866924532449598036351511791104245354838690737386667916385507926232285486949118377618853094332250440978227352395928665656147943684838094391781251784255785720893982719733656657922167019364575741431872292251076339387414603205011938877413394030508804500914992084577076483024073,0,5321816234090313336148138881891409643714280279961706615222518256490764814156225383847257499468831858990828235038495840382626913741641798240924828930852423039860509401153603535935954309758121772963472484258335792149608963979569501859563130906632541832508317010767254497644293926771925425158239508542587371762776367009115533406490787128161640310759432383626672224291682703254444607378904206950600318881290256058294025746035879591055541196744042091604871974358006287470237023373817068969195166396691975558406749571346776108892819693605264272374674213513878771274252014610588,0,8562310149411450961578161381793369747859911930193702226668316716812908595223927190047955712641348394437472952247060008787510919415852094970543334532025670897386787130607612426765089009046083716908021318953549778259894872192857591150040620110747064513242090820744538667286204060506023566342142480623447219052010922127303858307357496814288557315440817017265890336516961497706284695989146861818102482193666865704710893004767467981817591512313145661332633231722450636751914162461477957679693213141378811016457992,0,9556993471339133049199111445964360738515281402151583652625687715536874355450322956977220005435742382043634315471813000807449524933114970982053596815130625142429888897961223796315873568852287925898447517923200101312025664587057888413654873379385851348237167922007754604621726368895397766673582821993068185037250877572726338106425376337567544463635909742532755901735083950323305606016996445200552352880983394862227843801739042878611798998695114026,0,7638399100756953888952440676449312609534156336532407056165936941046389696560095001589174410723664631106703610376330219228857695520850084248713395564919348384940428291970704023224551944371122805944478367609645167354732223163657808735375473184123709949344075712370432121997449964881827990709119969615240274226634689712900240842404907334362902896338193328871265273991519045500262494769,0,4444305510948960711249531648343131024895592118427466617839256002160400196303031249037009017538240567236469291637919620158324578233645613361095168220081801217896507679157561719321309851686218867963672192120427016885749087027994498003425582586035288612827876438104896374244362864037206783615725598624928382699368170083628,0,1887616496816699033834795989111299068372575864056758645235050949520127946874976589027682720602365921008844422941839962765022993122080087971270485866300440193743495603980071707780695063827805838580558593576255258549824852604506596090049486108682071371909588,0,577000470361970129919777413079292718841034747466788804608346784599352430211040179255478069530425194346854608326596451904112788898783115968164798359585145933703998745322716309692327868349386286,0,121781929166568256753591622098635596266901820324672240260957558136936865410659534275739515025500991370248166223291054586912692845,0,16000602348322312103372565819901278047163845016567654176174846208,0,1 # helix_v1 r=0
4424485179147680223173731670990793525416766974509155055270157800631751756471823514616638785939643539665907000271949106173008308872956150172453020908473708351358557894877295777198433355979421896260548021713538097747767128132306042846817936470381803191505782745412943053562280535767510311875370275145035813129311004840021531178751135659032267353,0,-219424753424045406002116221107575861081217413227247305190671856854098807967733765398771526695102299967763266472302302534387991886870270815382966028495513290088360994247554377944578783081207748195542249464603874436756411749923022952561922445618021444941051242479449492961776613474549232655635059761152171575962824128,0,27921976675395668150696790694891236169831545091690622404477343950026630129463690174505403640374564160472129280306727728959790579917798290637045830684007887324695649549329423423330712023530525860552003827432717031683912818072486151494887603163719384787846663078068359178568841667938683715,0,-2188760994378178500512489088934734604852602182015514906358371959679625829100408128196413075939679479471001791911350510221798949751929094239610050085690476588396487188925645511771328890812757231381821502653704045364867405412740948849167736749361993386590268772,0,88415360589561111156957473198419987082617030760319666238789671957618699095852318536302082061983553731138486757202816893520249882611945790136336657595249195618540249265839337262960760303825299878846183973785646056886482205243064418,0,-2881744153849999764919846781312526837630201263506028783311721748147512294371058369742182590966598709549282088592277826062462999272119638166904176134823796170472834731403246788719606996381791703994887180,0,76301375248808567219562673139619635448323809950568612671976621523876680752736102299869081280358303749441832298756415509310314513650985085600413495280068484520885207288042751,0,-995425371962949612448336377199607470757904064361278440630774761138944783547616211176350131032348902818235735357587980921370602425706097092052080,0,21027709479304190426623949907189966310314178670243857699671559753239767631232389814035117879765252550314645581310630,0,-816033024195163529002584442263910931049873039456201588406168652243099390134232089029188,0,14463983578959185645517361558748329088312498160935580764367,0,-121197988105750810469734953540,0,1 # helix_v1 r=0
121312134785187,0,234743957552268,0,231634496497113,0,151650961332606,0,71717039031222,0,24201708520698,0,6402547294894,0,1067438358552,0,161500968060,0,-5768938,0,-745044,0,78,0,1 # helix_v1 r=0
18015223726900308438851188985940400929014198074599823856541570968927379508528080016616170400592267097585697487580901188250079073922711474217208640243912092989931448844069997808344652105104985084346567900487555912908928262994072260005307726781639414735493959062720977245150432499688861779500454113856830947175762221599645274329266300932106828876134744694614408598627314885807384453462465308684529431255335090329494799879899031048202895521289062565241763183154334162682949758733640302059652869053817053099653782810722036497228128135631093345886096624721453609620234599119315348740213248363709153798255538614101538283048620937192844522324929926681266379165777101985126461055154876882411647227827075023389840563486249782509268834800468378189814894770707953256798589872244482434889158506454606276132619718583226728448,0,-7280899543794737397939391068876587310437040304952545487796919988641945781523940915348669258714561455390063734998847973942882968014362309347542467360003415307223552001822222998040257431748116345223000450718737070687665342064721522750287422818608515744891240561892366084976062512892544175299229437212157187801636371835281564229220500080438949460243150791148161030704544131052108012866059924138192167222414202812838152857699051076138450999852468652055875103056308887328081612193412201125029523055066021315996887768415446883233670521577967919344868910287976836998658085800230183469626816402416773491289447465684896131808910439459651794750775785627681652585491637033937940351562688169224739298320358465890042491458869355029800772907216635008343080960,0,1291301908004377009850294307656780570008649697146444440017719059452064661732421051601022976146755395427874454497794195122656120587580706737561739999338820692373666390524837485562052058000116410542005848834907547915036107898218176502583354248136803166347197629740465578982816808529252150910356312193018990590278934114622367881622477888623091170109477831453735998681749568016360020854503724651433958679436708251503296222013469398237199727546462433425270788276698433814780773636135913364817108138396435893066806791449489993903538614378039970689727003276046338607711438019775372602185449175930843050563981135705548404243536504489713451742012615914885294025111887670246082825192210432,0,-131545617648830601197250539253150117236009354730439281660994505974445931604219813233103557693877719016550931720535403184085036294651534703095040900101461417270963437973056949813805653306870328067693644343160923055518502039498032578914057692737675858429920086543864880615900467304146349070683028810906047098151636686151947446526016009529184005314437448758458543023238700937649279337412832757979508540524200096036007975420895793349653567762243295528723759512896173119275128372853928834559558510034757196967669913298150073249911752631452203044056762971023180275034916836215957018128296128003019598087162618536001536,0,8528556524558229124165951847945534243740189393129351206764843103539005578475544595557111215011408313964020601889069420165614606269687788392631550980247705078247007180306796266468498416981012880354195305566500739640157955948321559065293052050214947004134972810448855768166512385343860640442267947602710271712937815500152189931040337540467219741958845798496369448982911629685832681071190013869712439910574622855669609057596514967047055500366696884939050756113523751033399120199629742028163380984651912143886092463054982172294137361224840595374080,0,-369175928123920650219927366769410976226546528300773405058984992801488903558066671353457549463189391002120866488884335235146835971508425144548023307676127481960483293135528293097438964020618094612760894352869329516082706567739793213220900559817465829763463761345477040263271992739004817518774632797205411013124076903923835154652492331235081275334311970043811842200355925848536316752104949068678070131737338644296135835609075976004559769127125919755518979347910903960329395372032,0,10893591534002424902892482408046915306961779893356774361623536365613174446042328680373863846464002298588091454665208568715604509284355442083160521050322697488225987896113910855966379143206179120625913971542612111267917834820569651983625313172927052646277544198672297136423526269534972177684500539534066585396641584299702660654685777791605694643604801235336363850530022031796101741191221442476758630587787378688,0,-220004409520687441361411535750545163721464128356072280086789036099710682332404193390276768304763328157201547656674169557730571747383601782473453876532374532064751831957166281852210512569847644129872401986953575038452551385410495464566621327639295299920060819222665323358434361993142789408649390186469861986819992064613860213281407611546107904,0,3019064357980782917292199231416368436384956161975321102200037264163582460718255462260466502301342258527416365837339371372943173288664257635514994439905178972273818207080095336108563067298415820157491629306485338826951102162494014442203401592805916163870915738106447452438528,0,-27725377461357074870220246554481908278810418594000908762464809288314143058216551095801222769040323628701409741161531536811567985304093337217050935197863476590864066564179185879470536346165250965382054805504,0,165602707389691794197239611246450224613413947796595911264262106325972854354987831153189881283239349912600618800199301758739332423149944832,0,-593206665093417746994957770161359757029307795155705047878688154058752,0,1 # helix_v1 r=0
148862177327950837855109553468542088732795153191653040840022708297362814963115525489385290035650844196318201737710833273892277632691984260568242765883288881207132714242790781777921660488667688609725815821234159445784852535166138839114572075884271315268051131384753718545837482958987341554173739063089015998880138384017391548912452533985010859778914966988086627451458848458790562604816378394349908322820173011635774510017196978840067534573704616012403233785610719055617220120871899658183771806878860453986950184165647122383678633708984873445996701089873096894923511461435092632938288951798920995891707612189034507307499158962164502429227470339178496,0,-4668624101827208507642181229248611317467485522576217805638483023596502034941133966938141866081765305040141156387996004366814496468442725108222633744771901972579681641505811216768846696697129185590460681077593424216317998325480128530770383350171155802836122215884764245050881045140979734773184317916339577228825496536618970085990994950731993713377597049200913203721032591647810216197403259075470770481293256518670467577775392579536288277040892319982402472928104197555307972664743114920757557051929121602769296823255929519343935795968476373512862040559777724161015123379064017568194302921813262336,0,69167483643072261148793352341394039777541199948279088275088111975873043309856250696837607257563564125397538194513675898016330948905880282634699097117383034719847677475882282267447932905331317361975258353810745134513226415200740506693631653231665388999965698045389801772373647755063888109636226918753445515299368830742083018269720187697349660453309660263008015333320602058715880057929907111243474016114888922910273042723271389934739112197491646120662006663595625734681204062523534220243665604963460004176409651425152667593920186805751111483392,0,-631476967578424322155905675431848145589701428808082079324786590213497657239175468844853280629383188145267174945667474000677758999265697658700654710199541566915785522978726423842439407810392198699168671878194400756858974969551111944491100060570134656466385830581680905864889418823511999783406205263392604401910452716102107945612669528522425141114712042429062335244947651895232578094011741025587013505398144255816147136015011819704323558625978058191940608749300758493585674346668442366509056,0,3906692063186134239130918869072051208892323849642572163749815148267699092107219046269304804217932615704530645598427004416242567414812531137664783582729011960668256423149127696124372582486636542862797079253094544611949464745913173253671276115945163410885740250474696086343764383548136190842376074129570673593088590299068890365426836475058966174379108741273853760575646829865547307684482810403828786530712911902721443281790578544556900352,0,-17013462126149317027003476263848820827277068064115986711535113895489854889937261615287969724485697640399545741307385097357481179019447647408866447684349477931389903843943529782756874251523195283319096682866524087562726328939842290531824571766243067252792545484269761053428957226541371879998671021728576058627128841597495871321687086063642091487366031794929309793140374048186860306432,0,52566027183289705976825980122953555693514953631267192626923464759943042343659138038551574016069185027317152693132871421222594258823538476920150249245417471737619916821359092927504724261264813811968902055621501488005769809404901944465168163124302282680040226363865369180939026649354026520400097684753335060812025349107736253562880,0,-113345159940438234149299511223069031678495645522161121983329802665854572021005944311074724313668673754374472262382410137955252718100735012286722134082821549550841087383679435879114769732520405186795171984240549109283783129803722267415351300527350363159521415366727827414056960,0,162778297791681782193559311481508972815159040081680007591029123075695434612374506953193634386239854433129110338251990594462121301942133664130962669132082295849137616756238538886765525016257656773749368062756800548627808256,0,-140295907524433454534766008176234761442244766924154883644824277140246192037588232384137230585054663333650192052579844042926516909436853044566676559775112361928137113600,0,54900304037640295283692151741148086952595910203944153436565221448417715659425051735257692445946780173952811532288,0,277524386586250722985984270585915641016423965906941509632,0,1 # helix_v1 r=0
58541106166798311864315070282948275397541289034312852321308842233323480585551154259440286166418162664592596982517543375403984486780477876493921402901194249366555040179859810673876864722179596191777679950998363729265634686403588615257335697228249441434659113299566242705452337486341271240909077416921656514133770261733902261743317172819870300859835353343586828212250590071551803580099511605946822139308833767376380363614554846460271081523990499500589652647922007847708962564583897700460327118125986111666815034983062809456701456509409113735651256321250355717960108243894043849298910291900557564743408346864184425897949074688036950828647442063973852867021810036501078568987440819692377136283838355871720478215356649504037906493119882548584637783282849096512728094488675493666011435897,0,-4957334924959791149846979929577756701457037142532679085638460169808930372564170448954373911690866941566822370821342178530441901184168918818164834157833700653940525018131704042075907181392394615468231669753647380058056009525843218654441074780813430994640892598160327032113989334336991629178715067492986398890204474522141749752043527610995227034790470730198523214272782426410385864924855008969723140060165958865096023123384554880148314878319345908177924915570055812295024302854735165352920881733576627193318605911989132488872729852893224377887404983728444552584930126880663093973844900813546502763012334940082069141515414611754907164716620801314648124174473606892321099592930080357733895241786088180977488011355342102832,0,192995617974730291854400517647147479089899725489091186711660312101609918421109385970566331460168081308832554524845090750507071658550173248414164435179259655807006947034376239697684328163943460539650554049903897668971504798746852776098171935136747563616640066130086135135419738861522077959192806155390180977905347476473999271843599364786028682889087525221359533207549521895640678319540703214800033234144856292846720710237582249383770866899795031109882262791762745695240772173088549250723328886896772118291090655939559738466592402839401767530640316409319167327764268575359170306850599750649711290430921791930901427086592625261744651516515125059166619786042,0,-4566792323554941808773852758333824346699992454718385175426218711951044579395563394771293030359234236686468991124644069624750442899907740767651010871097354283670663140467803711161610358710480395107517550266999464913010834857904498634933333929923470405139392356864981937246545140319347601710042375611600444880890926448454274193693643108958107344830980990112121833208225531356375481105564640974278848633222041632379007387312772527809158721051515465502329064781479490791153812690321845485535491464752746737617688467236776813849864763688704461905770855421786529314252951335980485656138427341386,0,73132627994092828906342674736987896515070247302760842968951329049999622580593794830097073336679314132545648506282811133347939400955258440223885753185970515943554236376322681019507954566918986167923313892008259369012608058168659316187421964166545970868370904139882702236251261183209319903792762760784507314606753232955500277385158654503377499679183617978762752115914707352575852390270167732804740474549539770770568753796033998982735046558083540481994684996265052470043673005547896681944606034269366910227515437654763291271681,0,-834683989600221499529528830854021081567018593053252363185247665679394523833647411355984545187265229957820403332309303843480807985051664410029059816633490298813831971750760379870196527416286795166829594497404095550291349642625552791505327164297367667608969359774518286584274035603451952236847148853997045676327965289325572408884734520240670458509849656370435070553960642690956518662627221081988544857893760135228992125688408573290454395473104085329715491100338,0,6958660380567030834108379154418534032300726529282492876784705260319793422923742682956138393496034771357137035047029110010385709223522267385402198809956842707512977564455725725480757822181649736141406247623005111302650016490227161737362736060331105109192215501917676108269461324594777307522683419910615442809832034333583287693448571748091600024934115151361101519531435169974103733600103580624381,0,-42671877780661132723481264608181559612098417888577785782797662047853038991514607187536031065693518682647021543148095086864396132170236756579625313644213500807976034256934804923569014336357018143750494221697703450325817723699640119421765729552843634506834203303513162639893358581122849841666155572243836565298741081106607622836850,0,190888889119325765845624951927574765608535476610053619741413813990980916836903461459323825834578828382570798698638114403162067619353833562190695822945836107543782371245199676008915854524087063354322131718596959883305687153669318726681418297306346796999329148282864,0,-607017127768282269039466514516021616151496242343928047748671925546093927631733425758484728380205258982540245752019505739597121454027647355576518732356901809936174367785500736621654045995156260468732,0,1301348507882492856112014343459035430850174482094099930645619628138014692435049155254327076271577623297378997791767065012244937627597,0,-1687350813941729291527113800082903934519478709732024923796179032398,0,1 # helix_v1 r=0
4150365336520902392677403027177739858554432692665722867259977056216918213044020723825114595651292977902512385102288768662039542975639629865581637067513460549930578512963726507025543672531339317110459173529187314929261177461300760269356042451304620284766011901393790129170508821540362072825251534135442538157441647326411409724379221248872888960408687910805874656393181409440087313380719510866416357909120203081803128628860583880469650093889254945494218596733275443656201158468706198013415672482575266744559981713423946454247180920314764479107446533579458336924906342764103148407505886576062667940997568259754172582769427958976970916802460579820416063040005760341918505798886308815618940832784230121242214619199218109359979677988027576054936279679154612678191620780112364624414434186671619678499707915990067989840571,0,769833045577619375495480257968454854961377905684697911266764698202003253044223556237354870711924133504886585146337542252600499216282704963252215038379239096797557899008419539831421798179914514004814154029596747892183437471510047375500136215185462664701752933076593854041787873384271431392614643703797827803376162545697569617983088466087350407791861007446693995238797909870342092541270860883924811388155660531958216972202344613076630623841668283976662187533269232255726154707658796720338308811765549555879276965415274886477352781731943126284838896437723894550296070763401137656480457615623017032808543321786219661373914215314324358854495873584329842868086782912802293947789658937831098247413338169909531364202175401145960009312536485359375958752364,0,65656818667846866104624088026770933521836490242467405990073083665750828866291217354470461916466318520185190196331001887869343724905724509517706067989522342251263615480331616973500570269721752215105529965844954130197381229164017665347166336574276785480034843228606247591469038790481894030137273421513617293486039270556761478868999742302986404392252629726288855483607932074417784586611034470334434978339615093525038701440596617100653296918813995770399004635059681250453776801938310489041789466888577456649726521010584579625451386016509924493270821550580005256633600520036099918565001062384958710742266540634105186406308847361400547683930130939080082410939116083679123881066435417698,0,3405216586839926593941177614773578578227258058332419455902611606391213304994684590800954736582746383988036222812695622620085100701811414224026573210717420995050976582325806003830514063706026295773217606596240967331189486849501340455429562253295894973032652657170883583425505313686345403077599239782871493345968195900646279812820000094648380614575499634862567260553661809689309467934873363667004922540152905336014738526209531571131398785063810851173587578182714544388871357289480998809964259823764565846970466708752212936537863068954095068567222156061015608880571803923837581789009540510301179729838278612647694544,0,119634775331822700189845938159247857284452394736644115921999963092979910179409278254459903404735476543470950942880721251777993913627527759975287402005106710650782757790266565374077143852532081519789718364724662114261680336779553417169310461007769746345381914366931936697389906819491282278105283193472070279102731604148617212547814506290869355612782910544561402332033976681971579800642942316870686492638517063448836373067846215509602200149977004220335040976107378339087132845013583509792711502127141063098104920261807370786037549634941284673155567,0,3000103614340626742012743328720756438423964029641707391066971105576810714514406087646680469696792940241679469243305179811625130290402383766855435174931916462302854967800396133791139903247034965113799830059357841832600467824472321440428097733619161155500981869248091472194737379173620715187707344411252447384955826726191358562813963345877323160837732209081967983851782237606316377115873845767986434629564881712693015855568904559182302719904509015481474010808047960684246758558600,0,55076178362038985012741728637178275551927990650355100275326344808930850871018241939028964298040483600719913901440248476700568194507112586161341040909794860179244933565868064286465829341453933240010043718061962253842837443463973603506267504818602242822164388724128075793133378050853346120732259554275357805630577503885997962328616404457504698006738403591228854569576754044820008914809759448983049264255194911284,0,745975661640275789458055622801175734214370253479502607093927286839730059185081391733522018508458035387873393589461007538552757960207119613805354694501143542117172300030089029989201078979288047581920593278099444131219541703663874233135795500533222378531616802737081314938810896401142128955831951148709892511907986506886519276368406940009086820,0,7400476309311026874643780152827861362493394295781172256337267352686310130447623194650015109192328735036273215550790723953388618635093335566908071848855868652507643420818258622233631820667854631885845315130986910177058225764909082222908884869464746784037150074083759165110488,0,52459011660898932348527223581073154338520293164760829366619947154744855629983632731966929903111732803606490883440910091532397262836540207567388289392542774204690849266140653177501122833544576223719226234388,0,252312610268768856319590696413303437079476574579281109149755805406302239793026985531462936837210662360173671801281157391339401788031821720,0,739654622104280982652395761583121070805266207629678788763859741599464,0,1 # helix_v1 r=0
1586403340453095832376352014583524846228285983915507821260168833117032133773302985281655603937391428197482613607777023898734482098392515125956354321439895792061303863592336446060972593176218101822997897766502677092414064209129111606589232217841534512836436418138399382946555252882631640544713554078095496067722933714217372721995025976205854474796537803794317885707641914246260499522805453880082316348257017789337700656970852385230927674510157449533314018452203751322447423362950788328735209921021623708912132518794866145975662220360870099605664602403553451461074815118650971445778884545682524441728421549196387787190080068932011372812277429770793768349976290512509110240771426118916898816,0,655208540415563315569920759565510319825601214223577420020899802143945181153678643425717187973381565674492123987996924818990258176046275857156814917228586473582926076617672091257555137158655654464124894450038915638611809665209768571290890214879811512609627210133302292724205934168473920645977667182690228400184130553814164226432321074470946248239813346026380250428964925557258153513963702456303631277638197463821942114792375105275253792102231235769872256419527162628318640862947327874079339294837536182905100763897575350799573215762174276364475642042107654190381918720346626783412986423487878818523828279058438483380909396509851648,0,2365926468032662965908891188182297889165669887681940265089404461940428386708755119829472154163905425868942428531597723493977131414099420763799773963535418952913790873158904553619494285411784587976415362690389258298128162906527304052345607299090022517182737445932438260755841568386373686931622990221186571710525127130427579711599101699485819146939153795835547854029551244120356475854489083780421864692663745487920189562199048202352401228587735474835286038119418910375401474925853591599281902439830141774404901134238705044263311528060606327015168823901102853102072779964940288,0,-1509126430341763725192051427708638255137662809133716848092576008915110026944386635007409717319986310897117016594948390255923969145170355827986222009932405349908253444921457786961591625701831621055172905354270198481753523339271746777576074872037768181228499223644278838851275745009504746028725656329881447190727756822029486276467515535756334525221172132880179776551842355382159701372784432285449810730479454629075432032765008676086599886323118733144605651298986485556760777252144547936109677071736185795632819832094720,0,517848756951677911986860889119801287850405854708405725385018580229197009456012218726181001241099693999744205319435106720824236372656114529236787542208841231465887965668085264166088730809834070368967164294224963515602602686991306804197748495739473220977513453074834526083715140539706424418756374223731891340015562879438685436891485981061640734283332421885228818584306825096910473442021181003809076906907114326188016964032841449141030349630105662700017189650432,0,-1554316819519966719871270743977031046386312654699401075634450625937897206904509102165416526628577278210915544920807126855928147559423864178644569844840288162593552582234356973843042922397940433371956579798035697990654452886258307042266969262156559970326184559753053683221650568857334318505187006890907540399659294128928573850122412464701766649194121998130383867660859049370560928196881725149294006108160,0,1125395620158109828223955344753072212275533950877289981399360958822388477192281152512014427842932998045490362818035289671909809275776997423581595734956236826041742202645431626585558923207541582492795010429562862345551354029222153761183468085985941494822482249273462808107944955535095496603243621584281856520764645265127085564683066707602967625728,0,-308996409189233302748912224469926970500288560064394756259582271665224020030209118181638844140813523061326519953275710258337309533799589335071561762755074242768148455329104803296826189721966613804527535790696592801590439758327147369171662400821690582770470190555220094043523802470312574976,0,187799113222463830734707641991886519766746578082201992857349402067937780389555629968789030982834989937361060951303868267525950078387163233267428687115814320435188028733531706279511269113991630094523264808766953777407234897034084352,0,-170508074594628220431254318568391313491457474915793744886028411634982487485242449524735937126568587543233522328876607752509570755250119709795707904381226802006290264993300480,0,71535583188316818216737552597467105054656856424152001549624627474000021532794783225812774212262437934629025782693888,0,-13682285341776022012406395210418743208939436168757471346688,0,1 # helix_v1 r=0
24226012950929066385952680479695844781756536672956592026212147529067467900864457520145292782333918172844746519961554472033541878729838249349292912387714777017283662146591720420255097421434992727593917224810875509300156434646114212366435546898612888538361875790397531650953653528795090223206099720641976772843441726731051388386061072410337716155096439216331817575121945576157220828407936801772010442050236459007673013667385275205173151227291173182654954595734676832249798730662493507972052031385004588964114814028533943835284693518006403542604678111776969250765510848884835468005105339886344940544267001574112135703066837697791667449534771782256710421773795210422190575017774045720222008364993307,0,-21239923409911632444070906027404683897891793491914447098814635100868457837402077934520851197159292446245674143374256373635599348911592166760098797364425207266284624046442526582356497294952080568151264010405844774438500472228754259826883210477476688354288880479445391420306559645382190377893747953510801966155717732655017238555711675213219258814000717190812263962600924760234469657504139465761120154345372309771735520639144139958897838700542188234934055234946735530623219990290184275219404929609348178424779899742588589356791002780464773092858207878277711455858115845250427929120240415358401841115479714781193749354363492854826269285293584,0,8890454154849659126170062153369772460303559223909278664479947092934877427645775232950849237232434212671793425874195134385313465238767244485363050980555163808303747901656285295158740274809526432418226996146077271769846865600395354490472039897756494381020499519264850985337664739246267952305109865851674387823850422639689578780752431580205762153181154544734039722835857264932610646557280950407218196937989104336220520238580215085447105936733180013617487942501907690859335634511712486441992317568144933393146157338360960803606534474655236409657826645723708067428335338013383563900595,0,-2372329749075946161012491001157402006141869886880286192886067665995700829359926770013868776060067778762080507794366847390225822997105230508154421958115558449208216152255106422898049424951176479168594729427321140143103313562143535225410256984473052743484862232221042311876399561543265778262423999982117537987695372649131882406818638520857631435676508228460417929305077993953513438814418658836766661581023612407162827386960370278593276381668786723198279109742862882650324909076958070249549889545029234172999144003604450459704,0,487104453473485242544485499581126381452975695536521771488864702519778932459673450199130719563434716305788161432496774918616443536591427828849247100153087888555476093964730682276560956621274399012926627682237752943836590947052041753018711372842177207195033793586916372190249781124567860180101686672322745246451476771716939698532355180373103771283638847972247310297760147904300259927944819779829078586252720639244471918395180590997985189182071302750059947520327228848,0,-86881671944029734278444079142159407885747942570578709185435949929065148022535946488143623678484291039408128718495362464920637169526570407946470274942320022926492734009611382572138899001112974924130855059355005256043423072316219353540093590211831262889848965686641829029363506574861067005381302211619098718186813037863184053015295237947304023189570532240371554080386679195638695074213594385095665458150257826,0,13686215850531661473139888591413252732404221779020261143834164493607912459304035970050380157439688572284506218701165909205136744765637783444573448528377368987727992484624806240283027741895450611699540502913332169683669912395704260125063500421207343642216509816038478708415096456136727980620661400606476487401171171633952161794224330985817809566852772,0,-1717739895294249259802589041774641783107377662722005890138525538911063741299895212770479165010741068526107759930163149917698725143007811620463091865968229315565760720084524740255088430926625320557922138355837157051432211481755258249907474749019683554157155211056602727867852017080437745229756,0,160182012250249319426374020136857726791983918245348070056979341468716593985961064201161821594892822630730615961274006616938771200380929477492613076786395409094191200312776860368368119455623517085053189171715094075730751637388025331900,0,-11817988270413497433899027727291397739557197896421803707975890172808135374632064284433357943616396223236696734088960725212839955029768979416874607991639859512053618160440370168,0,966106534622618518067095453177164543874390328800577451248022777512368895666344847269954986314785220632980606098485230,0,-50606086820719745821671544727835815850200264386893457402962,0,1 # helix_v1 r=0
3224319923147650929,0,4399776175703248800,0,-2699735840191066509,0,-3758231812865204910,0,2854539381550764870,0,-817899616632241176,0,183230630142108325,0,-20019007740141486,0,1738306279585392,0,-120451395956,0,90482319,0,-2898,0,1 # helix_v1 r=0
37092787227257476014238662109677683967553241571547982652168311187668230557153728997282167350606163957141999837295962742530687176448345024641289908268473053036374597985041168817880682683130484695840284354895890997955796692927840418734413187094999884335853963867172283906270667169613578499294752867153756798001293489946672998438253801627219188445335692131565137559030489686644828626949015244191472889188831856644795336233323517355224424712281728515624435633010910659731401634405370437266629165037374372121749912966266274580022071392971,0,-995783320594091102337636794555696810237005947242501445005662473937752564385224318892020667178963688963488019772538177095371642504696655460010571583812223948816221706082817555845181575327355215550658880761498390298723523608571008401596864643528517693771507518768866306838409074444414481172642574374977990552177777496847309102371993887125033340384992698798096798999260846776236860649223665467823250131064201059494055103958720676370122168012746210493429207050771214842157914125217778224055650,0,11119234172973032450295693881747219545457893051997460990640238702586984935992998157140807157381807877182547247791254117866815372256502869372193944670626789443365709871283816223458429945282433612317791312702195544705200107333350642897031402388477190469518339441002425817621016109473318018198977718382532021908651992591682725082775752114597097177423740399631743882153033095011903308257567263143127075447422228488329436833996669551711294195425337793,0,-68319269690946228657375928245530870028320288377053922184055325962799749615634968837686128439911449719951169197481326262866736186161100842773160372968066328824777486703255836390015285403390452986556579526781130951038183410653291947592855224306580978158649945147892909632198320977025553251897932890308281905024750540543372677524270968643219784460922185845951269011163398818668632390062038417817027053724,0,329062566987637267499095277472209161615553535631536666707655201785534024039246936543527100877478285708772425967269529644963049595907569085683684951149109155883454315460084598209438625141273746992380139632996134911568977324293281583936474037960766089047171827814230587912640312130548226302153501175111850979450014091386756237533494992765220036730415353153858,0,-2423812909753309178364691075873355786199031454537421925737148455441713660879128205882349037099924367842649160960471391933005538595068300525653024103938129029502413905722041495184991366120824863129302189277111499290895209564225968446418124048024760372746829364615158834985528172794418844069446817504837639179291172,0,20869431982043003519605041067390738461008756551009843068872619458690217586158737932014363836954020954798448052247977688573662885661436473565355738549165526706860842654534964116012713245502663132642963857162719030369436671873889052399058538502488365568804959477596334648,0,-128076869716465832114268059936321024284915357900227950020558312801524132224857319946227728963201402472870567603998013638000125343172196614415137059263173179750532967752417045163878032346552564319995126466687323126413772128122,0,516804232786464728791490181968469284693084226909667107390477791182546041528109711316774208407591616893062473035177965601180954138131971885934456863566474981883711797971975798194813,0,-1368145244100091636879669405763189324804476858614694364613869365923361923254785547647891779876218929936897722983992193831274451927136028,0,2311790255428504334412443695655600106291544203465510333315192870380528507391787217307547065,0,-2277243548250759858670773099525200423218744404,0,1 # helix_v1 r=0
167050860941473365847818690707628555775881236836086397239113232305852862377320774228854860893177010142957285933072260312222042768300592716243638244034994517509823763890346043440501867291321548231983502690103650744767347769316076497877835953674657910368617304951191979650013298302060194708153786115650137567483776511787989824652141278561467909926254356137413877488677579371198689496135417579337932832313364014839460104845635572533364603068493829112555793216547404654971074471513702142456511161345689975076775649723610326396239091279147904091213369660949247598287489685328916861534388221853965624387099762961601662809077149502357087726373959231339910096770259528884989117048749,0,-771225699709315780747829554924784530953778761009924074562290271299653016415833994617593960352343501255477928123846622865434257543237268577780249948136264914602220643311241409889696696804568250860120892798537070237977091957509912799317670131137870312654971904021226066930999573694756790188727301223453162563064038693916981529245624984966864135919826590124272710182580107010863211228026946961032565720190049959610208107445176255280957370696923020776585158163466620675099828023491165958526934571745606000744400203385733015406357721990069589359870522487001801303002047986644745280157763381590964609299502471719073134301106,0,-33005497990760951880864801685319571601468991586713789200412701022804818176989863195072548072850806990466522159092789582540057480197651408396040925485556405522123925478452205733093915081475093444081583985832545298089422835240392457701380340843256009837153919710913001449582286395520443154062220300799351589503418761997243450648901979938417315478043119278116011373710128461751322810209238092912072303542795631020927457688015026204263952828743609482418758907972518183398822829935920499038774571096095815498437304346497171410254614501960224782102288912445071961738546,0,-412502835255633829033853641178832137963224285667619988892884508110519494032306935726381133088416309853120668122100174212690291874569584769950136918738175447107340856355220980081573877421576086558582730177571648832477792954251824336252403973436334872467128839011906634868837437267238276629152573453066776735419439888763959390800346223825111808376742433572916406398405199673848307262300503202226067389035313973033966982316490762915225125661390763326751394493733516158666538883969076552229923431409242609819818,0,-2575299945023888103732186206281650890977164565566920693962866491463805690487464576197190643459218233692173072094833134383982332180157029980955158797398870990594479849745550657227290063159555001328260644306932942806211978541355523863572618638945695099828164722643156148155291939025613819867432537643879835374622173037174457798042450033752001307302452496086296888694399218225144457619885322530738984672873176316641967404285777339239094789959754001488997,0,62532470096697293232334014044956781291254399459913213993486700553413733981696438011813508555803655389349332787485877718776608169796126050755217784246916687540028405274540392208693295181281508173154686935652622044247440437840207241840716977132577246410879966105756084704275327655408103467372032149616211426410289411175872296946547180283546789911591659381756196195220703897267911461775503330857570,0,1131784471562816825863793920312274679017322790290989222336085473715273489354774856316252518260892812184221703493977032463791320033667559818994498467834050520977067675116508556339773330056537872252822473073501770461483815496098686973735998134799068600647349530248394307608406120764101949449238812864587982479818386418983317945498863965352563,0,6156629460484991818477750874588587823022791683160120788571979499060150187214776136749216876820705612060645311999488174784529368438457031234141131006035825865162775620252638270328209621142525249111930447065685252418420080117135539960522382396156792210312193167758961487495671865906914,0,11094543729077123842309038156025682793131206874978531575964691904484718181539241655445748399642152376531870192127684640139953093027969915190696937724302433815779208778086429969066045392988499085468521145436491734347425345114710,0,-123139060086924556587224358192177404511631174465496972042350504710818116449604114463981252319579512365070060130855898973754028218656679216775730379179802381070580322558,0,12856298938238962499401198769532014536811409267482806969526503599817709701062405127177073818072116850090973538477,0,275365212773206725407070788231159642161102732378228731834,0,1 # helix_v1 r=0
373439887496769922712734145435888358549608197797404671954599714814730280828132661067422181173072633084541421897460519102332578034978603359017168429638967994400407086823243832200354083395478887173660540784888603736741241784261176297497227397728056677864591889387633945003341115256824725090557805729561247386738253491827007309707768129748264634040354136691404818057191166665337455878783262797641279015659307707057954456286120339514608128818185211245663148963835165430143411950456369271654702898942921273027019444265681911889632100411988543323731326688674602065808033170877210883084475209238411,0,-192114604006772322636127217376326805247871713264381522533497941508872608412850853536308923984836354232903595880926892545867772909464171669980181946887936864336014686325708198719959904347138680755330054331432097447295796647042399483119741262124915195660383639066707301014432521399685198149437295593545578409407211825249624892625818988560617917790650299264233842541008562513703557047972883737603769250793612506459743015179694292201641443245894504333190722982866860115458850189240840850564473307381588850557248579849375623782465576735668897347686,0,47486707403456972571569512277830372469399219095540602191666158895101473560028753460403515005288717916387704254313190066954393393792243641991569928345487429739352406883102741680150578389593588389088199406534868409040820166154602621206879635643559334979595066230970713473708835973127645542686416154072393647841850270590787167944282095254814668223156746558750464706050375179942205241230330493159154838672190377177856723866289602282639986267246109399413293389640927657056396047739024360981197603084,0,-7452564444854762327537847767723683103046278842436871366570099704778077859151734871509010235877179438656092158413011838136474260630257669987622225057877632716717161286779456072905944145686311020943831020182067345716745264138525691778542595937107294912341931303008875895169209195638555217329899606098926391803428815839991768065914603913593624464649634260270878746652606120066368504392275587307489037028182584971349118831625081113324092341683983324,0,840000942683186608984840754057505047169777913924733203090954742684369828455512932013494679008853682964040852499403103009254338534531393068773822573934056222415670718237016665786926410307845673942175981946559911921226594436364551571263324379830218690870071072724408701304314268330170268347167462876658935412267734992751986930369377153031354533500732952452924462650399204753409201760951605668561059,0,-73610170143580580092786842263068095006451750223222456145887569304762409353070564122340975165114714252817576425186332591431352192451424918297783321627383806850751519160944954937719160113936772661358285774521359205591055233428196600755381719876767365391652393066258965646743474623640813893450962127239498773483855562939316714541224968412499969199554,0,5240390376285209858553621197981498680518015547796500283780884740072224733082006232074081773994563813253212584066761536697893147225440490560520434263625984452003755586335571439061617824119387033536821894540211752377201081926854782166750758311415064456968818616232883046290109969901494249203324966835,0,-303034114983995006944643505598950297734422110477340879410804884436843133244082251737833000428987521666758678749246928383837039509974959439267639031376877225199577484637775253119506422387044437292961491845176570918999024277243496348677945399138148862,0,13716881944056656802309854119712457683217266664385278504467374974576289844925785962104416265745262807362834043463252157532555260753748073021948786650549926698877562401442668959208233812998620028284654,0,-459345227625319608794361384303106265697008851311382895736941329532387252541287142263185146244842854914258742189671881613956060678662888257109712478598,0,10588864832777188704462093025741991881530114729629924289401375966450216209211398579793132898726250755,0,-150023950200447157641620876995471526012749231435638,0,1 # helix_v1 r=0
4273014100562420710655132250131079169288243329893647540976169041887981954476299908400837467006494227546265124161902851587592862768978904852792290125097388138579409006425121494748208900028729683186061073637773849875734348132920598870999485640322702403688005752173729451452942915140631238450181295507001472697351984833126616462839195970320260946159871937238202577761749733089078092932918316691861557216333895816149827877794364892482904795259685318383004791891136762402196964089718746724623276099643171358613955336637142437,0,311909884750276461476790513619062770415396223988166428783279849134760718630743852619285499334605235775882809122313311495295947374546142966719769956961992409955454591869737452518498090193309031672173937410122065343257485648535319210647300308533308884237244246939014514881389922175898142750406289184600382026436774982872861800786857109031770329895183657375800269009044422711644734024447355672422682856873297883292615302228189915619332630814778178431516265749878131300663513092640,0,1593697524488033425798930457321794230692345184731449132415336648568867865081842631222157476729134292356493486885607915670702840693277929379398124649148202714901093948365047309870764353243345948789057211754826321829211224307346645701946267395930602828373555443100880176675067931542752172362195933904007647414669832547992136292472294899240037402525926675155609188639525423979373715185137931406076591705272158318087892522796962388702281889,0,519812189936029618731911259769313566306007985457683831494295508893168156366743566827255342209790492954320875212962970924331599687889065887868161913341777917483905867724535198195284800151106604699081827203916164662965737622127050240482572796588744379465125661950613560281574319982317587873717942441271818908925109722697369894593646277705313738403943345835348485262601314078976758938618397024476,0,75153764386053131416973354589141840906284848281223592978382203071300337350909426097906869194021513624093930223886961567479299416773206510306392949025772538267752989509314234616012705776382897292331935022255325375440747242783336822794725439349563699821781136682502923151120070277498100091270844774825897553514242360829186422494827208091112366587039776,0,6343715851899199356473381328628342219774456915004416216561507512837090089571924434833389768596165452208922422979787693395214965223591865222340126811211119148857278595619570699513576623749971672469676107487652639228121264886922884928023128922802289433736493994360400903297432235641582360760174135367314671832,0,346600219342817547857117857245965327053432594405905369001646554965324289606399024644629604571138978808077827090948540289680734412396889899756549016988383823105565662111308213583891083703861046675780370946093248820338802898014302463610200506889230719317049922916190,0,12798140997392766818098586098113924185002838423509024059827875897363653449823247461922889178155223448799200044518811373101889570296432949283969465464448802944934688429176160330366532424229636453868845894281541522197284544,0,322679680858372311660401205057403192780470899114732310133345655296605344104870016272203173236971778924537961757944069693526938686858815578700871310011792132810912070864448096195,0,5464453624009907790869032048608120629717424448631267088342413549882754469803475188223999845314669079912878049575828846244436362243630,0,59183661069626175889846207873627488352874929401674799400038091670353437718639641494421621,0,368291893058674380103056274828821178187817498,0,1 # helix_v1 r=0
90569641005200755911873508388899399337438074953046282152261968720705097496096771018708859896679996175507211887867984720431494575829459310721231478537540699245778052189026140081514052327427632753982163692837391910792619240857120043535235381902413719982506745192065460860581097537724539128314796839916161972113870021320980912589304701523969526895531632004122082163506027092254734438486741322689847545078208982504998328260017058563813294463164007032989941638382050663587328023142031245599026433141746613501737484996041418714033495708159097069052548094552133,0,45772758127086966784304225054789901394207790950339885286518077289988308630963394348016525259973767959683202556735817105589048643491255833571834559806702426597823346707517583052168272391569648517664702841766232134107599999036645034319815624460132268785568225525312444570575184301484973370866946444269712142541103506678762301946321009952885987529351973395639643868388893000124301633374195553202732173570342902410706671884951647064866917034536276671149634668164563753822406762012488496224827553629666658372452174,0,9607969828918835188419397157714753696298326801508647929658348343064469131395498189572946294213450436785638055926192438940053784826797360332186550087618322806323544616859169801432947207970028026127445222957578794544598036523773902477244729588009123418406557248944427178456186069558999453615149792729910415535856729570224902049230078295613687916190436538029029524701688161893340657269350532713958391245346131010238302817692020719874813006648529606081889713707316825,0,1259101139253460414008335034481851337237496727888419512273330621306731770134119272416751679150134087206757982510948032227205336020616865784774906008326209347609247959446699997355865777556234578585528275773661787555641613949424854980568674114809987883985171429216371255804615392966034961797747382328675419850789393598224390606183027170986870689396236195266705877168652107118334851859978941631611978815843242043425967162,0,159855815313285265874985005612231574343381524357656053370938637277306177617066956430955281846510551097366945608582227400896842018810003787296489647975032057329021880477924289472040794327404807845237300682485738379955071927912379831166435492911096777202271985168044172411843369962040492454243975951581234556372401952850638879251292501433207083918571443373521770557808799906,0,21735418361428227383960903993075063073572864331894646723899310817833197941546867817229475291222016729823987405159694538728576986234850728086398944603468134531750795921725996228747326863930441264575906376492580175642189614552978143199282547404487099357744223570104527432911271834124259858950090794932459221775277503623874343080,0,2337642937999257722907442066384499863379588113824044637411212635503317198496444820265667816383922540155183413850898720304799581078021883009026103063560455752971606172631991115638906038697198277709663318335981860686947188041476693545071984666290043265913577595223091501745181277358,0,174077120503055150615186432362847379727432456758267793386209003538643478144597819798050601739935308824992801535157278703009328440494994266812271033921994363688984679396559260691467556049777747986480574681174780279207796454885649701842,0,9083962858241569735551193914058817119418419341995307333116263127934155405681639548572656944704940680000411128817942667120334697322140629482053315805573568413249076816251230200264504087581,0,339668532432040577105111480417348654363864438553139654199426346311301702736159578055269926060059930301133177571798752494641715955328367858066,0,8801608587786992436617113516578415296340723881251851305815391722151093675801917542819539832753,0,139690717361841191207344149502536913152195141082,0,1 # helix_v1 r=0
797308444729940225654801664771143213357244254279726640367691286426074300046268117659938519062038950623164277874238276024608826098958927643629818028536266723277026257627782503377224049851565133093306847804613498529812163999420609586784808407787667213070802691566500026036711559089747997193963279087790844443711280972871177340817578277517930224435405009472244319692460460099746718754635397730400582942238359202596004390282893637350376299103846336387646858824622498350409745375933597425129832830013535159317026600102323416205546236819699592776349411247940336588380464207413074314621985740510192147016089233221467949129342366406356887611369019623041603922352690881992198445075346775748999553630663518960998857035613257885600901420327103888763102366454599951,0,18574384535833555972428655986175008547117228768690741661599688874660337991838036603303309946830390939428795741285979739030740610938814621365538982165313951391562254681203647771332711899998831131507809349123039139634233296386990890300423294645460084624978138894938496755890371603532247238377501664737053341992389674031875746030839316467019151112782237988134661659507592959047006127383265401321802562828851905805297311655610559933733029857252188651607293385476158209663598133649931035860492034328440999773835766816412204513316914930120235830846768096974141410119065139119265176605817615317704283855664905497509444630994519286108554526290493689939576912257669470367070239945352288476655551790546,0,191216510607298386845239755177334148027980868634964858114637723077421853908754411727805541703268087990786971269696985396452507844875939487203080829020610442461848740085401085894022127123613324225912720545317300647542600000087572703130882864288442762383032468467369258414859459086447534017613134578110943627218673350043950646415225772416823715128181222044269818511626587323926103097153248420454527403509818871690427909815204881953196378151937687132251855111908395628628373276776902951607346317678087873035713991386067270295631541245633195294410422171069488305029987995301727288960278277570881768278533626115416552992649250297022411,0,1163998522739596368162777332383047328627384839917128210321335044167659909903264012583163783318971057256378394383158111127284829229637394227417423134115590343020092516701316709076556324014824599667665968360448346888533965256913785956304166071971604374628553242332346954904176112702717091678755051642297104977763099225317626411147077858703663361408927138448486462207341968862977781683979909154948747514644706096317429451159669636086013096966972459460827813892652199339930138491257285580829694509891133240662168403125598898623623928570218536414390811569480363594568331080,0,4756695270938226883198739059064647531852130721199795488118467608090426793380869192231954488183668289928637896154233650065153231612293331268170060561453339306921232239860419383972856085604410490859472759653973960221331105806192412431006906548113120191666057208949595539207874018080160118723007015303216618701308147856561072881394508217680502031851277778803310903969209711375969831550627197529798152164811220121201017886356162168044333040587291444855980986750558589366342514265041191877561661766218334838404,0,14026696811923396820878997272399465592147969434216751894750055335003451682916722257647391191348158185642307885496807610491569924472041418997375893437396764712069732150336979328956478806697674760823159422259322802497662274129505448489463657902985018488375967081035907744879256728278349223497272356832290502854933661610712510787141582308323786685070183689778442340979407936648055617257937261164162389329131234979455567587236381614780540333210586,0,30848222360818423634624224527778849517960881037007691134038957971877907754423946877791501349931681832669429665050165373782986822841753209282021919321422075034120894669697413536778120870297554407785769073285533095024709830075800196709075573061811992139367125994857451526908860759123901370070463225412456445355193399225373855132791476847862252591481402464090382483876259498235762530,0,50358678520492109696700445439919829933765026741981456820094901632538959518731329934682900005666873446432615063735802342884571743357457196638492556693182201334006818052472367848832646640815716719297395120824071774717598673858160129269743562824168491459645973672849812995951387595907352195130281693958467845959830812222,0,59094340324785999377778096003856109177080970462103095994481998171762135037121786434139515157983510105162211871158459561521649685760016727485202191693668488993616831744287744936053528891146840542912619963309671339777433839393666950633764168525995781148157,0,47507432447616859115611831333142661475650221617581833068153240975319839759732054682542151316589072287812181644169692343892816066685293560864864224763413766094395423987699563713517196991679352,0,24531711004347656075388828900053641390342840005579291100350389817598453618204760790364131064718689627134151631466534844431506229,0,7345281786025649549378350651859323256689756894530343713966020064,0,1 # helix_v1 r=0
329534292555384272512194036175368428668039682478926137283516288170603690416128694631734558029884384393558754916405122690300523070694824724596198996855624162812620387675273674243113804772881669452925820528342291037728906036862109165164404783346360204564290800305151398243828275904328857273192855185168126576481280875805048685980976785024495563485529398954653441219793391973127821008393506892490746832765659796343289492658278001117628515036854352339225923074918078862605059222071151754026663700418606223762083532508792413647965382380542276395918592991326019378246658636519882680402264059971113109034076193236437927977194592740566372145503762903029655838101,0,-1355495521977113827303969194099546558737855168531445994884557037110997167588393321996047018656967000120443567535967483406697584803795971300582786870262053438622584129409236318230204452503577905157999041055818670129956231368122900628775201914529632259879299834813614805315099130327302535313170469276153159653782693742113480143586459838841055971853235518958196800553208636030084333415801562971136828138265572481543765553098728716806236075895113216471904443719409719136705545007762082271339106830616218679767686078174000759031456352022965793277117893133704077503991526708958742649112004581029026667581640,0,2576188881736046254527671249349915724941008906581978661456855476973534512035072677325155971331142569250895217576742333320530132650157850264647381463207281135581118704780475142581981349534892106139878288502562705206276652381523240478806943914202801522870614204688311952793214726717433913771602865947419511027789790185039905549413201385118003594236165808563012198599962623252126391676141226834353135128831300473507804162847372355488713425152958860281682681335351524492705669285359260426851223350688458802922014018336907418901025564777372935923744948,0,-2983855166573465290723636592145190412967743543108896621009257499599794037471040887398001873340892473832025342688302900029071757905723725480330499070654143747753817678857815837274694324971963855385281804100941869790649825710604796299133426572800003533153228580363084587302693931468262687887596049393025328331024316226391604786719129912737367691942297104345736987551607712687044906542606823009083168768292183764364863929668790349403112647049991332245873366698773192439339804074766345887992994322,0,2340558461128099568268144447652694916719173441156473497089912101522510281467478222195300483173341473462832513083789551159339173746711076361076807952435055635133672303812034154992644292774092271703516010517719771846208326176715435522135143227131929597550080739644716916554575091444385796231986021845570649060651498207261436122553608032995981179351643640827426092734558097549717365331966747688563251888878781062665834878494494175568300837995,0,-1307366766451940371506372340552465182185583822614749252412839732674811193312653336235198233861293975647158345711223937211588506590684950497448528635283672428959804032130229607756599203908801136006596427192914670790370662992627520107436687924455026953746301378966734627358695904405953632415489738637873692830833715084126214115033008919491052823665318766915265172647841308760273931345530,0,532348125503518369993654944433090002616336197906734962380082463650831854279091398851627108348873438221698106124116684874001504463995070138792747004661755130412584632699101560181340568251022305740216370600282697080921818263045039063593839136116907247143838838856070080819892720964540982150341865531436928344904706016613312327731378,0,-159015782581919706327249147356639958381571048467930113657374806111451346978939453393078177110276579035854623440777848099022890829303106572385082463172495560742584963494196063034244339325184076314723357150912894686813104862823414733010786969954248297203233823944622752305653092,0,34552410689908828498046221435380479411561590633396359521002892652864018519455312371887791560731086581624602261818106503846625042392204851333656312083184959356744202740774350895478837775525639145392126231353442472672985028,0,-5324418906457673005397076821916361890375354193234657500424915041115095427787062302718550286003731582559129157217816357716113903419953267663816527129654450459175493322,0,552491450421206525011846723855710530669411561925994295468296588095068264473040406891883162531266573613414795116,0,-34702106783000005412633771772832991226433329549382716180,0,1 # helix_v1 r=0
28111323091400033393567711935708022733659548374597839687001682974843081726597710761539882786752688685923429963537535923460979254512771265594993220377728797319279085351673631790371518246384587676012910349002259698888449556571377586917311062883404552358133739568758277100710451737246856829240336491956610430228018988652523278996481424008079830998704876241584762795170859871128386548812515793002546867695942808736689827884455702022489930575391324661577172077425905735651027841795881214901150011529470025485304239941289670036651145600401985524268557057541511,0,-26428605427844726679211838854011076278681280231846844927471134496514576574904459137579791768756202363343331250020720201146412633308827789835396986011207299594799306487725033783244849158433280128590024973509985693564802967282553506092626862198936972251229821791826907586224584001281088430911901539202841337929858187693542128105433489140800469392442622492588436813654500421470020464913174540982625994778837384103591812581717703898632913407835709452490733882423971018037524968576645898355673236679819477305417974,0,11219595182143069013453570943751830599254293491795636448648980895691695035536009694859279080252984882274603400978247944827747521289799235438832408346098056726767431733513099132671563747479665400559128736204553932888489172988295843966542256142376695596375912285983015490783691096384089788301241707821409414677588319861230177871858206287452772145245002463258182068061925376523106664449284709080682122316638318065409357026780258726655965898978835545275466657752738698,0,-2851578530977115508035387751090289625811395213003200118588738507699574527779574652468787497295599008503395354258937879902939226527413147999362396073563743274357549093277834443120423197076861609688498175199100994968566438933339133368532107841910016585543102938274924845724794596302854412204309179331430243531210435239776826678475196807761583397669406443091590807770252600519161806115738889845075594526292700772714943104,0,484581587072672905707504215142001268687463893466684264433943318843085918037822738470942837040218579788150514277091360778087959209565450741582001092897629949758421661596382130262084942425354304161243176784710353534988917617234168934715759574072840850917933220867309743238785815471730018144541365502424620497237667336114391138198489214453494974372001214904621694618318912123,0,-58157738827961989477156425182708159707838167182759620468631472505471196661596839443437576803785656024464340727445441241981027604067040589438291209133659901846943555971137630689176536223530573487317097173146054721573794861713058611929495808008978007961668737014559603117840602549743461932218736974112507986598232916399784464890,0,5067791663959934711198318619169568349596482129389040857081630030478259100011803771825987431836961495882177052840319956063667225291588081305893958372823378696225768340445028887540491225950892984469436601916300262062377827594548499019640463041805494949566255075180214673235339072944,0,-323875121250425582787919429239534410174464922356032540214477884056988216814264718409206849267310214920983693685677013042582528472520695499745909947163594177619811454318177778247331123806875083228131001412346226782966663717931129859782,0,15103577071788314040695026970994111224142325973848773358840244284262924812857393181412671320540648953541338982925363346003581036410872853446288072490780240859354317502147514144679465069207,0,-502450727465349217749722246819392472159371727333289613302955053523173219586341242763529011152826324841165322935635984787022884679599308365202,0,11345732669810204194090666520652322059565244293045358394691089522962439028992416700334382294343,0,-156516194050484213732607877443293801974003649298,0,1 # helix_v1 r=0
377904666701260075410176174180282051702796727477371303583283414960128906821864651021655714571768736187237915157418399802905619559518701078524584893326232752641461612846899769903297717416681884249897490242396749847905344376560045647881496651651177222292897808163614121960301950466259264766683343620763166746614142019002543330525729350970298432772102393647603811679228069706944601037400517061587657517493055890114523068306239764368306313986298434542203928535857891658864204678548341672312423617522994166057126870637136563815878179207866970916445326959209083217484652180995476445145853021959757586240140319,0,-13362293490769729845981661360443582909619086604223799477690062563797056652104602768627620062587130426789848302026197148033350594173343257797625212431015817792661836973576111030836930053030211484466173382829023947346829036774715079519235725527980929672369292151132897543840505099353493977268698724663961306072107326129668277021849631837439748774163252801143392919364097600778339739743708590741880874213910863981551732231737162244492051597458593596633213216491955148853921123512407056595380600627038974439984044838414144161701315530705358076146381809663644,0,93245911960522255183601228312507219413198560626856750856271637203725018268486381124084392292073998139541682007392286355758166929390999433684890808579524573341022415301950681011980634818636907134926360354351673435587114649979316751559629476684987924931194761287485698732223035449380967446097828197533843337179290285686527631009671280695267212094318438126142937232581611511169553127882472376656084389172502692385259620662013799495618242659095635877017225301753788703745445847478891921220786503951918088022,0,1671419068521558320981382255595814184618670131234754062169762123455223232211969038927820736210611287346649492867220019826263192256769962958201855255692457104717883908850915710964918354366408104455796272351329356910155615882586209806012140867119140935652031683350311477475609010593609955368494953532727956082014351583987310825987442293252424395780901379141739310330187694216312043770075084940133072130919976298072926939574238631617714646931764275953081204,0,-13186450443945133058889901919853012584655243096498068858028444760179469743024785916602819199425639717297004763915545720200168539186615080865591356900929593832023363595098955868137407493523919346015942662595076344473275330987979183244407338440630773019100072375717391030128016848093039952123490167473334077726114401761476100614493202504293997206553501475761020747934462323943094360750989979489881571199866,0,-523064762260157200745158509948554085151945169135062146039437841583140301276912611129022358565857679102444849032391816800651231761529737971990052847143677017681328439950458730898244050458662401222762532313003667719633252858753991197074149459404874344147579587867304267100989909945762994148916063144926987423446018151325869358597395598245637230937916409124,0,11333768401738586202238791266873987451721716293229032454638283484601576481999259802796287725428666042843157596768034660976916855532241137889846029695321721579603398603628846200155332764649996581288751105322535670099029423970052204748030877320695878128528986134016060471668397991022992253053755187512884783,0,-105106086521951799479992759918547102234844456086693291655787921889111333984554946916959038540456843419252364163625095849819343771169059372483345642838659771841682955221103731390210720495177386905581565191999706428032713551981423985143896294625635367536986,0,552200278672495859609532363561151983407800521570761915024233153493059263847990638925516964655201363672249379780065701894191962401106590801849379285070961742693672502028412744754656496900488152568665533482,0,-1721660169962953791615736677326943798620933449189320046146632638990259290354839818958012649190911576245052428436712621178557466170025230288278261786797660,0,3074496411603928386164585628635051964198528814125302999261275348714875009066389841976011215486986187184,0,-2802598677191171925656273738082659584621050234865608,0,1 # helix_v1 r=0
1685868986637386466788638705951068508105356812534369768778996928707919146069508466631637211085372722752735089523056909235468573632874214450683942369481690722217366578703449968549683108873552585788509977250406906069411225273387096765191260710976237921077987009250309648381023708512819427165117153651052576654319375021204483249615010924876860154458024462927,0,-76962028695989490376911962561827270559933956691978858701779874828481503105589709515696407910805451493863208916114378119217263492471099473051870582732267354737377055944991465691008426482347482147728867681424275328049306871118300822789634499543316251017501413726636032207008577998669541207802506519097942225717991076352667339842,0,1567086600222364796934379194063395005271162734306998244835534621727885116195179874567161315259153852880586716736357082634486346773622678240819620747988405285071630021983648434995424998714960488500271359471432522672426036716982277950229074506329523223058144177348922991481970137124645642753264414315,0,-18783995641977857706618925445484040858221378005897414293703664446663729377831051012824147085538929166337181133043872531058389800019445478407689453160933607724221335450772613676236288862047517012113993505237667438733826239924256538822893861340522199466838820315201688270,0,147227192826071453083978659784677683993349065192967550150334761590856145027790799016794323847324455808334568774866203239874202053878331720053145675497122366686818169025694539553045622012144467213970130486442754469337178734318267756543082101,0,-791587273219439522392755565920960985377489676034111596006039577629184549063063303477560328224691948603946685503096894125681740163974348834751135864465861857503702894621135216326892266099982068654554662544192176,0,2975707571556075430851196786755319530444828713896673340347520334020376625398935792775039238895343267473493790848245796087120763199487096342527246809303744799796518150610132662959370,0,-7820845143802530263532341741883461159073122757092471075289190653570036222460913325241543906824802806182495677809098008458996083888118513960616346309118,0,14151103988553121621841890145111680469454721728048341525431899565077645701728040422974625544096579758340871806228299265475,0,-17091792342842954902262018746807947854777990183113323676700910947757909896987217525330142134,0,13037570915550963354340734967148113590360985388813385258263514,0,-5560643868740720764256050451856,0,1 # helix_v1 r=0
40962890450861157689126764091059724453850135733182124188158816119359742591636421735538692550536616044105383271059402809115776906956441728191288707183027482362425826103373299877837454929127461790407458631815079155996455958342828487655034013059583362387565214571215586745154961040626683573357863519763339496786063609745191153860346449863537806018931245875722991959639360344937051300380824606164035090990670922936310403499918548887137231374504963270289747574769202080186887830759483260982626913966678287316650738890980401095542542664116847076720511259407542582641040316828467750931481239539016001779706349311231061628350750181575545883481401180862374808454607020483824662183886474358549782480009725753998678408084474249962617315292275152153354901,0,-5599443753122504139973586143468740975940689481482793139696615612169139532512784290804484863527112223722635869275428580664320067090907028631445223093477733892542066154446419946111964878185536372985607671650180258496466069107760829890955615894140639957709272508960726862767612676652712985716772339640634397160841802736844010084404095774568666894714305719484875389313215206327291910839086854102484156843755098895884834950876373380350955997602132093968464626855302704256281255490536961240332573745980145278454243134362176522061885912793276767797199882415732095923917692922445784206428928210568086921073149260606249565176573417553254006048729958135572179616909789965301382346928754651822,0,366032473774681342321394149972180815200958327625976707829794561002005228879039898975446823897056525057511523503545915693053796079421103432617729692303569151238844248846265136186695846690271124288869593240616794173924223093202243201079312637793749315562246828816800470377316490221732407321008572822495784070954624586054984040870675003939363703067484461304741359275077791121430322813392863215314527784105009329115206599572133937539580359331719373292084446491215061416264116337571056504312147001651867998334342706635160719019697108046072126751828434883989101110798516882500012178093525976208159585219301250607824004685061495,0,-14994517444295487303881003323657457130193368112957795714595011735207900885523181742641825770064688018259880529890195827540367735970133022066213220555511756024442607930252791831600809752595406597898994409879318223149468547516185686094135300511350490624778085874914575864221770745694004081614416922958127249644560738398623543869455455855900012221385973156002350591300450522442148533994535654417445579410451412843398365206801483227806535977728667548316591369264920045013180093628738662548277841275817099496974077598766268269079143203664190973991889858646503329496,0,426318868662921196551009760485940779808478303860781163686080051304033914207821130576061309197050297275998642550015523515955697019899676451970859867972128907680426987961891733004199651464396670853163758755526781810608649640958375633015542611309627235439487051051362129248767381777764945878612373731903896117437654244969408744266604806293302165324772487574122481932228485079071256690661199377974185993215020108877354994716201752634759401752657751433090806250519105923975775583686615430545683389904318,0,-8823990959756619587980469982799200225767588745318104784378097909512544137194868474385617411586474059866539506381419482445870892171994228223112027226707484298525823819837084209577443974302843236310264006084408299411264891939160032429153754475450657452315833653574987982409766200560233990993344384317632522030626376142333211219188320136245200221352461353136110514725642140742897032662419628428859653966930029572618715067260066003827934554,0,135833531393665349614236019927139517400112100602810251799092804528673248375040610332360387031068601602300471972260144440935403978077566169054281420186424338217404873927579872289685438965855243903436929360141306149596021412854703959034610049810197623138277518687786145604921783280084703793438622861077988797505936115930932599184830476869167251522600566423835845544012706927495,0,-1561649052122764694062574386398730282009068317844734419965424128154940570129344542611631114881723329872386227901587583288201008084679267865716160526453426913690269663232882149269547285342531204625663216309154085705973485526880330371342405238073916282847067967015715761654458041055797524824337044548743136965695128,0,13267061056797386901910935509669603123246337202792281404674235972441522408302656934621601360429696670570362570915514520887406457252286988058101310241787963302035058779675948970468933360474177705253882584444381161927734173228785363490801307597773243726,0,-81005567850886590617104642739847736530974534520579688417272344015293380954397813853422608416372622188212400356317592709999272756650534860475579375551732272901312128445351580870505080535918,0,336698929101025721759842749984561962518202228652445771893886915835370949830886360536654444080101818106341750494541122866300311,0,-854223193106519249215713842953465414426328228330816025874263396,0,1 # helix_v1 r=0
403993546058756963196203528123064741930932748986700799789031402186625270507739907013324005735986955040718551589422938864750165648023901096188368585339819952182988191737769185998021311387607696008829719760406217129027113878786929999492381430605630978155290469385420979603161524071492618005838908653552509279376261464995829520001310313623184004730679846289426370531074124111029074430808209005918066449423696910068780716007249658924216592022714937245793230123432501770977882587456679998817995751703449893484180915898666060306817685666612881215835535174609168063549568208608465087866059267695291555926831903860604768402494347046193523698218054972017588430135537851857151971395953604746093883418628337657614752599133334938858320382212611514249935965510199275170885606323538376347855625159156851450019527030406320916697516712638461656984803428738763,0,-35344292128539446227717886773375942511671826582442217943803450691882173547989650792399832685425097309391232067712165708165679630072342598746216814779403013597522297696041033469593561178009685562080200363893106417224157512116035667291712540943465878605933658328248148501743451733806163484777921826445535293785109382736500864424313535112928933106546317115353048438395504048360386384025340217049477006119576913326709657514013172791824758852383913209864977139894332458994779725406944110314312422890619313042705543084821284539403308016072306739574137511937100607045409980819407646166665639642682089754370092320574263663225796454282745410456325006552516060879859639293142328607192270078357261243831505782079083535840096863084031340028572406558322590083530456364178920059113301008,0,1852106512474423736198024998888199795062222910292197266815888601932355568609738483381905869601761617120853395947366882451527022803238147305073490991861223585658200656873782165164097384873895066271080743760219855236940605533491736226884550042380001597963571635849758927701264834480989483362704246528472797902821993813421478952866610716887347488440148776864675237286652396258784877316966024302972784703057892964930341477002170063477730453676134529736027202343271769504616980994353443639593244499954932392285863252654527758722313822343296294617054247633998826782444923120504431786205135445362126894875270245229301144168721699008835451793900973521735098425761122014786820806785895691179122743294210699805247,0,392750095039698918680193407691521081255820000232116807288301497452786885336623651356279446382049786092309599129541810635833072153035316926156052004838877416200284926535610958810791597425643099875028086326643385762464091108153110405947344846638704313577798267081980405288329520418342322425876693289444309298250912227836838050720527355689959802331113260180642239082390586149883791697304039375064928335650042142853346697344097828370638238875831968030374357490022977093045803166738523446049048884027426162389362811838923902771519522826235406873216745808027521399909734597619936656633128596860810598989351294588800260772042092656624818588,0,-25987489802599591122013575291901942697793001224335840225678893343413906958919969966881466621791961941046309074430875116443386143284552843928372978825857038129591078166000501665737838745930838984680567171615700772829145936363545078102840842345484136444779909316680185586528404019212299299858116037407286300052761906147097919539515259477692085811594225476862999053880837287745594713320780604221611500889596186851471721185309707621932101208334479069802775418758091047611174688172639520781534728351911540005515036585906252925374350061893349717075839197543280296335478,0,1210734770504005283536339140886743681112929548508387621219645940151294757993135700378584253522154544058778025750376118837352604933212060687137375615867340469712516078899353736676280008100095878833234945907285439391912108184455268358880513725161100300224299591265800839241818816423467109532324753014737047770457482480868761565885108677933018204041079459283460804927186145597194262796681371151111972572800305020567917388281370434525476136239902861108765655461366100310830447028703076878542051710,0,169175913740343842762247235063094050247083305755481997942028945370783655438802073337788123028658495690712988351736553375236427337882109508993488217474912055269741328380418684609675320644840731988907271700976231274866880306326255742735685536469126140808121149360703226638495510728443516272613329161113801107930951947247010419429604461561784277423449306862125900998547091167064060298623027498728197995598665802918923056539459,0,-7626433768437455289952648537338581189941377356985870573954494040705020170524765532776570810211725957383594881631494608243202144289582857106190707255581845975165670412951734183673580935648562624648213868806271250340716483965678057491678271059847329556400006453445849486917971897275892034539736944361717930856330546096224039816853705400497057365750571216,0,196921479598729688702674438837835191387017034074012279581463523656881768316098245209703072240286113909303576137090856062030012387440326829818002590060641349136249241355331248506771792886726562444255714124841298929096526952184736157234255529098740458473375724773832553767729743624572,0,38829000235661282051562199531118429460126958989611222066945423751834476617662021356832577374067789390017555427539966979685862347385675826995479831319818631954855878104500358659607173761798270779902826258995555048,0,-706885973089642198102393803140257588284366227958855769806235927429439708905733993111389068533114046963063925221329201512080698100867574293777,0,-33407098265097902122877039123180410847677877539617930162251090392838838,0,1 # helix_v1 r=0
222944790440020844899874504087198001003160176237463032763030519944040647750296828608656457493338027733631046562402867255607874635503623991160605471335134203711855183507892744717950862928529783815860220825813763949010347099818079555361218802287676409080968172048737927562754867206628287812808540485270179652846035433718930035134667142178365742739436548588689721821308026171655654419046908405506344040355173388788240019668820802394466188889789049905178132780603981734574358600425587562252441575887943407466653579666067059066473660694400794551180937044792436771907773850672351088139101919131830282906419611869180925882179132659924576859957972306387434409435669350939266115183023649079584420900871256536599999146832384191421651340986241125970566660945937123646281080291712366111647548147704890844254789029650665033728,0,51450137457012977811382629505885585603299918095334939188922716541937777299440900441219422959505155160718253479438597174445629610067792219191924891074507892646497999695123190418129939518849528430851278689833439054817155447649529815448500916948992417604766617268634608003973485826067439102909451142771380229611244430707648869671839067116194409287656042215435033511376717810768725956877631933405103594207772687207495575058873853298198737818913836511932431336392060880201792341602065393398604865459819696307107421555267055278311707578933421335305164671799507811835993702906664894791141842299804074023527472801043193901849396210467847958793429962976524102971095604889008557476843083962115761168724953904638215233844200226928825531330817460787223105536,0,5421942496040559464433593504833828018472597491915440975123619680932907204237737645458408966409748640868525911582355557166067093983167296159990018284186067638822917478048312495378794596479573030750065822687637692856151153821189560288923062856187552756558228911614578111424161113496212727472354946573796296932094558565275919850114007360420639625427573766938545596698961570455227822225713606743283379994482443097840856315421765570157270222259867298854734874303715447393865577103632330450144450646240360267359732084427915137333984200776475099098105123541592019313046584081353672947801773081967030664223882842521091311682322228354463860466955864070730582577941227821712698946746541056,0,346031665695204035197188163285904418885367241304980385822355784223023240218885878443092000797575308639889608197434322418736346092109531497267825112862831004844737792965900702899802824818748496214927674677847483809417530501810712577579025155005882809223498210010258232579114754518797700062570710305947532194776120940944865389854652195256422516712400286691222094901940137558744345327772618078268055305184441653335215001519684720749247828179140426810873388240147149323779113412581024531211717180361686146073262853566630010583552506662390461887461074313880416064246404488627717623467458093908963352395158423181251584,0,14940860093728866292481123292814827327208057410831372605884431668971116545648625842406901559776733919955335855276095605830269327698671709686162367419697628808720263416886538413691337541258668579086376630286565704521975252222326500532695019375526403286724943745715033043848984878064171070308800573848959220088101529667901287110981548419756386469187321087717625959879221768990542360202261486585263781291718474225447058799783796046810403710224122393004407466426645107896965049197916688977925626201982719946758147652021090580393224422057136324972032,0,461322391814569039477949252342979849368230903169871860321484068545243397029108231360036961596410174354915409414760117811673282359791116309587384668887313542792174891710278122670376695496189082162635987847576936252820473827053094516499824905959890775650760196310269799395001291904818350017500479270518787316767578511337943646502822303664857412478123088106120800450551718416505470650190587888405848327774303230565091658925011693427766559844591252800273892682628143642321408164096,0,10484193636608454939624781578813320904752646153691141061202042389503014691586939724191800871661217847070776575263574443873182146277612556743327691119126479284677448187915761215881774304508776405581360909009875254228927842357684654894192987292008721598362013406779863746845892289072474700655726132145094086919069492382547948125707819778243286003208961846827050083119357814105986630975545041179640961736012322880,0,177481701467119138591150106105837497119615607977209697090690998400106292098669970651191940393538906934471858742919456273611397308438698273201267533935512216685532514247435903121479332840427566534493961115398987575063416242144135028028022576414321423005801204279095653143013495646264560107763094931145748519701606571639584081225543470458559424,0,2232358717652267143582808254622969956722340248208602266136700699891148458636813227419042196016044667387852538694377867688938578509147155971811031589087454324078352885653502667844600021172007007162574041346993216593281408338085692075067836119416650625819087435609215298071648,0,20458994169367537300256119411751855064480386688285010234467715939563872368705392356181856688252597656345366747268059371109148290903977357613640452815223446393498637100432135747835197925473167343408729224752,0,130436770547641362176965979146532462414677860553189945092617158985370890425980695050829073113139084725189094968975916271932375822794871108,0,522433300729089121576322153379749161009331696256529683993766953029148,0,1 # helix_v1 r=0
625881980681611705009013624165547972597794732790669871260912288168124872983902477985548685915021591910051936438849439236758968660003433996752349324398273535475983027762959320781390315454681778349308643065271466876069013347784670178679441086544468790557866296443367146439351958993313631590715797151367410795601589518850369764436583627700648753990684938209220333003179585928835870422513658545707046879626890743384951115972572921638169023768734157954072895587999166765768780180688753902111136588085007259559104690935444530416817847126549555310291715088619362464177878182153054594936320193685731449399323702035723223967982231670941469978931112018207884845888981772855243546986012093281823512706316546545437185952118066579284269911900017835238010920530553247835885950986045043524897412743168,0,24471142742104260028804120958361990216834925074037613271477632604092659186840329715160045167465616063110274404739637226824769864892449625260385540568597477239223418480928786307391784862359282673432988640838792290801106990447486824501959775300106496808165503993726955926282361472263779632392430600869765507034140127048526413081350403227277082995146463299383640262873837451171799267748996888548622905769816871343424773990115377452578553237046316618516434598195412956654793289302435189322865049201315857936975416264477188702045336299935174200296807183501765119353786760454959951421933823436570973864938990696771194197641457738701675739221721389061528011829132027312469434678872578294499760920194989058119136522679229075161088,0,443556450671602448944629715386243533928322981220228289900061638824431840994460308336639298339042730878812146913979440126317481201911362864376098061000043462931808356765709093535487044447114793184784688995277795062279314439841656608924678325894646123067978025403085667045141971007659911269956192871337068680641798181100011826823119814514675518615655005773225138269953871129275905008697349420795899788452537482541924443964132280042428626434960596677040606287860732700390063659595954466957070717068626318841875875389879218150129419164815119744408746120012789048208182246708171797819585432603205150316064373316000684943307529221079911286139842708936477441523712,0,4899926286901061254536353967133049033383206191519076198761354816479109526963167312162535898102832534686102600301734741523294524393136230237682038281822488684747399203369808767861691721702302314894623633881582973758825574028829818036000564641939053883036281067572797709858773480861883960652197315290493156435409997061667876529617831321138673565087068045640396881712754148091513326215387624481343905353167760117049056858514027545731261740488337821124001559536585990929975289829926594372822786410491360794119274886502904804491872163639532615459293326194930818538169217069760115735126231239098368,0,36544179288498027471635772643299736419145328803489721252738329313043006728653688669985065564856572405299498782654077315597197278939249686947048557019291896025105251750042132712950530843286900792166424854153863764680223258854801665902977215981472380497532017333495343094864399543916500677232158716460817024832455860254414454655633948731136425276738150243267131980488599449112366725129396986370099853768736403916647685684481681327734599825014432757088617759610164591803190615411033705987111780089136562744775106573173326390231040,0,192900199076111375988718938964980271255340409969764524791427152720500077425711695528561024398414459812624385559787904093855218163066797181381671390931840013673203604411254157407475048238641272577249372948066990512014569732833167481376169377368779126007096310514713643913945676514630628294058365643566457932554257954090241027000773811193936438286911679654873018380990571933637621085145022752844011805950198700748985453893679916855874557407786781226564475043184640,0,735905484769037853969446740610441756956545019036802030500851864038991048838904908868019927679696142536439010081734872460398322444200182830322530733407309531680908456073524147015977935441603874365637574091063590481986775091453852190247027999239163964143310300516030554305437881990850886484855471559825423337980694012785463902147956736276583890709978238910642170291877881790100077009049286485213184,0,2039330964086714260387442957436367164654278891628313868166085370516516028162863737433155312122321322534465597260467288737344470455833532135724751172399938448488322752795359169012856834960198436051072017616217174614633793968308174006858171391402255636544725999671667048968166209520126420881435396988369900655744045731056209321000960,0,4077891969901605547030286861396249604446674479101084387834081777651393896850448644502584077217802974821052673032752693250416013294709301050243799264387187099126458297846177851874152224370729631599713679938553510229783241756956489783899487600541846508908484124213248,0,5777095272975199937435655163595613402577840951645734554918458095566259892313617590202827571364599455623261720420971618640877291636232170913838469521628355230375164192906770977822135013868750642348032,0,5587777713871337738994957186963061958190956477427299396513030449915974062467348564073576439284344428737467803121997457330563174105088,0,3390861266830123776839879198511752265427669062751243159449209143296,0,1 # helix_v1 r=0
1086852502998186032789948734156482101254316409034024051399817781825632751610188445442211054377064198895521132421821132953050453575616514049758070436535283259118378169871679879819433059897346925887624853529741986590975765326026576913011758579859628721664657335341944949091872514115381517891899637187269285818304985875680808590453800694522698940613410909994653231783418524711067446414757273924793754179177419784112807482135749593306483805721953544510213971916122787486947884196776572374598721584077542681819123127904656556314602659282696476281939084035635846203943444235138016604465209578462018627712907361073062351437879844107549989734404549698067202541645154126885514267692505660592579931057507746127778857001283044379042762771890097631244695471206682620847486908006402439094873687081182616735972979,0,-193037270423362647468406414183541951322453597137817813176448766203508333796320458413222958555658991152309374178660711611288267802126490027880230367809089998965764905861403804562982324353077674072359964105450944665931555279910792558277101533366050887468532540671076173577784860264043489670623171847658936827208492569878228610949460897775566398296765599034870767885147326055085713408519951886306811269017995648784208379697004566096644323994310080789018251887596663476464397395241197901350922399934372960182583731913338055663700172161284370345293156668767778386563543446460613042926226709599558902181019496021954801356733908857736481855765982418330599826273865917414999282351442911235225080819637459308378203475491906758420518705987678,0,274694156087703462950593809109334646478911663738697514367350252732014414776608348870763136126471976175246612726928096605515394285881186954255796568432819361820221214344060729426888943348181962356056822469910710517022160880944214232959472027908779610930735885853265855208885620930595897312175558681126825784282776453649102487569761575419795355408497435469733351993114353317023769137032187326704016582904341557398740348268818804127347377861185494588553880391002657569163817651380727476048687312832007742959192492228432696065542612760268773661164691669578481529927513292927484374036162803247222672789039791007472128345173626013596321185771119584435679642795627968962936,0,150400042620442668452975729897317519067311075033978279790820345205691247976999606429870806325249729735247443364405091577548735235792801747774098396693763017311180754016762250012280819748418990489002054424593010522546369712916995038285303366028196046662010172825234226447582074915795115392262412197070751853687964629898479903332592288212046398966403369891304464302654124282613891439188046683538249547139310720696264428352215944621230621969416940293784363386303661846306542088662117430192931638549708157797396356417978044737774438238947493356210971145217579928939871313054804837511438502597875313534040,0,68676125259776025089011330586985526582292381853630379485208407897213401858323854498697427372130310726651223556314917637987309822016252256118282937746438125514805428733788494742698905706975613441723822920406010031784208630438599434312304615719272918857257985498901568571024442316301554605596603189192976379465643687744445455452404804213668358060585406897397496115680302431014383819996673795711336857616060600050445712162574105096843138898542678290590427426149080957248129514420817255782093635042959514251734967578362291355594453534520,0,22303845675583823238061970227262700843707082895998992361457404838653836506772635726887571696228616840508843553567155789115582474383603467429575844972177293928571627836748743575115827750036384411218361058720516452779018576724575352937756425762809779696482835700207451600451427131096018191539261173784940924371142118438375287083033681456449484649776227572569297563125927637626998826187907799748868593562829171712753278902780511421712935706538956762144041048081828740686,0,16007167239733710539256546537308400989826375491923452322691524289460138239101525525633365129870577533889681033635071246116295081878432929491679462733163728482069726312223242515739480345703478690890429816069786643655299952378458428742559933356966047537235089375638050634008168371429669425223664244474123276859734911396986989071308759939633830936187553357530017241848693201509994998808311426010615718356,0,9886339049951702952963700431865855008758861714080039024084320079161325585328312188463354201493462768029414513284358350952423022074438978986566815345600101011426399226660902697275499927577217039604448746173602951825814788706162746574304927458136603149785964685959137949754953437222654545631712208124237497205523608950461216133442090232,0,4038600472694769782148975867244782659407669147945491348115482567821613101352171884669824580493468440448557294772055126271366678341300873664019920271908948267272411968236520671435754060365725243730565578745757429873076662840701204593612321679325006791407870721602044932,0,1091721168546022140413993518817295744769301599824471267664406486973604967426944168697800060657045369578038562241621376217554227430409468956888417608301629442193744317205882889662403007359594716079485688,0,192497102173885371928736161830591168832989426647522187636425208172816305299188239651202422874616492001995844148437269731522959327845643,0,20584714948671017613864647274344014426658336166623348548493923016376,0,1 # helix_v1 r=0
157547564638786362401027198430257588927461462760393241194301969462524580192299682941784461203027894290844522894329253558574403704638992589308098452202487253873607601373490886851381368175416874298402548939714988067904602264893560776866088788198625479131738687810978409134049605139139481140285243794273356403350451565997170394823249959604305820425157178490982051081047554003763847353364985436917558011811084256783650956796936494261472937169499448580001371167938718305409525453037024187562154805649766248622661712499616693593574586357941947129860392123847368305763315147885086597363605927610260316015705934037929139391272357348370437212613451180887343334272119333694158240602795646675716589440366403373474676017988236524597818144997162804050643390301966935449922415578607619294769656309268879593157632971371222672302536184537859406567400164478424020260581580278092862458907896913046115824133528084669869830289613,0,40835275206505579407108491623108850648857997340812594688080586728513415280651581167981747297233417143599716701255564943397558309517651354704276341407367228715636807339388372085254591923305767710656505493452542586773478895856166567495169145996382372352635614598101248584125035037009877822924832738732726803112477467907918072345233454479564132874280931102431982788765588602309860503078393759471827064515729824535056425534177097401846168885314745508105516386073387370568038049813950754984929977422229797759845576572883446685860932391178511158287919377808972691519424269044922134088201406026249240874211381604996460170644396839731278028096247122407305359281538908622001867516948209945540065296239064846582803387061743426968642578554611773752007313737939382588549653540383406279907396316538680355159533052919652733384359808606674323402366,0,-22024599891486700872306261772893665182250694515765241007890180518929648267222852004311755254860859517954749667478395621974687167030773397629246727966452110115499365097351246271706065968606877181564006178060377230721320580994590685924344180284382746916048001192862262867391424931757809163171094817615557553411211150376849533527748176257854473427707542041067674614168902470477909865832858389277026768070950553793110038936938792112271021742736319475071049534013424753787181313142472212722215540779638066097332987122615185852207667313508080959114763517809273205700694439495431566685559884714187906352068316467706233738329822714928819828908890739708817452735871804627037270409257257909033524512615683449609662937265852742932711698472930546340241730343349103332132,0,-3925093049019206780795814699521024957600801753134233943498845713777645821576538360104077705991458748290205991090313711360994079094895757941857256950726532724709085423987122433265477132561980401507269074216163437769426667311142218385005317131514702061137053220584457223579965775427465667167545064639435803647696294063583877954315177309949856622571525099523935291627697844540020942799822869648024925656125765895463245505847584259173127909220720139479971759466915986274434502589373444873114801749529188521182062959695671539154012212226548590478528001603277906527229405798623679266213811840363862653472460313428257334513396532832822307810893585599045823690549873989378787956350157277518,0,1499919477753046607339120450831108368285226869833236637615259077927476674513583169750093117497696469523672343546274084029444983290307251398883930025955088216420741567663058873907788477521119091397691463038134040501733776314392099688872534190471900392012126903035508834171690127732072929950825393427276589517773278711394140902146660179717996004037752437305604748873837680687724265209741296129298445321569334859433302646216551662930970234090829075487186257845685799571885381713438612945900397602548511182474079466580665187175859190719000143061285191693749939437077213178171315542151085558622578555999189848381,0,258709369345327900607352151581472239461396771715048786336610890339360676443845325144980002293674387720786061364665501891950555270850809106139109044503303561350511953118795047764660557390103670671819320800223302340977315991543861008247693951731293360681418916842383283921776771567416011828233338267373923309146157745106321218868654644007379443263988753782691200428231227288239929641161159858942881442201506202456378522350024421413837729897125690724416405562709100047750800367452004830407821393735394242404588780682662757930758023418,0,220081764620169768069589729428318554475017836428363050629751186098409322864858482070049255875169194634933564666960746809395617834616663826597082289049394495003755368163278014843949852608676890338460077234752593809012240467127589478837297266291328684882105367910468389162639605997594933155194727428044037265959875918496958861035961521666261939381358814039223643078976202404335438763896546109720783280706037128377511874735421404439327268224092604384763969896,0,-78109802641055624582720905673670977440305950192055145307737565651981117035317133640234087480248893629650334497134421564351092081140295571259225805013081915854837218013200271914351577402242292935719723939050554919149650786036833311497484358016954919938109614313459565947871832003988692536657038318792280359361322192765090308332276000133873855106206905799067668074909151105748018392,0,5863761683967329216207562303860347378582225862214108509994434486609519220802708248790352687145304700856020577533185507161214227569407987282318574579060514794995178034488305428719699532638579616064887377384862776434053511024479732394796071725335195266805994523636645147143153065760263326065815794070111655,0,1196437754472055573709628858362461532600775523440102009627621279462689443788911670033792550031804803733653163632466964427472086165747418616891789087450754495726956191820932588755454838313960545094682828104106807899257429858300704,0,-151112095224666452948325564175989534469731252671194103881602063678327355369685960917535735079019305364733098442789972284331468365778697203318701931463261,0,-5376075721655420194377150860670125092255338678688903963597146033646145996832,0,1 # helix_v1 r=0
5195297674510427127813748210164771386161246446941569074121061206079158608922374251361775982474531713397900853204853989166404303365458277224661111625489116437191903919683402814583796996204705568645520126455095950417881353000217681112449878663181509281433471948126679851418435823357284971770492568210581675853199360035440458233014217281503447597546781122388020228617588681086451471408914524266844608436685812759457387845381305011399677074718333076821859535658714730872075030960670541848957025529874320932115515958826309328543219575783177754998178371690566897820055150719278261884065012685717113104421526331779371789976200698987150149125244506350257950457771555593406364410557249001269208572514770181940979265902914279791582042698828047768788701833451263602715121008404877334667567421692700010045538279545712,0,1120173642314490227598199835950460918242418806768651076443951498937597961078281029813414467889131735298359004792393724809024507281903943050069716111933191499587662973722128197251265773507432542189009418630457344609098481314584991102520366454543732997670870923932607776070021682706434828570014220908870173921031640985149011020170848709394933558042232316693354181720168327857519289116410196256464615620626173067908727558847963283306273563940991797612884036624798673418100073489478359392145386880360483272520019991712597960104630791047791300969418859320579334092093065374567091438080749835085587702189300346564654633276790089194727377083429421062833971170713967913855905706772294726777500002978736822547297344894768691214133196539170667008192,0,153207394783252142473552406214690078581885444157183637288748271951580440238697351913095952469643687037237004645935494461395049758691304349971593735000101548262509830506045496908077079704361279648639364850072775619310039315144219324655919972471518226335223454007416118618441308128144247531258727082908478102160082431120664625941565672019277162432737663699681654304507207774802776277369450364403059307292170006752489252238902453867633921324188452724267353672661378799349746525387932445180223798989866411366357672893686805157389660255799036505282519863267327846189577520747571289488860119740143991242363393225510534996119733555140025685338107867701271340603667301401803319392,0,8820597658923713921630869858908411456879894136632663531480737823855468353773728675195366122331928412758689963674891486083452627605191577901962199418176449050098238684126839662824164219378682243520777779616459178910373645872489088842497788620258305303288979119225651581324222519189258942666476545455665641055144535016673373940388923991735405217333185207392488511636784812985259807074155344714855847563649390706262728081022920434961047099701165390421162492508988965402476798302976920630833300558062130823370930931302653132621575057676322982039636326231284118304868324180849185756090032406279559822020797216,0,1348964162072373059051913468170820836534642684444224262589448321046756853122696947807582122621737749090464793432681229921499635407123395701950120042454490121507439018347790120593178472296863395361526473890399779553624549268068257483402907493265496819168722797707483654371950682936599642403444028544989217566993831352553096382651623142974699885844131601920198196519918611217447092905060793380068056971643272773210527977048854254124324147859008382556928257191164900908289586437183186421126310583066111362054390095139124037716231684123125784,0,169128503662875492199375887781919300881485658453590013995796560342358682583719824116881191729382931708699240987675746546671421269022569192433927594763513213251701313604806924140875036762085643761248131086485851375738592235811630128232068311665512466433897236961364795388190639756346671967084753917866885134398999016940185759827942674375046994530727599633388160376002400641466522495095582311674593521191149782283888557228719328450320342979890650789057272775861235067728528,0,38176643446061692518642230694665070045034405066534518580890545783065800541738575132372350108675220110542720485397746263058335747362287226951858714158024049247118222195872726542989195811950368275263683856780328117600356610200044434069572229605597066180747912146425439322679753767886047994899853657177599421930195393477081670671941975956893984403087307427101058992542067972717620780491685701243435359951516,0,2453868095800186229687358012631021680127212054350892738044487441379957933822266268126640598144533429924570251638267708817068284765505118676323947550551941310328620378357772099441821017175588822952381977761882056529699732696586851367517512823670282009348237074202800201102677862745887617146263214873488235384587300952897066660500179319872,0,152151005767664138955287626313314494678771116826946526280094769870524295221522751080370502949239478439533401833337357594714669457295450500878660898788520025135223786508687202473521905805983190710865380973491446367247547821777040767781084976216582250614807476798469747112,0,-2665721838347366496450966441027876077534038560525984302523112907314049944065047695243701361431208763617351239975206845305295682084269552213856468221815396774295188096670273040412113751904355209174890240,0,-864621175640440617522139985625245844036898465083731284203184591759402209336694190514650800558698943625473213895177076868776575247208002,0,-5213801592801780829550894826547560484595305080848813958246829551060,0,1 # helix_v1 r=0
421802854262424872761229064382398305487950319695888329438004170942177756159381982663470255579373118526776335819382584534744033464635849434479905041642420038715919914354623767031921698012031936651422466446878714147185627142389814046431317953353209003798274012177609538830219595352322066026618118318600874899381885758448358439237437464644512394805930133471601570871743403136477741584066659329433442098142762659073773241387492342808757125863026904391328911465733176546555500650803973439309380188827318618186147956257116484426342747598800621398273795527241018416114277699717104614084031459514784017406694194128484853848530893406028666759631838279175801380170545505492685913300170892675653292650178464932509555941936893357448715170451049875483867768134430443983917422044471658860626569709859539488170491,0,-464579010046207326367130297327640655657205639856039115615093034757402651101163924816790843542518698370282328810883258135278072530126790759844436756019283234117343224726833562406942900492425480113819962439370140213283925618807357769170395246711670130973602367912497432383798123449076724250930379899517516502292951021241483101208552764604985990874885258859773888536882420124599710308288803928008795474719734778917425273869060439216712275827385405433309521410147439633993953315960407203523413690978434230025571911462250493649161266499050631207115629170550991707973709615789092490297981818232006480961548507544490493252549597770231245556704217565708720021497444401185285648785058489837746824021866862630890513337680135323781028775986974,0,21089000432670230596014060187297831306738275269109775917686081602437379227598427820928601289768182021272962162395184737260105238948215569102263943341540839004616333854923162469049877781057238180567490311131633730684953191701152380685952144190927120215666788667959652394716923554152319327436417957729204456345435002279015394102900736261943317974010969821481648915703570305493417482065992164257718614965607649593467735257783857878232050886032590547250878994389224710371105955481452640006465798803882963504588940424076560967282095445641328145887354139900589714353717991194691392534846270857907059931962024446643710122966313253392113596729407255676757812259293514155427,0,386852022984305222662577707333250383990178010156660663821192537239061919965048847520186842433179971258386911474214934397996867143081088147446519196484228216238534136084088368934797383379875591605250100708809704678204870264235775489952471863666424721134490327769772987741689663251043664452623968641764096648991057910400331656814964577091919198339658952563184161234337398910055076871910191350125411498076257665798161451668500897076331748872780271832392982632635034107634847019599665618406720506435932446789474861264138967706082219911867266491428090462361190361749113952944496429590187318795410649899694,0,73528946140074507373338817299950153460469583754289040660392787735345615244616101797209269075814131885810452385608212019139581284532498289218678295611918048984301285178822156839011963290320129028697715965962550688957764701300007018305999041393411099971526119015076333126797686152426199778993438699000536846872185814518784983622070373200166540683390489145076919984249335300506994199704902090623331931764604592062653370980891166673145495762473335875591134060744375255749950317262724667190063189987096580348429852484713848433918585798279,0,58648527440012374446259780776915761395742946263950866393306776485206258230702263632325783635663628854838326693906814973972105186910958969247324710948259477493518428420049562078674921144971726638459384226258795148932914227198839999398409339843412352655878783613742795331471172262013403093664513482465244219274293249190331683523744876382450252543427543221603670066158740209583892665377648179274612746592598072122255250912034810622085937448750127699429594482992197438824,0,153332025379835354298447085187943904600813991200502426339029848764287772042221746602322292100715991167523379817014039898888153307952261121082946833654268114346235672927393672711487502004021913867590300505044312388035397887494527354627584404356094355742251037812072180355268124940088483760650114458016426141874843398430289520630137570615896753221754430557300503591194747787863507446952207550068469821298,0,104687872030828243128858907141544789406732105727230330149069039857480848925548876808090724672509454528941282311262071414050061975839697598767313528474703205327077967749105290939758695879519178037280141892533216417296640035032709272449868186461298300728898002897379307842278295237439648180255075404483675658091892136370005156419118151928,0,34485930175009105804717282743859130947090599066257799227725224225741167730582264083791069243940600932863062829639940006282243052128986976627469316496442919775308354590673461705901115091249765127982740213384974104405261107058093124489409514057037429258020897979277139263,0,6415492993697941526861025324465554397173674958170360651542544634166753403536688506232109737739376212961590711091390871948215368825704115972216466915908132840983729428119391126592958561471166523588627740,0,691458194987680307400565232945776978692379930487079316453183516893958245630369495620904168445139304879980533721575111936709063720603214,0,40381274863719919862711500648129819953758666192944762871904068527422,0,1 # helix_v1 r=0
752280350519651697578783988806343426095314061217203781976518221977130011031552289835947242333758972763260786482343660824551215339195751411592236584314473142789444131393570296599014310345654951543664376365622232128753284215641164737376206540213652376722970477763787981378444938773630395083873726537956273107587084922869628633968201043434095657746058301531750838202239577097883315931980130217874587575000142382658660467168596088254885184495013786874082559538232846740761129162222465211183883714737401237801241373981332767701017139952943106201426752305445842579971622413817417704380321122148192850260939774813222750445002916388174277798545307068644848503542949295101249949726027949756052666138784914836544415086121948365774049750793985788361998200203669023370625208863339,0,490750879872467361828802273976195645762462149291291153341205271105311297664479278465674542852125365129103814080643665708165751084907065675693983331643188065124224665403992832610551193542652589451663542334848264921720712503654904907629106443943271428066977317645398728898508926255010250715980187465745771285418517593979894628096935429507233648660583098743472316935360147554826875870413915854947645803026579343459476773213109495149632111705003292721689475644112535338525891892195671212781621744264533706921049076909568728011558643360287705213678736491977738417928146427007358498084364022750077340217801100564238082885486745360493370708406801857221789343996897200923024669686687066313835795163977293566859830,0,110167962241268252859033222123041551041694188712644597263983455185051000066871031350848631628376299268803893236963948392179035840747390515407788421185276398626825326465453418817273715313705760204236038345446948450701020442173424024145850226667808848669347149058506337156345944079587219613685112694175399212769725599342435526792857808220230807676338372264519730476885292962737279943088745065539711962792511655008564889401445432269234645543121326344870137744636926392494299066093475464927290312381119972980603353766366760740529262405458854947348599827365282535749752311338893446377159016469555253226854223252381264039521207791264232050278786012,0,52823643883451049208641672296514802758499971866473294632750591439475374738222493749406497958426431744218273019921866576566028436557384453368135728655205708312076630905871357944763040262104691377610910813589880401206315206025059628738344082571982831822857131317824806610087538751608068202803819576112883382622680626397383787094763392094406417769186330424858676825842364313133404170212879146497590319461311129225388869521972560423047217335248294506755615117345435692923113799053403451685198568815806157065925677237699510239044336843666886619110534529768675315767433235701470667340,0,22384463295809638029572057529665480148100326660272076157898242513778036494069840961778270146508034062211214479774818184782552833958708852433966935932188833472552772408341035464554167907545207861299946522757487419557162432602573958494580073804233601180999909138836031096518497893111732627774860481958503468159602084271641339743247234726452758051991623307043116767466267092476993836359033290495333218133110594550574827984721235176656991083111195704304245806573281683136603570368987372691501922595455942956969553727337,0,1682076016506343245844169140662668545854631878812396880065001457618540850485293238124529550476506823603776150489504735475399037710743933531053184772406444739305144654871667488300076751211699151795064197917765636905625753650122476934004305175028342225463413896402306292966086469199199360389074604211297068007735894089045837101419082865552965767444379105604440952322750422261708604604566475884849205696706041380638012212351535681245375768353750414309962,0,-22144289681985646975536261600839433456518526920455041698623173137748890806275959942355700869933727907116805179693847496241069978853081748380632579144191777592439627880136115471466624749828871985996332876625134299153799348195144947503220082412241589324282262822213658617094819040413134382727363411665914807705303168902277047705258825378888546817689970157266942708526345767614295885479012,0,-9544096785652505951933979040219109646393036262906211149597744384685232911319259502816027167393832301257863586400771796120677493165563893732296785750140175593358244417170071229054541472125917937570779680401573032059980280714889172735750102574388702305305984439563613036297205697630820176696478183982363157474182420420622770,0,436857409989485715677090831009747524719747597228534146457919800170695113814398702650200555835212259776361312089626004769652826545818160003893820742804720530184226808483530497593280377328503730663901795133948175171737683660481546216019746044137559765191284090,0,58984413419794287768219797075861815501083731486758188508646462743657137569809801028124555773196781031003020670147408379760491712119076902607317999789027396898900161573297289568362341188448155910,0,3113760974182007132972272673817357654190220981393232520161378664449433755143044574143411003261539481595877830697926399409272572152,0,73908878705933265197338408871713307161576801884212515816395803580,0,1 # helix_v1 r=0
146619476324297113703551386927720190970609719999773852210774755241146477558835571649193672481246414515856778421923384292913009090220102286627871359277314339288386922259348652619307999256999210782496373424684040432762693829146189980932260415356969253280769083696107137613757449172374053532462853394477777452305260586226744166141928622639664821072945541827688378603950914225210408803273913294134528983405034281734178240024630912553418956251663349731777072104866639517393989476995902414067525456094728279408095487814872590323563512987339786218845421015084948427947723055643359637336110925694777205667780894307721935336652307,0,68984670294446803302642225527565581789787250240071342058036606025239429626020833294782904995530722487148679576959710483493204515381691974162115193351485087945231819038379096587576830722906821628445194060863623958425668807959120225872940371214198831997511827226739484080414772090808488650233404696390391611127438355069228445372947207475590840619499857786311343039507618142185857074743424738336372923723190996846975161225593917780608944067959883782541604754410915683175683066274660513048008828781954450207907783399469826484943229441088999680734058915190838916596869770584,0,-41720062131573922257258709428058233655343003609781095085793788309889385478788683472439071389291692011529389969385730818477379318077134373897606807840211958640701990343470791234586721804806572330516288392433609266842970904179811771888733323352869999959589938246036310116712938991552530691295913058435463843891151361844849863975884879207173778016956873803729289293019826564729566217252392446667040679895112876481404747870620388771087250191389756583330362170486242202218124676084586003463072292670119732278540171037152646,0,-10314382513750693166242331634200392538313540427733932721023460495224598389853251223962268574571312721870948933180072091393296334844745695295642149123226632128237942551482096669641418300340238606158626051244225913177058357541297978573448472559866729219292064179846560622453742157305661782818606580864227874244450975467461583721659685423134970970037078623209224813963909777695883522417634668678762527630880600293819413003306790445205456155330709629576947598134990796666,0,5113780563768223004233264528989431588714180044551598102951125343759916594447304994208441460145647067988894764204884392918999673140638891649475981577197098524679784648921994973175957206711842469442290167278854609253215559273965929613001794033271564208464102991666054593769289718286546597381333886689373391161811275828248625391465183251028589160507033506106588228178605624340557621166463223683028980584441571542883536,0,-3956616135895457087085550193274935286850568100032244130267855013596681599386637179234344274546620250556884606749130240541714443665943976455651574550098635930378229707932610027583103884022864910741169030153462163380257873179788932897545117506569415867324602420097263719673546160938621966679925869178909611330908457681691987140434124237824780881951780993517135952,0,-61677352894749896289942043246819036720333077828511208868305079340074607789702022057500258533862212962908985945870390555255194132783907724933964341189360682660662402980342458203935784165899016903960823634422331304826013461819184171680579744821250600521563627671885352497573749117964588321413176952202949230629830,0,-28564815071478016806345112091611757743523256938763099405764847982918785188382962624299227695286001261799310684872195114325771468338755446034102961403235413980345089323822389213141180689991648206808891112258204626750764266614526856551033899526464612905390872840,0,5077620159232861044391818999295920753347798001915800718695951731366826931859970932377027561691436413296747091671202577682498656057675936038503275013096272304360276374080797441151920679527718497162220636834518,0,4366958278935781255091208400833782960253948444723307161477396317210948189400429752447421933759316088415877910056293862968277276345412639920182263170724572,0,37337265454776126299322373035013024459464765111171025283365312178509824686242058060677977821932613728647,0,-15326298015806430153805756903440162931111751231234814,0,1 # helix_v1 r=0
4640317026938373274143270591657683906872265339468104314544053618092506460139730195085886554150215559017614120146622463189237247112020932059944386772348920422944102557542661018067489049022042832821363418344193516868801682466614925613780152629364539482257708735995960101345295295353894288853808880719739037669809215754531870888930889468845036575391,0,-866980498966903406038936120208871140264165501132453529512352894851360959011693787375868968144716109844166193316086079366923982878793482779628480099768363529717113410395979045789084223116459029342295752465810057847894788101252590029568580277341678717196424474616820192725872233635355467106583300393266208363650448617604,0,72678568454631521158835048542588016735259259629953846786567658473882716736514597533994537348412126119939494410288626372042914757983499975160139700778797995305560950546493690441351957435072079972870250194066291933118991711962971452534279987999923696547859789446341669636117416666153339133475,0,-3609304337676733790298862697182716815420230794267136221883569390416393229969526433720459868074245055588509154336399648239611095309387416842876857347601400843283921592100828928927613600412850741697324580698337865856711343951167282057584807943721697890110055434078,0,118422392063786196267800629130534814396750286485197267033036149940218474149919474132940630719056430028264523272822714194171292477515790800497929571708987203758807274913036105600581322097074402011991666594105075739897247510304113781912,0,-2717808095305553728118182221675863404912708605432436630136550696277961353607162939123827834376302879766313525517287143740640188420475232654223382221795985619137469681361025541309693991314252302254844165856,0,45176026098397000877262899887896418511637067795750250421180078394212948211343907887267800261694682213406007510397375249122617306756232591128637271409938057828015441997841242382,0,-556468401249835317581662781294106660506901236669129541914435114977990378050028532976178785052609842816720531115193500745748286195226177047750250646,0,5139988022697632120973061199825617103642342746268247604515443146777434353944543503114164310869819331506913535993401165,0,-35372942847944974053912907083867732601981209430621477512007034108508431881018125674409694,0,174711238449832776633619783679028315321186443907259962801267,0,-569726428945492612106799470382,0,1 # helix_v1 r=0
1226486028824732289053015000615967238983011446813297038416981094122082632775104562320790127207245505971368121445285399103528168544105293500433995284949566609356691190072293712243871667026388458104996077177101020320200887846836595319793638357490355300197483314904197825992375774692360071021927471490950820371834571792573734363702265859932200289176342652073532737745345071759244752951671040513477083015246524218528112671408789082899305218677356030519038797015653339346198355041564538869277697158508444637689190801482340483653361286292989296939923222301468237,0,88455722486317958656931202807764524385112546375311563390464028881259492599810296668974602653300600913892384555655431964128953602921406744131668356254376946982293866282483744792047830037890776859949625178642041696267855896215084012994970317475193553387089220708813678695802426285400307081788735369918446963752013902621806821622070462253188388339031310336157183845296838730571493348119575935228485226246392020774490171191954115425107535727006564230495032983416201057170453481993957851476709781718181029663431254,0,11455092805442116340811468157042397594775752603445204606316429237068976039969927735004008739482149434710643681396498845427903638063965213349370743253845145156783450243155497958502626399480496301538711762702811696012790913893296405097428386376629964822894852952128480780369934820177924300988872274509964075929160834320701006798257172946285584631668769872957828658589424924012226380361438172164079324419401102343474297847981489489581321750347497641603331846204612970,0,-6523371498561489425456836453510166587159090621178896998427667592214257916259226207678083759711453952259844900160082753639979867399812749277879263518480803380646348532388107782211112524292346183065207712455625651026859320652208669830345242898379228592535990258860654735278864643996924336183821403913761802181095558277709797064256313200044106642666619277448841701623071991027553058737096254750884762998950564807004307206,0,-454048145487727486423041413573820805458599735140067097863537207016680262172471226467444779047619945959707007678739218391825034617673452135237389363191449258572002622488531085191851596218756662744476799760601787588101161868987923860352824909412448798659121745448176986768315052378966803196576889639641047371325346808064311146893904059835339898148964406831183093742024200881,0,102623026781219416222042758075895629747196355129343716637994826799380547698730182670823749504232761790789722674512167321892928742514966012773261351515927477132192459580828893001842746661058204044024459987412471293175423090007017239329214736388579843936075330560112313951376453980547017728972014169315042983737059215337533750366,0,4717965564412199265195329398880797649564595327769895641692651125626737116267898302541830909247684415910701077177786295498043912691953367208561170464709027409463086951046758389324946815123115915812044179686980241524326667956200948114008682927136569966201388990889453381929126074228,0,-376907158959609805520145606440424584114336218319195560076026646424009452402479930477929300477861861217709209857338352287705298211125090846423442491172516482542102407450601855427021026143078148902597220699455443559722215712667706257212,0,-973467654602589507034133794557059467110680521895090729400657865017040635485943869036114109903464004692793940476672752950089401831696861957502348548943170744931832044028809348096836555730,0,339874587216289147787031278095769724156906518824050671519047348330174586443394385771148348572877228431761648191142626499493176650761988587260,0,4564077671045267080743878919461461096938074572744937845758380244325443018484944008759943741318,0,-151768782403918249049920369591755458911003322886,0,1 # helix_v1 r=0
113560023281866458695839805282854345034100954376417493191882168547654426486884607345730345196206226020568773012988435276370000681109886697681601202518958380250974558153254690878767285259608426698547288777231479227542346313303390239609072413948396927753348502580218028088215835013776628660641767065412722974657941150939031127092181887601819441034873377571912679610636085047735796729363761609097937800710184831086172501985831934742060657377899643872839830587118360478490566489797519473161569272431123939423195499584882182715096063479737929727570885258130755553890560274502564231006438144398995295642576562568369379579753985290892423986152880308070806612437272997229189721756428963782098460004205148695829259222394091895619705258624272420671194579924699693493381015584868541179,0,40379102065467031562349283768148037740394091817428233868687696782145944258047381160621384064083696753285120988496949361453471522621999708312819063384012299667614115512761900980545780489095128881208996935544334911546536057387320920759448568939445137308422756573086809259826614307262892759462161514607328996122887813051695432202430497568660599504173991007691850158265576741823141176989094034987919615848334556679665570491647624670647585747618237092184373622188663207129320106648013475792907955856529721279432189887782508818787361288547209873801276723123882161847524388052876323615394910796146582810852958245566448643662076190364245056828250425844234907374047858395694834472509220882105339444332714150253086540522,0,6090285581329659220889004602574546124173466402834780320558676245303511594041663365204169924453657311956283940929563959508800440227984021090275060743360591415159420657568717278217770590501148027708722772521743405972623304514475224444145576176343185119791280414845416206463448019496075904085626302018958555147245738348320094698504416307812477363435896513838018721078693390195769293189650049957818924409357779218627447668399004996437996943650630204802312914884724639752820171245494605387031310959278451276109061192165667204521379121065933792473926389009062643562242739652228597921470963824868010480554540602846936580714108414998108690053560065496027,0,489439447268481167792004203088207786085024716791490595916973469283649518655095260537659874821591593690030795126329786300993734660040300633340546773136176494232889443118370278784304533867057036688311127555757895278950506151389992640453263587487585435683168524831895256247616574268269044427705698883505864803305436213649735734193779960938491813402278229877267221920269714752785487170535944184248263912193288598852285252496175255206630768656137698519357779736283409179705953580867959387024823854731402543020557598244149961524765931116895420944906979461457065561521420291799293176882124,0,20709431652788908527008737339264557796076582038479818000535249655148199377004403758919610943983848371909680757077627789531617105114802922884964974915795577655284666758374807226644287701548399722722317911398839951642638439301188686773921816823215581046018995509480701126360914025268842170732092170693501773306991224648797552592916637246531447392579330153415756447532524010427250620331285993526192949527213725694639201691115268259936800538128816287525274327242964618547217511786813643717335336319291537549830897075108386,0,281638456926708357346170297725847796958647246409784798229637014569753841826453644914556392656912425794812715061100523272676421585207048615415066425913466305286119652814960509764879444338648274739188911325948146978459620862166625222020769624939381880851671018028730019210216418026426717559914520534592563003133658269439100094386598355775515179047201870224423496369445951813076472611366508851978733344529989838540413019910873954791585843865784052884702652,0,-11427780423736890386981028758426160488667086413418799072688424491636934013131614266946595241003387955617272778725690099129859782267153844108978381019955125303278051554515572333630201153585758019676068928678535866569192129585723503420088460810591072916986091941518958844340670116267576589209548359060455361360609315236935076454191570149146828449621426144457465667606985082901431406517983824,0,-367803284718085587866562655430106795824485559363140063167147370634590658815122249238950923107571023449057152936612863264109784681795739700131638965112069651273686003217780434209357592996872335072231920123239618726928591510643846131296972931877527052942306049727716619318920368283508316597155820108276822235943680062265463232,0,11652160287394956265302833085507182951737977391300408570283305468626229904192655362630283080096038987050469157787716614871965133633128562721382736262558669865651533717802527000115760930955869588409843619012928214541138801553402510622105992644947274046211570714,0,867361392780540033864908138181380657357596669647292720940360103519651717166142150746977670304997943943450576212668633149583899639138899916603867989803662449967625820662645370345067970460617622802,0,20512362500172757778419069022061989351993061387662436707930939157970896185702372957880998059788617995000128551717728587359194175268,0,227432632163844464189450366932391088558177459595442408496739962540,0,1 # helix_v1 r=0
269266198865761911840838467531821848034514875136769101706044093918182019412856590294731858427610616987393557562433618996844403235532218455503897671277337802883733081243225942833826951905467856053601820481546106320671308383856383342419809083448792007897304402006256983742985124698838478890725233713081135716137950742979058696970976123734532788180441962170060276193575259832768245401190130368515118256039570252159628348559336875,0,2760595171679013059437357846854861896711315685913261993559665177355538149099618525321559934783782890968608680148391159249423930874382887268832954287999585000489510244890174192775530790957488197384996518265363768430993377306828007960028947978910932660503814246874330821264656192265065686622552848685857804556341529147571943799011709405655419732816490818126693476622912467386149932740337617600,0,292987399725645823431196519243339524097067705409612222538700951767181315003771228981029616231654105487710991694471454354606806961920991478361932311436489488547893089141816520911422977280578100449519056080466777072767712460174484611967069073351411901555070923634582752451813077806152062575598260604420440316880712214008359035924796467760895439043183902559,0,-77079693830582913459075949465104097048524410537696124965198743365433871432598503516577841265791745970873129762576176296537252595821331368359944613860949888570684974366405748385027881253494201495635005546243446876475509039011269252264738924249247646816285825055845062073361175959205644304838614246032602878272675552822416,0,-7831674636162820060507938655539673852076699636906662543451689701352870288114755730112606699032833782830059544628787599277375134205592248841408402448899322231424684106285385669475586282935812730354564176911341466765883137332157403180672372936837846163791613806504540892471835062641586,0,2004234261388200112038909455051118170415053624587279382425089153966034717608400741721567760155404479521988221634685922600709761429803717137193305872969939991278212450991855796524689386720264180471574758148041646282640944087351398945369815690218789416,0,2657544840548285192368560609967173492987176157033949365898336657725471888857467459720757922512539712186271014453205435729710259106925522758991203229391555876926257473399785974167940546364974131000037081570435808913,0,-22996000365073532711281993353979921181223294501318545567337596055954022550383653286677661590314065407470470153326712339538431738619656374872930534384820569146535903219842277591280,0,-23353396532274900406629639836354414996146998408999247302107571679870757849073535664136564512420647726887927676575141728984662148839488533195931,0,255727641645675028041761322260621618623952481644252758832239392978799016328212593301985055206077111072066256,0,517456240720240672401226917028245851253308177479531457573821390628461560,0,-15654510161061297199549680773824596,0,1 # helix_v1 r=0
18095435034233543912703717330740086001294377708644346908198812458769425575832158933936315739044504056565662803737226793039767263518297550928095594236422973799821985567247490625016052342694861471105729840702610299351791688982888746688843421379416120333235840017289665052956816158254610214128157180550117322073934966396361204659416385139935524994134696889534101049559306543961178721507110702628016829456165174389047324281165033701981653753059467330222597832519492607271208018551056380257151842614308742687567332927595377,0,10378193420612575496638766741041086518057650514304269015497434983718551815732141194945272898937326124209007824799393202580545310383703823371038695821795930821334614352904430720637588212833223236741178379842789471292223086687809170110078543939217832585809348406085310788575089227981162768203417292265035676899406444010430809797378123251775701051031356087354921094570603416525769059687965881163951560620385288583905415721792443819545879701268275265112526355374473010133618917252,0,2086936208517061552401855759992230139089260357216911303870449683740103853981534821352595747158921089889385629577075518650936770959929988559741289874107399337587594521911172934633932157978188258838503136041434556783554128113260796692597400864464047640903944730700722388089520322498940964851346143295306838156522733642051321489147438063886235334346047848259516286311859740108148577353921273503503866667791827960989892869727416809374350,0,65125335115182890733683020743583978366453894006624257065192323874319805235866339829556340625483744380234446135382857482916272129078240254959155609280340492947439453813706399401275225909185254352783420647488500161210764473164560990697655482043156308815095233483553129974765855996035283055375278168438032981314638002614478593970621418145961598272706087578509948576781693886721215508372025366,0,-21522759516553183087753000476643421065356181702648567054860604149362210899496226439330125290445432814024048430074566936002134026765827863934975352825041248120408427295231395678398621073241153029827751816386464348930683927192994486012926932629296103172096803015365953521937116274588013826915418433454898248436936738376166367082943272630669125084302,0,-1958059830061459657369121648820996774911816855020878993587019260715665247244380829560179815187192197949695280912664429580638565621998048561629928340871977765864570978909162600770164686177323136709956124233799851763203260215402752246796592732283668557831365695169990696345343968298410005964862365159531260,0,10679426472989656352482013549222609129594828364921290407803723684359600605794138272601545596340248638767481311470189194718067953369434783008135032070588595314979343606394186180982389724788492210663229606187775065443902501290627550062379200759551108532287203359,0,8695737944233205271041706531818287320112645607305773282435986615302370580375192101982165982682861208820169203142990144501873630295225360498800848807273185744637349238991548218107733376261729115676679323675966179321704,0,384951001506610127185159063390438804028313877704079332639830007785080510303477016437201967281567508342483305151833574397753566100714980971556311872005557775058796151181100986,0,-3644436409989020738601977783219134846766969116020220191676390026812850955144156277713584666979176052364018568688506292654773350098,0,-456571264868751277712275649118865890844634559241328888982993786922557280183152220236372,0,428616029389019921608943828241375452375010,0,1 # helix_v1 r=0
356723206738652896598576306339800821399992656890686917077319584760749442068339261579531098337565940216451480942288674619248141408921719342122740175063677172931644940479741651781221014767907776791439094641773924468271319155966404194426396757402490964555125442805760964077991409071339171850643247008235140901316671206424158970305280063855389868208205419381641319606185114585679690319854235845869755365231028192822718131809271115639975042044486832859352250493871984256828148365970770243726023771901783931754682853585032714300953,0,73165355908974019848844585227664349752551046671724018876954509811566861529040135162317361946189699073473657376353618116123369837321474752698139089370121518432098117327058425701356463657196571929471095604065882233962830788318278449115244704194940398997198332422759556158056915564254924703326408209295522757698470870316522205919777571418900393748210252633350253248955532976740171100495310799998602392490748252555244967612993088912136992575804398034632344754641297517455099129238868168,0,6507393392279462696049287826618215323709968872275803543291043545812924167943255756818292218086319058715378157798847464954045674095811995719436814863247500443521613065969866901980164593134613143589375891919531462397858381882725078842497827866548377483208130349888286659955654420569808584732665806394314941626469184502086713120586256317696261171747889493775158385410737164257524279541753819228032421558622167089030357103935382998046080544745,0,324367244811865798123529641899887300606193162961615340317506449088543899386411003526125676647455827203774610430759875697955067992724034702559403260102966416987015192371990310126875158929014330009311556944826577006673895975431903129555734749783752253782750434287268449888591950879047282854025872878294786059085178674005464269304016755284263237823338113829170309587790162114704715743035472501304834,0,9656053315082304477053953281981075586899968409525132987299322817727383884185220522888958848600554094849450701447120578972443545011243407982635505053555381495852666115946671698651697964864405263229058098786136105321208495429411943375884466822919884873715864505549153331932758116737751764077521517523197496467589734918829349526487778720655993167106871650,0,162020743042106737723389537907965544891966776968890074163546761733288075568446387745795622127261789127443157315641069586415830488314615410609154021985318516111106265047464954138311669285262771996587170495218042207165632026993786484026069893179963554842244330313963962375108968203627102460256641484225474082060,0,927611995365411786281680745971274554321016364492107740522955638638551083576444274709552337657170403512263349624175973734609245073993948496791258482048714402299143792866471371299958273834175645823986653239941239212927919634314909055342029007227201154313960728984641,0,-17163477837422783440110814026928198485132068763910722132821383853139158355011141616913019284575481277324735733707649184823248004469257344450961464106738444308230240929221045499597482664827882865516833100813206745483789082,0,-353615968691854074026540864452226001894405764177975703460063857234191356679039049863668376909978049217654552591687816306242385086033883438464540859126455852375425730136361461974,0,-1299985255280305902970933525828338479792986687647751421344510671629215466029206750350179398025785878982789564266718216934868056666124,0,25048297602164951863760258470245017820093631286574785654498006325417870122071740944076537,0,298792557165764412729994031687728030825722234,0,1 # helix_v1 r=0
92193004074523928920739343162411862611503534315464724798106602931726860171265610040007057782072090919072767921013143559860362665843023893870408813957000464810637112124256803912808756264697707093552657617559597223212586484629035478478745924107417318752981584386071459729563083652222796761749982939317870104218207560476810979475387954885891218466248808193422258796556196627679003292142959255742015802581339223589831997948820252641663768486802688884907323090549083292432561014980790576373236559394059558304850860756754009487106380381538238263919160963992828501920833898080746249727977568368214846150069367685896648781506760081195213660498832612923356850027639981338979765763994164149711820100490247754329629715783334316607273642419014446111504734170615690805674020240924451039715745153883320312203,0,866450159593514987109927582978058615890031145847323825248465222229711520873403979700056014008600125349181231649859869271031020773112245433780878106813224506636740349533847581339896348186128045424058181729189443498597985719978057610586505578319694139844262024014911157834498476377427098028095939568734808517479577981325231102109272004822733872945706420149910723554789571810806658243337736560862485003305008467814917900607946650344434654546514674477660843738571577826886690951076850950601023468901310616276531679107776512286206599488372722200138818448104639520233500961134514175343848206926259007639141889312031743239510333764035262833837698380062604122748552656112439296579396492830870634176859965974715929345880975684652100216604,0,3660343565387146786587059135384659877791720266722711603543514619242306160172875410801722006523534502049342563369038553414320025395491100522271384815316370027673577851563275099757119759364584320706274324160351648516472695249345271484678828734840312073029368962089405887340172392016147183875483894769710822237262924401883717131840767830716624785850042289197226327321242880583615405751486526723915114681243085468004779897691889439215543831720678972900336055645431750330597325713732384607648610735173098771566561943538372226104679266260928136091138476345752980728520747094215220967135290653538895544026424182020969468119591787436841697011199343581885107664501255497046,0,9174570275376609500971974312171928182554907296653011252185459368487020319907922402585026241545774809069966107633878393574304335743742774733230711460448354468871494584990661452072499799958240999804432975926989546264927915686116979502234968648058214615106177865831124590854062395596279030512975313773050217063786010665788343846528999593685797471148854271148819865480090483853693842606922965613612164958944931319224726165266601244771984798961984913850132767060099769510832713092844950437493086512537161936027879145398562548477022143508376431893076524565743283197583588379810531225262678779535325857294,0,15166589940424886981966595824374108137694111942338977256601436513419181695506968063927457755052690177802183497841494688562261682757807114689688615156230605434932481295288836900397544995905603046052884921384535812717250364510516380740291431699312066874132563133829098482800506866873494962904139978513637085752118339796625010164801834445388292527259890935332467422288103598590322970690234657837246432541170829042265824877574515653436342699261184146830209035140445328333093374630681042496432806378967384065143853700365438210161303559997,0,17387762757709426573286374377277434781542836384414379805361887877383548933635233237673579381437906356035870233046768952532279950782067740320780687211626454289330861836929919732372339147233396236589723419030086951008062027037441948122471579916630922074728927631951638595958591193260618134157204616175267507733372870625657939619320408249370025537329740885444898974697864025708001356681695013880131768734923720228577897256927918579561477707571576094975436005417329159940,0,14153005662656183408306375137430950338007374362156244262298181394622812199699312809436566430919141768233945211053396834370420775524793865834807768755924627783299152219245718828280543594221977754319060719030931431701333380196261753112433519417623212343966975444862212859410400599204572670954525476730401152887667501018019500889382779341507721968198010780117596198397997327658712624041490998266937092909,0,8232509145216258523562393089140479083655173199290695604781468395048877900990383550747089817598889828855344284497247990019121189740004439211128401929572346098585306163499916906477996305635256184876781458297122701278242318270414156631259590248920005837779896654718674373924315308558280121143480145983098642529002742409425966670170299432,0,3395395369484238464180372785900598214506197372535869039940332910377097681743451818108178434830173187638883055690642629192363545300943348278854707408963076162344808825321079801498715299021703703853426796548810636720516651175146522154546038642968379026376204632780867704,0,968796099380034275012462351585966222911377629799311803665017745986169562223340432026094423962124884195294550995709566335625214432590951631807543650832324878585152829034951741885966017842707530488177118,0,181710749767993859787437868594617985881358690609358675849632493921263486776559284215007588839642000194056788608603962049028269702384129,0,20145339896624734531615909311050875890628111273288034018940593245182,0,1 # helix_v1 r=0
3562220086810225124209452316609946585526297466269547375057540485592628337425518081953455674951388419588511428980271469156535859760271304124090114388866388022092109138856617437029383377569757453943831536888597750166663360805301432389829014384056623544669766612317526837600991657310908238500080463304188047095106459088094963499817476430058898024479500527562454783922487108159341799654857474108363326175006511168368547928504274231610381653399775083969317348452649751132845950410218307339508298293962953013270671800806252658162631492736235557943028336041962092573156920880758333196618454047311102563311055269448812185387927530772292415795789529992044252698307910589198338039004029177898111078046920458066488251455396438478032088340919436361,0,1912713882604774868949535697812875604273092147408137508924834872976947420095038241946044536709129015572284189894736334026809381911844094487501195040213528966074396630795120331844921310398924135048625715690282287317732121647485844590303121414715574901777347860138162491799021463325837925644514226764362977628007196811486359046152902565443177484438417794068642850905212923750387431596463061066997661353817136297373772193128417778242403654942208523469961256941817148370168512432280265840338843570008088885905870936089735175579495216180014833942777776533844902917417974255870584344817337236134676578528873497673768217472705412694350902941099414373677597368897986180345543002822672,0,441204809685318542283217574419676366371402135769789817969015038756699411635223192861255737729121933624257500586525930843307116248422040815212211387480831029272265771816041675382480746081033695233703929808102951491290736165205468576116563542688236481207785466549452745194802821567358907546068083773537260191426644074090450896979210219542083698741595066553954298938899342294175996516357721551537483190173299922384528480444910461212586007541526988097772937588936906891631809233249310315190651171654818496490865297024538506139657194093910655187514770199049980186504288584929875807769638751969077088170773138121769561196,0,55447655280685988190411167429266962733803502517639868195094339995819221255759508583667055149253298373696139478841187471458474146663795979046218557913902609090543286985233524869013772901452711914739647683523870875541682261776363311121241854118789583299028254887368073089050810700393838704056668574128607519103978784761107247124513443023184194558978889101326245271061870848121283619306478398027007627103288902245291472502670744179671792562414265554637401855965447128355566467310432173565895253025675610652019653994308114591249182177074163527150798588645150,0,3914397676351702023721060152791359554749478744660742762307173306894796238863946261488836317601659494777654783004983376340424996350890574213543826458182932563950586321292627907628931310470801041739993169848071276634036921813518992666756060340036099774245044303958635760446534548759618896983385090104359829237570714663210348636186308835805653550547034727678805507580971519390842925693658361130123710395719746327680676349297938309946330042963376964515417398142381131301708337968619409873127006775,0,127521969356023248375111269303486773695436217191276000611288502318953901436431164759833769238113050236625813549148850628331840622835220845099609225891717587065095943416451081179103603388817208817985541004712663343422779145463022915251369116079350583196359233329645989483756930916084527793296486166824619918841102852207067569659097418172396909807501212851677655216549570752490111470016436820725900628337298676971245013839755175723436,0,-1451768841494332428644250240612831776201423531147719517289912942687195399253939341533837688605667343246091272488223492868706458870128978834864702501179802839144732647563842644276573647391957946111855600240967430839003662086461390376186227509401672419910091397185105336914539675259189307342283599062459151419492543919873596482184035650894191431134767608742378974820097867,0,-268794442898600529138176271588475732557547018970067644191560712477769253041917985988303129948812131998038726815211970578525875539479168802404184204732362268662300529038192599217493664650491875631133896707979669356321803356129805177634875103257119023259134749010320078154915369655807386099107865278290922418896,0,-6988125718442123393038524396465503398541603658350854805177250769000331012200115130260393491106791463690693313860781714104133022792327106566265000105548148810626875445192126419806119652047881616446008851246622746151115467363773875046352603524390746,0,79289641209910966570743445533542928438934171308450344856691582933290873284915832629279734866921083117704973321007360230913734200475392900964584420901128126726764974075819280830329529428,0,7653814980264776388830680548837031663332034949533148360162670630473251287406743957772585117131005831166903719812044390940629,0,149220364151529282231641918045890512040140044928250794342310872,0,1 # helix_v1 r=0
10499297664027546795065077814932470550162631114311124285639970773538547004514754564495452568570824949672653497954237093262614470196476825163346509243006499149638408034486153374013244885459236327210386512127596666935866675477661339102247975750408269043462744666951890439801087248818064857985822289141335297953755245309471776067091253977685006384914790603186063919474835585121192917710912344299108334675858355183187207224669347403776315272984912080233904911810294929651186487142794751243838629459698322693938087054834678315803711609746022139757599651753567484146660737242927498717719566903320649769367243063228659127858930824430751293616219137499,0,316571799401727995320707319927977504721765178119177984804505473627837531218156052733950144859086605929339224959631505285635376966863469028708642082016199144311738583930429174054358591107995202294434576053130954932341223217431634535659442979982581388954471843039614899523172112126381568268765390024927082836615649908828015825557943351353964768980038509424187336798582509858123352870575557027605084558463026998375854188222731933721612051406913844602670074626994237234554300075579940985400425759070800608279838778495578157930937487405448161467629485287158497181557514321116865170366044705612078,0,4425842046647127970941342252414533626663875714517800681902091470026816521728243620228823174000302369690100008138032956901447030497727364299448184910144391748053296616507327080289302302812654438115668078591250580381834429119582279854150205793467359872665735760241435548111774655757167393646381966414211410462849442989171597511850052808583477333923118681614413502284303314814397532188405495132508813733037197256652454027202740710763491304052841959666966296841059939031205888103387446691073379196004756247191113094013282717234194518605228725,0,37879048243226216361189153421678241250925814985165202089678408264306438696906123928445105217234460823405323640745077829710442767459868821093891048483173325892332688672116313164878644960885197895642867492867441948377424466422134068359556369341441567884463793760684383174208721551045493282110196454212460639576913017475637192840027086812301665785942404422940964180364987011082653163087836498107800504407892761753366576244201516482388248577840171342664412598990841024875540510365420022668,0,220646228182738933776523011855792740480951856600216710477070418468548901324479549200403062012498964803906212867089550030621071653497720089003267660397748491437805994418446468698395257953824799384787761895981726085284101019532129106833218575372881749895438658175094823384450818967449850488140193599570893125350275425863979971989684191099884109975981298997540747497520531856715785518571074495732017520021680124902778635639418530305723,0,919894077528616884529498590376487358695508802924903135036583965931890163988831294042508492603907231004327086523286331072741935333022454684298489134161399415070284421625344077866563310583493381172824950736898994595878869625752259262830053811294887172062719136741859757221925312731986999046916966140968563013368140628941488535157534431120018064328602426678170713261925873321703248,0,2809773809886226028292072682501591152868027552778450061335707237685585251174139919600272670165949916048874573602618079499408835596420502982804511525352148590328078487543763557302724166563088050754568431517120065507529976873756880189873988413796159919333599860011932270900064681601576941875937840121239232720401384023764635174,0,6325510999280581950266256298292423955705126855127712586028838735636313422510589895678278889220102487667660410832952660681919888796087902353316313826893624350232737681732721155502535398199217861599959717092559522694234181464665792561596182713467977513903617158543389029410,0,10401714538806910139001516770401606805406428072107890712670309049833569430493937182738120549032075658354624765023392950422562388108793901198227644893268938816822997061261597383277038976570994533679337243105798342688787,0,12168372861035613951221350254734863987789054571826173169176752126842318481544125383113763921329816830951879343022462192513059061392336161335112557134639399527662754,0,9601115310668945458509225975993198251643339774888349424497639331687107039321940480384657578730065560644636346,0,4582863662194587240673836184373340218049114839908993998,0,1 # helix_v1 r=0
1072885303878051838032984106536047476036546520286713187449325761653938251218199872225696220312594143585779636098278875455403468153689364025163732780187914621420904671232091152993194191917166135018181939268718925011561257819507262318432034962389559103798585605114289689571044662294320498713741391579187154473192771474028655321296757802631988640303037365233451160143883142965833188019887113033214649502024087391502368691414693425313266238566991927002209970479246316988591343430258095335967086117716349702412022401437793248640311679918131990979007329413108707578620347615265996339413972951596981471135193035573285285025851035338929284113222182888152766220504637565126047980532950326348332730662410474428537184757692030929176173912929017262896961091685600615633808879505719832039910621,0,-126105164875193704674966345475696726660991065049906778875100458183425756520012113518373789466251746812004198840808790288112292981421677634786103913093875217248750746755025196590919408362705601762661485502361442119364586815715785078210532438744266801548122299951719291781457538057982561343199145052493154886381729498751249167785840594775162601199242985731761985539834202994031318207964911910195264159943391095769148794032037818308192961668702143494456275722553969709780327290644290593785367278618142239091176288890933794739450268085591947311852470358420964339719344713374379981480115868577483032166113890741026056495312434889911892800923589935741939931382524818910175108889323779664965122487347482033481825842025834158,0,6816182944435720231112855070593258085201275999751991458862827543524348911963002128505989046739474526817807706071414286222857363426054791482931141968573354214606531249237848178450655231743828417845913775173061242045381774220449225558961705367416148856261523120580861483114329323830195963815806439065332740581627099264295619530617199319188195108349218084379194079580407785855044747638219467594670102490190605716285432678830476921183882331825543663738116186177198923490289884897357860841487889946297560146560418196140612253751085626488136367759187686794764680086258751950996015250137389616598444029211887481683787092461551771924847411048091925775339649196,0,-223892546732798188101868995841009083996437049347429510446693997736503683799865842021892161160509597454824696279265579963194241947594912419119543780051126189317040309086503741881717894330570677504580740348621601053358712214762546959022296181129445359454770471593860224023811568247532678276379830590640795553763104733663810218554750539739616518043973095802854228049676675020863524269723359647859329270656121654683757878630122145557033990402114517972067626094306456313206840185985258722118463127908075023891939654694418867242909427110913163409360182010141768434276852932704607849143104400918,0,4976041290284781755966320068309915522771076342605039610129568492964806648645076111280285460591891038053011421206233832132981351275912672028096106082783609307693606818021271895824643336658542624698391856281125576591392681106523966672904589810267530423150581472090714815961912186333673269632919302762878666655097403090390975818484645568542637758145073827711516852528990021599262270162868506043314211603673647295174158339894178322615434087202235155696729480623711372888900924217151650497097979762595732832667488165160736560578,0,-78825459932125354290296141194298592564214093139251322683452445150447152907044037110785368100060884033749431448151059775299136260789622883742432572867219727228863610728449498336044804119419742455487323492356766947554157053587951133220240423329086250775191899703787432805540964878338708037211271446089174501293546927155556885617382764167968153758259804141759694793182125746943158800782467229800445045324196745564689367559195487849480292781739349175041395489056,0,912624611870960959777049732754213817999824086645451158915390449201380351117493399125367939694506584337549179346581788869363081192711910384544041848096920604137694207140652645048621528498647364199191113092860765488874159115876484987656725226569365039870689170059379434287693635054834909092226470346295824250697045435216649050097550582210163023388897424046423756556233480320886038163188947254589,0,-7782004772643416301020424383562712409176583864959508459475824349491376839753411052511788868028083131980259776702575334029213415325133551701887078630876964383522025194888592057882477281413343979566430991849719707806850062633102367296483629676338592397479361118274339643771766943906134094002499390446788655352744263595784356734778,0,48512892180197787073219273040119946008458193827063019666242860663570814219208725499776959889547088884655088419852415853955461441637769137170254599756572500936335392674230752788905212052701786814427929222243344174141693657401465279924064866553254319689050784344778,0,-215667609485008085803065620986296823470373165618884744300131413962127716245442375781280131691895082862065541092172990097135655188206178603654774279151854884642580686953665682904577631445347034503992,0,649133449569193377560394203883038885108675833247271448400942988382820756928829706708775978094396086431252951591185102227827247910200,0,-1187997205452492516966712285220538160129749451448262415064791449258,0,1 # helix_v1 r=0
2545020314412929740854759637894501434282473257993516195722941623134812601750051111802662147546436126624172455249570513431295273404185595156726570006525712098702218015411332706390373974978096948769628430056251613189605954667004566500928023144057093882487156909696016310412943028869035916415932325780704787319156476896357217478721610352049122600258230037825632111320685364014919353835754576166277479657485617304457124079366701427418155513539584754687826996108675032271607227300574379187689311891770187384364088003502386269050135989233666238683440100852479434639500645292094635593673032463497441190112795760992868950475723636946173571697241381355657310646213972179699507596911102927,0,4006885207471224284875597157285198540827675948996088316233274515157808482620041124367411024994965253667673808137518871834356056758190509250593067933355299705843787732369561783080061509692407899546398780418788088475932547604133900456659192018796428590011523704724523753308090748141186698037234835471629877187320165029053990976096715542942680133152800840903895057296764293017935955091349063943338806675225481131780749908772875925799489074406999489390668493375797470718770929626489213772074571951330910305018627452265369833909642575471081839293893420556489962864775658643677813056233928619370754119543440301821391156625189136,0,110938335361378833661319052000166906900150248313844280436574840129660702626204259254347191285597439645074421727079318607025811492365688660573391177959336607415968728800447767706677136944614634041907315420965398016412049180938017409030176186230545090553800170647202092380257893828000190021102459580918081490120628183150181940414789590912174707472828403117065352241821261128696015462744631436166690018802430620794232371910574808194417820106402459602114051514873304335236514281803665647737262958480276747091014492091592541562470191296016520450837129894794869517035411528,0,2299677600769722794254473818036195032035564460150297561273753460455134538994298935110733633539433233431739711529619628584975439130533927342185331128747546457298450027061828436911014156300198548693272621351380098906999136063435524819745097189406970171389311307413358689968732956892729930351871710169956404084472284536833505621857060264372862980294265043981544260421761391166679529924179178405287466140730940608378570137442924642579188857869565404966249365419792710249944470160176736787803723616148157555194262596,0,21380518531383269404495709618141809087943109579595491152008349368213566225940396904178024554626188527771205700654608060172979269829788001060816555864582840059886501280083477975508146046108668127998209029327990435985921324169841580933302659092861402158235564581881764979496974356380368013947769854802745341301550877509029401579610543458382550665072035160616067658799920947908539767556990185518458339814112588742527689006582395498820685840405244473006606875,0,120121655105460414106948708172891882085460408819650774913297217566268468740700209985780786785507183244773417569949312360466383225676283667110056265322247078438108379439488022635595275895532474464407287564859129671663702145031376184612225729619841893659381029572072803444499051842568345416860179636608147430452683355192629479351927982268184029330897370801398748543798572976132155081314044945577742128,0,465220671985826989252253797610232012384710053655980979159634009288024456542325173145790732996517614201716181699944640689464039206174316001079179340506770434925579458042696728151865251527603781175268397433653670285933787172176264248231288596399837020018971482809428841608312773525830725987590964206553639760173213833474124454072329991145025352,0,1313244811688117067867337895105109580511073447728901567838291835870331268017247139642518915224433526069500621371011198295595427229829949910293612054679873597413838459228839274098113632187468504451236217794706761145953830034741817237529791171123779873908595535094135711117876992285821496,0,2758983368524209712609097920296497576699858376923944926684153397992403827603297520339724221410486639121004309635210900160858591292801468078367704026728028011697205989404521783416738470972967640591386073215741710662219640475711413,0,4273936057599169775821325982998908731539437665775709677376296060064547421755057751302214526775474920623573445003190580932520772748807612703840614192320878599235679644738336,0,4684879162228189235438761395713064098811440117456455957803200302965008871489194610736479188534051197317079879959888,0,3206520682526469846455606367278091609680875385995646823908,0,1 # helix_v1 r=0
311653279736533787847185541120534956183191631761375651653127086001879667703341422414927883608775355992568115734858530895715289923502823669736753701548529379396182930803687875009846301956682857430454808176330761223401904119876912554069785723428829080722919529539648154534381426323085797810687764356208299547731301335721034939423842230495938175381770903496884185179881139379231243350776189816277459994319512516457336991388650505310520256799250587212740603256365761703153978982226975005206507908009978437604851075971248864933374888053346460213034758754634544463237005731125642368723624891982971619147604756886016616644320654575012775921499586806907869003722755224292543608824382256252695204803167937018488085974587752124891509817509191874924736931202958975194080406725599274001198866097293006472934846041929254691876640731080408018817821584159992099277546042883757917,0,-1949850712212672870266988267318390289246965909260111690601433134236733395719174732985953209422111252068029012213868052412611549553816556772357786529291221482656144194228534639686160770122000715302070615746393978158667567377565711788307073538448182657585150691689514315731355800703831892055339629711541460305160228066673512593033924874069722940123303041566492277717144572580986542698937889733622215224045760739918159995433907904685944410809800958566067418600626715257397924413791937230969771478929535121162560791957929021664556505326223106879376614846865709904194762106436891831304009143733486053261546127140299647382786710495847300975200144289171577337514141618184082029227065494124823603105159007270951886355078907845598420559688849481062062888175195522971115503826846728378365105403199095608,0,3703069035871066309973593292200473600579623153104156721185470620872468175721541291280804410051227888461787499603019929383399833566056825389234151647621229341799901885254393311328054652462810314105402138088058756716241357822709046006501983371832490820905086041302280640559564849864306501898933562041287234385753113327634368449558521095407257717215452943257277347142335190839592331967554911619155324757126720657633182305897598615376967450295872847395478197032842789334258643335404713044378420777845075257813580829821692905080213778251338709991317955487298165707703785444938872859298741553646497949729901835125487516736420610121697544419170944749436182626051502509667127155297230537652517598837392528673081841914629543960435,0,2715243191635972959121349534512262048318322536430227427563189581778682317866555537074251983945000287585903398626737616855084864295600552118240435945750793927107677197512228698441527942624990860866819115228650558000582080730733671974480104453998297013885525639834947942365634674417824831104619379879083210810565189579264537731646317075164715279757130190690408124285325573238663420043809562892859589584685825341413726367124025267232393296382602215423856598942813563901206685736459358012214390927191436581263632858435582481132608508694776448251235112311303816899790105427829476896957484352412357965104447832603837040700259935917552636315792695644772890,0,-22452547645349242360381636410362667276713358475329822689527744775706315787174659350314215661248073849702146075439273840306110370114795565538199834843213250509925878946233422682151506790186991450954744916475745891561099253379793495726785394016756000410688171610565266094212328939298287881226601086402268153212155175934891638587724708865107822150726512843470645906846027184006410787725318656036014666695077140821966515317552618281190231519657638270787088460245417717820631238117237543200300060955904936931823379539135049423678609283355757910546875961816640601393094907014861224119,0,34594130763913491207839483322166814439377904307829523611354973665131284732629526077920336607266005959918956414279650826421130984660324626104102731708680155755598357644112258975871219475840564598434829927314707106375938040820496946069420205200019620922933790831752358925344776779819020177376856537165387715438669448351698635308405060577475797389028824359091925582272897022603336904004184113637427170486534525518046293475971066421249386933805778936758985945054303299998364477070356310100231830889798204977466,0,-6375518480648992754861434864481671502920403458137904125015452433954555021971658031591451804766763164299730393358887963641714877541720709310643386187367121670210250043883644703637352067738255013550779610421569257752883875156325629217632995203760660999443284161397320114219816896681898367173218282067093257696568219993053581864690816498866514780168740485592047269949201681741263758639272317391168187658674809547785000580580281082537902,0,-52241405381461719804624212831038303880288977245972110269219249473141373248035292841883061339973427090476984042797373246553985908879924697660533267799042523754340730031373461732082965148946305749808721218224557281262079562824478018295672213970449487100209718321335167310306609086801789171484584624514458629296991782222626345954870157287915413070558328020205803926,0,87125423396546475122933889293406496871801037386320332573019531076460629318601125882934558673520154255791714671209224212053172929283512486334662546005830397338726896922456190052476377878084376008417724864047464769904337583928489647495492287050023165970336345059710453210964678224692588907889,0,-71315295819738931076701955577175904839974870235754712212444607783882488620887439235692215361287316826343943926705038358911411125381839147411785549246036667297654777268736327542382446084210286921635130564748617867391834,0,33721469523713742306772832364546065409140104669203347787848399867345410760320127555331787945054474343560307296532050191368671411519680833688268428,0,-8836363714378714840245307663460906486749846505856230877059657929357967790,0,1 # helix_v1 r=0
792806977276694090815411919783884641218109630139893182737106151356644563474595476656376245416639651448497340403474750260996243854886489528975771512160630853410874258934882418076481144834764958768363118216514936818413940166849884634199119733625590450888490531608296263536373002953628109449262634933784939206735942783350427372780128517939444834056269143275209606307507872195999019162404955265550606673365496315425361212960623559315065464947407342449882485995078572809368708180802745667408367080774643311714621210138663681340243702099100521205815830431996058725836874534567476172543149814537322609643200642569263551253243066784377571793747276071021663608755076754009113571343367,0,54412501219576887607376564535579473616678338179323326196487672683813748997982090660076806452793245948667663460442690274996652608608356228632741756093231330193826561964358781282938647504579080172340647438569508672258152268994228820212611969843835510325428290984919472249576448730917597567737345872024457502681069725519984995234885002801084772888709318648363274216235636608437561596533546503762704837653983663319073652031155658060593442360219153265510443351356473647148193130223374387211344151757165588612309951822325410813552297842897854981119702574742897041393049084044147552451378990871474585482433029906052440758015720,0,1740067726086338143948406338234785820099556733841289107000696649107107547417728553216703863233466168211951540938136419460961765334539164092733885643254618080803085196145292147551059784611623953574519154797459751753167718974769922371411548614999271781117170944351780677164679765499874706856832900185867531553365862050014430896342569318465894344724418345845360731363701572145704245719354462371919267342942716407317400215334001422095064831977712997217252344856386182548292870119109604202845029281343643931834171457022149105827568896609166716978312148929868011094607839,0,34162299581604300384619997091378202930682245591418650388039410971666487159268973505351457649471907630928679336141461351612936465300980607234367967155283618193442089986986160012783343433405179395680360813652192196669358938337087014720751811456308463437370667187297400736389741749561913859584111808300432881741280009497919892045572716619687328489132257338284287084701522304174514959086489247176363698328215778960060806409353358750931520449709825503575294524811068628705374000979028182191212517000549589805111710,0,456912031856661336549331487310706982529082476992839407063576544314173773249361324471375524699093129106810546370612605554169653996786511544704426470920457013075204943412242369347395660621581152378172989161128212017126765254552879134715868884365753707141129299053412027501942120336613383345484626508683039412166421605850885886177759230809354101530224727181721500154374763793474094050291338253301948298957261450924419047876409312567956460676314448240719836,0,4365420974768219769730052987031753905753736789705288842787236765323306451641412759436151642254276434601499562362969791452204581946855516627663156761003977695189042870517174984697687580649312501730345419826176698126052476178901472035685402739044513226206655655536412500850604217185588170316693258081008045977299049361850569800212480043207723090534190004154618768780262013990932192727873876203843080,0,30361084811065134769398083699008220205157223057121334367579030974431795517801353149152313289639015989482323648303038835310677231505537866698801239824306153114025556507546184291285215080571865384181433262679876638875793941404758183206155597711824893450596659587532983372521577785290444422500869203230026418208802942141452601710002492548867944,0,153536292041706212419640493147663149169692022251043964381556150123732545641140293862136335496786327236029647731568411352023140981353093141261506110132021726099436150009366278546111080099332412137267078981467913727489011116241987011554690431778367085906898330529214210000018202588986894,0,553341871285815322275864984006528307236369590564177495865026992334093550776647546814774706514129100958679872514193636123462170100960941157575726708169094328712064162679117055463353344070473775105289839624445122679595549496879757,0,1361897976374356374115737386466978291122208945885504318159562926203203888202632913625076856405665813099961440858735188859321131581503596818854628350057938169375598485478192,0,2131999598031610393841931584750186599221464748062396250559439187218806390599416923195051911285643165642314054061527,0,1940926454655094069217778254149834451080462855117195817994,0,1 # helix_v1 r=0
371570000010697127714292489143651902909745065102302278304993448219084668108321101422096885649245720603380764867561186567816064045529258730394807003672663409867118211300524454961816193541330348275533074480026699444564882608538704631081360379668890710384308976984236527839166189167566549296713567250604562637141346489786106167893078418896675266232386934500491745102829466917835436486663445132771448245459642601613797824640384560967358617093704915138546131867292465764436212407928577199886187790238476992319781122939109803930874678761497326056485299123683911781389691931440948163942187378265386449027344416506513511659270140033321957138050871977599800944144336545422455306188214119392782723524851509902625266564275924751870398107714306073165954940676186086474578492528534183822042779359533416705053240867746291824332532257260377,0,9186855598723126158615969087458117040987516049038030556183814995856177552466772968438091564940121557418138667303079829870664021673987384700191152825214996343949786832902001401242036047525906848581845044040975100110236414552043505945973543681050090638587936206541940172500765514502755558542821853806955985190392275542090365780793756635829719722196177958037390788478042725665416670920768356307636629704269380177545956863201123827885085365455348774780688394500469833706458444743399898874164788694156670908327419407123212636920067730437060540530587652773928209870900592947711746132721126646354395687007161264159879501184938720155511959469818792861022626913977190834554072309544172869750803325642010761936849003984044274886535579259837837003564869019015383025566,0,103241749160645267278451495742806648338024498720828141605019935940656747580755961704364224364408835392970478766428080774579629426156586156649130748152603929721529292803697948996215068889859671195603056516561709374450107617419837947251833008034154048427015300627008485536751665350806687397888499390576722416151758308486710561240057192393292165553342504708774722935471969311708743902036888134560746192811863973504842158435515225621981555362078719868633688331206407484017349181525063910942127097752053560870477160446965804662727960867999821679784430783183525097904097636107666487248108259424299002540243490374793097977061096991463194740233680327096779019949074648199754451912728541812155045536,0,698804789155783366211999066507958610265767895297108693740062612564526549689936572634879106562837707060414261250005612831477264944314958152757755274426868658690091866540552861055637025741670116061036760674887925976902834281997961901457336309604887246515203869424454313324138792722329487536679042185043822265171448273882096956688394453820806171208984824881827626262504349510788460667358544179579865586486835005628963427224391277209925441239577912176505899554495461479950229376107984190895334202182632782856997750096848534111864936223958807267809373813533132071240005697678101284517488234785688262135827532827700405839616962,0,3177713481063260374289961522010416182802629260996349824725526396104498268441590156782309143172569614573504775445292677997301722280005611026949987486714733211960597317427212577453753265654282383841265048545396129039396520610508637040540593565015502388508640817323867304984352747347216939092974501930363939552249709659595701599064763066554903039036733085958667054059576273748761033278357916825159428144086198759203358893940222095224172135776247260026805853300013022378846467964286122255636008337554129066737650818501450605655002073573894074400619468644262,0,10228066217870545512255027862221700300391923244749037460367212577646685841700355367071405946001510933635457499176881595410951274984337438624055728201479182630296830787759456178388166976943513943272472992774738725316514968223297955626747498665316601684799883309640157054418695118672756319067019193890716885080739615730853443239456642445145940125120270891159313139408818369649939227304165586848497598023938944418366502617591605109538826693438354593555642432967140053475724930909277456900,0,23839900529515877927171222258908437006801352151690979370183229762759783572002496096611541420156291652484961311609223435791882091901429372752059623520878233161560201407690526457820310632496489588118717536400229859149530435430672371081462578280910189900484808764462262252365031696139602389644746344441634716816360188195598521871733480273849070914693647918581077195311554067188997896537537831853332775209090379173564282,0,40341426566681372580095211933973215443796997921241090529327042456686284085655632032631522702024142969089858474727508064896863615077568707033836691308918962774276099925001058287251704235004411581521300587662537716678954378301156648845505640415505761661193935315817321196686695091200208680927141902667927186137408054933214839952398026128328226429548,0,48827123520219996598096396192050444028476703414819537482942914269723460091185502618793437859978441429575429227052702564885147218462665138970287607512951531664086393713123353904874458104985087603930009165570506877510279429332852075524096397902267045615617316525400597126520452832,0,40888179811530120435606037995936874706228267269369747905355200164863845092735779652498068411821014706675984543570895478826443971495610513631932521965878220988746544205738265564627764272237870781738564662947168,0,22337095183935845470027727341525649399864527395486723596672583710374283432956785634551369191109265069061835321924650769871425234182588933787,0,7119589000764544210598491168298531586886686504027698740687466330001722,0,1 # helix_v1 r=0
91137087963823303007629567265174088696086718705807872037435342499125057861027839968789681078263530976179043163101052317623541332838872061102552803074476782926067392514218504162285124147638298874567945398385754656637252014512911908672818119760094076194911120616889289539477468424123695631667490137089548338721161369714365992860552883232172258850997185774947303107571267782891743857698495951216319865284277312683315595294960265433110441193033361177429225018294934882697785692753150680921165812150247305534962365426347634671018837916366363761262017237672097330632626488016461237603478732480966627932149622173558200470830350341788492433331503756422877632365312803742002859659234872530928724482469330117281673574517206495305972229959267876867067210973538296226934748789242412498440896916164268208898847,0,402964523736507942962962821743518581786769875925105152094472191201015888864526222448804601568352289413730305395349175519891042692021522974541796044818584387262848565032460927783041241599250940660600484213448880039376750853283963275960670037767619816030232975394041613470777176085258959954876961936882905872925892785041546923141580473119682501690649783488005309369669233120014382842724987100372424275385018309224364289473012151742488766012262899770572023715360336156560467390826022954279802872484408549559526117682755358703694465831069690228947249518003143582850279796936689512269029662054504206464614199484072616522651744572078378218599014622879288826823514433243000309383713792490146131202846455356304799136248406964201596543476860,0,824365638986529594193016423550259180506727999118020047637857223279319703246780886692252453684784564687890017022482920734226446672122845188473680220886755258489132504940813095012884796788303156388703632676975989565813498077701331499662802531210316940818167678787641654721147461339182869531612412466251889958671330401123875884636595927568891775665839601269478675467069352515198635550268448960770618702128082837933660509388260174470909522814071233362523951741682489941047021445059673593881246506113134722636622309880111587265150918098548977822465953596082180193415313431263302777378245636929922119357765229866357249254160565324374472451241433857459825277818947258522978,0,1032217631936994608231920811946230733773594846199024808006746453768181387745356827050287030536433793149449009861181251864708559439580187317927301967777342749117692072772551068912548618990946694940062533932749949326290789568837667715896963988195230792861810311062200370072266166547317325740995598491151743066405348465303232984787444532347162217484391974320280137587078977503051185738952717063615825654214065759471800111783847130372903534661286658456124124501501163569572280936745784469003687822681403795021162753307290807065939630245933913857516007011946098511063945230775951724728079609975798949555220,0,881162559391128203881246194874264802888418192552828626454118372514041755425506265184296706443414517793127642426995239175928850407848676928383744627379968950673576161785254597361219189423459127618103549985683242586026660923282694412953105390308899626307912583128086102581711234253394565725587028508982986112552558615493916307857812944994081482670142977088867175909926950162150013841357973052451535774216653458488038925210378586813882093902556189332981942692278408571658634380415474122938824190946454579448781899608241215487581928574814,0,540136735034612287711549672082695529940073527904834187435245649334812737908757592290444461736155248811585182573728180166807883367214996066013471593585641335576616723469087417307732996739620838478573623430002504414801060083049216188384371850356827764741823567668857814831552939764618461821518859072760743462587390154481732750357506856402385079766340549840654230241675564072788909368404123411834688804720781000712968039479627996314859381023524712107542039113744124658518,0,243638803736441341257841773782062824751845503829924814400353051496195756671263811603670524706824227841748194848112524041216032585445737937330628521379515814042120211129873777424333931099954703030495608718916333768640570250047718615963023850116242943055278254894341522390828058376077874635182425826165673287418679413688570956464954588205990787081457517975628837526913058029190602227967688380897109883491,0,81408062286243111033253354558406511926251028673553138897967982981331635450020658153987354891138532394330495172293366646545276914156186674587555332406423184605468619250736479597829545459923106828979264420324658997867008630045524469462820063518788028105836717527571878268038478756752503956330657515286174607274639470528990275482145508012,0,19974578636768368852584323881060298771345122059824797847044424846582463495162872441979968123857793769099737744168691358960675369835428309616819721000316250025631767880083352890793815595224599768381074818430338993261432026729624438847012964895385975522553093890658462926,0,3505092441651682243013536872017570343484151251644174569010329604237326230970561045508355638241819908327673101516183677668767091668692622834593495293739628831698603932880469403667323789524942453426334234,0,416934672904793756193841266168536111288802583096548835017248686339503401750132916612499495988003504694055242719227644754371688408468926,0,30140770070433991373078679299752666431125566848076504823402949021870,0,1 # helix_v1 r=0
14238795015595826406064666760624042293914467042192169132875801241522418169882669885796793847116440894024980336897468913426415559518983278000909691383593097996376061921165749449353967377692884397374208149028000328995296276051463352403760132903630115625957146925597166639897020865122682033562869612439583036138932699,0,4993622639440398702842425564092978753020301900133016272681516848000258496104152677859215699199623030850106978644384125242045461532166875597215364108090984206532041661549742826231987001619937687954916992124821674898442224324561180962926409740416744845564809722808475578237619685775320877240,0,676434741749540958006837465692869084188012933559230565807651750948507290565106132014373926505973184555871476751824429989195768508733037157905588514856432752749067215202506566608605070497275336245935716481797294700028712622765629199610133002802899215599278191871271,0,44534856061438180618651007892548156209425527760079450782168372884392384943054826617127514788855811286825372778826164897749275702333465163493401774727124208218928495530893047419457595947121991558534141400888472460087139529634289893810191585,0,1487111504143535956598971304588351429288000325133235701172172470840013452879982239062948382001260067743082034262661945430206079110976408647451668441237511388655194688322036201190652033012550375316412765393794290659,0,25175251983730255906402685708612035450750045196228760752659126533567086060415249399311334911295854443119596017339517295690294295783259259951792628086592733796076379482691391276705733784394,0,253075927028621910932470809456299286786680457842715509741829199599704329947371038993655000565950936778665747480343147470357278156808504381336805533614916108515740,0,1547894938799572440163151990153459521063122756772501696147897480991112554055992606525637612047546906229369063959201458387955454356997861,0,5306396412521768409550682808432672361426196450465277336377366674708922093480664350102082245994171883453082048,0,8052679470511484327162764541905909731151489552042585220608314287351417171316208287,0,2311397166168019436750446726074796419011056106038500289,0,-2741661784290541861772617563,0,1 # helix_v1 r=0
267425799844372575376897233863035557090036194689946808638292331618498752958393279714965087467832168080171437620920671022930675323709267884909186934303237056474783379632755963240627061398912378178840053084166961183665890349485136181598707085601843513082707715221922165737701557642168333151688418817497519878467313500546109467250572838941818849549536984494928166107983192871433487190426551522932567994356595822481633696594782344601485681769511293786494331005826532224537600259916216399275008494320039519475321952421483600195016491947906822040505857455321416912481283657882943114775412345550529465115051366304544705471037767738874290232684428877428514778098167921609253747003447944909319668280319720185938653055647740559997601460232141262031293420741,0,-15789524755105533509627880197062863958117943811831190465635006673001044468398628861376410359303493095185390217747204869812848779875934327884135749233607417875009089110533706472617673193566970638980995579834608912587142151337551479248050652560798011151173887181513638367150416098879445532403001375523917070461192129116383999200398569979864800517503152236050559510986339454320564268901747330593176998764600075676309656308703836095428573009836770409065194829445724915948874519382379896234734464023724718836231091120686727757657795575249814198076251165736677413913311482898819399016819363493096871068856043319558984320507879121655482282504149591577171902868569381899752297627373996478788414,0,452331746699143281735881661733945360662131914536955084255380512439295845114570977957782691546842257181911505035771706724947669094210468836031102677881963780455109047593935941909839044925521066967823798666440106229644863280331408027224508926845202534931969454438958903206960398767420578810496808107351105178827669249152137827009891475928430051688681390449564672089754744598812178775763676099438817779117534078494496226936680438660775811137474307622643394553343144515877328488047728136564889349045313442705028561768877598582933126665210542761312853388099064899827676791265961681617355060067054208691001504042195721439317846240,0,-8279970248811625278870380456287976996819698625464756054068993770241672350186524931432550669135235718715014856470893384513193999303294103510675329491108069511001998154036055300890340938385632546037977470963888074051666552229996865596194797252999761104799228066890934939067076157715458326367500867879860802377387741429138520388785019335648343923174060253453851034712400738824642256475208359470697533061738197471944046786713072295640474345724593406918703057883881100406273642452578679794455164597862084082311378686545239146054912090537748821387515772357620821161812,0,107384402735233887547139518808205927389332752681355488610833585012679748507826393797441053319821485653641633663561016876561063468131790073770404807678607633899699037713485078534319134786810446146726305019764427092166308460602985544974683585058598996887322059457991529781739677652979929771192867881658698112912808927445563290305537314309451155862392756613384859350017243792647999799079135590440375182151945049588114290359412693772917318709853681237776676392905209357929942468851023527956175658770923945,0,-1035356835207876635565513019844178797747501608160880826707756184914356783726829402740072500646716546523846762233939389827569464124689197875772958518638789075351639333646490356669632665116013600535752890926765549237676385674637308297649731199182020214787623022851089487314972633105155822119031853697556172401115884179647220162100851416714133690612353320713641925692070266775545058882646044248549266726264397536388671540847807762764839310930,0,7583188647496573212122590133715896387282877589105103353001666026398539321743830194867810409504048323425429981336127725700482113932567685033455739392690409819571058596951552455692583269240297159391701457121225017088204242311641468642489654222782353486247311803375827797367463848241688005939834018642026340372985465327019669235367017562101026505719297157112744761003700750031825,0,-42376339710203664118764501443545439252341171972096763023632897675169164915331554726586843638494018032552843049306032146350239354120102803438200079420458929527120241104377808883049771164685529701520374608036031124968829538079167184535301881617869831398966763007386398751501922993734636166717536434433147347304598022,0,178767742795288704354156290467328782416706779518305791829375880412906341333283703971258622346785263509932550591658561325950739584072697350977980532815441570946027581191238884914609625311777946795699068549904561219598352934164794988196916680295215175566,0,-553533587153030527462866407542352824946844083494691782855363787550833194524689973250753376564142587108252927577114873709793788341452855313231144519590371049197802147125948497945957289997056,0,1190629468556066927866371754924454592891262578102253200317550249414630977767598350500525323839470777241252460608806865917869709,0,-1592934777413725722257083738415561012032099797603880429225404456,0,1 # helix_v1 r=0
1058033044166867467949565243752225185561891036079441734423206835152795340787719086007800431981939259205082401462267423707930580848258297598392942650322458030898961865628409925683161807342057972457399943191454899239693748956350309570289086649476476525012340817229941346820362708350763855591219578224255884664593117617792387024140402808360480901532109622910059020100131157395709565944906409017283116805320189465476273303357233826927254170824410924987525055343345416752790390222631041615571170034336717144407881766881367124103044483268671831167274615012383995033820910093330454935760062063170611744951229488077940577601836924732443010305195092206096312695655921467625258536603188692604442608242851891589094412351463250428139529764077567809119174190685736364440525225522712727239042011184432705438895319622791195734577727766510657552738336670646353,0,720849363299409673079757837723923801335882524690294719454568832628324799492961504614558742558589945652762474367639820966443132283465602005089097689079052726110316157971754115400735528306610458863653614914127353599597481304950444538130842961680474258523932825225821112333697891379968767639029611544868998310340017407656139064508210220126603278963730827952259839581444606158981418412613995306972574428740296461114310481418422015587985393640766138665196205620550108858420529572418619432310529041250675470455701401868767422612413522512052166930440888750096829083566069634686283921593595488031401820032131247727463948604638811705293283361385580365221334113841276836132149696916788852728224820711791584637213649176178645759763959202169717665378557712429535282180319764806852803214,0,224763971926065851547802468443877660744321251979413006016864433032879174015980893733165254584371630021160121469022928869090659795870401891620462563657499036200586307371929820774566862139690223545385632632777670914312442758636450273380518238229929868561340387284825958858274746712154205768227219868184770502272523809264529541724514223653365856571603554699638559470472293734824909278147422834838428891434527944665381654272322620839128402032894230911892725327960582724450941829057390721589591878227778146239350218234500386263678582448672781601011860467828967004324172075072806203178700172886213938072678438042566658835092551332276418093076362136078244632948776702243826755539352948622112373210494429065202798,0,42409369962638685257927340150416411419540453082933521388480402710089486726426918155294752490691156872074216179262369085063348964306948016786916685561964198297933574003622222807412713904068046740737739852772766600215229345502208551539322149270283571931654375429560076944073385171929834507167951998426575314514109700366154314911951951787171869995564848296129266695771741385936714433551790244837721475090617800673266548230624119180737191008202786813606217677362878044802565107598444958599355174150651774059006060796161162644073524776548513265957945714457826760506081783608276839294790176130174270136102314389460285263157512098873853830166,0,5392021015115662049634127419574026666559059663108885068620227837329437903424186589703155567148948167863689877468537239696116909580004320793367940934037980602130311060396465135276599164871428830822852390767433926324718188166332024354399417252606001245011972468338275695159046798928779907822192110803406314999902195250670237146720082579504821016538630971977063973076195901838900021540033477673130145116277058834497943451724052124303902802874569614955369540167505348031790947891459205935181766483562832496830086468234188099539267373721899354673991267969813005519213660,0,486492801206384142818443652574549864353698872941973552576486557106815404194159274358701760125885083664936076037629374770312011161104734070693901683604768159618627363733043453958453072494240334485337967984388182272529753110712291859452497881815710289438190234206274289222945421838755440837813412276119286100809645582706832138704326901312967719484886460485961824891425795370233806914888105022518659601545788749997099383809871051378902548528541009611689851947890020052407648912348992074317084917822,0,31923629113304685420441626917514372068177331319583793462703807635274896875127955678937596349915589189610144129716630789749875597772624297914631775475030042521097620730534610333855620055431815276925366982332738583332361930215455762477170656450896754336562191683222246384514783500616213583297033167921302877367640586266900208022403579588270278563827941222810340057349631998619182930597445031709333045284371216231929910350378590,0,1534186860285470417620265154321325728880484461055190714628106179141719951556213576038075364866123953307878401846394090329399979516480590688439764543578092058188955363796508794682854641401335482067249983772741181589053308410249109279278974042907982028367094573099095084591656618064206414415322568240920317672244373522428668938778437934713889290026696832306,0,53555623109234509791659450748231000156585163329018362415841055243870840310358587718242998670250922897659696240991813659217422819087014638910327019550557636745167319497861248586974144076534288553898082683176432134306735148584377370616003777766253935300210920780198414302919700837102228,0,1323440151998333218425127324997450946350470734528091804929461177541639527547902734741785733475639652319979122391164898945730735743869508426232024730629268549538108740264281113878658827826412818855746896911378696086,0,21961073015450747868010021334590276691637587824569875052378966069035211107198280525503787880423713911919812631312666427917895375359494875942629,0,219585621599979304170605502429596086172934857166506225115795379229525664,0,1 # helix_v1 r=0
2421368679818915586444123054829061939074938936888313865147725509406733478874251348144416463464646568627671669047381402204084605838084958923368825179676083418829005769323766927643436787682445274913644837078038375074419639890332834989489900940397694865449739421454054607171098605892906790782483374909597928803531251413232854453947321590423116856709770707826934595648331078619709858424464599496488229872168361313435739019371329875993331067515537521489935443244989257680761727319822706107473820934723260820986517269429774511642668427835002698412153346120125631640970180765821003298760470015268548546730207576685694440164906033865860108115498678865235454952962470968721694400309687256353425954485994385723151847114437866173725572797368665798845322589680871156013946880536583,0,-2283561759296202213730630652043846826120059048253779897001238932624664403215091220570949376176056275172492823969788452607024255243238219262279149949937947939970197488160026396681468978379626090844354065708131312667922511095719128141629893376975632729293594562215735497343082339577165652379792185619002062090447124666471295957139572681531760103182037508676282143396818533244437274355060107081383300747793071233639633337584271134787177715469849178599362935772828474482915867358684877108837922339772980490327666797393107653028712904127654476145618379091277417980418645787933030006433586146846479714482992980197093966301426146918335066917300029965815969278805136791463184155914548654431522171128891449708524038,0,1023106301149993264406124990342756563613017221730465780473676737960633837852565021841591671160175683330989910505575991504179884014695312443620823840888562794084675332613518445430682438762989623710454660320100762010016151214719914921647302083267202877021534861698088337240159911750363147566778510139280160979157243603121096059128960014046699380196444551380683579735615863490149012707125888784399480580355559924287512061445367202105223563098331631334878105209343384095454538357398042812892650937645642547588376349100539263479666728079770199155961128152499138844725989826608319975365214849836665321896083072639732085578060965020515244235450309357,0,-286896466939773822629485418646407285317958428562779961927118435756932728558168164079127256218494439501682748148282103474765967220737473359687372015418047607540237887489731206528179506980338618948488519589525599494665550152581885230025951437867731519357879689261691168848760633773538900239705650281298010565503477074551362620546054817780729443865886367161935108525969452513702265805199827252870562796481953230590909568275289764965679492779088585237430383590484991392004448214938338317199262184272085822353051136730264526090050677264191720471082592442827981252283315091724106698372,0,55957481703445600803051471190936791144742094888197872763082377693911943204241025445591915947158969327521398534583666287418487201070593647589745707784170987927520438806027397721888415874413681050951519616011513773221633208791660952111506564104536639599658487299518645675420916910224456095984845492431127374865672875391096701466218921902585167701275691933251223308974570893052660380941845979971962127574336103541489356477301241204721021633428419551433101586531439531898128180246903370456316096381479791039703097075872,0,-7986350104681807216231642361567735881246571121462410111746949295808041241306240613329721036202935062182217998675640037159162794938083789472898890808190762419167066712212288618958938123519389365230357939084946192191265579378425672870409354695215135814884991209008409736099872156984238090754880123465300117129851256863223652652603857893033655273874923114499666737782319320277212647021156773743620207049703021450322770799761351626217666544719144474604806,0,854535253960014145643083167315013892699402984247269328018797523973358724096666060735757941623110786597003006047109788393127534853169886189051418230605817211817063725387579373031581213027997495887948673186904451189279785476894898787172717980433346450538519893649436070289330504274174704216343608204216968859038371255385298793752688065049914561778438007405201246328169949886291948592294009,0,-69043905824165310903846513719211021374945387020318643966110037941332097557152210196084649063594744595379853293421259698756101232830521900783098880148088229053271759552486412884527235616517515168470264019124413523815086052821144615822809282281744067323071971499447386866091764498657236934813557145573433084443247769175982512,0,4181005570186351283506636041733640064126352002337429498669516292477944789929363904299463372090576061420182346911741484740960246500410276385874436314645391427150575457001060919840460370433774065365858500204810714566232146383730328673695167214784352569110003643,0,-185151268698520777810049068484486439402768702703846146672965048835822529477803644707894167407435426383445961108583151488146949319309029670949217643414839899657482665205497334041082841603216923892,0,5697631183281952897505022236063744660799417141740564784404319213727384463121791832016554449164542825518898892604812375733267651454,0,-109599955855033169119115184997948273841539620537783998876054988228,0,1 # helix_v1 r=0
268518242762202324545875458429083489161538631167767988014835464807706858819707689010609379644487740857265324305972073153334237674483633906160108403714314404950102109005142220075945588681944097411168997870879585476688986284044615570162410806969528978037015707782654345649787493427832461771205909009608208315808718753394470693474898839849860977357940401796409873083627376334446138249170660279094096116845494160683716370056386052693648632910369551932913693781458560264344015226305031431051893312786804013417449545966125787649590096320711877937571420685770461918150938476108416305202134392474765758606141004057676957823767404109203041723434657254282968313685259195526987149376034972005492283657986207010858583998276872423868591992692172390400,0,-82665367547603625463221607009076547867149499439837676125142730438400530542449282360146851449212054045805866672247164767240147881677478451079048789298026729269676124894719724866889655936918717053965370058782621986377075187167716844247839895195366784261097305774740417258108892222357253331484649284093277700722536382227855885696727272753431018388736437433088292728720677051642245628964327598825045190969716062923357340223281391810074534487813790065479053804268383029439247578628384032943686814240798213126887689883827520046726264122621359938323259053618531914187482405539689231248352967198953084640723252943213980632695900078146534942895485801852540566365515399639421540148183040,0,14759806358914626314820233536520670111817007439510158405139303249550493099586360300672549881365188114111285229711677116588840429133889284225825864391179278864787381980413214348919966968941119091959559160136556081493800873365850182388414277079914537939974670563413681293744566319579089915503771740732261833919347375535376433042530917545485683224105370051095244910850299680753060782948814432043694194334837989841070502616290000990757021595298854379023554683726045970511397731146687685436246983549953466960620288656532922531015759464966217786970996268097127223010299706109516700729639817700681899606326475360045239369728,0,-1449470101420828372375916729528878584079117476758480488174705864360904294265600128281117186772106277747428987922032883050652858964979293326308583405925952528209610544617360567486968080138502988925723521810651163380874319646436024449689417111031052317101202235984609203150193117298875830866060085801418474849982542562367078276005074671369177732817614087196146099190077861213528531562223494775926042015971259958317579154858867887636231456679971465303565129077000277515414090744319698872455153256320951230379575377496445580006299021887194972260626041990545408,0,94114801646184828713892584412188352789129069129812460241714666594407977390053564005763832485849726206376246527650993722766108817248319437733206565792075491380900897423472628626038676097966418415652680104941711993596916018693242539778688972484387845813104418603629422472733959958210808689678121646465565182668080659388709852692823303161467955913071384983906870061971535793201157103136080129129862782700956681200941744401354268751871310911532317236591706507454777134088235125112200864140072321024,0,-4451747936583454321473440958658192507153718809974344836983561295353398517433087072107883134656831997035650675243055415886386862313477263817166378471719798060391568561660830299515454088298601327737179316548918431102187217526808623289019849731575912887686819960705967238792131323147237263426079816262351019738363652770438329844063820712419109882171269744933572225348771691355398884821279641057467427206691373881282262078691083422793728,0,160311981276685727214153499399182127840283919680838673435748380332889142884380546131702254914012316037242262296608801541902889497402923497436915280610358519898635084195218265709273164705674099178490369067390812746756479893299197120990046105822717563881011448339789484705705387861908479808022799301532688257747322038852941847723864459204344402493428706945116984767359746048,0,-4482263131612444411043771034400082534584241619042317389554158004965627562706513625058840823562684126309106025076088418031276041612394256448381899080805223669183622318741396011591414784367873101488461452653613596035841683490658170283630210163395248778558372067113340268990991185598352508826374066265861369364480,0,97992871843504761115250383298946324398075961897331437213488439802448837063461093235825561602093422978127071245011470499167451142005579870241914305447589950053960598890303407889228097701702941842473380165294702645824468389780407017921392036290756608,0,-1656505106852793924487299057943059016896619855101434978502622951147019337705497350489368901064376494230301283758438182939792832508211739906481194801862999652021150030960913401554415910912,0,21126672446547229718062021300381541230308039960573552375020009838569690726677393964501663260907080607495092646703415060070400,0,-185048710757632446843094088594935935529848994745342361725829120,0,1 # helix_v1 r=0
13692538656264956177535635249287323238343424851751208422622793527678970807541799239155467453413379613682829465135745957951343252824564452455156426149337678167868605926605246641433310814829917608041828717245613508239806488809322033406881995204987283015963610917703992597639840110887128088450744647859327926487838035858901034356276121918086674275816802183399730503848588629130679190470823833293951947479605300162058917535860336029159962054590933165147337372553624902093849532659928912687638696093418523421340975274209816067504155839693654465257057449973972865316186188327809765841421783589608607218187308540658388697695707087778813696825852442665297798861333684275441811108862947319242085465222533843613099556024609444160248791796710479034031059309310212191300009724962043766113465636624661961899083622896703190478294267806666872933553180434486051624785021992619899260074257988916928380778882701251941443,0,-218063475581047361675617219409499273692000360930913274914765221125203285246922161542846121507775439178821488466730668019463809098464294610063521496192860335084432233121108169288550116374207974957627177679004045837144369152794359323590298739724097753123308961120063777772757300904199526081237145532124827560945115144870270962682080241838839408915479630948495326467332786371826456914231818496764997299361201971429958200575367920327588261814793548018452989976968762992194759345530225914226473453354365373846122925350374118491544753767108501847563580526059985028965005085488623826765621984848083152504422374273742171582211791500729603081830609588171007720080740889039505053861803011487999937381137667654533770419797670516496692803711011180107293842003928211064853196747607996732035451997903219819247046174590150562724441974214278374,0,1605197686344458960657201687038389260353724399672926658301501965025862088004956176524254130084532315156910487411632405041321806457306646278321520962014887560496622076761597055268194506800468949603181695602276151920732733275296589021941173056951310732144501028370541287794251226884663826011741869684327839224020866395807574211197643285685478747814049742608297227136309875850078690782675636783282759172145196531109021476091287555367373973900345600540967555680633882053049743278261485733237382597698981646025159306528271018727518269328032511373179339550699356993248091455776201270777942695597706321355778226052288429053901362191669912849495220061719964555336248643358559784748234006086388527991490457767803691460243734313746386189967602451874770875733428876,0,-6544355984300414373124967538790654127918899201519372686517698631152142195651795241756572602672804322808499307559030726948163013239106231647972378932950487990463658174773376322379212305818438908514776852114186250277055641682206653999586898192413955646031400763136370615732019997156899956590512368961387521497027517629437862878819650204137897083539190876107212718032784937335963032757507490297847370852847700802431910733395877261543915746214111512524552003363399577012437437892229596913724560507939960374226338075253718696882340860097272323146354446667759499007247456728082017298185369706464146200380801014226380281288518436120880487152961535958169221905508096801634774728688162736,0,15063355573498464589842813103755360757471100890841080550835077215181765047770282522982184464929059623848252035388447078789347425389078730988157327636357277630980977701365742845754567736834030550216036857209947191316151763846105963436616543705740323833746186241892911076321316781546441883821489641583315943463653225608888720092848384674255722392119946656438673149839054313828856850245925424436768923610986156196312350306772505672753219660297884667464541357374544236941529830481987356636131533628563955918614596437507736980114369074337063450229395633196019703732216120400968097558458847513969136926367958888,0,-16293483055288544420946360435752799111923921061234910204620697210555613042219313364367838721431980497192276201438530284418875823920731755766175850066179307126097663388875471893185039529089432344532995354335870166398992617107904748995416283902335947299141199868111809533736619464244714691517206707188910270964932008099725350066999828085313514200181267930474628195583735602666403010469707072706856669747126285198410873046395957685456142697277685801172479451525485445149789721236236846231152853922149702975004023303565006696311467744,0,1836028344996034042107381971672845965526437139013134061124094027733417984124363937137218504052550477383731477727076697157448500944336272075638716433109688085751663248281685926665109535894411879924966110136081651811362918982369964909186569785181654726799587142333057228290535616575730281053747327015053363364779408245744411381490040244591622545442793820048312646166416244511227222974704356993469306565602475966188722803492034076955719450038438617558372149,0,6202580724909064728982973132740058842201347808073198739948884114765617284788186212612140839348142648741397651987443916329034602623145388501954621010224378538229891849833153342995272671305456024654341373580767837194422352136013799973781972029475687270709350157382772307071755437915578511543198280787714718723729644841293540728900663982107814800169784187305790340333513466010719270,0,2467314539582852346209818387187811532902027324414349343669889310067403862707081076863947834242105885497197869843618205122222832189975836387379757260003477919114889693385869564213722242888916655432440923726250163119334862126888501811672117040152039400188202698769942532205926630405944630486417511841399702,0,537901718594970243639261070954747613244555525912327135692869785769675753485588637359204793786850087960123868702983525638842166284838482496553892418601658293701366893314106694634479965638157001301058785045812091425964776219651210,0,98215475775793383380924366499824163945640435340574521812598459511455738271599790699061081660266387161832573506012222710300889458350647676074534091914178,0,13848025180530252566790218200645401294394883109946250083649869254054278760054,0,1 # helix_v1 r=0
942085814667137619721176066272888731862168372093958185267822991554308206597478441972231504307009139006638779231989276351803577794864830606891324788994920629639766806202281199786017625131402726654798703384714333731293812492279197447846794721524134055927776557187870806309566959604658519073542268940159100783671428569461628225995317302138946703160973739247761070643698496866319112841774587,0,62919781944574185319378991229928931977159672141793240222928536449608720735218977408158223853575553303105553830574656927494870389021177438730606216074829379843948204119317993280085846749498949232026707223229418089750451980169460749479933608700601763631533106512919992856260936945123726887250427019026417416723424898930350870243655988996370972645853657158822,0,1874417965002234613912061539001411298425871306503939125048851319293957341013998701876700990616628822100862176060130714144636463042089388858849255770713311754737381759843111976626100764225870476368092019447702474215401537176250240730505797758755999197019260272998056029280089770459624710431826196647974829122948596339895005079,0,31756381375058309909246464104574221314901473458646769691723097445702396642787239820831126058574791367270512098302057619912095190802955515628354611599766739099828109834016258505252090288194584020250121675945849179516021834676216074563264786606981334347640255592120467505514495488763884458260046,0,321281985966397158966212175594081548705077826396752544213534745778461219132591216625266820647484477649145376385482019692774453663433892142212907349300346618901970820510997944716116322753762475465356902997476898011139285529355830808545054605565006598764782611059,0,1778422897486249311420804167577438522455972351881138833566964076934341295892736530235493789090134863985838212362406605159111226823669876788355294451593923122620803012236024988134171592588689210856162670059912262457988398081338940,0,2664355623713718812000090025096118429602321191245082794827583705472009348216673357924205908993436611903483612600112637697686762996752949398919302795934622649358918877624876695379108031383053664600,0,-24108932239262966524725794099167015728558584650511605775491474974230882400836466180627743689520916070710783945067758349939567026526900631330015202173381035396767708,0,-96492706024102550416906110579795387234553161448373090016742145092757323441639011795307775176236435107333522540024148330103597524510,0,202917704832493406088920657086160257821494923492692232785509313942860771810465941764922634186220964,0,990353177587299932338631481840828465636698560844772877129736768601,0,-2007044934255028411245619388966430,0,1 # helix_v1 r=0
2882399618991332116375973380423057015628922334566452777840333884190375574169482445695987714440353060875631016369735799755446976202108309964544105220456130502778906929255405856838839804000780221309294225496996445368040293848264618370733233690991658475363664352529924028427262676407732237198998268121778977596113337055654536149279764095249846416829740379702082626725930754510480083624828964307586576431120443537292281064458053822563647451390227548480798614948392821526461406530758214151288537198355453976452001886520431167584040833972265768671740931837924245385837130189458222173625272714357817453109576067214243435596511114392095423872754357845167420404602101030362957964990023363824117490594626685121,0,-2318453096964922766096285671670231245670005596745299014374730380904264502630972812972171689019731388218634312935876196221331955446455820773618275221755837095583622388742033400205005360829632241772488814321387946860634382072478293962742291562147814900978575526731042734715542215837490208869090181400406934342606493845248519160828688632610255363390376432959803577079482512011355750889939540267887805918820600890362446823707611970713805111900250744966228052259729047562839479034518622351521603487482144639575276255726257001572347539813614508887098423332340651789946720905726124922093965962336580917762579329697502213410990455216047483578191630984,0,855311650273008940770979094621629061286642887795456041606434073207482616315898700029698427001969071820818934752915199970633388367562958980639976965856281355073211643861643389244247164238196127118188436007785177489397221323534095266199215304972789406104423425797194902114115057604357870282672234293451861240578381432894343409655162939334244087226940762127997045463424397025669592334746646485137467654443656390322017216389181914551779835810972020877043587040272834239795790932560013752567508841150742822463683603814306307683822385143963470686263822281578427617641011879806990990188571986,0,-193128124426697127816993213359154837180819795238969968219403235758323873422063051535894622200201954129597834929452258000844840479450915385699256792552900059176048449806142093964669318651193960193031336926681151233572111896663515781997379616566830235159891416994896604597288029351900891105575305357289903606879497561042590623297887614976676359972410874680737380410227643489377132370045619971147537930114386636802387787848276399037534039815663223024549663846669761174707617559010569938847959957005987669798763428566637556938330904,0,30000404600628943322895433555631073438838593991698222415673756820321896531523922591316524267771161205578697484253911818930065106970203820065237253068930836495701945083443581493658758973012752793923181305454484989238830526376148077792549039522338919556200463872388730857831830317210086396642073342829711835739729910770105762046253205414784572496143471914016871006852678251477349567822510211784146217274550207244523425099069196700904290897705383980686636883467713761385375,0,-3391152484874339310950056659650992921504099667156253177286070601896875486910787608547860283623102491242175031603754391807665518687598335800658980755536158175041893442509274592647815943167678459539050934699172917338912829825258306067784833884505243374891950499635117629398021164530597959386875498604352881361912190119157678411245106022330481672452782133841042693195297015040371810047911528888207673869061335530910,0,283879698024242263757892295002106166880825396366615244680918322941167288873195285196654632922062425562445734684219742979649426499009923241813535797481551069190575913139160374810976575082406293576712185685226824213087164205941043903396960519713572440080757572596199751348737690885641102783562051694647826722121589903097812751585464738296726866230231947108,0,-17317939502501505996155096194766347914629939519846009604238860128720951602155417454603714853424792699911051678222398673231380228456206614119397097354383964863763118531843841939974810572978098439957485358498121555715200192897865498287524397401760974240546243758027874381252267821371573387742868606,0,731934640832803368822074919123584959655989897961536141374878484716996456863038409441355896618177171829704609953209201264089486109205245121811676515637252883801580891007390754592062123465335493073395045126927681465480715741583812885962027,0,-19420514534587905487912717621033575311314537438868410346984348984355122299011217431977689496668929439484317591587734560155122374703558013321170250086135510689495975645965833332222,0,262733111378330726979414634920648226414661907035478547653498794567725521645689104700968745537825872680671498045807232798,0,-912902230970857376232338885515644482821283309376036161554194,0,1 # helix_v1 r=0
189162759609087386403956939586566664345788217776460616712351543223282811237507062410861667506268985916427537631944789921082881159952718453395734374760998818793267567138141009554277531352605187762749446404617265141019212726342605412191043377377943580509106942080272614192675959731188518897067605704305936148712551471440448183781408208945194334576756393809267174653277840676809279764937851689231526861670908165150902222926085777641232590368975585673493448465870810663935238765586024041903998199879678846858584693306895397644795174477185544112872002456802424405663956246810583779247100782607027719891612955896196795764174192550679639330960192628411458184474243777977741764394502840437368338634154381228634951316103501543675617650247244820750085081718187317,0,-3621622460988171767793669619405881944026727109169946690063951917032269280535165035568667733604108377771840496509863397053010569896335796878016753336681712234393726232325541929972065547536691157847922708635011925018205483063322075514651444960724624302577037886494444817635703259083219981667805654828422409160734859641260832727913213265329447563424905486571717323258452533983753870704013301291521982788244392364582091574238476608598749268298776929881214562489148287124836454761922632439569707032320876743313639484695226220496566123095015458640071143014467501199049442183481058296869582654906499620385438401660469986205190866639555741135985959579882183596469464200768883950343711479668551044466,0,30598171030763791250337050655679746108807785629792971439936878623196416304847255173892559519321580675755773077470797610365567012302680024499808872087875232183983363881418550584925927058773465085479321607058202930239411792098919820723790531197487723845624785651162358560382798939591126388612640663495294199737691360822542344400918947128536236502162193173950785670788076475482040701204223574837942211090359814038536462472993286770659822493168799140130852577353534618659986983483387175625681812471270927830586745455716655582091403842488614944770605943419926183449465927094707838933973230879344346972660271570053760359111248033622792,0,-150167607621727509736150716490371460109035761664482256598696826627263552721635652262446523308773188971707652467989941377555141776383811979947587536611004155597756950109283686089882809711274092040790587430109673435965265469657623072289630134997991918321082187905107459433224285299544235135794126804327499121549946727113447530513983566438013612149594630280906617685513811336721701328095391967973413024631072200530861192376922955642291906980313707669874722901462357225266342752296522949673904192333369613088017034265424918370748654197621334551212859940850487976073782494,0,476718849656164178662505447063121353261925838657221906791057797644760179992582311619894853466495283424441277938085234270404924372504470679999318734357937784629945316209177523504248333627489371767028881745789124533727137157704028546060639070249661489339136566422761496217782043841652140950462576519953936173569304994410991988998234787018844030361863047756617846578944037901426405723190392142563952633540336182660409460614885676865755931011797326299391721094210603357630762639463086885402610499145562975344,0,-1049499224676606246907434040313080502463701190881568054238886876667764721068101043570301428009299919322364851137579161388995491120462912731425056568578964979078857373980171927477289567788246563959368775955275602413799102415541062308885478424946605370737477243074395133706741930389441270183108992609125160488920098253734668591692117038671151890938053685024963302345092300546509289173667020747726909931916201763854017910333395087294391603444104,0,1764468109036708521417295754020481504665566345289573217480622821955795720208685454526968257098945998685969446508908969089935091830218470854108419993010065807975007497215698517207912995592639634250289571584501591551530792021448987317272119308212212966557776004595379248324956188446483135705321884594135128992794991849190556634680449682610335201059805359143470444370317385838603493,0,-2685930467339751987690672452670088633999020064331649627521888947724830387004955011985885683844383867068964824476201851926001371769272397865798503133310550289710151093125945434528399029877053793550139660711723829793092081685535267070205684900726928010918772439594789024950390709636468438160626081497672806285592856816,0,4168053022760237878149217751084541386613333391425861402046876407027407932109701837818967307839910809113153794548145255814746484646017114245699397866291436783851478266919650984384864310180389157353470904008723527553115868669616087454122807400470742615040,0,-5802631221586232057732657435595102350591914214809997343384752058010766168604660862860150538382537598857407546166905724938545922571271384505448918089527872926654281525577757820769920755640814,0,5854474396440770301934313794086615771454318517970193166048816521826444556672033176374075871235009127023090559983770243240500890,0,-3584954034553138023413752140877517075750464834114539008911385604,0,1 # helix_v1 r=0
486906494593031436233519114195706708545365962148264746992769158237921776230281246768740539737410403314096635762971038056442256320336655161509623077665558739099640330056851133873294017595483032694447227834900548815212777691303253460588877338137107346070128946968600059132862383206784964166313939034865566443614651073548442469321077624787067646053964901155290492262746402940107823192036999147952894021546805428985740385126532467192848508804732102852632221253638750354767259530114414493696385571925431117071616662886188112708459983276548610574961592132204498708955160232487008672822849321715621795748632666496405398504123166101670771850795396231496125119996911085547494838262146268253170605029879069062659473461829861012662416046857029983698165708101057344482031402589325084987238336,0,-60842884883935333228339295482210506547170649549559103135657326321486501941295524278038571384439399887049354922981665005224032131366902929811303105924995125481289328618326207233501142808093638764499162602924739731587772685310334451135577356728527961910150657673442593687110794324282306995281164496620661082882027923430962183672368606373105142699301048645729682924722266813482664395572783923408362471781775536963904057598455646729020361858459868927574288040250315327640989983572792680222846417555971730791225412348555582160932829353071512924078361282981057548109774462677714957922499495960391521612467832660419151537055365531432203478185060979694555831085317440408431232480390534241952217529230345713789125078099347744,0,3494579220289080290856045733138915175589149472769173320123887815564698388913402038963197758120695234978087278776270549708870665334179967336718292100544437938139970174429604895359477554017170868173029178631968027116125403754138918491644241034374688516145338117844882902784263460078011760025238220783697427213709696463133280774458538546160155830792788440599352229692752097609247730857490060426070710817663338047916510283791053749323026527974073983190980065071015895858531247535632804500242295778830730580822100508799187643407680792056681453050115822719129618714989860784787692600667708944639707125964690136241970824454618582043019464869530307376735005984,0,-122020852183979903960248244245023638930709331108787672324600445021456823255331909134053150611683902027411200618284188205507002188629639415289287027533817719683356128163969692808170120814312853299557573238714723789011471613358211487976196857757409265665660434360070449868924120716942816476050826328801996595912031907858115293069839427453398433517992721148892231848058134484648885518062644273329370219321586251415803125782907104730072925481109232427513912606195364948737489129481516206320360700149711990311834051095521451638967269095905518411237378225991775924915434970478484834130714203376,0,2885408610019435339817976369057141626323012012629016254298078390042494883337650526577293714525193312949126225342867067232418681231533382356875425490526050463731395084692905047333789386586149815282843672903906558874362430183947991046801138730260740927277530824048263935117271908160064989093235534548487162886055226647805241790883219058589709076175425450707637454068333785701478303438271530886421430864747314423488644126931451896461919793832906920788841583980349471624019375479510020831201156875097100258423495222881794615324,0,-48689451735058025158711480040597736753181737817788591491490581141238858898938917916810215930512689537760393379403875840711762224250623761953731171587384180549991368695415663146930218832206182810431663798888411260406845569501300653050274343800224895970717537655774877579042085041750621859966747464034944107114491288264751976101611071604399369791257921083699608613225399567001537553227886412203535224190697059261489023363773353466060850521076376542659693087776,0,601295725256126196345869512390440998848124820748497567304971553804849835326029134580700719330232935249439912100811457792899766778089868129170522405726054319627369504513903671280902706909318287361634033031528160748802976548307129526311024077201128300048633354056453568582177133515494800383392594297896961235776720249319441171712530288448664733839467026563260032748700130342759144554889132018432,0,-5476795474010313348583164388073828898542910370846225400649733466298618954442380329233910225928167299113319911392666690637380521730040730410463466527835044022203271506862682628611853567929412729022972854925791592241213856253449726904594975974887237717153168380865008871239890733015399207372905979015946302037967248690137052362232,0,36521735473533317935782677252725553437691149171787159908856419422833043826395908162160678693391286552588173390116526774933648504843589291079742860524873369192271221986301298324290302472458972037109250248330753234866174249835010718091798884960197905707412283673859,0,-173923885341059006750265678579649513301526993748230494256222865268923646317646901166533065952001237918675358046619915232623724230849330339633829905605455274886705739535156007977936614224570654663008,0,561579479362678904161753242998660117431489609703183966273916981014673708016870937473998836885952619940904104027296908640681019466828,0,-1104149686144678002038663904320531288866114763607042612789717312984,0,1 # helix_v1 r=0
24818478621073867654882893933442480443318338305034246013637481091940334413425181462274557488826444619514148327398785128886647402120038875640087493089420546917269511116402124382494174491841967956545955768387487027646600347180465860354695324084868863439399023180414957714428396102366744834030622023848924950697382201956092224623641616126151579438157926629827243030879538789472760177257530773899186832166210271589678890231564011175446101668901698811279244924090781350580198191104,0,-49738926250219754916913023878046881546819406790390460415017644082895872441912002689335099589223870256925232192291930899764850646026535643108504264713172194050047520876805603977750009128436418061718922192706688457088284701979198980914665998768243193452293395010816601737867778700117407371190577798296964469777999750963905182496774142024134704505366041284488624576567308733158617264661754946853619543811735296156322397155619957886791008256,0,44960958389559277678642488668657352663371241060418805497929921089338930393887674047412926217752278082838960557667352646108691746499062456821934153270763652748225572157369522890409170924890714409468617962095989171859778082042102164042437790924550496211617032487887611820850294999483168194356454706532574132511069038222364674630398734492375415218664049516665118477819749672398389605726956687430758400,0,-24415664006028574978276870525817117473176087957814730789149109261499642081442859739810997593588494554636267179892446201031680193135135740748967345158301746930443762190052009413688141595333565201066620165494642158389822330316490261696746229071849830912490610819675676568556797812183041402158365456622860647809221513365384981494040276750142328490747012062113792,0,9175362347280938953793968084108508679158687789695092502158198861190799153138080913731881896253457434526258584614610959262697721225157029149992149526484898941509114221083506534422081275978593084648528244066807111130508178568706935678716119635945272039980901199661454921265937586506309107987908008649548438544734554409984,0,-2732403329442141230259576045590596077639709360787736373480842320824321264258527006100874029463925372304216241078327460935705729740465121706747742912238899622095567448840902240811745278068625645570464932619194366923467327468136866001272348784822535518798897348902937899399449701888,0,737690962306147513014950150534822325286086730447654561728834501892712793264856323413079822038724595257001775391609723442203421800134042595107314061066219005685011659361458242768769014060137102163265143268327921709266953216064307397092166144,0,-185052488452516830282847664132091927376850309143531503407038537851716388023533548448979340795390515114263692189084165568377342338272647741089095841144909552429407278832894026111939650873420044758916864,0,38688488902886765968357011653347680403103874644846559349580251612055831153736380855439929907488529046317598417170093582242859697659018392437142225884020965138400,0,-5955154981706408720172697259838109018174689420422764998405496678981255368910083037795099365330052812436147928685086359760,0,611179109290680670887465170393942995312379393749444196286585947092083160208931740,0,-37012968494871275515319179908502315308784,0,1 # helix_v1 r=0
11802295213963883666471001972170111704758887877914295152278175856167539564172904468795717452890060331056242733975964488731788862048556563902199748240638493738730782377270188441994339866658237057037750643726349335864966711354804553461176553672941493644246924315897142735617419504080391674997942351302564855738388734256061694264712926628546115515430257918155170257097205072060094965030386068879274325166026582426268803671344276759224234514921458989355248830618627790844731630419380374632983143146421261800579792308556049277375489331558906643281140574147585752231524831061351776705178249361831128830993165611999066048159457584365450915683858764894221375742844846138645971677567872272084720673467917678282173519449812640020381599024033388172761134241084413449,0,-60172463990039465133735018055033577231749446459270280097933475758577007637368798002796349488174323185374101067150624790657408975226760983083532337927006784653276278923316116722986091565103433285893693182289228610362054337083144559635585170706063356515310788038918086414013318731614290822292506674517568442069135063649726299936038224576001968355072859559025842960854192442086982254978967016739856567611065279602949351332056920080772332589783975650280674759849330876370593517163076632303020831903262063898040435726689007226401986851253213573906260802768728998874880411314674549681839607735182565236606071856619233962608188310626179436030478781669402218134592613930246538992410391556257708512818,0,306360026362365276770801280218397905816445903712424480407499318325498034587321483615713435709063101272433657431903338578851082605903033732856577464619634086188682431613144795343283578861204469894422594730060066562117231144889770711625054986198250888982198610740650944078276434367222496051551026101981646565280711716497811207330079574656338082904723417837073536404475493671204094226837325155432666222776725691278013338219430680583022524814386112534687161033903302831203428180446114945889244564907998074446884185412070496907115763840310139880499992401492206098017246534016243732502106170922490081303890396118578393636113577739032550,0,-879493490030981425133660787216288029591288143110703927874927006109216607687959354880936805747419626790766067352942794409983842918064833852527761671732554046013696014095946543812319775563245934604423815611351321531633001649261811989954428327982954008513784913962343046504374538344034945473574800357439663705021582805743490514509307202837693381283770375367162890034640028976815069730591526515039958993968808069391249481437263595356536949718729841348151729644135669514010657806504566366055305659247497606454005718750256698523223289388519985272049458642551713941365791016,0,2335417898441502054146509650273235479801238470000686600179012970640818397849869016596633531159685996924508922223253850146534659197670982108563500522353626160094208717305636822710567883401594881501064029930119900225162990098966437367073419398141864742793833734058777777334858339491884933817356271038166961845764501021302980745906067791708718096310557248638803131945014426199448770581794533000634072292777420378321086232596610955423384277309671587899898081590635410908112655604742357021713604647561690198609,0,-4400442651518623188734700453405742928552888528319690809181159091904386917640508925742436547648567788215520628421612259237323228050665621658638176363799109984443697157985727755652255780572345174501465222970679718919188364491683959481291893912373293347151751171170348669504614910611927955456683242620811253513970860223887325320327393679814667909370021836567506370383059978972729955579411391815512134730513818570580269149293571468632880284734742,0,7503271765049043371693200143615101550863911798450079441432800795569118510280152370120899056375719698874352466374385844324694853997989116066526091838404496163991925115003625471431325415959858434920491994213524058122936839139942259674805024368376089428849581935318090504594558400832118469272759252949441726889212471913294376026592568498548307755710436888814113238648639210880138258,0,-9612383964446602914012352692970169629671968715975876514027801646810635421527677859700041940600935658089487363746392052567862344774302895615467973800810374673897290044755685243683273267355016121778509139605468657241421697578337084403438295535541346785131999249193378697019406785279228814556368277936417994323054301942,0,10912152406385604550199628772733641108699876990035431502782491852375794171620424509015655978384967968660497373026012946808190835844874224519776070203539063504912645426851255000390701233046254372625993411023896594695649299021898321801509048020778477055290,0,-9125124781471263302816844499453739056905961968748654895227660853606168301054093211605199536705003845354309821999284379282168968836221122374111072311707602864994931416547586001772276715267630,0,6498495086840317845027132200231131226731788356195944466181357134650954341396180779462122407719548180916873903634431956141121304,0,-2930139906887508973932952042721286654707616151791905482360038672,0,1 # helix_v1 r=0
763704191671898225640707223709842991814758490810543869656028583347618513574387058982516695075484839885102540157342862138273984939943451175431209071691832942594868151529730078322439382894713401702207273349262488978210067117153979646566842379162647839531103564012219837993821149778192247074188869742116460108423668963094779685391718689608852196379557528108198794748266099802577094318252482593004266914603063148490240987615773492605382384623247898608384688030490537010692815365606379787076570184329852600625606018790475725839722241175148432885076930421739686794422230864147490979957927783687756264656717104194664500765779393014870746986905173367045389690771638411886033802205730402400907991213497329283015899905377744547436193936377088753505583629073687066658485123300414762297467752287203661258294296895996311821988357421310513,0,-10888292200109486287481309987844515290575892186998277129043433857775007124030373469938219352452202457529302480615411553762541739369144958359999404898908395746136226681823183408916083835616034352464616593765366749359866787510259702654507527195173312870831026734878480995884913042507986654215314854494077450541018353941314913128363516824563121105160900606101532442230419818489883091282648619507936576533536982327481155682921342083308130928839922770188987549299632674362951264891434526115591457787555247840827963791012387512994065482164077312327450748354983719661956044241766571379116355995860580129791203148254026771674724846682314641935752173926883319746051561823427250645415870299164933047387125158939588289027190763740780448043968800054397221323186262965804,0,78997529448442541645346543804326337474327431302202685101527695862264131740495113622178407386266122545727179228941798951594551313080914760804744111806675537009729562612385903067752170568261662927975632820251288937193198580076078981599400695412457599637007895085097886192973105692330271236630703434871877027897355527643749332842758205516947728285850171264302935672035393968949813614016034140437541351572237361927766692198203145836029280370416387013865313246772803071969878845106874550829814416232801556286822437499890624119814969678338301627238623800636347439007822386830753123074703938550504121225287441560317343992943032040607932407774851465615389775825339318245429800013484571164965669676,0,-383431474306202344386903170751074566070127825553621462343303813548821979285031489830563708939178634068239260130527198351209063843511339767177608938465567998625305208220475065019975084004379660874982755978348087529411437132821259948778971628830164825260073103755855393680191259315266904629756843790454951879744488130454546462583015068219202386038612207217505559868265341274534314278151408130456317069350632728313636592096055782852194300386471153872353595674848456565227052580665053273882140217732105808089563974766737067827828413260264175269550747509493162249482697009049244115549972665545789585855293604789344372979758740,0,1372454564324173717570562252473786956335783256386234751643701605484682164269790566639259638770604912980977735531331091827545800209544180519816150997812313146143730554328114499597987139099602000376854909747592367414383045633631421529224309839403803062561926024876926358439372695025075053480602092423374197097464099463390060722340869001795032656973326283013623935201948536146519686715685135790554534973664699790233174560022536401220136445671674429025127774077388604809794546570347661564019072279876775910075730576033819128999302582801760925960271394784854,0,-3767877255702480649028499886251398478856121707440739735381254637122895190566488010018933916798331416636626810934816244955941273652240845669834370378336077150752026538034840958367642417275789136169209794719270304509053906674745772812867056943433730064297561230595144098775289318933410819076581390875521236365273115887196412234941580164445393283482858107116679044735690897728256684268434539765494117579508097257417106338846172407413423325935634710160998097090239062732479937273751599216,0,8038853776471427366507144036909676082232101402641523962648039880537763419301188819379743345851377583643874796290141792605113476474280813697137581828331903518514322026517191858609503220423683443443345619029320958761635895556295984802505140887193255578003492223983795300450445913450986142372522760947050378091453647981508868426622844371673499679450074682749860858851163695749068701480718506422424978960835545376579446,0,-13316228850661689652181032577590792046317905513050532252117189160228678573664365018699301610882507899736732054475737558508693850549411877391439683542359841111704696462774340664925304837907982266994334900733137010335290505395793978381710883791459971052925971016019792459953715401262957249818354078331273763731211838042388160472149093009754315908512,0,16927570985515112344822628963387272971747492448594146357069801002784641269280675998899767297587636825556093605464887220354725902649101250206332193145023659002939587207853203789770258888629972631530687718134111504391488373051550025151026038200959223055246155785122504922676023905,0,-16102104703611820296695325364922643791462341623078303331889955866462916426763941224777114776225383378189199647939144652863468057125869723035817825983345996021519785907563795976386370834018639164682363775133736,0,10906532798157626222448320698544295095431155508685622984701326568905324786864009560100597650033278882297998025952948416112209800379906043350,0,-4736933072883701857388790229032924284162042520083120315503651214353044,0,1 # helix_v1 r=0
52804601800903180247973257381665804698979757735950792940601870707645687409225299479520205144669862662455294089647407202602513700916409823003751593265556071474905366574965647352580672234912988620609108808204232887919675289443661036076168445620929085568634841218492910237404479375470933958397625066487145789081475030306251091295669904890110805802463259769423876107168320062080813828123287888887353009760359922348503190917108514226329161860605608079529952366807984272081468740384803264606948230531287304434660596859287026389017181943864290522796178461369583932678011115610482701393661601816043780592206633859130871866571362351777009342046101293408278209274040242959055411964469601900309667048090727031553165697679173592339265776748948052439268470838871708351624491380506624,0,-61588230066122138398939529988423543647392781319507498782989222830837041326305099108200344641958647413681080481354102883762237578377684963416818752004250912126458421852563930403255717544718985498296324946218457331208531230308477205820771205463287001771676343498293294110412415957587893331607436852025689621785847967384362615447225986819499779621904381896368130566226560268493257811677684482722468856334081741463949897745578323777480846765312360736349967121212865248027714843637661994863434245292201020473866829560917962061099722085109844448514200448178309622993148600162364053367904090133699683656748956019367710597454528790701147377125751132113043946899312954161963806634427300421836439387447399101998563328,0,32080076059459751338289704347758467196115511296879250888099670732272571132317598782932352490028753040790195916923425453903569850503128817649977696512723601247517914547397201512695629300303237736429199109643735154740690261868777948969755002820185107027511774800638114876134042992237968189811537804427029251244717744105446994977012177323015311347998594881391039219175936190081131721396078064692937810681921498713549021551535872282280247810542875548937521379955432032931569125041184126780085912515621670234190750859830516154322274421770509118992810075130867718767098629989292481981473776095446705923117018365150835248903390629448437316634334461952,0,-9779139822568452110818098680783582031372614310674059153918520018338063579922268830628216238347409717358131486323455741012193102637642674770687981003015487952344892841182962330547012571575476063359232273656572442975822155139278600510312871251440208604177519877835016629139547560827379839448883322307659974232319579959463680416662741852873906610782833321653203806009654331246192155329041432274018464466727674734490795406560977258463275521689742109834971668317721979278828397877484602583924356695743760798873210271466106926003911578438279349332994528301790332297879716937961278799872,0,1932313605773904686738296431722646391992987157767197644061886974559110768772522293458765845178099241201842626464312927362524543620420280564702544926523096336058333872480450602244866333247433592205769630678541336358136828219739618558422296385808456287428511972970228881111681116947257718520503311649126168677300390057392453413965975212070970244864248317860709410992389601428151853768797774799809804459731825787753233677962565007174040042035861479365263101674691754014730864716829243916138193110510796923295568184213504,0,-259009222580843777456108315787509256817589049439673250752778658443751415867814550424185392416963183379972651151265740584567166775247665880775663289003371045117805903837394420353078109165514609439074438551787695253594831550273604753232254574273655898428869594479674913673989397744012178675153620410627047523822793308166815263080753309939681169378059011242862686670269750688412966422320840615297914577615891158759549767517548628651153918533488260832821248,0,23955797008971400184763938678604892534329279303439450722336330232318640502835309398415455027057611957439368391764542707801753157491285237421316977360186753555641861168416389776556035401095326635868046588151042084133580029519195323098037317777600076881437218554691652196613680130738812508176264784324401731202007918382415739227964987180507439750629226747558932678212905650288344674701672448,0,-1524667872955892216084819207336288624167809159196552459271311187659063586383220633191022288591441664585785311662373253360475002293024877785316645340456920324399455312147075438602335498809056200547221160811299153869655157518771931383632681602943145787852379504268536758043277315760500182448118281102591557894142541240127717376,0,65453460944929685698507382835418495267792898892953664414922193268444950565556195950504116962266753338637858453545401052787991006069947912955054744186341629599999400013860197980560560943057154604053495599816074120961602674300319406281871513140201586851577856000,0,-1818787740044427052477561554108115171451834448711129342509151425106056430014081851059196806291374493764836862910001995652003098256931764826948659418759086677828492977769690415568225245649719787520,0,30570490916307946411999361108097088509109866867803270706566378303334821577976523845311189834848493745830160374588233777428807286784,0,-274865541022095415891692430452237360646858657342524432012363694080,0,1 # helix_v1 r=0
223656725009843236511038759288039079915926777856416171359258498454412529800387143934416793832937090991712731640159891598914074062286760111858368873273289734451416410498061799361178592961653835536806386523091053861634382248478255789456180620522048362365171244244498877604824994712482660756996496502347579747632832145571767779939487625370058764141282286555398596414538936513575483417683020311266972664351929511233112276933402349875969785608672496596156492325662003383346733239458602170075328792060501209851006454173608011450891789080059296425919791533838117768053560039110046886310144144413633996910226741633962165023920415029828697983541000925163751045322610246552625395916251325618873886567353201053,0,-179825152534233956395129274264907542294338366423593820338077437454965943703150119517973490182534993769119054697270834746664305940809789339240086057312001093400356045817847363053815275059152197741460356767201254695655535473782081753640038317255784734959686952854016546644809629358014595802734738350019835056407065349455296736353284983446284754957439507872341736142537820004790536242777185126222433701606897522497458068034097544744132800238309216868370999081764256414246951517686575710374932241514181079422250155561450988475283987364644356916247324539477051349100871695675023518940906084911908619394879446806886607310820494511642163739278353782,0,66307816330144472654392210846519578485182971279857702776578162024565768546790647294727914092439535785728956720649147111761833752321743663067854237533241753326530723599714722787553882633245333829193397011024522219912977232841152925619624614291547112437429758351219421345321222557641418436044189211886189793784708955162413589999399672802127821108378809978662856366574058406852174536420720086931414355248657692590889718567967039980028151852499742363951968851548616184948899672131198993559296977544067354566285748735558918265033946832449339324860191510714885244848386548025414970902582059,0,-14599491037307701842980417848800892687742689013362116651425756521598534540711110284273221236401197319660491774706996536714764619061027449783286318819509846121299495454316232447798899499361211470355699330153239574912365948542703142223787404744921578494502505600065477429421706128861751591983394280976491621608994109431371392442096133636279607054421903930270056804879951245658532727922292806789573001649592279265200903147197681701452085541855377828665510112905605372753341951238436779004830422856589581786492754006898336533688012,0,2133181864100074164254257682106597880970034595744471314005514709918328842173674418449385657006340588100661709932361576818923063316766711801020584128332180096968539145802259697325788117134446466595415494405886586820457632562006560109492011873766629981297337651345582599720687372668334334519565696303691798314564962938629287605050350334858251398823317457015781454855215193368151345279944094065711437188838401338309227748100360683780808307886273317537990758659883615571126,0,-218440730351191840759981621764410013605850293678976225846352314715065097149462084831004091024216453969215794974739452886114090102595604024472955441231489161181213267459870501694324916045409296853289859073313940805763093203336150764292768187148462297252629247317116232284316999865648197230396633831721666076412819589627008111430375859757347142120091777334220379555286459069054977651861586657495849513090493873362,0,16129995687892581897737122322779045306474826598121228905851749908103227948505941552439589392890518073636804094244134097982229621201983675539192193244125517309891017168128346191820832691701256180631334944364329894745558402850599600828657963086787220981179912237372000814274688249437370662810082317565330068682764338925640619481625012436000569594762600135,0,-868068594475994111574644418667930414542033387384357997453785942869068242912199662716122357449225861470832541100847689679467514491577847171135941875676129717068111959749751258704362286767249312194916471928929062678696987568048242889166855738737507833111724557848753678389863801601423030288444964,0,33871331397112189367816557658145069053352161723366339092337990331804472561364109103520325452307320876744387925254374289357764615925145544986025754499976509476228012535796597910472205237369279703474460500195754403737852283813630583725842,0,-935900433606129906385368944342786483837180610739319881913931062243168196922389670040831174242111612128298339796279262952315177532965695100353160063745395572192406185579494418790,0,17394113895172442636005668556553337884631787630490035713636508503343448963668356871017500048015801482868542243988526279,0,-195223445484966958235931774730125867710069521248837269755944,0,1 # helix_v1 r=0
13325608343507050267,0,21916383576131343171,0,27625845472650322392,0,23132951544811273630,0,14278029298144653708,0,6784122516548807871,0,1983109478479457817,0,280732495792989753,0,14776536869822484,0,12409653408382,0,2869100652,0,93981,0,1 # helix_v1 r=0
290996172894471721467421198913903346055263986915578231380639425030032404557198638717911563764816526210307159818598877351635173869232831212289096746953751572226656366991036550760298520835844526705478292693439163498884097826043254028075516813921748679060190847004599493089205702698457481640396749330306783856222164655785494594467229787396081330779789239478138338586929680262542439977321959423461221274522329518533155071736367511467503963222770119886292121863881445339717779996897126966246012165761425122696801945932178015272677156895752138360228678397890991828013487485629128069517036248702271760905626600073939452607266061451819354973567192681822535289428738198277160706697667853002901916762328120497818169059755562306154494825972530765175395421438511186742132762079637973377843552587,0,-11628922838510273739221651907420900485137843738190665278993797348203036385480492760215979691592477370351805525297348973393176998045391482082084408302850040218870266678415984836924960133542296985190897271030281418023341337340762820407562730107217019950192874813178342028176719631462849591102297366150269207767716164506737174575442415039208178153864875286110436054087285641984263164570786419612072248906153353909197450990707108934532696360430436433217862026793849462811812820304187641275412341717583012034387414531922650621988399700483140783102583499742889576490233007185008352428506479297561235755336826526684873321967667662213182326462923920082430425122531140917912767693289420239543513643852162682575198834395937167222,0,256245786166220722910016914385253574205956602765163957822894672530344018788056427805754418917688702432832658655194311118188134532137487453237568955938075553484549224361826329957144927204089394756576477407378184990042080170803685680257794422703259387930291617047853806391749246353595519359470207938230959735245087772343620045922104167510397581858320637011929403539183989895740944446047008615091014702563480540519540909030414107241630947508694420011803897629759651090263237237345513430684573605709516904024425065264893550665595305949225677217368312341470188102516590222839299593759321376295979507101562912062914165144942314090489507663670967290910496505639,0,-3894498023824732497494301118555450169495390301711268328141628580116760185916027127135370454530892321465233929812769153273298708537854149200783213602878894659505087892261993190858691281092372976786729433400786427492393155326539628979260434446414220452422963941046323683985539070254581391615405622007379068674169208301796807687437615625852342689599668502792302333186272143565362348776457178889451798595661134363612585370635914519274781121735814417741466297462039859212069835192392336628909623877412146063978104435173401389628159841011052559498856290760826345466044585127704241635666405852018,0,45005023070308858542412744929995811244262090923636067359836321868939868243600373853562887469323060699235564845968048320335938769165271579237115331232605948597948206056028433002523814431922171485539464204266365311761379242431529471462373477955525209139165945490470911943168033201653393829690695603217211881924254659964681288318792372249113325254319561949363459532850434405935908168701552990088710030566465999424381253137344686233241239701865372197127364356769259312054977607375734323401331616020271864726459922522051767021736,0,-409464041083392628339251635401609448334159098664705371290993800492343904061407085062917678995932957138036327767230998336809551775343465296100130428627389286723352660294062165478870651833793319760783402095602248434506385141063134107950621426273500132496278860309884570309101730410859471042656210550743952418382494360059566513623271302238671308231028117917951893912524036005148235933072684453314768415839911065796944065000671384513964479906469993787692003945598,0,2974201850819339381343912310613401182802114695259958288060792218731804745562957042481726589081688041431475592036347881119017589989863720037265619647408632601002494627013238074138334507284852777571252177675516131051213673259445289898938998105133139149170173163480589860949152970444986992250064624327045190089035360471284832123461725693522589308276027541004292448457804320172629393293123249240763,0,-17189422845757341326707810377420860471192389684493123959366108449769570136722407763245887650557410950097511270434641504969389451005809849543723195619215028855143603205774428446492495499864597127005448258796221612834413208146892446471657828246241917912271640810508641722798140956840698140384071154597793066244621984703786163671382,0,78115910276448937326536506640463685549671958345297800091168656452914125947137847201171685539719069395988957254016370352011516513771365818698792425521582905047020909780095944657901264418956776778031168333228194135239987795041863521973857177731817337855800694601873,0,-271586349948943926060488834850453639418787647003075802311385157455866914298137188023356145589983367740232720662947957908569908625187569214221024996248652817908180273069700083486007664331683271230336,0,689328426120442276173228048940697489488214864478293885998882076692055042874330365039891851739991692155978086232569280140337165161822,0,-1154005622019423534949493759625189804286189070149612809714165834666,0,1 # helix_v1 r=0
434407889181086809769370036800934447293094329744547234862374085409602958337760217847441066609203164294377495932713627868501026333193403115774621043517713626073493170178294970431822133012660422467057013023561794671816485459243853401876824625452611371268508712194749585995082670340514750907716038102882256947363231202901045374454814542076975578692149285330884588209393027928055486815465049148639592552792385657665034602386749531626653273178271352829711206924255518102623760022596217677864564018753910650032348754694867409443651002450294260938056630066896572586223618604593888958927833262430693636609225133808232343416353107740249488394526607244585219300823769311659421485304078737078192185697981942996882903620996876281236231417623609864102270796566628937973724442022721998739945339639996383430969308044977221781771876414679838802330371037601830041530527962757696,0,8321639564498058913007109248582252098155090345859742178353704185231864731212168913894886981361944235574905987470793899705920231236268742989209540591311488636273108301248154935264990934447835517176937089966323121717419723837146565881152632409214540652405621648225181181523580783138164955346396525119847684828666108387970690893279895288097677655230721922464034666917799052976148643867770508302799149765372059568719994398593659454180888649667527171119982325721355001450317135298888529328109950393300647005465640801545354977052546083597451337945186617324275007668403408255065978667744972806593262222766621679815262705294911047353537798013136719588422290856888705252990095722358284857189135030730198533741970011805403189419578043865275014006184654431801534868960439660361046830343042658965308672,0,74122044699977668971416081713925572905866839061010259856837222931902107786561728709082731915297335743259286109232072777190719873533336770405653431358468854300082111239557192710128701543209146190792292536455423170615219232429826237919524156942520074360058769178577782635160304784047832405017380782961196684949574983358543602165693161911980098558539306010571752357895768758162626886312887358549863591525527426268833881249232099063494666960978622566167866178476643411386585451579338613608351934848720779414004315913526381462059197461036392275242625952842665621326118116661998579220913210382871750526282315949867531974723469651915167194924472726128280002640501950167709983497569737943459309171622952009566216180734905538048,0,407325570625444668516205275734152029239953433543560539268935403335430112824944098335651209592190405468002648741368591956230266599954572402950382179849974829744133349851099288404079613376218550725404051560919531838675288716312015349062014235618193777549272419658842964489193802582031483123352131738853747433377436212035897437327092833504911651202392500863446841790565512653192174470717152473382823494267140294447144725099464499931837014425280961904321495812161771919379904950409727674396201529216581911538517363449978254386402926912590667222777729564336476402478227938582700720054355614344028777822259337905244390022312136283282844100708373689741440,0,1545847531075976466956041784784419465876111479704525995474430655768191738595643591792500367746447257766195307579112939669792549793673155194369383722130597047356126771728450893752022749854874622599952615481411025596674880640492117650997608271740057372655432573477698162927035548710836783823559677041033542388227562596992615930378897243267397032645006720095454065898201421103289402064713488285957651570042594501010172746895755485708934030520320256256009002248787717984017564069479642607677159632271904648795364157370874593698657285389273542359416711045039357722114984869675845584,0,4294299557545564556954687304237384249257836955126415038889448488418880325017892439770938746603247512347914911213635960173147731675398115580545074492834552691151104347341242120912201228049966935524702485024868055570116226743476123870569496926639089612273564696943970122162754727583093609040900758802683598763495655731276930513249693616897936218342676241789546635943061883107777046027668196369167205889394122137986606355136802317374009615697829165469938620687917698218430271787668666980129012356490761232448,0,9014296519903376933291558761688992490369079583298630988318481397039189000551501569116117479709526529889344687341167001557373756917723983227765487902478573804126561312409480852381236622357171733934684679628673603216303292996848710912885740068924013085229753916385689916811036529151705083676227715093332512190944979252553807413196523669354594559251420897265521399262884561838656948489849165127997256646849124400096140146497355279448320,0,14508505090489306049674468230214310048239940701322967802055645755161557990594299945696341453164616192738954564366175784157810062839608997017502083306086739197773591921146016162118246921428289422992318401092707441070761838252479809160380999458242721037817610794909841673213849154558530202038292308102294351193470482307530924892387224722917382676802601873336355600,0,17892347405132824069699424592182527213867068330599318927037092924398922987948315606370700715659583098747753973180403538151248776525077400458520661900265825629616546095408904471809489082559075188146714281198874457822033787937343270471854504376392911563964194745139624503448372955376979871120,0,16588808035970241273849657872359287051775675236594918192415510268998853449229927240399803947136104201566542119126126302754279707697034883367840778105332809281916255132701170311755426523100683277460824018528452463463304,0,11029307635350345928219785093680687630314220786283063233446199413929892374366234700738045644169172614614383879074954010305376105165027938008126208,0,4740116031214549726954232442756763762433877593151454197707183739492694176,0,1 # helix_v1 r=0
12772087191423417844533794659352842495449392981249188721422470245323601111066253844226402598262549252022130955501576578053207271864741931171376871888091620992695064115758877132016577994497712835901613275480082418821648490283406715465592737465605559137694169160415041834292614278355634936720910703791350469643329021775565775828719145460962907459742673713071252056183767363364250519601959357550880148475269974503632645922539049879943393131038331946836581382075093286483926860069854554335396853175608443272680037219638772004750592759415754915513417204213405923012195671926919604634439448134407713754993487799074097346725834505377128355361914351218598935580666155392839214343873922860568391299100929425563,0,621520006183048520364756936059520012972204602096589735761950907064720248984023984159780107495237337599930464726916326296009153602083522389111499156761374399005195835972018847272111078448676557151367245379132508173615783824593185844914889953314019865965351247539920703341246659445931430136915012977339161098979702155154143399144742840247344195200321445812164101219536347667123486485216813247326167334539418704194754761287878896767865215236234122653554936799294659046430755556985797817154476779518760809648229869023766145354582665974754625657090265579355457980206386724567894937924536934036716592410689264345507468967585444387354845963905572888,0,-63161519594039249383261415483352564901582224661829613356717652389761964496521374290072811360385232905500461936344928588791406534365796960778996916976364972643886492172320887125236411603085186548801354018662917608971166791771687944171946351441736139687806840194204039184047431662736653474639203883354474512320936411810989478188977283001839459145306132039333731016454177835404174741547221590113103022520955167021397219195761065934058049252837505738261964489541997153662511451420579311786205603602764959222796434236557239823690423359531032766040441532267595613057026379549419339755461496,0,-1725249422219158982652029019942347426874953052558685687334892805086799334278720310661791658169938376858367956963234970389472629237297322179601706392638044299338850902409885056249340975323929969645226257561061085043852148976064544840136300583111874753373033051247855319133747248299592620903171917866262223053684731877973442597225124466925548986760445433613347220100344585459381688791303657260707050432118745856402775432430510795483095000631534268428972894908756275867693840142987328760016314333350877899582694817821298130196168,0,282548199694245460397151203678519348641079977350899605497229117824292255423176208427022773886156359055561107606577151065585362077411769940499909624890599308475423512210666240399612733064862876032675851232582819931600277631356364043843482952574437677614603684788429813618810954080488423344847607164865747524887483374300653535195844328926315411324105014409079600093931920183009161061669845083904017281051600368485351787135767699613246209290494475015170915918264949983707,0,15858961108673082427103070616307334606395859636538343324561434938113466675688911257569114670780524704274879556379274586757966456394669582584366221739536689660168284495053531024059964061212538610345154017861486804034636329904469893447335637727268693730936599874217733880415293416448505277409297570781734746257658938845303349121427983553568877671935030104400188070045827849208696305966914200752312134099647313696,0,36221963355993224234499238503440280101949088157998074875215871646790519736589204630773534312412749712653449930537451216330857017521433973520127300871015481670258022743685792058943912713675981509056377454035008583793106750287638137488443295652260980848893037797043973367283046432577656346273142017218601434984203871733973175526152093799054870780908880,0,4213807357651600798703797508112757486616281552615372836832337305634800021945217274469492865363459360917907717597525411579926910829773433717046772247740697474664150622776899052994116021817698654557443966073023182610589487136403496665899268833842381860218636572523973581316150133234748489693472,0,-1347316926155598479044727600982264648566537335668566358955165272460942035404313717248915947727248849681590007246281444975013079618839226798041493095608540830168246048264239420484744921456100460457122211592544797862464030294873914227767,0,-69459876798841210660785429468916666476237887435199083409159823918030452152887665692673252055561067861717741573285285754795471359312284732094435725997853316985880626516791535352,0,6007968969475987593711744284845447594161900816850346200484483640705656078045957094248519077687965120512021179728443112,0,-132859180039998706375448148033791555873593580857360105046232,0,1 # helix_v1 r=0
154237572237718664206001750822155102278589330194891766476658807349562494773676985287550267459355046803892283042129492686302633272863561692869486280588076032128322609377194630354490001179187870939008263957187436285553167859922340925013853091720646127297022548105628376302316453905459625125853086184542479637205781903786569283018974729396780908647372690177549645990538360627659167355595310305350095826555777991341603770044783448709649697355491730776354136224307720440297879877193786981037662288595791319813194125331602516059488265416624211481505582146665665745102821751104569839821366700554452668663584386981758221787712426656433709303980279002685601963164700747903002060512489323602345078497567609246615776491111990200403316381558474984763484621882584876800890554668532460786023614586213026375331,0,-712854529304863654312847001786845852883833693020905562254292897079292508691526770209707230480541226641271726378164707612675774056112201701690432867943705125536652104625506235202404905861411670500604056729170975742364793212363430176271634164025728757996776823497145312598300523366866113613554183743285344766558010359425985847126146629575953842768170543210335393356155333949456293574387524328141433917704473984667910858406885478759102517309450377600912752348356935295314315073050653960076513687870435372695771103422413977663932298098631652078025709269908636175411101671177057942004945871195821284867599564003792834445726172503898253444106970677610483596906906441734109961538963414420658250275503019180127494733368139219981280096892,0,1584447973993700557135998304503484340218528101303132164473525663971835986333827834819351999092743264134006602899644903462772625534696815423820626359751949331837366752660810102342516296605914600761479717170133575742531218639753431740702109721476569464881858360474456140751793598624669942532438220379556132355694669326011677738703434176043578852433271182074790946235758846426779867700796259564418748590933600798385978284630837205878170967141425606310482672761811545157784015210312063492677106099120558413964039173825596386977122913635837612919749505686636239191990449020305333508702575903010524342211886228161439238030804111740487863781454897581284781984340754697625,0,-2170484884000453877046757590296364742494769736860066528748941760279538839886194983446230705873051138434140162729503299193200169954707479635062458242262303287467696310863539588703941516411682323539677165016978898600545830523793777113120585015911170507522622149544079993031909998252334942580248543174939434306438500710236682410621691057782304317715544143331921209668227066979970906232710169290999618191225450982710021402193580520461166024244325890973541044193539995222797293812833688407470347035769734231957541839576827129232900894704996631417803837907466031783351615743648592837489085078934641856810,0,2044042175106078332713276743861351193411562959848251247524714361367532417206019888992279153743605622543911144070169538389690255452114645329518881167718593518712677651917026965336708348737304511981618126093721288457033998571527158847017169724106439985740326224177863556355656766486710942874554070945761362059021144526501904032420225110217414110954743224631091557952264376122148484576143833494437420998859646405251826999315314748219682747779007185610703359828730479077849277958054269954182242017635590195017501993327394332023303222074,0,-1397216621951339615067809834843716296412210903521061122632309031583820077078063913085499903263333975289176465196719525876370211008941122367558495402698553634949471688751033115748553021419542535136555394367277736513887954804293836929206777241222068418158052862691931577666496645340056641084634974821222618197734632889129924695080778535580562178119464457029455373517633202621202298628358934271223473522631342466709523790679981459616917127609349311269950776388872070086,0,736894017906732400269777225156747825956007911716254364340106318547123339144107815547461843866213569281039247162139723484196759299438239027354382735737051631117263757670623028061371449212468041823754032972564948664373837129353526296482491983487269886413494914666652245891879968362800511406878816535587485647856856964993440753025328227016254414042198785608683912775123970878577319229620023400436210760,0,-338681404968191739071088822192597012343737070779204962545272990970455093294723312297332367149794171414762223729773618940597342838588791239563850654545867730980533779930637261310554491697705345169130053367891360335342825392330848076439053264948520854831256584687755557934738625773798205906677399475618560793496899125861993852453287342,0,150504710051667424408402613545967843407222357935318164121288710143952445543559091518309749239184602593372860858869164920782609509818729194652898816814792977864141988480879780822644933351603359072004773729120160000797692687955070898371554193071733001703938001213163122,0,-63142902863260316078168509449638820780337128097595340138234147105280819153179907656517794506214353214379520828820975617257276954516268581872894539669263165878058750642866281929631023805485436397105778,0,20504677639673538179970028455201849440647098962632546466213397035045996513465345227105274326552222203512601710391149157314926727743722,0,-4411336287274216673694026361408251360446362859602068638825094415390,0,1 # helix_v1 r=0
11271981847244096035594205488288575469562324525515038944247043452774136940822127316244820614504060512633715728253000185055974498230488484052669079311304694282404436451072852563525800179145769503783120319418410960959780329670109367622274386536356226854298696294423692580821807284676986580916153930938366139570753076480361095726917143437263713057205904988222755491733551025390625,0,-5675224347182606052798320542390431075001579992101527770149413770587193437268699679254361462988467271008660790829664882558513362428745729739064469657781612937130001512437977700352077709956925588407122778715596816225421561937802265467656025300882540197854476171471446565786787707375908023982025110240503922021115812412972445599734783172607421875000,0,1180575818939458323538002307019286870080091935279294000820063535584228026536233567892141494257600047486856053208697988628501889014505115513704557956052022840445059073946323771005975762383425800216633352685673538383578638476796219972052102559916938652244492294369957852124110656011346520699589746072888374328613281250,0,-120207821972394913528759899037632847111642919008179159189833160227685794580225187688652202613964277977976431210334035128712671634536883034726932659495966572902397567165303419200399087274390909054540035840387344725908958902384437073110456787629340968948099543922580778598785400390625000,0,6413361602816140615075283174703710335881411880686612943903778769741821438321614240387155025266168261026396880165985591153731161180234594079415316689387346837804571943794543249355280562310073561866651925994462792555983465803137733018957078456878662109375,0,-253794877601692620338387223366038684235668793179091664543058051046829650143074344937219037978215449093224800917876255954778879162453286932703916686563896973606549331907485941373439630730501903599360957741737365722656250000,0,22019018661712890152681882292029093409802095222735321113148415705678133723813081085667484040950196570518796921228432119286987991180383435721190112360073909414381887472700327634811401367187500,0,-1779402730674916456596371194177741614998731476095833407341670533717780398348444943946496622285255700304190540085016655758032300127524649724364280700683593750000,0,73349541778581727890219398497093839148382890537647435690899859934649407736070397429719268378445207190452492795884609222412109375,0,-1107007809098940320776026275457001252819827248941616897048856316132514621131122112274169921875000,0,17912851393068178761135492149669801165146054700016975402832031250,0,-200598151423037052154541015625000,0,1 # helix_v1 r=0
